stem,feature_path,num_glyphs,status,error
Roboto_100,C:\Users\angel\OneDrive\Desktop\Kern\data\processed\features\Roboto_100.npz,52,ok,
Roboto_200,C:\Users\angel\OneDrive\Desktop\Kern\data\processed\features\Roboto_200.npz,52,ok,
Roboto_300,C:\Users\angel\OneDrive\Desktop\Kern\data\processed\features\Roboto_300.npz,52,ok,
Roboto_regular,C:\Users\angel\OneDrive\Desktop\Kern\data\processed\features\Roboto_regular.npz,52,ok,
Roboto_500,C:\Users\angel\OneDrive\Desktop\Kern\data\processed\features\Roboto_500.npz,52,ok,
Roboto_600,C:\Users\angel\OneDrive\Desktop\Kern\data\processed\features\Roboto_600.npz,52,ok,
Roboto_700,C:\Users\angel\OneDrive\Desktop\Kern\data\processed\features\Roboto_700.npz,52,ok,
Roboto_800,C:\Users\angel\OneDrive\Desktop\Kern\data\processed\features\Roboto_800.npz,52,ok,
Roboto_900,C:\Users\angel\OneDrive\Desktop\Kern\data\processed\features\Roboto_900.npz,52,ok,
Roboto_100italic,C:\Users\angel\OneDrive\Desktop\Kern\data\processed\features\Roboto_100italic.npz,52,ok,
Roboto_200italic,C:\Users\angel\OneDrive\Desktop\Kern\data\processed\features\Roboto_200italic.npz,52,ok,
Roboto_300italic,C:\Users\angel\OneDrive\Desktop\Kern\data\processed\features\Roboto_300italic.npz,52,ok,
Roboto_italic,C:\Users\angel\OneDrive\Desktop\Kern\data\processed\features\Roboto_italic.npz,52,ok,
Roboto_500italic,C:\Users\angel\OneDrive\Desktop\Kern\data\processed\features\Roboto_500italic.npz,52,ok,
Roboto_600italic,C:\Users\angel\OneDrive\Desktop\Kern\data\processed\features\Roboto_600italic.npz,52,ok,
Roboto_700italic,C:\Users\angel\OneDrive\Desktop\Kern\data\processed\features\Roboto_700italic.npz,52,ok,
Roboto_800italic,C:\Users\angel\OneDrive\Desktop\Kern\data\processed\features\Roboto_800italic.npz,52,ok,
Roboto_900italic,C:\Users\angel\OneDrive\Desktop\Kern\data\processed\features\Roboto_900italic.npz,52,ok,
Open_Sans_300,C:\Users\angel\OneDrive\Desktop\Kern\data\processed\features\Open_Sans_300.npz,52,ok,
Open_Sans_regular,C:\Users\angel\OneDrive\Desktop\Kern\data\processed\features\Open_Sans_regular.npz,52,ok,
Open_Sans_500,C:\Users\angel\OneDrive\Desktop\Kern\data\processed\features\Open_Sans_500.npz,52,ok,
Open_Sans_600,C:\Users\angel\OneDrive\Desktop\Kern\data\processed\features\Open_Sans_600.npz,52,ok,
Open_Sans_700,C:\Users\angel\OneDrive\Desktop\Kern\data\processed\features\Open_Sans_700.npz,52,ok,
Open_Sans_800,C:\Users\angel\OneDrive\Desktop\Kern\data\processed\features\Open_Sans_800.npz,52,ok,
Open_Sans_300italic,C:\Users\angel\OneDrive\Desktop\Kern\data\processed\features\Open_Sans_300italic.npz,52,ok,
Open_Sans_italic,C:\Users\angel\OneDrive\Desktop\Kern\data\processed\features\Open_Sans_italic.npz,52,ok,
Open_Sans_500italic,C:\Users\angel\OneDrive\Desktop\Kern\data\processed\features\Open_Sans_500italic.npz,52,ok,
Open_Sans_600italic,C:\Users\angel\OneDrive\Desktop\Kern\data\processed\features\Open_Sans_600italic.npz,52,ok,
Open_Sans_700italic,C:\Users\angel\OneDrive\Desktop\Kern\data\processed\features\Open_Sans_700italic.npz,52,ok,
Open_Sans_800italic,C:\Users\angel\OneDrive\Desktop\Kern\data\processed\features\Open_Sans_800italic.npz,52,ok,
Google_Sans_regular,C:\Users\angel\OneDrive\Desktop\Kern\data\processed\features\Google_Sans_regular.npz,52,ok,
Google_Sans_500,C:\Users\angel\OneDrive\Desktop\Kern\data\processed\features\Google_Sans_500.npz,52,ok,
Google_Sans_600,C:\Users\angel\OneDrive\Desktop\Kern\data\processed\features\Google_Sans_600.npz,52,ok,
Google_Sans_700,C:\Users\angel\OneDrive\Desktop\Kern\data\processed\features\Google_Sans_700.npz,52,ok,
Google_Sans_italic,C:\Users\angel\OneDrive\Desktop\Kern\data\processed\features\Google_Sans_italic.npz,52,ok,
Google_Sans_500italic,C:\Users\angel\OneDrive\Desktop\Kern\data\processed\features\Google_Sans_500italic.npz,52,ok,
Google_Sans_600italic,C:\Users\angel\OneDrive\Desktop\Kern\data\processed\features\Google_Sans_600italic.npz,52,ok,
Google_Sans_700italic,C:\Users\angel\OneDrive\Desktop\Kern\data\processed\features\Google_Sans_700italic.npz,52,ok,
Inter_100,C:\Users\angel\OneDrive\Desktop\Kern\data\processed\features\Inter_100.npz,52,ok,
Inter_200,C:\Users\angel\OneDrive\Desktop\Kern\data\processed\features\Inter_200.npz,52,ok,
Inter_300,C:\Users\angel\OneDrive\Desktop\Kern\data\processed\features\Inter_300.npz,52,ok,
Inter_regular,C:\Users\angel\OneDrive\Desktop\Kern\data\processed\features\Inter_regular.npz,52,ok,
Inter_500,C:\Users\angel\OneDrive\Desktop\Kern\data\processed\features\Inter_500.npz,52,ok,
Inter_600,C:\Users\angel\OneDrive\Desktop\Kern\data\processed\features\Inter_600.npz,52,ok,
Inter_700,C:\Users\angel\OneDrive\Desktop\Kern\data\processed\features\Inter_700.npz,52,ok,
Inter_800,C:\Users\angel\OneDrive\Desktop\Kern\data\processed\features\Inter_800.npz,52,ok,
Inter_900,C:\Users\angel\OneDrive\Desktop\Kern\data\processed\features\Inter_900.npz,52,ok,
Inter_100italic,C:\Users\angel\OneDrive\Desktop\Kern\data\processed\features\Inter_100italic.npz,52,ok,
Inter_200italic,C:\Users\angel\OneDrive\Desktop\Kern\data\processed\features\Inter_200italic.npz,52,ok,
Inter_300italic,C:\Users\angel\OneDrive\Desktop\Kern\data\processed\features\Inter_300italic.npz,52,ok,
Inter_italic,C:\Users\angel\OneDrive\Desktop\Kern\data\processed\features\Inter_italic.npz,52,ok,
Inter_500italic,C:\Users\angel\OneDrive\Desktop\Kern\data\processed\features\Inter_500italic.npz,52,ok,
Inter_600italic,C:\Users\angel\OneDrive\Desktop\Kern\data\processed\features\Inter_600italic.npz,52,ok,
Inter_700italic,C:\Users\angel\OneDrive\Desktop\Kern\data\processed\features\Inter_700italic.npz,52,ok,
Inter_800italic,C:\Users\angel\OneDrive\Desktop\Kern\data\processed\features\Inter_800italic.npz,52,ok,
Inter_900italic,C:\Users\angel\OneDrive\Desktop\Kern\data\processed\features\Inter_900italic.npz,52,ok,
Montserrat_100,C:\Users\angel\OneDrive\Desktop\Kern\data\processed\features\Montserrat_100.npz,52,ok,
Montserrat_200,C:\Users\angel\OneDrive\Desktop\Kern\data\processed\features\Montserrat_200.npz,52,ok,
Montserrat_300,C:\Users\angel\OneDrive\Desktop\Kern\data\processed\features\Montserrat_300.npz,52,ok,
Montserrat_regular,C:\Users\angel\OneDrive\Desktop\Kern\data\processed\features\Montserrat_regular.npz,52,ok,
Montserrat_500,C:\Users\angel\OneDrive\Desktop\Kern\data\processed\features\Montserrat_500.npz,52,ok,
Montserrat_600,C:\Users\angel\OneDrive\Desktop\Kern\data\processed\features\Montserrat_600.npz,52,ok,
Montserrat_700,C:\Users\angel\OneDrive\Desktop\Kern\data\processed\features\Montserrat_700.npz,52,ok,
Montserrat_800,C:\Users\angel\OneDrive\Desktop\Kern\data\processed\features\Montserrat_800.npz,52,ok,
Montserrat_900,C:\Users\angel\OneDrive\Desktop\Kern\data\processed\features\Montserrat_900.npz,52,ok,
Montserrat_100italic,C:\Users\angel\OneDrive\Desktop\Kern\data\processed\features\Montserrat_100italic.npz,52,ok,
Montserrat_200italic,C:\Users\angel\OneDrive\Desktop\Kern\data\processed\features\Montserrat_200italic.npz,52,ok,
Montserrat_300italic,C:\Users\angel\OneDrive\Desktop\Kern\data\processed\features\Montserrat_300italic.npz,52,ok,
Montserrat_italic,C:\Users\angel\OneDrive\Desktop\Kern\data\processed\features\Montserrat_italic.npz,52,ok,
Montserrat_500italic,C:\Users\angel\OneDrive\Desktop\Kern\data\processed\features\Montserrat_500italic.npz,52,ok,
Montserrat_600italic,C:\Users\angel\OneDrive\Desktop\Kern\data\processed\features\Montserrat_600italic.npz,52,ok,
Montserrat_700italic,C:\Users\angel\OneDrive\Desktop\Kern\data\processed\features\Montserrat_700italic.npz,52,ok,
Montserrat_800italic,C:\Users\angel\OneDrive\Desktop\Kern\data\processed\features\Montserrat_800italic.npz,52,ok,
Montserrat_900italic,C:\Users\angel\OneDrive\Desktop\Kern\data\processed\features\Montserrat_900italic.npz,52,ok,
Poppins_100,C:\Users\angel\OneDrive\Desktop\Kern\data\processed\features\Poppins_100.npz,52,ok,
Poppins_100italic,C:\Users\angel\OneDrive\Desktop\Kern\data\processed\features\Poppins_100italic.npz,52,ok,
Poppins_200,C:\Users\angel\OneDrive\Desktop\Kern\data\processed\features\Poppins_200.npz,52,ok,
Poppins_200italic,C:\Users\angel\OneDrive\Desktop\Kern\data\processed\features\Poppins_200italic.npz,52,ok,
Poppins_300,C:\Users\angel\OneDrive\Desktop\Kern\data\processed\features\Poppins_300.npz,52,ok,
Poppins_300italic,C:\Users\angel\OneDrive\Desktop\Kern\data\processed\features\Poppins_300italic.npz,52,ok,
Poppins_regular,C:\Users\angel\OneDrive\Desktop\Kern\data\processed\features\Poppins_regular.npz,52,ok,
Poppins_italic,C:\Users\angel\OneDrive\Desktop\Kern\data\processed\features\Poppins_italic.npz,52,ok,
Poppins_500,C:\Users\angel\OneDrive\Desktop\Kern\data\processed\features\Poppins_500.npz,52,ok,
Poppins_500italic,C:\Users\angel\OneDrive\Desktop\Kern\data\processed\features\Poppins_500italic.npz,52,ok,
Poppins_600,C:\Users\angel\OneDrive\Desktop\Kern\data\processed\features\Poppins_600.npz,52,ok,
Poppins_600italic,C:\Users\angel\OneDrive\Desktop\Kern\data\processed\features\Poppins_600italic.npz,52,ok,
Poppins_700,C:\Users\angel\OneDrive\Desktop\Kern\data\processed\features\Poppins_700.npz,52,ok,
Poppins_700italic,C:\Users\angel\OneDrive\Desktop\Kern\data\processed\features\Poppins_700italic.npz,52,ok,
Poppins_800,C:\Users\angel\OneDrive\Desktop\Kern\data\processed\features\Poppins_800.npz,52,ok,
Poppins_800italic,C:\Users\angel\OneDrive\Desktop\Kern\data\processed\features\Poppins_800italic.npz,52,ok,
Poppins_900,C:\Users\angel\OneDrive\Desktop\Kern\data\processed\features\Poppins_900.npz,52,ok,
Poppins_900italic,C:\Users\angel\OneDrive\Desktop\Kern\data\processed\features\Poppins_900italic.npz,52,ok,
Lato_100,C:\Users\angel\OneDrive\Desktop\Kern\data\processed\features\Lato_100.npz,52,ok,
Lato_100italic,C:\Users\angel\OneDrive\Desktop\Kern\data\processed\features\Lato_100italic.npz,52,ok,
Lato_300,C:\Users\angel\OneDrive\Desktop\Kern\data\processed\features\Lato_300.npz,52,ok,
Lato_300italic,C:\Users\angel\OneDrive\Desktop\Kern\data\processed\features\Lato_300italic.npz,52,ok,
Lato_regular,C:\Users\angel\OneDrive\Desktop\Kern\data\processed\features\Lato_regular.npz,52,ok,
Lato_italic,C:\Users\angel\OneDrive\Desktop\Kern\data\processed\features\Lato_italic.npz,52,ok,
Lato_700,C:\Users\angel\OneDrive\Desktop\Kern\data\processed\features\Lato_700.npz,52,ok,
Lato_700italic,C:\Users\angel\OneDrive\Desktop\Kern\data\processed\features\Lato_700italic.npz,52,ok,
Lato_900,C:\Users\angel\OneDrive\Desktop\Kern\data\processed\features\Lato_900.npz,52,ok,
Lato_900italic,C:\Users\angel\OneDrive\Desktop\Kern\data\processed\features\Lato_900italic.npz,52,ok,
Noto_Sans_JP_100,C:\Users\angel\OneDrive\Desktop\Kern\data\processed\features\Noto_Sans_JP_100.npz,52,ok,
Noto_Sans_JP_200,C:\Users\angel\OneDrive\Desktop\Kern\data\processed\features\Noto_Sans_JP_200.npz,52,ok,
Noto_Sans_JP_300,C:\Users\angel\OneDrive\Desktop\Kern\data\processed\features\Noto_Sans_JP_300.npz,52,ok,
Noto_Sans_JP_regular,C:\Users\angel\OneDrive\Desktop\Kern\data\processed\features\Noto_Sans_JP_regular.npz,52,ok,
Noto_Sans_JP_500,C:\Users\angel\OneDrive\Desktop\Kern\data\processed\features\Noto_Sans_JP_500.npz,52,ok,
Noto_Sans_JP_600,C:\Users\angel\OneDrive\Desktop\Kern\data\processed\features\Noto_Sans_JP_600.npz,52,ok,
Noto_Sans_JP_700,C:\Users\angel\OneDrive\Desktop\Kern\data\processed\features\Noto_Sans_JP_700.npz,52,ok,
Noto_Sans_JP_800,C:\Users\angel\OneDrive\Desktop\Kern\data\processed\features\Noto_Sans_JP_800.npz,52,ok,
Noto_Sans_JP_900,C:\Users\angel\OneDrive\Desktop\Kern\data\processed\features\Noto_Sans_JP_900.npz,52,ok,
Roboto_Condensed_100,C:\Users\angel\OneDrive\Desktop\Kern\data\processed\features\Roboto_Condensed_100.npz,52,ok,
Roboto_Condensed_200,C:\Users\angel\OneDrive\Desktop\Kern\data\processed\features\Roboto_Condensed_200.npz,52,ok,
Roboto_Condensed_300,C:\Users\angel\OneDrive\Desktop\Kern\data\processed\features\Roboto_Condensed_300.npz,52,ok,
Roboto_Condensed_regular,C:\Users\angel\OneDrive\Desktop\Kern\data\processed\features\Roboto_Condensed_regular.npz,52,ok,
Roboto_Condensed_500,C:\Users\angel\OneDrive\Desktop\Kern\data\processed\features\Roboto_Condensed_500.npz,52,ok,
Roboto_Condensed_600,C:\Users\angel\OneDrive\Desktop\Kern\data\processed\features\Roboto_Condensed_600.npz,52,ok,
Roboto_Condensed_700,C:\Users\angel\OneDrive\Desktop\Kern\data\processed\features\Roboto_Condensed_700.npz,52,ok,
Roboto_Condensed_800,C:\Users\angel\OneDrive\Desktop\Kern\data\processed\features\Roboto_Condensed_800.npz,52,ok,
Roboto_Condensed_900,C:\Users\angel\OneDrive\Desktop\Kern\data\processed\features\Roboto_Condensed_900.npz,52,ok,
Roboto_Condensed_100italic,C:\Users\angel\OneDrive\Desktop\Kern\data\processed\features\Roboto_Condensed_100italic.npz,52,ok,
Roboto_Condensed_200italic,C:\Users\angel\OneDrive\Desktop\Kern\data\processed\features\Roboto_Condensed_200italic.npz,52,ok,
Roboto_Condensed_300italic,C:\Users\angel\OneDrive\Desktop\Kern\data\processed\features\Roboto_Condensed_300italic.npz,52,ok,
Roboto_Condensed_italic,C:\Users\angel\OneDrive\Desktop\Kern\data\processed\features\Roboto_Condensed_italic.npz,52,ok,
Roboto_Condensed_500italic,C:\Users\angel\OneDrive\Desktop\Kern\data\processed\features\Roboto_Condensed_500italic.npz,52,ok,
Roboto_Condensed_600italic,C:\Users\angel\OneDrive\Desktop\Kern\data\processed\features\Roboto_Condensed_600italic.npz,52,ok,
Roboto_Condensed_700italic,C:\Users\angel\OneDrive\Desktop\Kern\data\processed\features\Roboto_Condensed_700italic.npz,52,ok,
Roboto_Condensed_800italic,C:\Users\angel\OneDrive\Desktop\Kern\data\processed\features\Roboto_Condensed_800italic.npz,52,ok,
Roboto_Condensed_900italic,C:\Users\angel\OneDrive\Desktop\Kern\data\processed\features\Roboto_Condensed_900italic.npz,52,ok,
Arimo_regular,C:\Users\angel\OneDrive\Desktop\Kern\data\processed\features\Arimo_regular.npz,52,ok,
Arimo_500,C:\Users\angel\OneDrive\Desktop\Kern\data\processed\features\Arimo_500.npz,52,ok,
Arimo_600,C:\Users\angel\OneDrive\Desktop\Kern\data\processed\features\Arimo_600.npz,52,ok,
Arimo_700,C:\Users\angel\OneDrive\Desktop\Kern\data\processed\features\Arimo_700.npz,52,ok,
Arimo_italic,C:\Users\angel\OneDrive\Desktop\Kern\data\processed\features\Arimo_italic.npz,52,ok,
Arimo_500italic,C:\Users\angel\OneDrive\Desktop\Kern\data\processed\features\Arimo_500italic.npz,52,ok,
Arimo_600italic,C:\Users\angel\OneDrive\Desktop\Kern\data\processed\features\Arimo_600italic.npz,52,ok,
Arimo_700italic,C:\Users\angel\OneDrive\Desktop\Kern\data\processed\features\Arimo_700italic.npz,52,ok,
Noto_Sans_100,C:\Users\angel\OneDrive\Desktop\Kern\data\processed\features\Noto_Sans_100.npz,52,ok,
Noto_Sans_200,C:\Users\angel\OneDrive\Desktop\Kern\data\processed\features\Noto_Sans_200.npz,52,ok,
Noto_Sans_300,C:\Users\angel\OneDrive\Desktop\Kern\data\processed\features\Noto_Sans_300.npz,52,ok,
Noto_Sans_regular,C:\Users\angel\OneDrive\Desktop\Kern\data\processed\features\Noto_Sans_regular.npz,52,ok,
Noto_Sans_500,C:\Users\angel\OneDrive\Desktop\Kern\data\processed\features\Noto_Sans_500.npz,52,ok,
Noto_Sans_600,C:\Users\angel\OneDrive\Desktop\Kern\data\processed\features\Noto_Sans_600.npz,52,ok,
Noto_Sans_700,C:\Users\angel\OneDrive\Desktop\Kern\data\processed\features\Noto_Sans_700.npz,52,ok,
Noto_Sans_800,C:\Users\angel\OneDrive\Desktop\Kern\data\processed\features\Noto_Sans_800.npz,52,ok,
Noto_Sans_900,C:\Users\angel\OneDrive\Desktop\Kern\data\processed\features\Noto_Sans_900.npz,52,ok,
Noto_Sans_100italic,C:\Users\angel\OneDrive\Desktop\Kern\data\processed\features\Noto_Sans_100italic.npz,52,ok,
Noto_Sans_200italic,C:\Users\angel\OneDrive\Desktop\Kern\data\processed\features\Noto_Sans_200italic.npz,52,ok,
Noto_Sans_300italic,C:\Users\angel\OneDrive\Desktop\Kern\data\processed\features\Noto_Sans_300italic.npz,52,ok,
Noto_Sans_italic,C:\Users\angel\OneDrive\Desktop\Kern\data\processed\features\Noto_Sans_italic.npz,52,ok,
Noto_Sans_500italic,C:\Users\angel\OneDrive\Desktop\Kern\data\processed\features\Noto_Sans_500italic.npz,52,ok,
Noto_Sans_600italic,C:\Users\angel\OneDrive\Desktop\Kern\data\processed\features\Noto_Sans_600italic.npz,52,ok,
Noto_Sans_700italic,C:\Users\angel\OneDrive\Desktop\Kern\data\processed\features\Noto_Sans_700italic.npz,52,ok,
Noto_Sans_800italic,C:\Users\angel\OneDrive\Desktop\Kern\data\processed\features\Noto_Sans_800italic.npz,52,ok,
Noto_Sans_900italic,C:\Users\angel\OneDrive\Desktop\Kern\data\processed\features\Noto_Sans_900italic.npz,52,ok,
Oswald_200,C:\Users\angel\OneDrive\Desktop\Kern\data\processed\features\Oswald_200.npz,52,ok,
Oswald_300,C:\Users\angel\OneDrive\Desktop\Kern\data\processed\features\Oswald_300.npz,52,ok,
Oswald_regular,C:\Users\angel\OneDrive\Desktop\Kern\data\processed\features\Oswald_regular.npz,52,ok,
Oswald_500,C:\Users\angel\OneDrive\Desktop\Kern\data\processed\features\Oswald_500.npz,52,ok,
Oswald_600,C:\Users\angel\OneDrive\Desktop\Kern\data\processed\features\Oswald_600.npz,52,ok,
Oswald_700,C:\Users\angel\OneDrive\Desktop\Kern\data\processed\features\Oswald_700.npz,52,ok,
Raleway_100,C:\Users\angel\OneDrive\Desktop\Kern\data\processed\features\Raleway_100.npz,52,ok,
Raleway_200,C:\Users\angel\OneDrive\Desktop\Kern\data\processed\features\Raleway_200.npz,52,ok,
Raleway_300,C:\Users\angel\OneDrive\Desktop\Kern\data\processed\features\Raleway_300.npz,52,ok,
Raleway_regular,C:\Users\angel\OneDrive\Desktop\Kern\data\processed\features\Raleway_regular.npz,52,ok,
Raleway_500,C:\Users\angel\OneDrive\Desktop\Kern\data\processed\features\Raleway_500.npz,52,ok,
Raleway_600,C:\Users\angel\OneDrive\Desktop\Kern\data\processed\features\Raleway_600.npz,52,ok,
Raleway_700,C:\Users\angel\OneDrive\Desktop\Kern\data\processed\features\Raleway_700.npz,52,ok,
Raleway_800,C:\Users\angel\OneDrive\Desktop\Kern\data\processed\features\Raleway_800.npz,52,ok,
Raleway_900,C:\Users\angel\OneDrive\Desktop\Kern\data\processed\features\Raleway_900.npz,52,ok,
Raleway_100italic,C:\Users\angel\OneDrive\Desktop\Kern\data\processed\features\Raleway_100italic.npz,52,ok,
Raleway_200italic,C:\Users\angel\OneDrive\Desktop\Kern\data\processed\features\Raleway_200italic.npz,52,ok,
Raleway_300italic,C:\Users\angel\OneDrive\Desktop\Kern\data\processed\features\Raleway_300italic.npz,52,ok,
Raleway_italic,C:\Users\angel\OneDrive\Desktop\Kern\data\processed\features\Raleway_italic.npz,52,ok,
Raleway_500italic,C:\Users\angel\OneDrive\Desktop\Kern\data\processed\features\Raleway_500italic.npz,52,ok,
Raleway_600italic,C:\Users\angel\OneDrive\Desktop\Kern\data\processed\features\Raleway_600italic.npz,52,ok,
Raleway_700italic,C:\Users\angel\OneDrive\Desktop\Kern\data\processed\features\Raleway_700italic.npz,52,ok,
Raleway_800italic,C:\Users\angel\OneDrive\Desktop\Kern\data\processed\features\Raleway_800italic.npz,52,ok,
Raleway_900italic,C:\Users\angel\OneDrive\Desktop\Kern\data\processed\features\Raleway_900italic.npz,52,ok,
DM_Sans_100,C:\Users\angel\OneDrive\Desktop\Kern\data\processed\features\DM_Sans_100.npz,52,ok,
DM_Sans_200,C:\Users\angel\OneDrive\Desktop\Kern\data\processed\features\DM_Sans_200.npz,52,ok,
DM_Sans_300,C:\Users\angel\OneDrive\Desktop\Kern\data\processed\features\DM_Sans_300.npz,52,ok,
DM_Sans_regular,C:\Users\angel\OneDrive\Desktop\Kern\data\processed\features\DM_Sans_regular.npz,52,ok,
DM_Sans_500,C:\Users\angel\OneDrive\Desktop\Kern\data\processed\features\DM_Sans_500.npz,52,ok,
DM_Sans_600,C:\Users\angel\OneDrive\Desktop\Kern\data\processed\features\DM_Sans_600.npz,52,ok,
DM_Sans_700,C:\Users\angel\OneDrive\Desktop\Kern\data\processed\features\DM_Sans_700.npz,52,ok,
DM_Sans_800,C:\Users\angel\OneDrive\Desktop\Kern\data\processed\features\DM_Sans_800.npz,52,ok,
DM_Sans_900,C:\Users\angel\OneDrive\Desktop\Kern\data\processed\features\DM_Sans_900.npz,52,ok,
DM_Sans_100italic,C:\Users\angel\OneDrive\Desktop\Kern\data\processed\features\DM_Sans_100italic.npz,52,ok,
DM_Sans_200italic,C:\Users\angel\OneDrive\Desktop\Kern\data\processed\features\DM_Sans_200italic.npz,52,ok,
DM_Sans_300italic,C:\Users\angel\OneDrive\Desktop\Kern\data\processed\features\DM_Sans_300italic.npz,52,ok,
DM_Sans_italic,C:\Users\angel\OneDrive\Desktop\Kern\data\processed\features\DM_Sans_italic.npz,52,ok,
DM_Sans_500italic,C:\Users\angel\OneDrive\Desktop\Kern\data\processed\features\DM_Sans_500italic.npz,52,ok,
DM_Sans_600italic,C:\Users\angel\OneDrive\Desktop\Kern\data\processed\features\DM_Sans_600italic.npz,52,ok,
DM_Sans_700italic,C:\Users\angel\OneDrive\Desktop\Kern\data\processed\features\DM_Sans_700italic.npz,52,ok,
DM_Sans_800italic,C:\Users\angel\OneDrive\Desktop\Kern\data\processed\features\DM_Sans_800italic.npz,52,ok,
DM_Sans_900italic,C:\Users\angel\OneDrive\Desktop\Kern\data\processed\features\DM_Sans_900italic.npz,52,ok,
Nunito_Sans_200,C:\Users\angel\OneDrive\Desktop\Kern\data\processed\features\Nunito_Sans_200.npz,52,ok,
Nunito_Sans_300,C:\Users\angel\OneDrive\Desktop\Kern\data\processed\features\Nunito_Sans_300.npz,52,ok,
Nunito_Sans_regular,C:\Users\angel\OneDrive\Desktop\Kern\data\processed\features\Nunito_Sans_regular.npz,52,ok,
Nunito_Sans_500,C:\Users\angel\OneDrive\Desktop\Kern\data\processed\features\Nunito_Sans_500.npz,52,ok,
Nunito_Sans_600,C:\Users\angel\OneDrive\Desktop\Kern\data\processed\features\Nunito_Sans_600.npz,52,ok,
Nunito_Sans_700,C:\Users\angel\OneDrive\Desktop\Kern\data\processed\features\Nunito_Sans_700.npz,52,ok,
Nunito_Sans_800,C:\Users\angel\OneDrive\Desktop\Kern\data\processed\features\Nunito_Sans_800.npz,52,ok,
Nunito_Sans_900,C:\Users\angel\OneDrive\Desktop\Kern\data\processed\features\Nunito_Sans_900.npz,52,ok,
Nunito_Sans_200italic,C:\Users\angel\OneDrive\Desktop\Kern\data\processed\features\Nunito_Sans_200italic.npz,52,ok,
Nunito_Sans_300italic,C:\Users\angel\OneDrive\Desktop\Kern\data\processed\features\Nunito_Sans_300italic.npz,52,ok,
Nunito_Sans_italic,C:\Users\angel\OneDrive\Desktop\Kern\data\processed\features\Nunito_Sans_italic.npz,52,ok,
Nunito_Sans_500italic,C:\Users\angel\OneDrive\Desktop\Kern\data\processed\features\Nunito_Sans_500italic.npz,52,ok,
Nunito_Sans_600italic,C:\Users\angel\OneDrive\Desktop\Kern\data\processed\features\Nunito_Sans_600italic.npz,52,ok,
Nunito_Sans_700italic,C:\Users\angel\OneDrive\Desktop\Kern\data\processed\features\Nunito_Sans_700italic.npz,52,ok,
Nunito_Sans_800italic,C:\Users\angel\OneDrive\Desktop\Kern\data\processed\features\Nunito_Sans_800italic.npz,52,ok,
Nunito_Sans_900italic,C:\Users\angel\OneDrive\Desktop\Kern\data\processed\features\Nunito_Sans_900italic.npz,52,ok,
Nunito_200,C:\Users\angel\OneDrive\Desktop\Kern\data\processed\features\Nunito_200.npz,52,ok,
Nunito_300,C:\Users\angel\OneDrive\Desktop\Kern\data\processed\features\Nunito_300.npz,52,ok,
Nunito_regular,C:\Users\angel\OneDrive\Desktop\Kern\data\processed\features\Nunito_regular.npz,52,ok,
Nunito_500,C:\Users\angel\OneDrive\Desktop\Kern\data\processed\features\Nunito_500.npz,52,ok,
Nunito_600,C:\Users\angel\OneDrive\Desktop\Kern\data\processed\features\Nunito_600.npz,52,ok,
Nunito_700,C:\Users\angel\OneDrive\Desktop\Kern\data\processed\features\Nunito_700.npz,52,ok,
Nunito_800,C:\Users\angel\OneDrive\Desktop\Kern\data\processed\features\Nunito_800.npz,52,ok,
Nunito_900,C:\Users\angel\OneDrive\Desktop\Kern\data\processed\features\Nunito_900.npz,52,ok,
Nunito_200italic,C:\Users\angel\OneDrive\Desktop\Kern\data\processed\features\Nunito_200italic.npz,52,ok,
Nunito_300italic,C:\Users\angel\OneDrive\Desktop\Kern\data\processed\features\Nunito_300italic.npz,52,ok,
Nunito_italic,C:\Users\angel\OneDrive\Desktop\Kern\data\processed\features\Nunito_italic.npz,52,ok,
Nunito_500italic,C:\Users\angel\OneDrive\Desktop\Kern\data\processed\features\Nunito_500italic.npz,52,ok,
Nunito_600italic,C:\Users\angel\OneDrive\Desktop\Kern\data\processed\features\Nunito_600italic.npz,52,ok,
Nunito_700italic,C:\Users\angel\OneDrive\Desktop\Kern\data\processed\features\Nunito_700italic.npz,52,ok,
Nunito_800italic,C:\Users\angel\OneDrive\Desktop\Kern\data\processed\features\Nunito_800italic.npz,52,ok,
Nunito_900italic,C:\Users\angel\OneDrive\Desktop\Kern\data\processed\features\Nunito_900italic.npz,52,ok,
Playfair_Display_regular,C:\Users\angel\OneDrive\Desktop\Kern\data\processed\features\Playfair_Display_regular.npz,52,ok,
Playfair_Display_500,C:\Users\angel\OneDrive\Desktop\Kern\data\processed\features\Playfair_Display_500.npz,52,ok,
Playfair_Display_600,C:\Users\angel\OneDrive\Desktop\Kern\data\processed\features\Playfair_Display_600.npz,52,ok,
Playfair_Display_700,C:\Users\angel\OneDrive\Desktop\Kern\data\processed\features\Playfair_Display_700.npz,52,ok,
Playfair_Display_800,C:\Users\angel\OneDrive\Desktop\Kern\data\processed\features\Playfair_Display_800.npz,52,ok,
Playfair_Display_900,C:\Users\angel\OneDrive\Desktop\Kern\data\processed\features\Playfair_Display_900.npz,52,ok,
Playfair_Display_italic,C:\Users\angel\OneDrive\Desktop\Kern\data\processed\features\Playfair_Display_italic.npz,52,ok,
Playfair_Display_500italic,C:\Users\angel\OneDrive\Desktop\Kern\data\processed\features\Playfair_Display_500italic.npz,52,ok,
Playfair_Display_600italic,C:\Users\angel\OneDrive\Desktop\Kern\data\processed\features\Playfair_Display_600italic.npz,52,ok,
Playfair_Display_700italic,C:\Users\angel\OneDrive\Desktop\Kern\data\processed\features\Playfair_Display_700italic.npz,52,ok,
Playfair_Display_800italic,C:\Users\angel\OneDrive\Desktop\Kern\data\processed\features\Playfair_Display_800italic.npz,52,ok,
Playfair_Display_900italic,C:\Users\angel\OneDrive\Desktop\Kern\data\processed\features\Playfair_Display_900italic.npz,52,ok,
Archivo_Black_regular,C:\Users\angel\OneDrive\Desktop\Kern\data\processed\features\Archivo_Black_regular.npz,52,ok,
Rubik_300,C:\Users\angel\OneDrive\Desktop\Kern\data\processed\features\Rubik_300.npz,52,ok,
Rubik_regular,C:\Users\angel\OneDrive\Desktop\Kern\data\processed\features\Rubik_regular.npz,52,ok,
Rubik_500,C:\Users\angel\OneDrive\Desktop\Kern\data\processed\features\Rubik_500.npz,52,ok,
Rubik_600,C:\Users\angel\OneDrive\Desktop\Kern\data\processed\features\Rubik_600.npz,52,ok,
Rubik_700,C:\Users\angel\OneDrive\Desktop\Kern\data\processed\features\Rubik_700.npz,52,ok,
Rubik_800,C:\Users\angel\OneDrive\Desktop\Kern\data\processed\features\Rubik_800.npz,52,ok,
Rubik_900,C:\Users\angel\OneDrive\Desktop\Kern\data\processed\features\Rubik_900.npz,52,ok,
Rubik_300italic,C:\Users\angel\OneDrive\Desktop\Kern\data\processed\features\Rubik_300italic.npz,52,ok,
Rubik_italic,C:\Users\angel\OneDrive\Desktop\Kern\data\processed\features\Rubik_italic.npz,52,ok,
Rubik_500italic,C:\Users\angel\OneDrive\Desktop\Kern\data\processed\features\Rubik_500italic.npz,52,ok,
Rubik_600italic,C:\Users\angel\OneDrive\Desktop\Kern\data\processed\features\Rubik_600italic.npz,52,ok,
Rubik_700italic,C:\Users\angel\OneDrive\Desktop\Kern\data\processed\features\Rubik_700italic.npz,52,ok,
Rubik_800italic,C:\Users\angel\OneDrive\Desktop\Kern\data\processed\features\Rubik_800italic.npz,52,ok,
Rubik_900italic,C:\Users\angel\OneDrive\Desktop\Kern\data\processed\features\Rubik_900italic.npz,52,ok,
Roboto_Slab_100,C:\Users\angel\OneDrive\Desktop\Kern\data\processed\features\Roboto_Slab_100.npz,52,ok,
Roboto_Slab_200,C:\Users\angel\OneDrive\Desktop\Kern\data\processed\features\Roboto_Slab_200.npz,52,ok,
Roboto_Slab_300,C:\Users\angel\OneDrive\Desktop\Kern\data\processed\features\Roboto_Slab_300.npz,52,ok,
Roboto_Slab_regular,C:\Users\angel\OneDrive\Desktop\Kern\data\processed\features\Roboto_Slab_regular.npz,52,ok,
Roboto_Slab_500,C:\Users\angel\OneDrive\Desktop\Kern\data\processed\features\Roboto_Slab_500.npz,52,ok,
Roboto_Slab_600,C:\Users\angel\OneDrive\Desktop\Kern\data\processed\features\Roboto_Slab_600.npz,52,ok,
Roboto_Slab_700,C:\Users\angel\OneDrive\Desktop\Kern\data\processed\features\Roboto_Slab_700.npz,52,ok,
Roboto_Slab_800,C:\Users\angel\OneDrive\Desktop\Kern\data\processed\features\Roboto_Slab_800.npz,52,ok,
Roboto_Slab_900,C:\Users\angel\OneDrive\Desktop\Kern\data\processed\features\Roboto_Slab_900.npz,52,ok,
Noto_Sans_KR_100,C:\Users\angel\OneDrive\Desktop\Kern\data\processed\features\Noto_Sans_KR_100.npz,52,ok,
Noto_Sans_KR_200,C:\Users\angel\OneDrive\Desktop\Kern\data\processed\features\Noto_Sans_KR_200.npz,52,ok,
Noto_Sans_KR_300,C:\Users\angel\OneDrive\Desktop\Kern\data\processed\features\Noto_Sans_KR_300.npz,52,ok,
Noto_Sans_KR_regular,C:\Users\angel\OneDrive\Desktop\Kern\data\processed\features\Noto_Sans_KR_regular.npz,52,ok,
Noto_Sans_KR_500,C:\Users\angel\OneDrive\Desktop\Kern\data\processed\features\Noto_Sans_KR_500.npz,52,ok,
Noto_Sans_KR_600,C:\Users\angel\OneDrive\Desktop\Kern\data\processed\features\Noto_Sans_KR_600.npz,52,ok,
Noto_Sans_KR_700,C:\Users\angel\OneDrive\Desktop\Kern\data\processed\features\Noto_Sans_KR_700.npz,52,ok,
Noto_Sans_KR_800,C:\Users\angel\OneDrive\Desktop\Kern\data\processed\features\Noto_Sans_KR_800.npz,52,ok,
Noto_Sans_KR_900,C:\Users\angel\OneDrive\Desktop\Kern\data\processed\features\Noto_Sans_KR_900.npz,52,ok,
Ubuntu_300,C:\Users\angel\OneDrive\Desktop\Kern\data\processed\features\Ubuntu_300.npz,52,ok,
Ubuntu_300italic,C:\Users\angel\OneDrive\Desktop\Kern\data\processed\features\Ubuntu_300italic.npz,52,ok,
Ubuntu_regular,C:\Users\angel\OneDrive\Desktop\Kern\data\processed\features\Ubuntu_regular.npz,52,ok,
Ubuntu_italic,C:\Users\angel\OneDrive\Desktop\Kern\data\processed\features\Ubuntu_italic.npz,52,ok,
Ubuntu_500,C:\Users\angel\OneDrive\Desktop\Kern\data\processed\features\Ubuntu_500.npz,52,ok,
Ubuntu_500italic,C:\Users\angel\OneDrive\Desktop\Kern\data\processed\features\Ubuntu_500italic.npz,52,ok,
Ubuntu_700,C:\Users\angel\OneDrive\Desktop\Kern\data\processed\features\Ubuntu_700.npz,52,ok,
Ubuntu_700italic,C:\Users\angel\OneDrive\Desktop\Kern\data\processed\features\Ubuntu_700italic.npz,52,ok,
Kanit_100,C:\Users\angel\OneDrive\Desktop\Kern\data\processed\features\Kanit_100.npz,52,ok,
Kanit_100italic,C:\Users\angel\OneDrive\Desktop\Kern\data\processed\features\Kanit_100italic.npz,52,ok,
Kanit_200,C:\Users\angel\OneDrive\Desktop\Kern\data\processed\features\Kanit_200.npz,52,ok,
Kanit_200italic,C:\Users\angel\OneDrive\Desktop\Kern\data\processed\features\Kanit_200italic.npz,52,ok,
Kanit_300,C:\Users\angel\OneDrive\Desktop\Kern\data\processed\features\Kanit_300.npz,52,ok,
Kanit_300italic,C:\Users\angel\OneDrive\Desktop\Kern\data\processed\features\Kanit_300italic.npz,52,ok,
Kanit_regular,C:\Users\angel\OneDrive\Desktop\Kern\data\processed\features\Kanit_regular.npz,52,ok,
Kanit_italic,C:\Users\angel\OneDrive\Desktop\Kern\data\processed\features\Kanit_italic.npz,52,ok,
Kanit_500,C:\Users\angel\OneDrive\Desktop\Kern\data\processed\features\Kanit_500.npz,52,ok,
Kanit_500italic,C:\Users\angel\OneDrive\Desktop\Kern\data\processed\features\Kanit_500italic.npz,52,ok,
Kanit_600,C:\Users\angel\OneDrive\Desktop\Kern\data\processed\features\Kanit_600.npz,52,ok,
Kanit_600italic,C:\Users\angel\OneDrive\Desktop\Kern\data\processed\features\Kanit_600italic.npz,52,ok,
Kanit_700,C:\Users\angel\OneDrive\Desktop\Kern\data\processed\features\Kanit_700.npz,52,ok,
Kanit_700italic,C:\Users\angel\OneDrive\Desktop\Kern\data\processed\features\Kanit_700italic.npz,52,ok,
Kanit_800,C:\Users\angel\OneDrive\Desktop\Kern\data\processed\features\Kanit_800.npz,52,ok,
Kanit_800italic,C:\Users\angel\OneDrive\Desktop\Kern\data\processed\features\Kanit_800italic.npz,52,ok,
Kanit_900,C:\Users\angel\OneDrive\Desktop\Kern\data\processed\features\Kanit_900.npz,52,ok,
Kanit_900italic,C:\Users\angel\OneDrive\Desktop\Kern\data\processed\features\Kanit_900italic.npz,52,ok,
Outfit_100,C:\Users\angel\OneDrive\Desktop\Kern\data\processed\features\Outfit_100.npz,52,ok,
Outfit_200,C:\Users\angel\OneDrive\Desktop\Kern\data\processed\features\Outfit_200.npz,52,ok,
Outfit_300,C:\Users\angel\OneDrive\Desktop\Kern\data\processed\features\Outfit_300.npz,52,ok,
Outfit_regular,C:\Users\angel\OneDrive\Desktop\Kern\data\processed\features\Outfit_regular.npz,52,ok,
Outfit_500,C:\Users\angel\OneDrive\Desktop\Kern\data\processed\features\Outfit_500.npz,52,ok,
Outfit_600,C:\Users\angel\OneDrive\Desktop\Kern\data\processed\features\Outfit_600.npz,52,ok,
Outfit_700,C:\Users\angel\OneDrive\Desktop\Kern\data\processed\features\Outfit_700.npz,52,ok,
Outfit_800,C:\Users\angel\OneDrive\Desktop\Kern\data\processed\features\Outfit_800.npz,52,ok,
Outfit_900,C:\Users\angel\OneDrive\Desktop\Kern\data\processed\features\Outfit_900.npz,52,ok,
Merriweather_300,C:\Users\angel\OneDrive\Desktop\Kern\data\processed\features\Merriweather_300.npz,52,ok,
Merriweather_regular,C:\Users\angel\OneDrive\Desktop\Kern\data\processed\features\Merriweather_regular.npz,52,ok,
Merriweather_500,C:\Users\angel\OneDrive\Desktop\Kern\data\processed\features\Merriweather_500.npz,52,ok,
Merriweather_600,C:\Users\angel\OneDrive\Desktop\Kern\data\processed\features\Merriweather_600.npz,52,ok,
Merriweather_700,C:\Users\angel\OneDrive\Desktop\Kern\data\processed\features\Merriweather_700.npz,52,ok,
Merriweather_800,C:\Users\angel\OneDrive\Desktop\Kern\data\processed\features\Merriweather_800.npz,52,ok,
Merriweather_900,C:\Users\angel\OneDrive\Desktop\Kern\data\processed\features\Merriweather_900.npz,52,ok,
Merriweather_300italic,C:\Users\angel\OneDrive\Desktop\Kern\data\processed\features\Merriweather_300italic.npz,52,ok,
Merriweather_italic,C:\Users\angel\OneDrive\Desktop\Kern\data\processed\features\Merriweather_italic.npz,52,ok,
Merriweather_500italic,C:\Users\angel\OneDrive\Desktop\Kern\data\processed\features\Merriweather_500italic.npz,52,ok,
Merriweather_600italic,C:\Users\angel\OneDrive\Desktop\Kern\data\processed\features\Merriweather_600italic.npz,52,ok,
Merriweather_700italic,C:\Users\angel\OneDrive\Desktop\Kern\data\processed\features\Merriweather_700italic.npz,52,ok,
Merriweather_800italic,C:\Users\angel\OneDrive\Desktop\Kern\data\processed\features\Merriweather_800italic.npz,52,ok,
Merriweather_900italic,C:\Users\angel\OneDrive\Desktop\Kern\data\processed\features\Merriweather_900italic.npz,52,ok,
Manrope_200,C:\Users\angel\OneDrive\Desktop\Kern\data\processed\features\Manrope_200.npz,52,ok,
Manrope_300,C:\Users\angel\OneDrive\Desktop\Kern\data\processed\features\Manrope_300.npz,52,ok,
Manrope_regular,C:\Users\angel\OneDrive\Desktop\Kern\data\processed\features\Manrope_regular.npz,52,ok,
Manrope_500,C:\Users\angel\OneDrive\Desktop\Kern\data\processed\features\Manrope_500.npz,52,ok,
Manrope_600,C:\Users\angel\OneDrive\Desktop\Kern\data\processed\features\Manrope_600.npz,52,ok,
Manrope_700,C:\Users\angel\OneDrive\Desktop\Kern\data\processed\features\Manrope_700.npz,52,ok,
Manrope_800,C:\Users\angel\OneDrive\Desktop\Kern\data\processed\features\Manrope_800.npz,52,ok,
Black_Ops_One_regular,C:\Users\angel\OneDrive\Desktop\Kern\data\processed\features\Black_Ops_One_regular.npz,52,ok,
Work_Sans_100,C:\Users\angel\OneDrive\Desktop\Kern\data\processed\features\Work_Sans_100.npz,52,ok,
Work_Sans_200,C:\Users\angel\OneDrive\Desktop\Kern\data\processed\features\Work_Sans_200.npz,52,ok,
Work_Sans_300,C:\Users\angel\OneDrive\Desktop\Kern\data\processed\features\Work_Sans_300.npz,52,ok,
Work_Sans_regular,C:\Users\angel\OneDrive\Desktop\Kern\data\processed\features\Work_Sans_regular.npz,52,ok,
Work_Sans_500,C:\Users\angel\OneDrive\Desktop\Kern\data\processed\features\Work_Sans_500.npz,52,ok,
Work_Sans_600,C:\Users\angel\OneDrive\Desktop\Kern\data\processed\features\Work_Sans_600.npz,52,ok,
Work_Sans_700,C:\Users\angel\OneDrive\Desktop\Kern\data\processed\features\Work_Sans_700.npz,52,ok,
Work_Sans_800,C:\Users\angel\OneDrive\Desktop\Kern\data\processed\features\Work_Sans_800.npz,52,ok,
Work_Sans_900,C:\Users\angel\OneDrive\Desktop\Kern\data\processed\features\Work_Sans_900.npz,52,ok,
Work_Sans_100italic,C:\Users\angel\OneDrive\Desktop\Kern\data\processed\features\Work_Sans_100italic.npz,52,ok,
Work_Sans_200italic,C:\Users\angel\OneDrive\Desktop\Kern\data\processed\features\Work_Sans_200italic.npz,52,ok,
Work_Sans_300italic,C:\Users\angel\OneDrive\Desktop\Kern\data\processed\features\Work_Sans_300italic.npz,52,ok,
Work_Sans_italic,C:\Users\angel\OneDrive\Desktop\Kern\data\processed\features\Work_Sans_italic.npz,52,ok,
Work_Sans_500italic,C:\Users\angel\OneDrive\Desktop\Kern\data\processed\features\Work_Sans_500italic.npz,52,ok,
Work_Sans_600italic,C:\Users\angel\OneDrive\Desktop\Kern\data\processed\features\Work_Sans_600italic.npz,52,ok,
Work_Sans_700italic,C:\Users\angel\OneDrive\Desktop\Kern\data\processed\features\Work_Sans_700italic.npz,52,ok,
Work_Sans_800italic,C:\Users\angel\OneDrive\Desktop\Kern\data\processed\features\Work_Sans_800italic.npz,52,ok,
Work_Sans_900italic,C:\Users\angel\OneDrive\Desktop\Kern\data\processed\features\Work_Sans_900italic.npz,52,ok,
Prompt_100,C:\Users\angel\OneDrive\Desktop\Kern\data\processed\features\Prompt_100.npz,52,ok,
Prompt_100italic,C:\Users\angel\OneDrive\Desktop\Kern\data\processed\features\Prompt_100italic.npz,52,ok,
Prompt_200,C:\Users\angel\OneDrive\Desktop\Kern\data\processed\features\Prompt_200.npz,52,ok,
Prompt_200italic,C:\Users\angel\OneDrive\Desktop\Kern\data\processed\features\Prompt_200italic.npz,52,ok,
Prompt_300,C:\Users\angel\OneDrive\Desktop\Kern\data\processed\features\Prompt_300.npz,52,ok,
Prompt_300italic,C:\Users\angel\OneDrive\Desktop\Kern\data\processed\features\Prompt_300italic.npz,52,ok,
Prompt_regular,C:\Users\angel\OneDrive\Desktop\Kern\data\processed\features\Prompt_regular.npz,52,ok,
Prompt_italic,C:\Users\angel\OneDrive\Desktop\Kern\data\processed\features\Prompt_italic.npz,52,ok,
Prompt_500,C:\Users\angel\OneDrive\Desktop\Kern\data\processed\features\Prompt_500.npz,52,ok,
Prompt_500italic,C:\Users\angel\OneDrive\Desktop\Kern\data\processed\features\Prompt_500italic.npz,52,ok,
Prompt_600,C:\Users\angel\OneDrive\Desktop\Kern\data\processed\features\Prompt_600.npz,52,ok,
Prompt_600italic,C:\Users\angel\OneDrive\Desktop\Kern\data\processed\features\Prompt_600italic.npz,52,ok,
Prompt_700,C:\Users\angel\OneDrive\Desktop\Kern\data\processed\features\Prompt_700.npz,52,ok,
Prompt_700italic,C:\Users\angel\OneDrive\Desktop\Kern\data\processed\features\Prompt_700italic.npz,52,ok,
Prompt_800,C:\Users\angel\OneDrive\Desktop\Kern\data\processed\features\Prompt_800.npz,52,ok,
Prompt_800italic,C:\Users\angel\OneDrive\Desktop\Kern\data\processed\features\Prompt_800italic.npz,52,ok,
Prompt_900,C:\Users\angel\OneDrive\Desktop\Kern\data\processed\features\Prompt_900.npz,52,ok,
Prompt_900italic,C:\Users\angel\OneDrive\Desktop\Kern\data\processed\features\Prompt_900italic.npz,52,ok,
Lora_regular,C:\Users\angel\OneDrive\Desktop\Kern\data\processed\features\Lora_regular.npz,52,ok,
Lora_500,C:\Users\angel\OneDrive\Desktop\Kern\data\processed\features\Lora_500.npz,52,ok,
Lora_600,C:\Users\angel\OneDrive\Desktop\Kern\data\processed\features\Lora_600.npz,52,ok,
Lora_700,C:\Users\angel\OneDrive\Desktop\Kern\data\processed\features\Lora_700.npz,52,ok,
Lora_italic,C:\Users\angel\OneDrive\Desktop\Kern\data\processed\features\Lora_italic.npz,52,ok,
Lora_500italic,C:\Users\angel\OneDrive\Desktop\Kern\data\processed\features\Lora_500italic.npz,52,ok,
Lora_600italic,C:\Users\angel\OneDrive\Desktop\Kern\data\processed\features\Lora_600italic.npz,52,ok,
Lora_700italic,C:\Users\angel\OneDrive\Desktop\Kern\data\processed\features\Lora_700italic.npz,52,ok,
Saira_100,C:\Users\angel\OneDrive\Desktop\Kern\data\processed\features\Saira_100.npz,52,ok,
Saira_200,C:\Users\angel\OneDrive\Desktop\Kern\data\processed\features\Saira_200.npz,52,ok,
Saira_300,C:\Users\angel\OneDrive\Desktop\Kern\data\processed\features\Saira_300.npz,52,ok,
Saira_regular,C:\Users\angel\OneDrive\Desktop\Kern\data\processed\features\Saira_regular.npz,52,ok,
Saira_500,C:\Users\angel\OneDrive\Desktop\Kern\data\processed\features\Saira_500.npz,52,ok,
Saira_600,C:\Users\angel\OneDrive\Desktop\Kern\data\processed\features\Saira_600.npz,52,ok,
Saira_700,C:\Users\angel\OneDrive\Desktop\Kern\data\processed\features\Saira_700.npz,52,ok,
Saira_800,C:\Users\angel\OneDrive\Desktop\Kern\data\processed\features\Saira_800.npz,52,ok,
Saira_900,C:\Users\angel\OneDrive\Desktop\Kern\data\processed\features\Saira_900.npz,52,ok,
Saira_100italic,C:\Users\angel\OneDrive\Desktop\Kern\data\processed\features\Saira_100italic.npz,52,ok,
Saira_200italic,C:\Users\angel\OneDrive\Desktop\Kern\data\processed\features\Saira_200italic.npz,52,ok,
Saira_300italic,C:\Users\angel\OneDrive\Desktop\Kern\data\processed\features\Saira_300italic.npz,52,ok,
Saira_italic,C:\Users\angel\OneDrive\Desktop\Kern\data\processed\features\Saira_italic.npz,52,ok,
Saira_500italic,C:\Users\angel\OneDrive\Desktop\Kern\data\processed\features\Saira_500italic.npz,52,ok,
Saira_600italic,C:\Users\angel\OneDrive\Desktop\Kern\data\processed\features\Saira_600italic.npz,52,ok,
Saira_700italic,C:\Users\angel\OneDrive\Desktop\Kern\data\processed\features\Saira_700italic.npz,52,ok,
Saira_800italic,C:\Users\angel\OneDrive\Desktop\Kern\data\processed\features\Saira_800italic.npz,52,ok,
Saira_900italic,C:\Users\angel\OneDrive\Desktop\Kern\data\processed\features\Saira_900italic.npz,52,ok,
PT_Sans_regular,C:\Users\angel\OneDrive\Desktop\Kern\data\processed\features\PT_Sans_regular.npz,52,ok,
PT_Sans_italic,C:\Users\angel\OneDrive\Desktop\Kern\data\processed\features\PT_Sans_italic.npz,52,ok,
PT_Sans_700,C:\Users\angel\OneDrive\Desktop\Kern\data\processed\features\PT_Sans_700.npz,52,ok,
PT_Sans_700italic,C:\Users\angel\OneDrive\Desktop\Kern\data\processed\features\PT_Sans_700italic.npz,52,ok,
Bebas_Neue_regular,C:\Users\angel\OneDrive\Desktop\Kern\data\processed\features\Bebas_Neue_regular.npz,52,ok,
Noto_Sans_TC_100,C:\Users\angel\OneDrive\Desktop\Kern\data\processed\features\Noto_Sans_TC_100.npz,52,ok,
Noto_Sans_TC_200,C:\Users\angel\OneDrive\Desktop\Kern\data\processed\features\Noto_Sans_TC_200.npz,52,ok,
Noto_Sans_TC_300,C:\Users\angel\OneDrive\Desktop\Kern\data\processed\features\Noto_Sans_TC_300.npz,52,ok,
Noto_Sans_TC_regular,C:\Users\angel\OneDrive\Desktop\Kern\data\processed\features\Noto_Sans_TC_regular.npz,52,ok,
Noto_Sans_TC_500,C:\Users\angel\OneDrive\Desktop\Kern\data\processed\features\Noto_Sans_TC_500.npz,52,ok,
Noto_Sans_TC_600,C:\Users\angel\OneDrive\Desktop\Kern\data\processed\features\Noto_Sans_TC_600.npz,52,ok,
Noto_Sans_TC_700,C:\Users\angel\OneDrive\Desktop\Kern\data\processed\features\Noto_Sans_TC_700.npz,52,ok,
Noto_Sans_TC_800,C:\Users\angel\OneDrive\Desktop\Kern\data\processed\features\Noto_Sans_TC_800.npz,52,ok,
Noto_Sans_TC_900,C:\Users\angel\OneDrive\Desktop\Kern\data\processed\features\Noto_Sans_TC_900.npz,52,ok,
Mulish_200,C:\Users\angel\OneDrive\Desktop\Kern\data\processed\features\Mulish_200.npz,52,ok,
Mulish_300,C:\Users\angel\OneDrive\Desktop\Kern\data\processed\features\Mulish_300.npz,52,ok,
Mulish_regular,C:\Users\angel\OneDrive\Desktop\Kern\data\processed\features\Mulish_regular.npz,52,ok,
Mulish_500,C:\Users\angel\OneDrive\Desktop\Kern\data\processed\features\Mulish_500.npz,52,ok,
Mulish_600,C:\Users\angel\OneDrive\Desktop\Kern\data\processed\features\Mulish_600.npz,52,ok,
Mulish_700,C:\Users\angel\OneDrive\Desktop\Kern\data\processed\features\Mulish_700.npz,52,ok,
Mulish_800,C:\Users\angel\OneDrive\Desktop\Kern\data\processed\features\Mulish_800.npz,52,ok,
Mulish_900,C:\Users\angel\OneDrive\Desktop\Kern\data\processed\features\Mulish_900.npz,52,ok,
Mulish_200italic,C:\Users\angel\OneDrive\Desktop\Kern\data\processed\features\Mulish_200italic.npz,52,ok,
Mulish_300italic,C:\Users\angel\OneDrive\Desktop\Kern\data\processed\features\Mulish_300italic.npz,52,ok,
Mulish_italic,C:\Users\angel\OneDrive\Desktop\Kern\data\processed\features\Mulish_italic.npz,52,ok,
Mulish_500italic,C:\Users\angel\OneDrive\Desktop\Kern\data\processed\features\Mulish_500italic.npz,52,ok,
Mulish_600italic,C:\Users\angel\OneDrive\Desktop\Kern\data\processed\features\Mulish_600italic.npz,52,ok,
Mulish_700italic,C:\Users\angel\OneDrive\Desktop\Kern\data\processed\features\Mulish_700italic.npz,52,ok,
Mulish_800italic,C:\Users\angel\OneDrive\Desktop\Kern\data\processed\features\Mulish_800italic.npz,52,ok,
Mulish_900italic,C:\Users\angel\OneDrive\Desktop\Kern\data\processed\features\Mulish_900italic.npz,52,ok,
Figtree_300,C:\Users\angel\OneDrive\Desktop\Kern\data\processed\features\Figtree_300.npz,52,ok,
Figtree_regular,C:\Users\angel\OneDrive\Desktop\Kern\data\processed\features\Figtree_regular.npz,52,ok,
Figtree_500,C:\Users\angel\OneDrive\Desktop\Kern\data\processed\features\Figtree_500.npz,52,ok,
Figtree_600,C:\Users\angel\OneDrive\Desktop\Kern\data\processed\features\Figtree_600.npz,52,ok,
Figtree_700,C:\Users\angel\OneDrive\Desktop\Kern\data\processed\features\Figtree_700.npz,52,ok,
Figtree_800,C:\Users\angel\OneDrive\Desktop\Kern\data\processed\features\Figtree_800.npz,52,ok,
Figtree_900,C:\Users\angel\OneDrive\Desktop\Kern\data\processed\features\Figtree_900.npz,52,ok,
Figtree_300italic,C:\Users\angel\OneDrive\Desktop\Kern\data\processed\features\Figtree_300italic.npz,52,ok,
Figtree_italic,C:\Users\angel\OneDrive\Desktop\Kern\data\processed\features\Figtree_italic.npz,52,ok,
Figtree_500italic,C:\Users\angel\OneDrive\Desktop\Kern\data\processed\features\Figtree_500italic.npz,52,ok,
Figtree_600italic,C:\Users\angel\OneDrive\Desktop\Kern\data\processed\features\Figtree_600italic.npz,52,ok,
Figtree_700italic,C:\Users\angel\OneDrive\Desktop\Kern\data\processed\features\Figtree_700italic.npz,52,ok,
Figtree_800italic,C:\Users\angel\OneDrive\Desktop\Kern\data\processed\features\Figtree_800italic.npz,52,ok,
Figtree_900italic,C:\Users\angel\OneDrive\Desktop\Kern\data\processed\features\Figtree_900italic.npz,52,ok,
Plus_Jakarta_Sans_200,C:\Users\angel\OneDrive\Desktop\Kern\data\processed\features\Plus_Jakarta_Sans_200.npz,52,ok,
Plus_Jakarta_Sans_300,C:\Users\angel\OneDrive\Desktop\Kern\data\processed\features\Plus_Jakarta_Sans_300.npz,52,ok,
Plus_Jakarta_Sans_regular,C:\Users\angel\OneDrive\Desktop\Kern\data\processed\features\Plus_Jakarta_Sans_regular.npz,52,ok,
Plus_Jakarta_Sans_500,C:\Users\angel\OneDrive\Desktop\Kern\data\processed\features\Plus_Jakarta_Sans_500.npz,52,ok,
Plus_Jakarta_Sans_600,C:\Users\angel\OneDrive\Desktop\Kern\data\processed\features\Plus_Jakarta_Sans_600.npz,52,ok,
Plus_Jakarta_Sans_700,C:\Users\angel\OneDrive\Desktop\Kern\data\processed\features\Plus_Jakarta_Sans_700.npz,52,ok,
Plus_Jakarta_Sans_800,C:\Users\angel\OneDrive\Desktop\Kern\data\processed\features\Plus_Jakarta_Sans_800.npz,52,ok,
Plus_Jakarta_Sans_200italic,C:\Users\angel\OneDrive\Desktop\Kern\data\processed\features\Plus_Jakarta_Sans_200italic.npz,52,ok,
Plus_Jakarta_Sans_300italic,C:\Users\angel\OneDrive\Desktop\Kern\data\processed\features\Plus_Jakarta_Sans_300italic.npz,52,ok,
Plus_Jakarta_Sans_italic,C:\Users\angel\OneDrive\Desktop\Kern\data\processed\features\Plus_Jakarta_Sans_italic.npz,52,ok,
Plus_Jakarta_Sans_500italic,C:\Users\angel\OneDrive\Desktop\Kern\data\processed\features\Plus_Jakarta_Sans_500italic.npz,52,ok,
Plus_Jakarta_Sans_600italic,C:\Users\angel\OneDrive\Desktop\Kern\data\processed\features\Plus_Jakarta_Sans_600italic.npz,52,ok,
Plus_Jakarta_Sans_700italic,C:\Users\angel\OneDrive\Desktop\Kern\data\processed\features\Plus_Jakarta_Sans_700italic.npz,52,ok,
Plus_Jakarta_Sans_800italic,C:\Users\angel\OneDrive\Desktop\Kern\data\processed\features\Plus_Jakarta_Sans_800italic.npz,52,ok,
Share_Tech_regular,C:\Users\angel\OneDrive\Desktop\Kern\data\processed\features\Share_Tech_regular.npz,52,ok,
Smooch_Sans_100,C:\Users\angel\OneDrive\Desktop\Kern\data\processed\features\Smooch_Sans_100.npz,52,ok,
Smooch_Sans_200,C:\Users\angel\OneDrive\Desktop\Kern\data\processed\features\Smooch_Sans_200.npz,52,ok,
Smooch_Sans_300,C:\Users\angel\OneDrive\Desktop\Kern\data\processed\features\Smooch_Sans_300.npz,52,ok,
Smooch_Sans_regular,C:\Users\angel\OneDrive\Desktop\Kern\data\processed\features\Smooch_Sans_regular.npz,52,ok,
Smooch_Sans_500,C:\Users\angel\OneDrive\Desktop\Kern\data\processed\features\Smooch_Sans_500.npz,52,ok,
Smooch_Sans_600,C:\Users\angel\OneDrive\Desktop\Kern\data\processed\features\Smooch_Sans_600.npz,52,ok,
Smooch_Sans_700,C:\Users\angel\OneDrive\Desktop\Kern\data\processed\features\Smooch_Sans_700.npz,52,ok,
Smooch_Sans_800,C:\Users\angel\OneDrive\Desktop\Kern\data\processed\features\Smooch_Sans_800.npz,52,ok,
Smooch_Sans_900,C:\Users\angel\OneDrive\Desktop\Kern\data\processed\features\Smooch_Sans_900.npz,52,ok,
Bricolage_Grotesque_200,C:\Users\angel\OneDrive\Desktop\Kern\data\processed\features\Bricolage_Grotesque_200.npz,52,ok,
Bricolage_Grotesque_300,C:\Users\angel\OneDrive\Desktop\Kern\data\processed\features\Bricolage_Grotesque_300.npz,52,ok,
Bricolage_Grotesque_regular,C:\Users\angel\OneDrive\Desktop\Kern\data\processed\features\Bricolage_Grotesque_regular.npz,52,ok,
Bricolage_Grotesque_500,C:\Users\angel\OneDrive\Desktop\Kern\data\processed\features\Bricolage_Grotesque_500.npz,52,ok,
Bricolage_Grotesque_600,C:\Users\angel\OneDrive\Desktop\Kern\data\processed\features\Bricolage_Grotesque_600.npz,52,ok,
Bricolage_Grotesque_700,C:\Users\angel\OneDrive\Desktop\Kern\data\processed\features\Bricolage_Grotesque_700.npz,52,ok,
Bricolage_Grotesque_800,C:\Users\angel\OneDrive\Desktop\Kern\data\processed\features\Bricolage_Grotesque_800.npz,52,ok,
Source_Sans_3_200,C:\Users\angel\OneDrive\Desktop\Kern\data\processed\features\Source_Sans_3_200.npz,52,ok,
Source_Sans_3_300,C:\Users\angel\OneDrive\Desktop\Kern\data\processed\features\Source_Sans_3_300.npz,52,ok,
Source_Sans_3_regular,C:\Users\angel\OneDrive\Desktop\Kern\data\processed\features\Source_Sans_3_regular.npz,52,ok,
Source_Sans_3_500,C:\Users\angel\OneDrive\Desktop\Kern\data\processed\features\Source_Sans_3_500.npz,52,ok,
Source_Sans_3_600,C:\Users\angel\OneDrive\Desktop\Kern\data\processed\features\Source_Sans_3_600.npz,52,ok,
Source_Sans_3_700,C:\Users\angel\OneDrive\Desktop\Kern\data\processed\features\Source_Sans_3_700.npz,52,ok,
Source_Sans_3_800,C:\Users\angel\OneDrive\Desktop\Kern\data\processed\features\Source_Sans_3_800.npz,52,ok,
Source_Sans_3_900,C:\Users\angel\OneDrive\Desktop\Kern\data\processed\features\Source_Sans_3_900.npz,52,ok,
Source_Sans_3_200italic,C:\Users\angel\OneDrive\Desktop\Kern\data\processed\features\Source_Sans_3_200italic.npz,52,ok,
Source_Sans_3_300italic,C:\Users\angel\OneDrive\Desktop\Kern\data\processed\features\Source_Sans_3_300italic.npz,52,ok,
Source_Sans_3_italic,C:\Users\angel\OneDrive\Desktop\Kern\data\processed\features\Source_Sans_3_italic.npz,52,ok,
Source_Sans_3_500italic,C:\Users\angel\OneDrive\Desktop\Kern\data\processed\features\Source_Sans_3_500italic.npz,52,ok,
Source_Sans_3_600italic,C:\Users\angel\OneDrive\Desktop\Kern\data\processed\features\Source_Sans_3_600italic.npz,52,ok,
Source_Sans_3_700italic,C:\Users\angel\OneDrive\Desktop\Kern\data\processed\features\Source_Sans_3_700italic.npz,52,ok,
Source_Sans_3_800italic,C:\Users\angel\OneDrive\Desktop\Kern\data\processed\features\Source_Sans_3_800italic.npz,52,ok,
Source_Sans_3_900italic,C:\Users\angel\OneDrive\Desktop\Kern\data\processed\features\Source_Sans_3_900italic.npz,52,ok,
Barlow_100,C:\Users\angel\OneDrive\Desktop\Kern\data\processed\features\Barlow_100.npz,52,ok,
Barlow_100italic,C:\Users\angel\OneDrive\Desktop\Kern\data\processed\features\Barlow_100italic.npz,52,ok,
Barlow_200,C:\Users\angel\OneDrive\Desktop\Kern\data\processed\features\Barlow_200.npz,52,ok,
Barlow_200italic,C:\Users\angel\OneDrive\Desktop\Kern\data\processed\features\Barlow_200italic.npz,52,ok,
Barlow_300,C:\Users\angel\OneDrive\Desktop\Kern\data\processed\features\Barlow_300.npz,52,ok,
Barlow_300italic,C:\Users\angel\OneDrive\Desktop\Kern\data\processed\features\Barlow_300italic.npz,52,ok,
Barlow_regular,C:\Users\angel\OneDrive\Desktop\Kern\data\processed\features\Barlow_regular.npz,52,ok,
Barlow_italic,C:\Users\angel\OneDrive\Desktop\Kern\data\processed\features\Barlow_italic.npz,52,ok,
Barlow_500,C:\Users\angel\OneDrive\Desktop\Kern\data\processed\features\Barlow_500.npz,52,ok,
Barlow_500italic,C:\Users\angel\OneDrive\Desktop\Kern\data\processed\features\Barlow_500italic.npz,52,ok,
Barlow_600,C:\Users\angel\OneDrive\Desktop\Kern\data\processed\features\Barlow_600.npz,52,ok,
Barlow_600italic,C:\Users\angel\OneDrive\Desktop\Kern\data\processed\features\Barlow_600italic.npz,52,ok,
Barlow_700,C:\Users\angel\OneDrive\Desktop\Kern\data\processed\features\Barlow_700.npz,52,ok,
Barlow_700italic,C:\Users\angel\OneDrive\Desktop\Kern\data\processed\features\Barlow_700italic.npz,52,ok,
Barlow_800,C:\Users\angel\OneDrive\Desktop\Kern\data\processed\features\Barlow_800.npz,52,ok,
Barlow_800italic,C:\Users\angel\OneDrive\Desktop\Kern\data\processed\features\Barlow_800italic.npz,52,ok,
Barlow_900,C:\Users\angel\OneDrive\Desktop\Kern\data\processed\features\Barlow_900.npz,52,ok,
Barlow_900italic,C:\Users\angel\OneDrive\Desktop\Kern\data\processed\features\Barlow_900italic.npz,52,ok,
Quicksand_300,C:\Users\angel\OneDrive\Desktop\Kern\data\processed\features\Quicksand_300.npz,52,ok,
Quicksand_regular,C:\Users\angel\OneDrive\Desktop\Kern\data\processed\features\Quicksand_regular.npz,52,ok,
Quicksand_500,C:\Users\angel\OneDrive\Desktop\Kern\data\processed\features\Quicksand_500.npz,52,ok,
Quicksand_600,C:\Users\angel\OneDrive\Desktop\Kern\data\processed\features\Quicksand_600.npz,52,ok,
Quicksand_700,C:\Users\angel\OneDrive\Desktop\Kern\data\processed\features\Quicksand_700.npz,52,ok,
IBM_Plex_Sans_100,C:\Users\angel\OneDrive\Desktop\Kern\data\processed\features\IBM_Plex_Sans_100.npz,52,ok,
IBM_Plex_Sans_200,C:\Users\angel\OneDrive\Desktop\Kern\data\processed\features\IBM_Plex_Sans_200.npz,52,ok,
IBM_Plex_Sans_300,C:\Users\angel\OneDrive\Desktop\Kern\data\processed\features\IBM_Plex_Sans_300.npz,52,ok,
IBM_Plex_Sans_regular,C:\Users\angel\OneDrive\Desktop\Kern\data\processed\features\IBM_Plex_Sans_regular.npz,52,ok,
IBM_Plex_Sans_500,C:\Users\angel\OneDrive\Desktop\Kern\data\processed\features\IBM_Plex_Sans_500.npz,52,ok,
IBM_Plex_Sans_600,C:\Users\angel\OneDrive\Desktop\Kern\data\processed\features\IBM_Plex_Sans_600.npz,52,ok,
IBM_Plex_Sans_700,C:\Users\angel\OneDrive\Desktop\Kern\data\processed\features\IBM_Plex_Sans_700.npz,52,ok,
IBM_Plex_Sans_100italic,C:\Users\angel\OneDrive\Desktop\Kern\data\processed\features\IBM_Plex_Sans_100italic.npz,52,ok,
IBM_Plex_Sans_200italic,C:\Users\angel\OneDrive\Desktop\Kern\data\processed\features\IBM_Plex_Sans_200italic.npz,52,ok,
IBM_Plex_Sans_300italic,C:\Users\angel\OneDrive\Desktop\Kern\data\processed\features\IBM_Plex_Sans_300italic.npz,52,ok,
IBM_Plex_Sans_italic,C:\Users\angel\OneDrive\Desktop\Kern\data\processed\features\IBM_Plex_Sans_italic.npz,52,ok,
IBM_Plex_Sans_500italic,C:\Users\angel\OneDrive\Desktop\Kern\data\processed\features\IBM_Plex_Sans_500italic.npz,52,ok,
IBM_Plex_Sans_600italic,C:\Users\angel\OneDrive\Desktop\Kern\data\processed\features\IBM_Plex_Sans_600italic.npz,52,ok,
IBM_Plex_Sans_700italic,C:\Users\angel\OneDrive\Desktop\Kern\data\processed\features\IBM_Plex_Sans_700italic.npz,52,ok,
Jost_100,C:\Users\angel\OneDrive\Desktop\Kern\data\processed\features\Jost_100.npz,52,ok,
Jost_200,C:\Users\angel\OneDrive\Desktop\Kern\data\processed\features\Jost_200.npz,52,ok,
Jost_300,C:\Users\angel\OneDrive\Desktop\Kern\data\processed\features\Jost_300.npz,52,ok,
Jost_regular,C:\Users\angel\OneDrive\Desktop\Kern\data\processed\features\Jost_regular.npz,52,ok,
Jost_500,C:\Users\angel\OneDrive\Desktop\Kern\data\processed\features\Jost_500.npz,52,ok,
Jost_600,C:\Users\angel\OneDrive\Desktop\Kern\data\processed\features\Jost_600.npz,52,ok,
Jost_700,C:\Users\angel\OneDrive\Desktop\Kern\data\processed\features\Jost_700.npz,52,ok,
Jost_800,C:\Users\angel\OneDrive\Desktop\Kern\data\processed\features\Jost_800.npz,52,ok,
Jost_900,C:\Users\angel\OneDrive\Desktop\Kern\data\processed\features\Jost_900.npz,52,ok,
Jost_100italic,C:\Users\angel\OneDrive\Desktop\Kern\data\processed\features\Jost_100italic.npz,52,ok,
Jost_200italic,C:\Users\angel\OneDrive\Desktop\Kern\data\processed\features\Jost_200italic.npz,52,ok,
Jost_300italic,C:\Users\angel\OneDrive\Desktop\Kern\data\processed\features\Jost_300italic.npz,52,ok,
Jost_italic,C:\Users\angel\OneDrive\Desktop\Kern\data\processed\features\Jost_italic.npz,52,ok,
Jost_500italic,C:\Users\angel\OneDrive\Desktop\Kern\data\processed\features\Jost_500italic.npz,52,ok,
Jost_600italic,C:\Users\angel\OneDrive\Desktop\Kern\data\processed\features\Jost_600italic.npz,52,ok,
Jost_700italic,C:\Users\angel\OneDrive\Desktop\Kern\data\processed\features\Jost_700italic.npz,52,ok,
Jost_800italic,C:\Users\angel\OneDrive\Desktop\Kern\data\processed\features\Jost_800italic.npz,52,ok,
Jost_900italic,C:\Users\angel\OneDrive\Desktop\Kern\data\processed\features\Jost_900italic.npz,52,ok,
Karla_200,C:\Users\angel\OneDrive\Desktop\Kern\data\processed\features\Karla_200.npz,52,ok,
Karla_300,C:\Users\angel\OneDrive\Desktop\Kern\data\processed\features\Karla_300.npz,52,ok,
Karla_regular,C:\Users\angel\OneDrive\Desktop\Kern\data\processed\features\Karla_regular.npz,52,ok,
Karla_500,C:\Users\angel\OneDrive\Desktop\Kern\data\processed\features\Karla_500.npz,52,ok,
Karla_600,C:\Users\angel\OneDrive\Desktop\Kern\data\processed\features\Karla_600.npz,52,ok,
Karla_700,C:\Users\angel\OneDrive\Desktop\Kern\data\processed\features\Karla_700.npz,52,ok,
Karla_800,C:\Users\angel\OneDrive\Desktop\Kern\data\processed\features\Karla_800.npz,52,ok,
Karla_200italic,C:\Users\angel\OneDrive\Desktop\Kern\data\processed\features\Karla_200italic.npz,52,ok,
Karla_300italic,C:\Users\angel\OneDrive\Desktop\Kern\data\processed\features\Karla_300italic.npz,52,ok,
Karla_italic,C:\Users\angel\OneDrive\Desktop\Kern\data\processed\features\Karla_italic.npz,52,ok,
Karla_500italic,C:\Users\angel\OneDrive\Desktop\Kern\data\processed\features\Karla_500italic.npz,52,ok,
Karla_600italic,C:\Users\angel\OneDrive\Desktop\Kern\data\processed\features\Karla_600italic.npz,52,ok,
Karla_700italic,C:\Users\angel\OneDrive\Desktop\Kern\data\processed\features\Karla_700italic.npz,52,ok,
Karla_800italic,C:\Users\angel\OneDrive\Desktop\Kern\data\processed\features\Karla_800italic.npz,52,ok,
Fira_Sans_100,C:\Users\angel\OneDrive\Desktop\Kern\data\processed\features\Fira_Sans_100.npz,52,ok,
Fira_Sans_100italic,C:\Users\angel\OneDrive\Desktop\Kern\data\processed\features\Fira_Sans_100italic.npz,52,ok,
Fira_Sans_200,C:\Users\angel\OneDrive\Desktop\Kern\data\processed\features\Fira_Sans_200.npz,52,ok,
Fira_Sans_200italic,C:\Users\angel\OneDrive\Desktop\Kern\data\processed\features\Fira_Sans_200italic.npz,52,ok,
Fira_Sans_300,C:\Users\angel\OneDrive\Desktop\Kern\data\processed\features\Fira_Sans_300.npz,52,ok,
Fira_Sans_300italic,C:\Users\angel\OneDrive\Desktop\Kern\data\processed\features\Fira_Sans_300italic.npz,52,ok,
Fira_Sans_regular,C:\Users\angel\OneDrive\Desktop\Kern\data\processed\features\Fira_Sans_regular.npz,52,ok,
Fira_Sans_italic,C:\Users\angel\OneDrive\Desktop\Kern\data\processed\features\Fira_Sans_italic.npz,52,ok,
Fira_Sans_500,C:\Users\angel\OneDrive\Desktop\Kern\data\processed\features\Fira_Sans_500.npz,52,ok,
Fira_Sans_500italic,C:\Users\angel\OneDrive\Desktop\Kern\data\processed\features\Fira_Sans_500italic.npz,52,ok,
Fira_Sans_600,C:\Users\angel\OneDrive\Desktop\Kern\data\processed\features\Fira_Sans_600.npz,52,ok,
Fira_Sans_600italic,C:\Users\angel\OneDrive\Desktop\Kern\data\processed\features\Fira_Sans_600italic.npz,52,ok,
Fira_Sans_700,C:\Users\angel\OneDrive\Desktop\Kern\data\processed\features\Fira_Sans_700.npz,52,ok,
Fira_Sans_700italic,C:\Users\angel\OneDrive\Desktop\Kern\data\processed\features\Fira_Sans_700italic.npz,52,ok,
Fira_Sans_800,C:\Users\angel\OneDrive\Desktop\Kern\data\processed\features\Fira_Sans_800.npz,52,ok,
Fira_Sans_800italic,C:\Users\angel\OneDrive\Desktop\Kern\data\processed\features\Fira_Sans_800italic.npz,52,ok,
Fira_Sans_900,C:\Users\angel\OneDrive\Desktop\Kern\data\processed\features\Fira_Sans_900.npz,52,ok,
Fira_Sans_900italic,C:\Users\angel\OneDrive\Desktop\Kern\data\processed\features\Fira_Sans_900italic.npz,52,ok,
Archivo_100,C:\Users\angel\OneDrive\Desktop\Kern\data\processed\features\Archivo_100.npz,52,ok,
Archivo_200,C:\Users\angel\OneDrive\Desktop\Kern\data\processed\features\Archivo_200.npz,52,ok,
Archivo_300,C:\Users\angel\OneDrive\Desktop\Kern\data\processed\features\Archivo_300.npz,52,ok,
Archivo_regular,C:\Users\angel\OneDrive\Desktop\Kern\data\processed\features\Archivo_regular.npz,52,ok,
Archivo_500,C:\Users\angel\OneDrive\Desktop\Kern\data\processed\features\Archivo_500.npz,52,ok,
Archivo_600,C:\Users\angel\OneDrive\Desktop\Kern\data\processed\features\Archivo_600.npz,52,ok,
Archivo_700,C:\Users\angel\OneDrive\Desktop\Kern\data\processed\features\Archivo_700.npz,52,ok,
Archivo_800,C:\Users\angel\OneDrive\Desktop\Kern\data\processed\features\Archivo_800.npz,52,ok,
Archivo_900,C:\Users\angel\OneDrive\Desktop\Kern\data\processed\features\Archivo_900.npz,52,ok,
Archivo_100italic,C:\Users\angel\OneDrive\Desktop\Kern\data\processed\features\Archivo_100italic.npz,52,ok,
Archivo_200italic,C:\Users\angel\OneDrive\Desktop\Kern\data\processed\features\Archivo_200italic.npz,52,ok,
Archivo_300italic,C:\Users\angel\OneDrive\Desktop\Kern\data\processed\features\Archivo_300italic.npz,52,ok,
Archivo_italic,C:\Users\angel\OneDrive\Desktop\Kern\data\processed\features\Archivo_italic.npz,52,ok,
Archivo_500italic,C:\Users\angel\OneDrive\Desktop\Kern\data\processed\features\Archivo_500italic.npz,52,ok,
Archivo_600italic,C:\Users\angel\OneDrive\Desktop\Kern\data\processed\features\Archivo_600italic.npz,52,ok,
Archivo_700italic,C:\Users\angel\OneDrive\Desktop\Kern\data\processed\features\Archivo_700italic.npz,52,ok,
Archivo_800italic,C:\Users\angel\OneDrive\Desktop\Kern\data\processed\features\Archivo_800italic.npz,52,ok,
Archivo_900italic,C:\Users\angel\OneDrive\Desktop\Kern\data\processed\features\Archivo_900italic.npz,52,ok,
Noto_Serif_100,C:\Users\angel\OneDrive\Desktop\Kern\data\processed\features\Noto_Serif_100.npz,52,ok,
Noto_Serif_200,C:\Users\angel\OneDrive\Desktop\Kern\data\processed\features\Noto_Serif_200.npz,52,ok,
Noto_Serif_300,C:\Users\angel\OneDrive\Desktop\Kern\data\processed\features\Noto_Serif_300.npz,52,ok,
Noto_Serif_regular,C:\Users\angel\OneDrive\Desktop\Kern\data\processed\features\Noto_Serif_regular.npz,52,ok,
Noto_Serif_500,C:\Users\angel\OneDrive\Desktop\Kern\data\processed\features\Noto_Serif_500.npz,52,ok,
Noto_Serif_600,C:\Users\angel\OneDrive\Desktop\Kern\data\processed\features\Noto_Serif_600.npz,52,ok,
Noto_Serif_700,C:\Users\angel\OneDrive\Desktop\Kern\data\processed\features\Noto_Serif_700.npz,52,ok,
Noto_Serif_800,C:\Users\angel\OneDrive\Desktop\Kern\data\processed\features\Noto_Serif_800.npz,52,ok,
Noto_Serif_900,C:\Users\angel\OneDrive\Desktop\Kern\data\processed\features\Noto_Serif_900.npz,52,ok,
Noto_Serif_100italic,C:\Users\angel\OneDrive\Desktop\Kern\data\processed\features\Noto_Serif_100italic.npz,52,ok,
Noto_Serif_200italic,C:\Users\angel\OneDrive\Desktop\Kern\data\processed\features\Noto_Serif_200italic.npz,52,ok,
Noto_Serif_300italic,C:\Users\angel\OneDrive\Desktop\Kern\data\processed\features\Noto_Serif_300italic.npz,52,ok,
Noto_Serif_italic,C:\Users\angel\OneDrive\Desktop\Kern\data\processed\features\Noto_Serif_italic.npz,52,ok,
Noto_Serif_500italic,C:\Users\angel\OneDrive\Desktop\Kern\data\processed\features\Noto_Serif_500italic.npz,52,ok,
Noto_Serif_600italic,C:\Users\angel\OneDrive\Desktop\Kern\data\processed\features\Noto_Serif_600italic.npz,52,ok,
Noto_Serif_700italic,C:\Users\angel\OneDrive\Desktop\Kern\data\processed\features\Noto_Serif_700italic.npz,52,ok,
Noto_Serif_800italic,C:\Users\angel\OneDrive\Desktop\Kern\data\processed\features\Noto_Serif_800italic.npz,52,ok,
Noto_Serif_900italic,C:\Users\angel\OneDrive\Desktop\Kern\data\processed\features\Noto_Serif_900italic.npz,52,ok,
Heebo_100,C:\Users\angel\OneDrive\Desktop\Kern\data\processed\features\Heebo_100.npz,52,ok,
Heebo_200,C:\Users\angel\OneDrive\Desktop\Kern\data\processed\features\Heebo_200.npz,52,ok,
Heebo_300,C:\Users\angel\OneDrive\Desktop\Kern\data\processed\features\Heebo_300.npz,52,ok,
Heebo_regular,C:\Users\angel\OneDrive\Desktop\Kern\data\processed\features\Heebo_regular.npz,52,ok,
Heebo_500,C:\Users\angel\OneDrive\Desktop\Kern\data\processed\features\Heebo_500.npz,52,ok,
Heebo_600,C:\Users\angel\OneDrive\Desktop\Kern\data\processed\features\Heebo_600.npz,52,ok,
Heebo_700,C:\Users\angel\OneDrive\Desktop\Kern\data\processed\features\Heebo_700.npz,52,ok,
Heebo_800,C:\Users\angel\OneDrive\Desktop\Kern\data\processed\features\Heebo_800.npz,52,ok,
Heebo_900,C:\Users\angel\OneDrive\Desktop\Kern\data\processed\features\Heebo_900.npz,52,ok,
Space_Grotesk_300,C:\Users\angel\OneDrive\Desktop\Kern\data\processed\features\Space_Grotesk_300.npz,52,ok,
Space_Grotesk_regular,C:\Users\angel\OneDrive\Desktop\Kern\data\processed\features\Space_Grotesk_regular.npz,52,ok,
Space_Grotesk_500,C:\Users\angel\OneDrive\Desktop\Kern\data\processed\features\Space_Grotesk_500.npz,52,ok,
Space_Grotesk_600,C:\Users\angel\OneDrive\Desktop\Kern\data\processed\features\Space_Grotesk_600.npz,52,ok,
Space_Grotesk_700,C:\Users\angel\OneDrive\Desktop\Kern\data\processed\features\Space_Grotesk_700.npz,52,ok,
Titillium_Web_200,C:\Users\angel\OneDrive\Desktop\Kern\data\processed\features\Titillium_Web_200.npz,52,ok,
Titillium_Web_200italic,C:\Users\angel\OneDrive\Desktop\Kern\data\processed\features\Titillium_Web_200italic.npz,52,ok,
Titillium_Web_300,C:\Users\angel\OneDrive\Desktop\Kern\data\processed\features\Titillium_Web_300.npz,52,ok,
Titillium_Web_300italic,C:\Users\angel\OneDrive\Desktop\Kern\data\processed\features\Titillium_Web_300italic.npz,52,ok,
Titillium_Web_regular,C:\Users\angel\OneDrive\Desktop\Kern\data\processed\features\Titillium_Web_regular.npz,52,ok,
Titillium_Web_italic,C:\Users\angel\OneDrive\Desktop\Kern\data\processed\features\Titillium_Web_italic.npz,52,ok,
Titillium_Web_600,C:\Users\angel\OneDrive\Desktop\Kern\data\processed\features\Titillium_Web_600.npz,52,ok,
Titillium_Web_600italic,C:\Users\angel\OneDrive\Desktop\Kern\data\processed\features\Titillium_Web_600italic.npz,52,ok,
Titillium_Web_700,C:\Users\angel\OneDrive\Desktop\Kern\data\processed\features\Titillium_Web_700.npz,52,ok,
Titillium_Web_700italic,C:\Users\angel\OneDrive\Desktop\Kern\data\processed\features\Titillium_Web_700italic.npz,52,ok,
Titillium_Web_900,C:\Users\angel\OneDrive\Desktop\Kern\data\processed\features\Titillium_Web_900.npz,52,ok,
Changa_One_regular,C:\Users\angel\OneDrive\Desktop\Kern\data\processed\features\Changa_One_regular.npz,52,ok,
Changa_One_italic,C:\Users\angel\OneDrive\Desktop\Kern\data\processed\features\Changa_One_italic.npz,52,ok,
PT_Serif_regular,C:\Users\angel\OneDrive\Desktop\Kern\data\processed\features\PT_Serif_regular.npz,52,ok,
PT_Serif_italic,C:\Users\angel\OneDrive\Desktop\Kern\data\processed\features\PT_Serif_italic.npz,52,ok,
PT_Serif_700,C:\Users\angel\OneDrive\Desktop\Kern\data\processed\features\PT_Serif_700.npz,52,ok,
PT_Serif_700italic,C:\Users\angel\OneDrive\Desktop\Kern\data\processed\features\PT_Serif_700italic.npz,52,ok,
Noto_Color_Emoji_regular,C:\Users\angel\OneDrive\Desktop\Kern\data\processed\features\Noto_Color_Emoji_regular.npz,52,ok,
Fjalla_One_regular,C:\Users\angel\OneDrive\Desktop\Kern\data\processed\features\Fjalla_One_regular.npz,52,ok,
Dancing_Script_regular,C:\Users\angel\OneDrive\Desktop\Kern\data\processed\features\Dancing_Script_regular.npz,52,ok,
Dancing_Script_500,C:\Users\angel\OneDrive\Desktop\Kern\data\processed\features\Dancing_Script_500.npz,52,ok,
Dancing_Script_600,C:\Users\angel\OneDrive\Desktop\Kern\data\processed\features\Dancing_Script_600.npz,52,ok,
Dancing_Script_700,C:\Users\angel\OneDrive\Desktop\Kern\data\processed\features\Dancing_Script_700.npz,52,ok,
Libre_Baskerville_regular,C:\Users\angel\OneDrive\Desktop\Kern\data\processed\features\Libre_Baskerville_regular.npz,52,ok,
Libre_Baskerville_500,C:\Users\angel\OneDrive\Desktop\Kern\data\processed\features\Libre_Baskerville_500.npz,52,ok,
Libre_Baskerville_600,C:\Users\angel\OneDrive\Desktop\Kern\data\processed\features\Libre_Baskerville_600.npz,52,ok,
Libre_Baskerville_700,C:\Users\angel\OneDrive\Desktop\Kern\data\processed\features\Libre_Baskerville_700.npz,52,ok,
Libre_Baskerville_italic,C:\Users\angel\OneDrive\Desktop\Kern\data\processed\features\Libre_Baskerville_italic.npz,52,ok,
Libre_Baskerville_500italic,C:\Users\angel\OneDrive\Desktop\Kern\data\processed\features\Libre_Baskerville_500italic.npz,52,ok,
Libre_Baskerville_600italic,C:\Users\angel\OneDrive\Desktop\Kern\data\processed\features\Libre_Baskerville_600italic.npz,52,ok,
Libre_Baskerville_700italic,C:\Users\angel\OneDrive\Desktop\Kern\data\processed\features\Libre_Baskerville_700italic.npz,52,ok,
Noto_Sans_SC_100,C:\Users\angel\OneDrive\Desktop\Kern\data\processed\features\Noto_Sans_SC_100.npz,52,ok,
Noto_Sans_SC_200,C:\Users\angel\OneDrive\Desktop\Kern\data\processed\features\Noto_Sans_SC_200.npz,52,ok,
Noto_Sans_SC_300,C:\Users\angel\OneDrive\Desktop\Kern\data\processed\features\Noto_Sans_SC_300.npz,52,ok,
Noto_Sans_SC_regular,C:\Users\angel\OneDrive\Desktop\Kern\data\processed\features\Noto_Sans_SC_regular.npz,52,ok,
Noto_Sans_SC_500,C:\Users\angel\OneDrive\Desktop\Kern\data\processed\features\Noto_Sans_SC_500.npz,52,ok,
Noto_Sans_SC_600,C:\Users\angel\OneDrive\Desktop\Kern\data\processed\features\Noto_Sans_SC_600.npz,52,ok,
Noto_Sans_SC_700,C:\Users\angel\OneDrive\Desktop\Kern\data\processed\features\Noto_Sans_SC_700.npz,52,ok,
Noto_Sans_SC_800,C:\Users\angel\OneDrive\Desktop\Kern\data\processed\features\Noto_Sans_SC_800.npz,52,ok,
Noto_Sans_SC_900,C:\Users\angel\OneDrive\Desktop\Kern\data\processed\features\Noto_Sans_SC_900.npz,52,ok,
Lobster_Two_regular,C:\Users\angel\OneDrive\Desktop\Kern\data\processed\features\Lobster_Two_regular.npz,52,ok,
Lobster_Two_italic,C:\Users\angel\OneDrive\Desktop\Kern\data\processed\features\Lobster_Two_italic.npz,52,ok,
Lobster_Two_700,C:\Users\angel\OneDrive\Desktop\Kern\data\processed\features\Lobster_Two_700.npz,52,ok,
Lobster_Two_700italic,C:\Users\angel\OneDrive\Desktop\Kern\data\processed\features\Lobster_Two_700italic.npz,52,ok,
Libre_Franklin_100,C:\Users\angel\OneDrive\Desktop\Kern\data\processed\features\Libre_Franklin_100.npz,52,ok,
Libre_Franklin_200,C:\Users\angel\OneDrive\Desktop\Kern\data\processed\features\Libre_Franklin_200.npz,52,ok,
Libre_Franklin_300,C:\Users\angel\OneDrive\Desktop\Kern\data\processed\features\Libre_Franklin_300.npz,52,ok,
Libre_Franklin_regular,C:\Users\angel\OneDrive\Desktop\Kern\data\processed\features\Libre_Franklin_regular.npz,52,ok,
Libre_Franklin_500,C:\Users\angel\OneDrive\Desktop\Kern\data\processed\features\Libre_Franklin_500.npz,52,ok,
Libre_Franklin_600,C:\Users\angel\OneDrive\Desktop\Kern\data\processed\features\Libre_Franklin_600.npz,52,ok,
Libre_Franklin_700,C:\Users\angel\OneDrive\Desktop\Kern\data\processed\features\Libre_Franklin_700.npz,52,ok,
Libre_Franklin_800,C:\Users\angel\OneDrive\Desktop\Kern\data\processed\features\Libre_Franklin_800.npz,52,ok,
Libre_Franklin_900,C:\Users\angel\OneDrive\Desktop\Kern\data\processed\features\Libre_Franklin_900.npz,52,ok,
Libre_Franklin_100italic,C:\Users\angel\OneDrive\Desktop\Kern\data\processed\features\Libre_Franklin_100italic.npz,52,ok,
Libre_Franklin_200italic,C:\Users\angel\OneDrive\Desktop\Kern\data\processed\features\Libre_Franklin_200italic.npz,52,ok,
Libre_Franklin_300italic,C:\Users\angel\OneDrive\Desktop\Kern\data\processed\features\Libre_Franklin_300italic.npz,52,ok,
Libre_Franklin_italic,C:\Users\angel\OneDrive\Desktop\Kern\data\processed\features\Libre_Franklin_italic.npz,52,ok,
Libre_Franklin_500italic,C:\Users\angel\OneDrive\Desktop\Kern\data\processed\features\Libre_Franklin_500italic.npz,52,ok,
Libre_Franklin_600italic,C:\Users\angel\OneDrive\Desktop\Kern\data\processed\features\Libre_Franklin_600italic.npz,52,ok,
Libre_Franklin_700italic,C:\Users\angel\OneDrive\Desktop\Kern\data\processed\features\Libre_Franklin_700italic.npz,52,ok,
Libre_Franklin_800italic,C:\Users\angel\OneDrive\Desktop\Kern\data\processed\features\Libre_Franklin_800italic.npz,52,ok,
Libre_Franklin_900italic,C:\Users\angel\OneDrive\Desktop\Kern\data\processed\features\Libre_Franklin_900italic.npz,52,ok,
Barlow_Condensed_100,C:\Users\angel\OneDrive\Desktop\Kern\data\processed\features\Barlow_Condensed_100.npz,52,ok,
Barlow_Condensed_100italic,C:\Users\angel\OneDrive\Desktop\Kern\data\processed\features\Barlow_Condensed_100italic.npz,52,ok,
Barlow_Condensed_200,C:\Users\angel\OneDrive\Desktop\Kern\data\processed\features\Barlow_Condensed_200.npz,52,ok,
Barlow_Condensed_200italic,C:\Users\angel\OneDrive\Desktop\Kern\data\processed\features\Barlow_Condensed_200italic.npz,52,ok,
Barlow_Condensed_300,C:\Users\angel\OneDrive\Desktop\Kern\data\processed\features\Barlow_Condensed_300.npz,52,ok,
Barlow_Condensed_300italic,C:\Users\angel\OneDrive\Desktop\Kern\data\processed\features\Barlow_Condensed_300italic.npz,52,ok,
Barlow_Condensed_regular,C:\Users\angel\OneDrive\Desktop\Kern\data\processed\features\Barlow_Condensed_regular.npz,52,ok,
Barlow_Condensed_italic,C:\Users\angel\OneDrive\Desktop\Kern\data\processed\features\Barlow_Condensed_italic.npz,52,ok,
Barlow_Condensed_500,C:\Users\angel\OneDrive\Desktop\Kern\data\processed\features\Barlow_Condensed_500.npz,52,ok,
Barlow_Condensed_500italic,C:\Users\angel\OneDrive\Desktop\Kern\data\processed\features\Barlow_Condensed_500italic.npz,52,ok,
Barlow_Condensed_600,C:\Users\angel\OneDrive\Desktop\Kern\data\processed\features\Barlow_Condensed_600.npz,52,ok,
Barlow_Condensed_600italic,C:\Users\angel\OneDrive\Desktop\Kern\data\processed\features\Barlow_Condensed_600italic.npz,52,ok,
Barlow_Condensed_700,C:\Users\angel\OneDrive\Desktop\Kern\data\processed\features\Barlow_Condensed_700.npz,52,ok,
Barlow_Condensed_700italic,C:\Users\angel\OneDrive\Desktop\Kern\data\processed\features\Barlow_Condensed_700italic.npz,52,ok,
Barlow_Condensed_800,C:\Users\angel\OneDrive\Desktop\Kern\data\processed\features\Barlow_Condensed_800.npz,52,ok,
Barlow_Condensed_800italic,C:\Users\angel\OneDrive\Desktop\Kern\data\processed\features\Barlow_Condensed_800italic.npz,52,ok,
Barlow_Condensed_900,C:\Users\angel\OneDrive\Desktop\Kern\data\processed\features\Barlow_Condensed_900.npz,52,ok,
Barlow_Condensed_900italic,C:\Users\angel\OneDrive\Desktop\Kern\data\processed\features\Barlow_Condensed_900italic.npz,52,ok,
Cormorant_Garamond_300,C:\Users\angel\OneDrive\Desktop\Kern\data\processed\features\Cormorant_Garamond_300.npz,52,ok,
Cormorant_Garamond_regular,C:\Users\angel\OneDrive\Desktop\Kern\data\processed\features\Cormorant_Garamond_regular.npz,52,ok,
Cormorant_Garamond_500,C:\Users\angel\OneDrive\Desktop\Kern\data\processed\features\Cormorant_Garamond_500.npz,52,ok,
Cormorant_Garamond_600,C:\Users\angel\OneDrive\Desktop\Kern\data\processed\features\Cormorant_Garamond_600.npz,52,ok,
Cormorant_Garamond_700,C:\Users\angel\OneDrive\Desktop\Kern\data\processed\features\Cormorant_Garamond_700.npz,52,ok,
Cormorant_Garamond_300italic,C:\Users\angel\OneDrive\Desktop\Kern\data\processed\features\Cormorant_Garamond_300italic.npz,52,ok,
Cormorant_Garamond_italic,C:\Users\angel\OneDrive\Desktop\Kern\data\processed\features\Cormorant_Garamond_italic.npz,52,ok,
Cormorant_Garamond_500italic,C:\Users\angel\OneDrive\Desktop\Kern\data\processed\features\Cormorant_Garamond_500italic.npz,52,ok,
Cormorant_Garamond_600italic,C:\Users\angel\OneDrive\Desktop\Kern\data\processed\features\Cormorant_Garamond_600italic.npz,52,ok,
Cormorant_Garamond_700italic,C:\Users\angel\OneDrive\Desktop\Kern\data\processed\features\Cormorant_Garamond_700italic.npz,52,ok,
Noto_Serif_JP_200,C:\Users\angel\OneDrive\Desktop\Kern\data\processed\features\Noto_Serif_JP_200.npz,52,ok,
Noto_Serif_JP_300,C:\Users\angel\OneDrive\Desktop\Kern\data\processed\features\Noto_Serif_JP_300.npz,52,ok,
Noto_Serif_JP_regular,C:\Users\angel\OneDrive\Desktop\Kern\data\processed\features\Noto_Serif_JP_regular.npz,52,ok,
Noto_Serif_JP_500,C:\Users\angel\OneDrive\Desktop\Kern\data\processed\features\Noto_Serif_JP_500.npz,52,ok,
Noto_Serif_JP_600,C:\Users\angel\OneDrive\Desktop\Kern\data\processed\features\Noto_Serif_JP_600.npz,52,ok,
Noto_Serif_JP_700,C:\Users\angel\OneDrive\Desktop\Kern\data\processed\features\Noto_Serif_JP_700.npz,52,ok,
Noto_Serif_JP_800,C:\Users\angel\OneDrive\Desktop\Kern\data\processed\features\Noto_Serif_JP_800.npz,52,ok,
Noto_Serif_JP_900,C:\Users\angel\OneDrive\Desktop\Kern\data\processed\features\Noto_Serif_JP_900.npz,52,ok,
Public_Sans_100,C:\Users\angel\OneDrive\Desktop\Kern\data\processed\features\Public_Sans_100.npz,52,ok,
Public_Sans_200,C:\Users\angel\OneDrive\Desktop\Kern\data\processed\features\Public_Sans_200.npz,52,ok,
Public_Sans_300,C:\Users\angel\OneDrive\Desktop\Kern\data\processed\features\Public_Sans_300.npz,52,ok,
Public_Sans_regular,C:\Users\angel\OneDrive\Desktop\Kern\data\processed\features\Public_Sans_regular.npz,52,ok,
Public_Sans_500,C:\Users\angel\OneDrive\Desktop\Kern\data\processed\features\Public_Sans_500.npz,52,ok,
Public_Sans_600,C:\Users\angel\OneDrive\Desktop\Kern\data\processed\features\Public_Sans_600.npz,52,ok,
Public_Sans_700,C:\Users\angel\OneDrive\Desktop\Kern\data\processed\features\Public_Sans_700.npz,52,ok,
Public_Sans_800,C:\Users\angel\OneDrive\Desktop\Kern\data\processed\features\Public_Sans_800.npz,52,ok,
Public_Sans_900,C:\Users\angel\OneDrive\Desktop\Kern\data\processed\features\Public_Sans_900.npz,52,ok,
Public_Sans_100italic,C:\Users\angel\OneDrive\Desktop\Kern\data\processed\features\Public_Sans_100italic.npz,52,ok,
Public_Sans_200italic,C:\Users\angel\OneDrive\Desktop\Kern\data\processed\features\Public_Sans_200italic.npz,52,ok,
Public_Sans_300italic,C:\Users\angel\OneDrive\Desktop\Kern\data\processed\features\Public_Sans_300italic.npz,52,ok,
Public_Sans_italic,C:\Users\angel\OneDrive\Desktop\Kern\data\processed\features\Public_Sans_italic.npz,52,ok,
Public_Sans_500italic,C:\Users\angel\OneDrive\Desktop\Kern\data\processed\features\Public_Sans_500italic.npz,52,ok,
Public_Sans_600italic,C:\Users\angel\OneDrive\Desktop\Kern\data\processed\features\Public_Sans_600italic.npz,52,ok,
Public_Sans_700italic,C:\Users\angel\OneDrive\Desktop\Kern\data\processed\features\Public_Sans_700italic.npz,52,ok,
Public_Sans_800italic,C:\Users\angel\OneDrive\Desktop\Kern\data\processed\features\Public_Sans_800italic.npz,52,ok,
Public_Sans_900italic,C:\Users\angel\OneDrive\Desktop\Kern\data\processed\features\Public_Sans_900italic.npz,52,ok,
Anton_regular,C:\Users\angel\OneDrive\Desktop\Kern\data\processed\features\Anton_regular.npz,52,ok,
Josefin_Sans_100,C:\Users\angel\OneDrive\Desktop\Kern\data\processed\features\Josefin_Sans_100.npz,52,ok,
Josefin_Sans_200,C:\Users\angel\OneDrive\Desktop\Kern\data\processed\features\Josefin_Sans_200.npz,52,ok,
Josefin_Sans_300,C:\Users\angel\OneDrive\Desktop\Kern\data\processed\features\Josefin_Sans_300.npz,52,ok,
Josefin_Sans_regular,C:\Users\angel\OneDrive\Desktop\Kern\data\processed\features\Josefin_Sans_regular.npz,52,ok,
Josefin_Sans_500,C:\Users\angel\OneDrive\Desktop\Kern\data\processed\features\Josefin_Sans_500.npz,52,ok,
Josefin_Sans_600,C:\Users\angel\OneDrive\Desktop\Kern\data\processed\features\Josefin_Sans_600.npz,52,ok,
Josefin_Sans_700,C:\Users\angel\OneDrive\Desktop\Kern\data\processed\features\Josefin_Sans_700.npz,52,ok,
Josefin_Sans_100italic,C:\Users\angel\OneDrive\Desktop\Kern\data\processed\features\Josefin_Sans_100italic.npz,52,ok,
Josefin_Sans_200italic,C:\Users\angel\OneDrive\Desktop\Kern\data\processed\features\Josefin_Sans_200italic.npz,52,ok,
Josefin_Sans_300italic,C:\Users\angel\OneDrive\Desktop\Kern\data\processed\features\Josefin_Sans_300italic.npz,52,ok,
Josefin_Sans_italic,C:\Users\angel\OneDrive\Desktop\Kern\data\processed\features\Josefin_Sans_italic.npz,52,ok,
Josefin_Sans_500italic,C:\Users\angel\OneDrive\Desktop\Kern\data\processed\features\Josefin_Sans_500italic.npz,52,ok,
Josefin_Sans_600italic,C:\Users\angel\OneDrive\Desktop\Kern\data\processed\features\Josefin_Sans_600italic.npz,52,ok,
Josefin_Sans_700italic,C:\Users\angel\OneDrive\Desktop\Kern\data\processed\features\Josefin_Sans_700italic.npz,52,ok,
EB_Garamond_regular,C:\Users\angel\OneDrive\Desktop\Kern\data\processed\features\EB_Garamond_regular.npz,52,ok,
EB_Garamond_500,C:\Users\angel\OneDrive\Desktop\Kern\data\processed\features\EB_Garamond_500.npz,52,ok,
EB_Garamond_600,C:\Users\angel\OneDrive\Desktop\Kern\data\processed\features\EB_Garamond_600.npz,52,ok,
EB_Garamond_700,C:\Users\angel\OneDrive\Desktop\Kern\data\processed\features\EB_Garamond_700.npz,52,ok,
EB_Garamond_800,C:\Users\angel\OneDrive\Desktop\Kern\data\processed\features\EB_Garamond_800.npz,52,ok,
EB_Garamond_italic,C:\Users\angel\OneDrive\Desktop\Kern\data\processed\features\EB_Garamond_italic.npz,52,ok,
EB_Garamond_500italic,C:\Users\angel\OneDrive\Desktop\Kern\data\processed\features\EB_Garamond_500italic.npz,52,ok,
EB_Garamond_600italic,C:\Users\angel\OneDrive\Desktop\Kern\data\processed\features\EB_Garamond_600italic.npz,52,ok,
EB_Garamond_700italic,C:\Users\angel\OneDrive\Desktop\Kern\data\processed\features\EB_Garamond_700italic.npz,52,ok,
EB_Garamond_800italic,C:\Users\angel\OneDrive\Desktop\Kern\data\processed\features\EB_Garamond_800italic.npz,52,ok,
Sora_100,C:\Users\angel\OneDrive\Desktop\Kern\data\processed\features\Sora_100.npz,52,ok,
Sora_200,C:\Users\angel\OneDrive\Desktop\Kern\data\processed\features\Sora_200.npz,52,ok,
Sora_300,C:\Users\angel\OneDrive\Desktop\Kern\data\processed\features\Sora_300.npz,52,ok,
Sora_regular,C:\Users\angel\OneDrive\Desktop\Kern\data\processed\features\Sora_regular.npz,52,ok,
Sora_500,C:\Users\angel\OneDrive\Desktop\Kern\data\processed\features\Sora_500.npz,52,ok,
Sora_600,C:\Users\angel\OneDrive\Desktop\Kern\data\processed\features\Sora_600.npz,52,ok,
Sora_700,C:\Users\angel\OneDrive\Desktop\Kern\data\processed\features\Sora_700.npz,52,ok,
Sora_800,C:\Users\angel\OneDrive\Desktop\Kern\data\processed\features\Sora_800.npz,52,ok,
Nanum_Gothic_regular,C:\Users\angel\OneDrive\Desktop\Kern\data\processed\features\Nanum_Gothic_regular.npz,52,ok,
Nanum_Gothic_700,C:\Users\angel\OneDrive\Desktop\Kern\data\processed\features\Nanum_Gothic_700.npz,52,ok,
Nanum_Gothic_800,C:\Users\angel\OneDrive\Desktop\Kern\data\processed\features\Nanum_Gothic_800.npz,52,ok,
Alfa_Slab_One_regular,C:\Users\angel\OneDrive\Desktop\Kern\data\processed\features\Alfa_Slab_One_regular.npz,52,ok,
Assistant_200,C:\Users\angel\OneDrive\Desktop\Kern\data\processed\features\Assistant_200.npz,52,ok,
Assistant_300,C:\Users\angel\OneDrive\Desktop\Kern\data\processed\features\Assistant_300.npz,52,ok,
Assistant_regular,C:\Users\angel\OneDrive\Desktop\Kern\data\processed\features\Assistant_regular.npz,52,ok,
Assistant_500,C:\Users\angel\OneDrive\Desktop\Kern\data\processed\features\Assistant_500.npz,52,ok,
Assistant_600,C:\Users\angel\OneDrive\Desktop\Kern\data\processed\features\Assistant_600.npz,52,ok,
Assistant_700,C:\Users\angel\OneDrive\Desktop\Kern\data\processed\features\Assistant_700.npz,52,ok,
Assistant_800,C:\Users\angel\OneDrive\Desktop\Kern\data\processed\features\Assistant_800.npz,52,ok,
Cairo_200,C:\Users\angel\OneDrive\Desktop\Kern\data\processed\features\Cairo_200.npz,52,ok,
Cairo_300,C:\Users\angel\OneDrive\Desktop\Kern\data\processed\features\Cairo_300.npz,52,ok,
Cairo_regular,C:\Users\angel\OneDrive\Desktop\Kern\data\processed\features\Cairo_regular.npz,52,ok,
Cairo_500,C:\Users\angel\OneDrive\Desktop\Kern\data\processed\features\Cairo_500.npz,52,ok,
Cairo_600,C:\Users\angel\OneDrive\Desktop\Kern\data\processed\features\Cairo_600.npz,52,ok,
Cairo_700,C:\Users\angel\OneDrive\Desktop\Kern\data\processed\features\Cairo_700.npz,52,ok,
Cairo_800,C:\Users\angel\OneDrive\Desktop\Kern\data\processed\features\Cairo_800.npz,52,ok,
Cairo_900,C:\Users\angel\OneDrive\Desktop\Kern\data\processed\features\Cairo_900.npz,52,ok,
Inter_Tight_100,C:\Users\angel\OneDrive\Desktop\Kern\data\processed\features\Inter_Tight_100.npz,52,ok,
Inter_Tight_200,C:\Users\angel\OneDrive\Desktop\Kern\data\processed\features\Inter_Tight_200.npz,52,ok,
Inter_Tight_300,C:\Users\angel\OneDrive\Desktop\Kern\data\processed\features\Inter_Tight_300.npz,52,ok,
Inter_Tight_regular,C:\Users\angel\OneDrive\Desktop\Kern\data\processed\features\Inter_Tight_regular.npz,52,ok,
Inter_Tight_500,C:\Users\angel\OneDrive\Desktop\Kern\data\processed\features\Inter_Tight_500.npz,52,ok,
Inter_Tight_600,C:\Users\angel\OneDrive\Desktop\Kern\data\processed\features\Inter_Tight_600.npz,52,ok,
Inter_Tight_700,C:\Users\angel\OneDrive\Desktop\Kern\data\processed\features\Inter_Tight_700.npz,52,ok,
Inter_Tight_800,C:\Users\angel\OneDrive\Desktop\Kern\data\processed\features\Inter_Tight_800.npz,52,ok,
Inter_Tight_900,C:\Users\angel\OneDrive\Desktop\Kern\data\processed\features\Inter_Tight_900.npz,52,ok,
Inter_Tight_100italic,C:\Users\angel\OneDrive\Desktop\Kern\data\processed\features\Inter_Tight_100italic.npz,52,ok,
Inter_Tight_200italic,C:\Users\angel\OneDrive\Desktop\Kern\data\processed\features\Inter_Tight_200italic.npz,52,ok,
Inter_Tight_300italic,C:\Users\angel\OneDrive\Desktop\Kern\data\processed\features\Inter_Tight_300italic.npz,52,ok,
Inter_Tight_italic,C:\Users\angel\OneDrive\Desktop\Kern\data\processed\features\Inter_Tight_italic.npz,52,ok,
Inter_Tight_500italic,C:\Users\angel\OneDrive\Desktop\Kern\data\processed\features\Inter_Tight_500italic.npz,52,ok,
Inter_Tight_600italic,C:\Users\angel\OneDrive\Desktop\Kern\data\processed\features\Inter_Tight_600italic.npz,52,ok,
Inter_Tight_700italic,C:\Users\angel\OneDrive\Desktop\Kern\data\processed\features\Inter_Tight_700italic.npz,52,ok,
Inter_Tight_800italic,C:\Users\angel\OneDrive\Desktop\Kern\data\processed\features\Inter_Tight_800italic.npz,52,ok,
Inter_Tight_900italic,C:\Users\angel\OneDrive\Desktop\Kern\data\processed\features\Inter_Tight_900italic.npz,52,ok,
Schibsted_Grotesk_regular,C:\Users\angel\OneDrive\Desktop\Kern\data\processed\features\Schibsted_Grotesk_regular.npz,52,ok,
Schibsted_Grotesk_500,C:\Users\angel\OneDrive\Desktop\Kern\data\processed\features\Schibsted_Grotesk_500.npz,52,ok,
Schibsted_Grotesk_600,C:\Users\angel\OneDrive\Desktop\Kern\data\processed\features\Schibsted_Grotesk_600.npz,52,ok,
Schibsted_Grotesk_700,C:\Users\angel\OneDrive\Desktop\Kern\data\processed\features\Schibsted_Grotesk_700.npz,52,ok,
Schibsted_Grotesk_800,C:\Users\angel\OneDrive\Desktop\Kern\data\processed\features\Schibsted_Grotesk_800.npz,52,ok,
Schibsted_Grotesk_900,C:\Users\angel\OneDrive\Desktop\Kern\data\processed\features\Schibsted_Grotesk_900.npz,52,ok,
Schibsted_Grotesk_italic,C:\Users\angel\OneDrive\Desktop\Kern\data\processed\features\Schibsted_Grotesk_italic.npz,52,ok,
Schibsted_Grotesk_500italic,C:\Users\angel\OneDrive\Desktop\Kern\data\processed\features\Schibsted_Grotesk_500italic.npz,52,ok,
Schibsted_Grotesk_600italic,C:\Users\angel\OneDrive\Desktop\Kern\data\processed\features\Schibsted_Grotesk_600italic.npz,52,ok,
Schibsted_Grotesk_700italic,C:\Users\angel\OneDrive\Desktop\Kern\data\processed\features\Schibsted_Grotesk_700italic.npz,52,ok,
Schibsted_Grotesk_800italic,C:\Users\angel\OneDrive\Desktop\Kern\data\processed\features\Schibsted_Grotesk_800italic.npz,52,ok,
Schibsted_Grotesk_900italic,C:\Users\angel\OneDrive\Desktop\Kern\data\processed\features\Schibsted_Grotesk_900italic.npz,52,ok,
Lexend_100,C:\Users\angel\OneDrive\Desktop\Kern\data\processed\features\Lexend_100.npz,52,ok,
Lexend_200,C:\Users\angel\OneDrive\Desktop\Kern\data\processed\features\Lexend_200.npz,52,ok,
Lexend_300,C:\Users\angel\OneDrive\Desktop\Kern\data\processed\features\Lexend_300.npz,52,ok,
Lexend_regular,C:\Users\angel\OneDrive\Desktop\Kern\data\processed\features\Lexend_regular.npz,52,ok,
Lexend_500,C:\Users\angel\OneDrive\Desktop\Kern\data\processed\features\Lexend_500.npz,52,ok,
Lexend_600,C:\Users\angel\OneDrive\Desktop\Kern\data\processed\features\Lexend_600.npz,52,ok,
Lexend_700,C:\Users\angel\OneDrive\Desktop\Kern\data\processed\features\Lexend_700.npz,52,ok,
Lexend_800,C:\Users\angel\OneDrive\Desktop\Kern\data\processed\features\Lexend_800.npz,52,ok,
Lexend_900,C:\Users\angel\OneDrive\Desktop\Kern\data\processed\features\Lexend_900.npz,52,ok,
Instrument_Serif_regular,C:\Users\angel\OneDrive\Desktop\Kern\data\processed\features\Instrument_Serif_regular.npz,52,ok,
Instrument_Serif_italic,C:\Users\angel\OneDrive\Desktop\Kern\data\processed\features\Instrument_Serif_italic.npz,52,ok,
Roboto_Flex_regular,C:\Users\angel\OneDrive\Desktop\Kern\data\processed\features\Roboto_Flex_regular.npz,52,ok,
Noto_Sans_Telugu_100,C:\Users\angel\OneDrive\Desktop\Kern\data\processed\features\Noto_Sans_Telugu_100.npz,52,ok,
Noto_Sans_Telugu_200,C:\Users\angel\OneDrive\Desktop\Kern\data\processed\features\Noto_Sans_Telugu_200.npz,52,ok,
Noto_Sans_Telugu_300,C:\Users\angel\OneDrive\Desktop\Kern\data\processed\features\Noto_Sans_Telugu_300.npz,52,ok,
Noto_Sans_Telugu_regular,C:\Users\angel\OneDrive\Desktop\Kern\data\processed\features\Noto_Sans_Telugu_regular.npz,52,ok,
Noto_Sans_Telugu_500,C:\Users\angel\OneDrive\Desktop\Kern\data\processed\features\Noto_Sans_Telugu_500.npz,52,ok,
Noto_Sans_Telugu_600,C:\Users\angel\OneDrive\Desktop\Kern\data\processed\features\Noto_Sans_Telugu_600.npz,52,ok,
Noto_Sans_Telugu_700,C:\Users\angel\OneDrive\Desktop\Kern\data\processed\features\Noto_Sans_Telugu_700.npz,52,ok,
Noto_Sans_Telugu_800,C:\Users\angel\OneDrive\Desktop\Kern\data\processed\features\Noto_Sans_Telugu_800.npz,52,ok,
Noto_Sans_Telugu_900,C:\Users\angel\OneDrive\Desktop\Kern\data\processed\features\Noto_Sans_Telugu_900.npz,52,ok,
Bitter_100,C:\Users\angel\OneDrive\Desktop\Kern\data\processed\features\Bitter_100.npz,52,ok,
Bitter_200,C:\Users\angel\OneDrive\Desktop\Kern\data\processed\features\Bitter_200.npz,52,ok,
Bitter_300,C:\Users\angel\OneDrive\Desktop\Kern\data\processed\features\Bitter_300.npz,52,ok,
Bitter_regular,C:\Users\angel\OneDrive\Desktop\Kern\data\processed\features\Bitter_regular.npz,52,ok,
Bitter_500,C:\Users\angel\OneDrive\Desktop\Kern\data\processed\features\Bitter_500.npz,52,ok,
Bitter_600,C:\Users\angel\OneDrive\Desktop\Kern\data\processed\features\Bitter_600.npz,52,ok,
Bitter_700,C:\Users\angel\OneDrive\Desktop\Kern\data\processed\features\Bitter_700.npz,52,ok,
Bitter_800,C:\Users\angel\OneDrive\Desktop\Kern\data\processed\features\Bitter_800.npz,52,ok,
Bitter_900,C:\Users\angel\OneDrive\Desktop\Kern\data\processed\features\Bitter_900.npz,52,ok,
Bitter_100italic,C:\Users\angel\OneDrive\Desktop\Kern\data\processed\features\Bitter_100italic.npz,52,ok,
Bitter_200italic,C:\Users\angel\OneDrive\Desktop\Kern\data\processed\features\Bitter_200italic.npz,52,ok,
Bitter_300italic,C:\Users\angel\OneDrive\Desktop\Kern\data\processed\features\Bitter_300italic.npz,52,ok,
Bitter_italic,C:\Users\angel\OneDrive\Desktop\Kern\data\processed\features\Bitter_italic.npz,52,ok,
Bitter_500italic,C:\Users\angel\OneDrive\Desktop\Kern\data\processed\features\Bitter_500italic.npz,52,ok,
Bitter_600italic,C:\Users\angel\OneDrive\Desktop\Kern\data\processed\features\Bitter_600italic.npz,52,ok,
Bitter_700italic,C:\Users\angel\OneDrive\Desktop\Kern\data\processed\features\Bitter_700italic.npz,52,ok,
Bitter_800italic,C:\Users\angel\OneDrive\Desktop\Kern\data\processed\features\Bitter_800italic.npz,52,ok,
Bitter_900italic,C:\Users\angel\OneDrive\Desktop\Kern\data\processed\features\Bitter_900italic.npz,52,ok,
Dosis_200,C:\Users\angel\OneDrive\Desktop\Kern\data\processed\features\Dosis_200.npz,52,ok,
Dosis_300,C:\Users\angel\OneDrive\Desktop\Kern\data\processed\features\Dosis_300.npz,52,ok,
Dosis_regular,C:\Users\angel\OneDrive\Desktop\Kern\data\processed\features\Dosis_regular.npz,52,ok,
Dosis_500,C:\Users\angel\OneDrive\Desktop\Kern\data\processed\features\Dosis_500.npz,52,ok,
Dosis_600,C:\Users\angel\OneDrive\Desktop\Kern\data\processed\features\Dosis_600.npz,52,ok,
Dosis_700,C:\Users\angel\OneDrive\Desktop\Kern\data\processed\features\Dosis_700.npz,52,ok,
Dosis_800,C:\Users\angel\OneDrive\Desktop\Kern\data\processed\features\Dosis_800.npz,52,ok,
Red_Hat_Display_300,C:\Users\angel\OneDrive\Desktop\Kern\data\processed\features\Red_Hat_Display_300.npz,52,ok,
Red_Hat_Display_regular,C:\Users\angel\OneDrive\Desktop\Kern\data\processed\features\Red_Hat_Display_regular.npz,52,ok,
Red_Hat_Display_500,C:\Users\angel\OneDrive\Desktop\Kern\data\processed\features\Red_Hat_Display_500.npz,52,ok,
Red_Hat_Display_600,C:\Users\angel\OneDrive\Desktop\Kern\data\processed\features\Red_Hat_Display_600.npz,52,ok,
Red_Hat_Display_700,C:\Users\angel\OneDrive\Desktop\Kern\data\processed\features\Red_Hat_Display_700.npz,52,ok,
Red_Hat_Display_800,C:\Users\angel\OneDrive\Desktop\Kern\data\processed\features\Red_Hat_Display_800.npz,52,ok,
Red_Hat_Display_900,C:\Users\angel\OneDrive\Desktop\Kern\data\processed\features\Red_Hat_Display_900.npz,52,ok,
Red_Hat_Display_300italic,C:\Users\angel\OneDrive\Desktop\Kern\data\processed\features\Red_Hat_Display_300italic.npz,52,ok,
Red_Hat_Display_italic,C:\Users\angel\OneDrive\Desktop\Kern\data\processed\features\Red_Hat_Display_italic.npz,52,ok,
Red_Hat_Display_500italic,C:\Users\angel\OneDrive\Desktop\Kern\data\processed\features\Red_Hat_Display_500italic.npz,52,ok,
Red_Hat_Display_600italic,C:\Users\angel\OneDrive\Desktop\Kern\data\processed\features\Red_Hat_Display_600italic.npz,52,ok,
Red_Hat_Display_700italic,C:\Users\angel\OneDrive\Desktop\Kern\data\processed\features\Red_Hat_Display_700italic.npz,52,ok,
Red_Hat_Display_800italic,C:\Users\angel\OneDrive\Desktop\Kern\data\processed\features\Red_Hat_Display_800italic.npz,52,ok,
Red_Hat_Display_900italic,C:\Users\angel\OneDrive\Desktop\Kern\data\processed\features\Red_Hat_Display_900italic.npz,52,ok,
Rajdhani_300,C:\Users\angel\OneDrive\Desktop\Kern\data\processed\features\Rajdhani_300.npz,52,ok,
Rajdhani_regular,C:\Users\angel\OneDrive\Desktop\Kern\data\processed\features\Rajdhani_regular.npz,52,ok,
Rajdhani_500,C:\Users\angel\OneDrive\Desktop\Kern\data\processed\features\Rajdhani_500.npz,52,ok,
Rajdhani_600,C:\Users\angel\OneDrive\Desktop\Kern\data\processed\features\Rajdhani_600.npz,52,ok,
Rajdhani_700,C:\Users\angel\OneDrive\Desktop\Kern\data\processed\features\Rajdhani_700.npz,52,ok,
Cabin_regular,C:\Users\angel\OneDrive\Desktop\Kern\data\processed\features\Cabin_regular.npz,52,ok,
Cabin_500,C:\Users\angel\OneDrive\Desktop\Kern\data\processed\features\Cabin_500.npz,52,ok,
Cabin_600,C:\Users\angel\OneDrive\Desktop\Kern\data\processed\features\Cabin_600.npz,52,ok,
Cabin_700,C:\Users\angel\OneDrive\Desktop\Kern\data\processed\features\Cabin_700.npz,52,ok,
Cabin_italic,C:\Users\angel\OneDrive\Desktop\Kern\data\processed\features\Cabin_italic.npz,52,ok,
Cabin_500italic,C:\Users\angel\OneDrive\Desktop\Kern\data\processed\features\Cabin_500italic.npz,52,ok,
Cabin_600italic,C:\Users\angel\OneDrive\Desktop\Kern\data\processed\features\Cabin_600italic.npz,52,ok,
Cabin_700italic,C:\Users\angel\OneDrive\Desktop\Kern\data\processed\features\Cabin_700italic.npz,52,ok,
Ramabhadra_regular,C:\Users\angel\OneDrive\Desktop\Kern\data\processed\features\Ramabhadra_regular.npz,52,ok,
Noto_Sans_Khmer_100,C:\Users\angel\OneDrive\Desktop\Kern\data\processed\features\Noto_Sans_Khmer_100.npz,52,ok,
Noto_Sans_Khmer_200,C:\Users\angel\OneDrive\Desktop\Kern\data\processed\features\Noto_Sans_Khmer_200.npz,52,ok,
Noto_Sans_Khmer_300,C:\Users\angel\OneDrive\Desktop\Kern\data\processed\features\Noto_Sans_Khmer_300.npz,52,ok,
Noto_Sans_Khmer_regular,C:\Users\angel\OneDrive\Desktop\Kern\data\processed\features\Noto_Sans_Khmer_regular.npz,52,ok,
Noto_Sans_Khmer_500,C:\Users\angel\OneDrive\Desktop\Kern\data\processed\features\Noto_Sans_Khmer_500.npz,52,ok,
Noto_Sans_Khmer_600,C:\Users\angel\OneDrive\Desktop\Kern\data\processed\features\Noto_Sans_Khmer_600.npz,52,ok,
Noto_Sans_Khmer_700,C:\Users\angel\OneDrive\Desktop\Kern\data\processed\features\Noto_Sans_Khmer_700.npz,52,ok,
Noto_Sans_Khmer_800,C:\Users\angel\OneDrive\Desktop\Kern\data\processed\features\Noto_Sans_Khmer_800.npz,52,ok,
Noto_Sans_Khmer_900,C:\Users\angel\OneDrive\Desktop\Kern\data\processed\features\Noto_Sans_Khmer_900.npz,52,ok,
Anek_Telugu_100,C:\Users\angel\OneDrive\Desktop\Kern\data\processed\features\Anek_Telugu_100.npz,52,ok,
Anek_Telugu_200,C:\Users\angel\OneDrive\Desktop\Kern\data\processed\features\Anek_Telugu_200.npz,52,ok,
Anek_Telugu_300,C:\Users\angel\OneDrive\Desktop\Kern\data\processed\features\Anek_Telugu_300.npz,52,ok,
Anek_Telugu_regular,C:\Users\angel\OneDrive\Desktop\Kern\data\processed\features\Anek_Telugu_regular.npz,52,ok,
Anek_Telugu_500,C:\Users\angel\OneDrive\Desktop\Kern\data\processed\features\Anek_Telugu_500.npz,52,ok,
Anek_Telugu_600,C:\Users\angel\OneDrive\Desktop\Kern\data\processed\features\Anek_Telugu_600.npz,52,ok,
Anek_Telugu_700,C:\Users\angel\OneDrive\Desktop\Kern\data\processed\features\Anek_Telugu_700.npz,52,ok,
Anek_Telugu_800,C:\Users\angel\OneDrive\Desktop\Kern\data\processed\features\Anek_Telugu_800.npz,52,ok,
M_PLUS_Rounded_1c_100,C:\Users\angel\OneDrive\Desktop\Kern\data\processed\features\M_PLUS_Rounded_1c_100.npz,52,ok,
M_PLUS_Rounded_1c_300,C:\Users\angel\OneDrive\Desktop\Kern\data\processed\features\M_PLUS_Rounded_1c_300.npz,52,ok,
M_PLUS_Rounded_1c_regular,C:\Users\angel\OneDrive\Desktop\Kern\data\processed\features\M_PLUS_Rounded_1c_regular.npz,52,ok,
M_PLUS_Rounded_1c_500,C:\Users\angel\OneDrive\Desktop\Kern\data\processed\features\M_PLUS_Rounded_1c_500.npz,52,ok,
M_PLUS_Rounded_1c_700,C:\Users\angel\OneDrive\Desktop\Kern\data\processed\features\M_PLUS_Rounded_1c_700.npz,52,ok,
M_PLUS_Rounded_1c_800,C:\Users\angel\OneDrive\Desktop\Kern\data\processed\features\M_PLUS_Rounded_1c_800.npz,52,ok,
M_PLUS_Rounded_1c_900,C:\Users\angel\OneDrive\Desktop\Kern\data\processed\features\M_PLUS_Rounded_1c_900.npz,52,ok,
Hind_Siliguri_300,C:\Users\angel\OneDrive\Desktop\Kern\data\processed\features\Hind_Siliguri_300.npz,52,ok,
Hind_Siliguri_regular,C:\Users\angel\OneDrive\Desktop\Kern\data\processed\features\Hind_Siliguri_regular.npz,52,ok,
Hind_Siliguri_500,C:\Users\angel\OneDrive\Desktop\Kern\data\processed\features\Hind_Siliguri_500.npz,52,ok,
Hind_Siliguri_600,C:\Users\angel\OneDrive\Desktop\Kern\data\processed\features\Hind_Siliguri_600.npz,52,ok,
Hind_Siliguri_700,C:\Users\angel\OneDrive\Desktop\Kern\data\processed\features\Hind_Siliguri_700.npz,52,ok,
Orbitron_regular,C:\Users\angel\OneDrive\Desktop\Kern\data\processed\features\Orbitron_regular.npz,52,ok,
Orbitron_500,C:\Users\angel\OneDrive\Desktop\Kern\data\processed\features\Orbitron_500.npz,52,ok,
Orbitron_600,C:\Users\angel\OneDrive\Desktop\Kern\data\processed\features\Orbitron_600.npz,52,ok,
Orbitron_700,C:\Users\angel\OneDrive\Desktop\Kern\data\processed\features\Orbitron_700.npz,52,ok,
Orbitron_800,C:\Users\angel\OneDrive\Desktop\Kern\data\processed\features\Orbitron_800.npz,52,ok,
Orbitron_900,C:\Users\angel\OneDrive\Desktop\Kern\data\processed\features\Orbitron_900.npz,52,ok,
Exo_2_100,C:\Users\angel\OneDrive\Desktop\Kern\data\processed\features\Exo_2_100.npz,52,ok,
Exo_2_200,C:\Users\angel\OneDrive\Desktop\Kern\data\processed\features\Exo_2_200.npz,52,ok,
Exo_2_300,C:\Users\angel\OneDrive\Desktop\Kern\data\processed\features\Exo_2_300.npz,52,ok,
Exo_2_regular,C:\Users\angel\OneDrive\Desktop\Kern\data\processed\features\Exo_2_regular.npz,52,ok,
Exo_2_500,C:\Users\angel\OneDrive\Desktop\Kern\data\processed\features\Exo_2_500.npz,52,ok,
Exo_2_600,C:\Users\angel\OneDrive\Desktop\Kern\data\processed\features\Exo_2_600.npz,52,ok,
Exo_2_700,C:\Users\angel\OneDrive\Desktop\Kern\data\processed\features\Exo_2_700.npz,52,ok,
Exo_2_800,C:\Users\angel\OneDrive\Desktop\Kern\data\processed\features\Exo_2_800.npz,52,ok,
Exo_2_900,C:\Users\angel\OneDrive\Desktop\Kern\data\processed\features\Exo_2_900.npz,52,ok,
Exo_2_100italic,C:\Users\angel\OneDrive\Desktop\Kern\data\processed\features\Exo_2_100italic.npz,52,ok,
Exo_2_200italic,C:\Users\angel\OneDrive\Desktop\Kern\data\processed\features\Exo_2_200italic.npz,52,ok,
Exo_2_300italic,C:\Users\angel\OneDrive\Desktop\Kern\data\processed\features\Exo_2_300italic.npz,52,ok,
Exo_2_italic,C:\Users\angel\OneDrive\Desktop\Kern\data\processed\features\Exo_2_italic.npz,52,ok,
Exo_2_500italic,C:\Users\angel\OneDrive\Desktop\Kern\data\processed\features\Exo_2_500italic.npz,52,ok,
Exo_2_600italic,C:\Users\angel\OneDrive\Desktop\Kern\data\processed\features\Exo_2_600italic.npz,52,ok,
Exo_2_700italic,C:\Users\angel\OneDrive\Desktop\Kern\data\processed\features\Exo_2_700italic.npz,52,ok,
Exo_2_800italic,C:\Users\angel\OneDrive\Desktop\Kern\data\processed\features\Exo_2_800italic.npz,52,ok,
Exo_2_900italic,C:\Users\angel\OneDrive\Desktop\Kern\data\processed\features\Exo_2_900italic.npz,52,ok,
Fraunces_100,C:\Users\angel\OneDrive\Desktop\Kern\data\processed\features\Fraunces_100.npz,52,ok,
Fraunces_200,C:\Users\angel\OneDrive\Desktop\Kern\data\processed\features\Fraunces_200.npz,52,ok,
Fraunces_300,C:\Users\angel\OneDrive\Desktop\Kern\data\processed\features\Fraunces_300.npz,52,ok,
Fraunces_regular,C:\Users\angel\OneDrive\Desktop\Kern\data\processed\features\Fraunces_regular.npz,52,ok,
Fraunces_500,C:\Users\angel\OneDrive\Desktop\Kern\data\processed\features\Fraunces_500.npz,52,ok,
Fraunces_600,C:\Users\angel\OneDrive\Desktop\Kern\data\processed\features\Fraunces_600.npz,52,ok,
Fraunces_700,C:\Users\angel\OneDrive\Desktop\Kern\data\processed\features\Fraunces_700.npz,52,ok,
Fraunces_800,C:\Users\angel\OneDrive\Desktop\Kern\data\processed\features\Fraunces_800.npz,52,ok,
Fraunces_900,C:\Users\angel\OneDrive\Desktop\Kern\data\processed\features\Fraunces_900.npz,52,ok,
Fraunces_100italic,C:\Users\angel\OneDrive\Desktop\Kern\data\processed\features\Fraunces_100italic.npz,52,ok,
Fraunces_200italic,C:\Users\angel\OneDrive\Desktop\Kern\data\processed\features\Fraunces_200italic.npz,52,ok,
Fraunces_300italic,C:\Users\angel\OneDrive\Desktop\Kern\data\processed\features\Fraunces_300italic.npz,52,ok,
Fraunces_italic,C:\Users\angel\OneDrive\Desktop\Kern\data\processed\features\Fraunces_italic.npz,52,ok,
Fraunces_500italic,C:\Users\angel\OneDrive\Desktop\Kern\data\processed\features\Fraunces_500italic.npz,52,ok,
Fraunces_600italic,C:\Users\angel\OneDrive\Desktop\Kern\data\processed\features\Fraunces_600italic.npz,52,ok,
Fraunces_700italic,C:\Users\angel\OneDrive\Desktop\Kern\data\processed\features\Fraunces_700italic.npz,52,ok,
Fraunces_800italic,C:\Users\angel\OneDrive\Desktop\Kern\data\processed\features\Fraunces_800italic.npz,52,ok,
Fraunces_900italic,C:\Users\angel\OneDrive\Desktop\Kern\data\processed\features\Fraunces_900italic.npz,52,ok,
Oxygen_300,C:\Users\angel\OneDrive\Desktop\Kern\data\processed\features\Oxygen_300.npz,52,ok,
Oxygen_regular,C:\Users\angel\OneDrive\Desktop\Kern\data\processed\features\Oxygen_regular.npz,52,ok,
Oxygen_700,C:\Users\angel\OneDrive\Desktop\Kern\data\processed\features\Oxygen_700.npz,52,ok,
Geist_100,C:\Users\angel\OneDrive\Desktop\Kern\data\processed\features\Geist_100.npz,52,ok,
Geist_200,C:\Users\angel\OneDrive\Desktop\Kern\data\processed\features\Geist_200.npz,52,ok,
Geist_300,C:\Users\angel\OneDrive\Desktop\Kern\data\processed\features\Geist_300.npz,52,ok,
Geist_regular,C:\Users\angel\OneDrive\Desktop\Kern\data\processed\features\Geist_regular.npz,52,ok,
Geist_500,C:\Users\angel\OneDrive\Desktop\Kern\data\processed\features\Geist_500.npz,52,ok,
Geist_600,C:\Users\angel\OneDrive\Desktop\Kern\data\processed\features\Geist_600.npz,52,ok,
Geist_700,C:\Users\angel\OneDrive\Desktop\Kern\data\processed\features\Geist_700.npz,52,ok,
Geist_800,C:\Users\angel\OneDrive\Desktop\Kern\data\processed\features\Geist_800.npz,52,ok,
Geist_900,C:\Users\angel\OneDrive\Desktop\Kern\data\processed\features\Geist_900.npz,52,ok,
Geist_100italic,C:\Users\angel\OneDrive\Desktop\Kern\data\processed\features\Geist_100italic.npz,52,ok,
Geist_200italic,C:\Users\angel\OneDrive\Desktop\Kern\data\processed\features\Geist_200italic.npz,52,ok,
Geist_300italic,C:\Users\angel\OneDrive\Desktop\Kern\data\processed\features\Geist_300italic.npz,52,ok,
Geist_italic,C:\Users\angel\OneDrive\Desktop\Kern\data\processed\features\Geist_italic.npz,52,ok,
Geist_500italic,C:\Users\angel\OneDrive\Desktop\Kern\data\processed\features\Geist_500italic.npz,52,ok,
Geist_600italic,C:\Users\angel\OneDrive\Desktop\Kern\data\processed\features\Geist_600italic.npz,52,ok,
Geist_700italic,C:\Users\angel\OneDrive\Desktop\Kern\data\processed\features\Geist_700italic.npz,52,ok,
Geist_800italic,C:\Users\angel\OneDrive\Desktop\Kern\data\processed\features\Geist_800italic.npz,52,ok,
Geist_900italic,C:\Users\angel\OneDrive\Desktop\Kern\data\processed\features\Geist_900italic.npz,52,ok,
Hind_300,C:\Users\angel\OneDrive\Desktop\Kern\data\processed\features\Hind_300.npz,52,ok,
Hind_regular,C:\Users\angel\OneDrive\Desktop\Kern\data\processed\features\Hind_regular.npz,52,ok,
Hind_500,C:\Users\angel\OneDrive\Desktop\Kern\data\processed\features\Hind_500.npz,52,ok,
Hind_600,C:\Users\angel\OneDrive\Desktop\Kern\data\processed\features\Hind_600.npz,52,ok,
Hind_700,C:\Users\angel\OneDrive\Desktop\Kern\data\processed\features\Hind_700.npz,52,ok,
Lilita_One_regular,C:\Users\angel\OneDrive\Desktop\Kern\data\processed\features\Lilita_One_regular.npz,52,ok,
Urbanist_100,C:\Users\angel\OneDrive\Desktop\Kern\data\processed\features\Urbanist_100.npz,52,ok,
Urbanist_200,C:\Users\angel\OneDrive\Desktop\Kern\data\processed\features\Urbanist_200.npz,52,ok,
Urbanist_300,C:\Users\angel\OneDrive\Desktop\Kern\data\processed\features\Urbanist_300.npz,52,ok,
Urbanist_regular,C:\Users\angel\OneDrive\Desktop\Kern\data\processed\features\Urbanist_regular.npz,52,ok,
Urbanist_500,C:\Users\angel\OneDrive\Desktop\Kern\data\processed\features\Urbanist_500.npz,52,ok,
Urbanist_600,C:\Users\angel\OneDrive\Desktop\Kern\data\processed\features\Urbanist_600.npz,52,ok,
Urbanist_700,C:\Users\angel\OneDrive\Desktop\Kern\data\processed\features\Urbanist_700.npz,52,ok,
Urbanist_800,C:\Users\angel\OneDrive\Desktop\Kern\data\processed\features\Urbanist_800.npz,52,ok,
Urbanist_900,C:\Users\angel\OneDrive\Desktop\Kern\data\processed\features\Urbanist_900.npz,52,ok,
Urbanist_100italic,C:\Users\angel\OneDrive\Desktop\Kern\data\processed\features\Urbanist_100italic.npz,52,ok,
Urbanist_200italic,C:\Users\angel\OneDrive\Desktop\Kern\data\processed\features\Urbanist_200italic.npz,52,ok,
Urbanist_300italic,C:\Users\angel\OneDrive\Desktop\Kern\data\processed\features\Urbanist_300italic.npz,52,ok,
Urbanist_italic,C:\Users\angel\OneDrive\Desktop\Kern\data\processed\features\Urbanist_italic.npz,52,ok,
Urbanist_500italic,C:\Users\angel\OneDrive\Desktop\Kern\data\processed\features\Urbanist_500italic.npz,52,ok,
Urbanist_600italic,C:\Users\angel\OneDrive\Desktop\Kern\data\processed\features\Urbanist_600italic.npz,52,ok,
Urbanist_700italic,C:\Users\angel\OneDrive\Desktop\Kern\data\processed\features\Urbanist_700italic.npz,52,ok,
Urbanist_800italic,C:\Users\angel\OneDrive\Desktop\Kern\data\processed\features\Urbanist_800italic.npz,52,ok,
Urbanist_900italic,C:\Users\angel\OneDrive\Desktop\Kern\data\processed\features\Urbanist_900italic.npz,52,ok,
Caveat_regular,C:\Users\angel\OneDrive\Desktop\Kern\data\processed\features\Caveat_regular.npz,52,ok,
Caveat_500,C:\Users\angel\OneDrive\Desktop\Kern\data\processed\features\Caveat_500.npz,52,ok,
Caveat_600,C:\Users\angel\OneDrive\Desktop\Kern\data\processed\features\Caveat_600.npz,52,ok,
Caveat_700,C:\Users\angel\OneDrive\Desktop\Kern\data\processed\features\Caveat_700.npz,52,ok,
Mukta_200,C:\Users\angel\OneDrive\Desktop\Kern\data\processed\features\Mukta_200.npz,52,ok,
Mukta_300,C:\Users\angel\OneDrive\Desktop\Kern\data\processed\features\Mukta_300.npz,52,ok,
Mukta_regular,C:\Users\angel\OneDrive\Desktop\Kern\data\processed\features\Mukta_regular.npz,52,ok,
Mukta_500,C:\Users\angel\OneDrive\Desktop\Kern\data\processed\features\Mukta_500.npz,52,ok,
Mukta_600,C:\Users\angel\OneDrive\Desktop\Kern\data\processed\features\Mukta_600.npz,52,ok,
Mukta_700,C:\Users\angel\OneDrive\Desktop\Kern\data\processed\features\Mukta_700.npz,52,ok,
Mukta_800,C:\Users\angel\OneDrive\Desktop\Kern\data\processed\features\Mukta_800.npz,52,ok,
DM_Serif_Display_regular,C:\Users\angel\OneDrive\Desktop\Kern\data\processed\features\DM_Serif_Display_regular.npz,52,ok,
DM_Serif_Display_italic,C:\Users\angel\OneDrive\Desktop\Kern\data\processed\features\DM_Serif_Display_italic.npz,52,ok,
Slabo_27px_regular,C:\Users\angel\OneDrive\Desktop\Kern\data\processed\features\Slabo_27px_regular.npz,52,ok,
Overpass_100,C:\Users\angel\OneDrive\Desktop\Kern\data\processed\features\Overpass_100.npz,52,ok,
Overpass_200,C:\Users\angel\OneDrive\Desktop\Kern\data\processed\features\Overpass_200.npz,52,ok,
Overpass_300,C:\Users\angel\OneDrive\Desktop\Kern\data\processed\features\Overpass_300.npz,52,ok,
Overpass_regular,C:\Users\angel\OneDrive\Desktop\Kern\data\processed\features\Overpass_regular.npz,52,ok,
Overpass_500,C:\Users\angel\OneDrive\Desktop\Kern\data\processed\features\Overpass_500.npz,52,ok,
Overpass_600,C:\Users\angel\OneDrive\Desktop\Kern\data\processed\features\Overpass_600.npz,52,ok,
Overpass_700,C:\Users\angel\OneDrive\Desktop\Kern\data\processed\features\Overpass_700.npz,52,ok,
Overpass_800,C:\Users\angel\OneDrive\Desktop\Kern\data\processed\features\Overpass_800.npz,52,ok,
Overpass_900,C:\Users\angel\OneDrive\Desktop\Kern\data\processed\features\Overpass_900.npz,52,ok,
Overpass_100italic,C:\Users\angel\OneDrive\Desktop\Kern\data\processed\features\Overpass_100italic.npz,52,ok,
Overpass_200italic,C:\Users\angel\OneDrive\Desktop\Kern\data\processed\features\Overpass_200italic.npz,52,ok,
Overpass_300italic,C:\Users\angel\OneDrive\Desktop\Kern\data\processed\features\Overpass_300italic.npz,52,ok,
Overpass_italic,C:\Users\angel\OneDrive\Desktop\Kern\data\processed\features\Overpass_italic.npz,52,ok,
Overpass_500italic,C:\Users\angel\OneDrive\Desktop\Kern\data\processed\features\Overpass_500italic.npz,52,ok,
Overpass_600italic,C:\Users\angel\OneDrive\Desktop\Kern\data\processed\features\Overpass_600italic.npz,52,ok,
Overpass_700italic,C:\Users\angel\OneDrive\Desktop\Kern\data\processed\features\Overpass_700italic.npz,52,ok,
Overpass_800italic,C:\Users\angel\OneDrive\Desktop\Kern\data\processed\features\Overpass_800italic.npz,52,ok,
Overpass_900italic,C:\Users\angel\OneDrive\Desktop\Kern\data\processed\features\Overpass_900italic.npz,52,ok,
Source_Serif_4_200,C:\Users\angel\OneDrive\Desktop\Kern\data\processed\features\Source_Serif_4_200.npz,52,ok,
Source_Serif_4_300,C:\Users\angel\OneDrive\Desktop\Kern\data\processed\features\Source_Serif_4_300.npz,52,ok,
Source_Serif_4_regular,C:\Users\angel\OneDrive\Desktop\Kern\data\processed\features\Source_Serif_4_regular.npz,52,ok,
Source_Serif_4_500,C:\Users\angel\OneDrive\Desktop\Kern\data\processed\features\Source_Serif_4_500.npz,52,ok,
Source_Serif_4_600,C:\Users\angel\OneDrive\Desktop\Kern\data\processed\features\Source_Serif_4_600.npz,52,ok,
Source_Serif_4_700,C:\Users\angel\OneDrive\Desktop\Kern\data\processed\features\Source_Serif_4_700.npz,52,ok,
Source_Serif_4_800,C:\Users\angel\OneDrive\Desktop\Kern\data\processed\features\Source_Serif_4_800.npz,52,ok,
Source_Serif_4_900,C:\Users\angel\OneDrive\Desktop\Kern\data\processed\features\Source_Serif_4_900.npz,52,ok,
Source_Serif_4_200italic,C:\Users\angel\OneDrive\Desktop\Kern\data\processed\features\Source_Serif_4_200italic.npz,52,ok,
Source_Serif_4_300italic,C:\Users\angel\OneDrive\Desktop\Kern\data\processed\features\Source_Serif_4_300italic.npz,52,ok,
Source_Serif_4_italic,C:\Users\angel\OneDrive\Desktop\Kern\data\processed\features\Source_Serif_4_italic.npz,52,ok,
Source_Serif_4_500italic,C:\Users\angel\OneDrive\Desktop\Kern\data\processed\features\Source_Serif_4_500italic.npz,52,ok,
Source_Serif_4_600italic,C:\Users\angel\OneDrive\Desktop\Kern\data\processed\features\Source_Serif_4_600italic.npz,52,ok,
Source_Serif_4_700italic,C:\Users\angel\OneDrive\Desktop\Kern\data\processed\features\Source_Serif_4_700italic.npz,52,ok,
Source_Serif_4_800italic,C:\Users\angel\OneDrive\Desktop\Kern\data\processed\features\Source_Serif_4_800italic.npz,52,ok,
Source_Serif_4_900italic,C:\Users\angel\OneDrive\Desktop\Kern\data\processed\features\Source_Serif_4_900italic.npz,52,ok,
Crimson_Text_regular,C:\Users\angel\OneDrive\Desktop\Kern\data\processed\features\Crimson_Text_regular.npz,52,ok,
Crimson_Text_italic,C:\Users\angel\OneDrive\Desktop\Kern\data\processed\features\Crimson_Text_italic.npz,52,ok,
Crimson_Text_600,C:\Users\angel\OneDrive\Desktop\Kern\data\processed\features\Crimson_Text_600.npz,52,ok,
Crimson_Text_600italic,C:\Users\angel\OneDrive\Desktop\Kern\data\processed\features\Crimson_Text_600italic.npz,52,ok,
Crimson_Text_700,C:\Users\angel\OneDrive\Desktop\Kern\data\processed\features\Crimson_Text_700.npz,52,ok,
Crimson_Text_700italic,C:\Users\angel\OneDrive\Desktop\Kern\data\processed\features\Crimson_Text_700italic.npz,52,ok,
Fredoka_300,C:\Users\angel\OneDrive\Desktop\Kern\data\processed\features\Fredoka_300.npz,52,ok,
Fredoka_regular,C:\Users\angel\OneDrive\Desktop\Kern\data\processed\features\Fredoka_regular.npz,52,ok,
Fredoka_500,C:\Users\angel\OneDrive\Desktop\Kern\data\processed\features\Fredoka_500.npz,52,ok,
Fredoka_600,C:\Users\angel\OneDrive\Desktop\Kern\data\processed\features\Fredoka_600.npz,52,ok,
Fredoka_700,C:\Users\angel\OneDrive\Desktop\Kern\data\processed\features\Fredoka_700.npz,52,ok,
Pacifico_regular,C:\Users\angel\OneDrive\Desktop\Kern\data\processed\features\Pacifico_regular.npz,52,ok,
Tajawal_200,C:\Users\angel\OneDrive\Desktop\Kern\data\processed\features\Tajawal_200.npz,52,ok,
Tajawal_300,C:\Users\angel\OneDrive\Desktop\Kern\data\processed\features\Tajawal_300.npz,52,ok,
Tajawal_regular,C:\Users\angel\OneDrive\Desktop\Kern\data\processed\features\Tajawal_regular.npz,52,ok,
Tajawal_500,C:\Users\angel\OneDrive\Desktop\Kern\data\processed\features\Tajawal_500.npz,52,ok,
Tajawal_700,C:\Users\angel\OneDrive\Desktop\Kern\data\processed\features\Tajawal_700.npz,52,ok,
Tajawal_800,C:\Users\angel\OneDrive\Desktop\Kern\data\processed\features\Tajawal_800.npz,52,ok,
Tajawal_900,C:\Users\angel\OneDrive\Desktop\Kern\data\processed\features\Tajawal_900.npz,52,ok,
Bungee_regular,C:\Users\angel\OneDrive\Desktop\Kern\data\processed\features\Bungee_regular.npz,52,ok,
Cinzel_regular,C:\Users\angel\OneDrive\Desktop\Kern\data\processed\features\Cinzel_regular.npz,52,ok,
Cinzel_500,C:\Users\angel\OneDrive\Desktop\Kern\data\processed\features\Cinzel_500.npz,52,ok,
Cinzel_600,C:\Users\angel\OneDrive\Desktop\Kern\data\processed\features\Cinzel_600.npz,52,ok,
Cinzel_700,C:\Users\angel\OneDrive\Desktop\Kern\data\processed\features\Cinzel_700.npz,52,ok,
Cinzel_800,C:\Users\angel\OneDrive\Desktop\Kern\data\processed\features\Cinzel_800.npz,52,ok,
Cinzel_900,C:\Users\angel\OneDrive\Desktop\Kern\data\processed\features\Cinzel_900.npz,52,ok,
Instrument_Sans_regular,C:\Users\angel\OneDrive\Desktop\Kern\data\processed\features\Instrument_Sans_regular.npz,52,ok,
Instrument_Sans_500,C:\Users\angel\OneDrive\Desktop\Kern\data\processed\features\Instrument_Sans_500.npz,52,ok,
Instrument_Sans_600,C:\Users\angel\OneDrive\Desktop\Kern\data\processed\features\Instrument_Sans_600.npz,52,ok,
Instrument_Sans_700,C:\Users\angel\OneDrive\Desktop\Kern\data\processed\features\Instrument_Sans_700.npz,52,ok,
Instrument_Sans_italic,C:\Users\angel\OneDrive\Desktop\Kern\data\processed\features\Instrument_Sans_italic.npz,52,ok,
Instrument_Sans_500italic,C:\Users\angel\OneDrive\Desktop\Kern\data\processed\features\Instrument_Sans_500italic.npz,52,ok,
Instrument_Sans_600italic,C:\Users\angel\OneDrive\Desktop\Kern\data\processed\features\Instrument_Sans_600italic.npz,52,ok,
Instrument_Sans_700italic,C:\Users\angel\OneDrive\Desktop\Kern\data\processed\features\Instrument_Sans_700italic.npz,52,ok,
PT_Sans_Narrow_regular,C:\Users\angel\OneDrive\Desktop\Kern\data\processed\features\PT_Sans_Narrow_regular.npz,52,ok,
PT_Sans_Narrow_700,C:\Users\angel\OneDrive\Desktop\Kern\data\processed\features\PT_Sans_Narrow_700.npz,52,ok,
Merriweather_Sans_300,C:\Users\angel\OneDrive\Desktop\Kern\data\processed\features\Merriweather_Sans_300.npz,52,ok,
Merriweather_Sans_regular,C:\Users\angel\OneDrive\Desktop\Kern\data\processed\features\Merriweather_Sans_regular.npz,52,ok,
Merriweather_Sans_500,C:\Users\angel\OneDrive\Desktop\Kern\data\processed\features\Merriweather_Sans_500.npz,52,ok,
Merriweather_Sans_600,C:\Users\angel\OneDrive\Desktop\Kern\data\processed\features\Merriweather_Sans_600.npz,52,ok,
Merriweather_Sans_700,C:\Users\angel\OneDrive\Desktop\Kern\data\processed\features\Merriweather_Sans_700.npz,52,ok,
Merriweather_Sans_800,C:\Users\angel\OneDrive\Desktop\Kern\data\processed\features\Merriweather_Sans_800.npz,52,ok,
Merriweather_Sans_300italic,C:\Users\angel\OneDrive\Desktop\Kern\data\processed\features\Merriweather_Sans_300italic.npz,52,ok,
Merriweather_Sans_italic,C:\Users\angel\OneDrive\Desktop\Kern\data\processed\features\Merriweather_Sans_italic.npz,52,ok,
Merriweather_Sans_500italic,C:\Users\angel\OneDrive\Desktop\Kern\data\processed\features\Merriweather_Sans_500italic.npz,52,ok,
Merriweather_Sans_600italic,C:\Users\angel\OneDrive\Desktop\Kern\data\processed\features\Merriweather_Sans_600italic.npz,52,ok,
Merriweather_Sans_700italic,C:\Users\angel\OneDrive\Desktop\Kern\data\processed\features\Merriweather_Sans_700italic.npz,52,ok,
Merriweather_Sans_800italic,C:\Users\angel\OneDrive\Desktop\Kern\data\processed\features\Merriweather_Sans_800italic.npz,52,ok,
Barlow_Semi_Condensed_100,C:\Users\angel\OneDrive\Desktop\Kern\data\processed\features\Barlow_Semi_Condensed_100.npz,52,ok,
Barlow_Semi_Condensed_100italic,C:\Users\angel\OneDrive\Desktop\Kern\data\processed\features\Barlow_Semi_Condensed_100italic.npz,52,ok,
Barlow_Semi_Condensed_200,C:\Users\angel\OneDrive\Desktop\Kern\data\processed\features\Barlow_Semi_Condensed_200.npz,52,ok,
Barlow_Semi_Condensed_200italic,C:\Users\angel\OneDrive\Desktop\Kern\data\processed\features\Barlow_Semi_Condensed_200italic.npz,52,ok,
Barlow_Semi_Condensed_300,C:\Users\angel\OneDrive\Desktop\Kern\data\processed\features\Barlow_Semi_Condensed_300.npz,52,ok,
Barlow_Semi_Condensed_300italic,C:\Users\angel\OneDrive\Desktop\Kern\data\processed\features\Barlow_Semi_Condensed_300italic.npz,52,ok,
Barlow_Semi_Condensed_regular,C:\Users\angel\OneDrive\Desktop\Kern\data\processed\features\Barlow_Semi_Condensed_regular.npz,52,ok,
Barlow_Semi_Condensed_italic,C:\Users\angel\OneDrive\Desktop\Kern\data\processed\features\Barlow_Semi_Condensed_italic.npz,52,ok,
Barlow_Semi_Condensed_500,C:\Users\angel\OneDrive\Desktop\Kern\data\processed\features\Barlow_Semi_Condensed_500.npz,52,ok,
Barlow_Semi_Condensed_500italic,C:\Users\angel\OneDrive\Desktop\Kern\data\processed\features\Barlow_Semi_Condensed_500italic.npz,52,ok,
Barlow_Semi_Condensed_600,C:\Users\angel\OneDrive\Desktop\Kern\data\processed\features\Barlow_Semi_Condensed_600.npz,52,ok,
Barlow_Semi_Condensed_600italic,C:\Users\angel\OneDrive\Desktop\Kern\data\processed\features\Barlow_Semi_Condensed_600italic.npz,52,ok,
Barlow_Semi_Condensed_700,C:\Users\angel\OneDrive\Desktop\Kern\data\processed\features\Barlow_Semi_Condensed_700.npz,52,ok,
Barlow_Semi_Condensed_700italic,C:\Users\angel\OneDrive\Desktop\Kern\data\processed\features\Barlow_Semi_Condensed_700italic.npz,52,ok,
Barlow_Semi_Condensed_800,C:\Users\angel\OneDrive\Desktop\Kern\data\processed\features\Barlow_Semi_Condensed_800.npz,52,ok,
Barlow_Semi_Condensed_800italic,C:\Users\angel\OneDrive\Desktop\Kern\data\processed\features\Barlow_Semi_Condensed_800italic.npz,52,ok,
Barlow_Semi_Condensed_900,C:\Users\angel\OneDrive\Desktop\Kern\data\processed\features\Barlow_Semi_Condensed_900.npz,52,ok,
Barlow_Semi_Condensed_900italic,C:\Users\angel\OneDrive\Desktop\Kern\data\processed\features\Barlow_Semi_Condensed_900italic.npz,52,ok,
Arvo_regular,C:\Users\angel\OneDrive\Desktop\Kern\data\processed\features\Arvo_regular.npz,52,ok,
Arvo_italic,C:\Users\angel\OneDrive\Desktop\Kern\data\processed\features\Arvo_italic.npz,52,ok,
Arvo_700,C:\Users\angel\OneDrive\Desktop\Kern\data\processed\features\Arvo_700.npz,52,ok,
Arvo_700italic,C:\Users\angel\OneDrive\Desktop\Kern\data\processed\features\Arvo_700italic.npz,52,ok,
Google_Sans_Flex_100,C:\Users\angel\OneDrive\Desktop\Kern\data\processed\features\Google_Sans_Flex_100.npz,52,ok,
Google_Sans_Flex_200,C:\Users\angel\OneDrive\Desktop\Kern\data\processed\features\Google_Sans_Flex_200.npz,52,ok,
Google_Sans_Flex_300,C:\Users\angel\OneDrive\Desktop\Kern\data\processed\features\Google_Sans_Flex_300.npz,52,ok,
Google_Sans_Flex_regular,C:\Users\angel\OneDrive\Desktop\Kern\data\processed\features\Google_Sans_Flex_regular.npz,52,ok,
Google_Sans_Flex_500,C:\Users\angel\OneDrive\Desktop\Kern\data\processed\features\Google_Sans_Flex_500.npz,52,ok,
Google_Sans_Flex_600,C:\Users\angel\OneDrive\Desktop\Kern\data\processed\features\Google_Sans_Flex_600.npz,52,ok,
Google_Sans_Flex_700,C:\Users\angel\OneDrive\Desktop\Kern\data\processed\features\Google_Sans_Flex_700.npz,52,ok,
Google_Sans_Flex_800,C:\Users\angel\OneDrive\Desktop\Kern\data\processed\features\Google_Sans_Flex_800.npz,52,ok,
Google_Sans_Flex_900,C:\Users\angel\OneDrive\Desktop\Kern\data\processed\features\Google_Sans_Flex_900.npz,52,ok,
Abel_regular,C:\Users\angel\OneDrive\Desktop\Kern\data\processed\features\Abel_regular.npz,52,ok,
Lobster_regular,C:\Users\angel\OneDrive\Desktop\Kern\data\processed\features\Lobster_regular.npz,52,ok,
Comfortaa_300,C:\Users\angel\OneDrive\Desktop\Kern\data\processed\features\Comfortaa_300.npz,52,ok,
Comfortaa_regular,C:\Users\angel\OneDrive\Desktop\Kern\data\processed\features\Comfortaa_regular.npz,52,ok,
Comfortaa_500,C:\Users\angel\OneDrive\Desktop\Kern\data\processed\features\Comfortaa_500.npz,52,ok,
Comfortaa_600,C:\Users\angel\OneDrive\Desktop\Kern\data\processed\features\Comfortaa_600.npz,52,ok,
Comfortaa_700,C:\Users\angel\OneDrive\Desktop\Kern\data\processed\features\Comfortaa_700.npz,52,ok,
Teko_300,C:\Users\angel\OneDrive\Desktop\Kern\data\processed\features\Teko_300.npz,52,ok,
Teko_regular,C:\Users\angel\OneDrive\Desktop\Kern\data\processed\features\Teko_regular.npz,52,ok,
Teko_500,C:\Users\angel\OneDrive\Desktop\Kern\data\processed\features\Teko_500.npz,52,ok,
Teko_600,C:\Users\angel\OneDrive\Desktop\Kern\data\processed\features\Teko_600.npz,52,ok,
Teko_700,C:\Users\angel\OneDrive\Desktop\Kern\data\processed\features\Teko_700.npz,52,ok,
Chakra_Petch_300,C:\Users\angel\OneDrive\Desktop\Kern\data\processed\features\Chakra_Petch_300.npz,52,ok,
Chakra_Petch_300italic,C:\Users\angel\OneDrive\Desktop\Kern\data\processed\features\Chakra_Petch_300italic.npz,52,ok,
Chakra_Petch_regular,C:\Users\angel\OneDrive\Desktop\Kern\data\processed\features\Chakra_Petch_regular.npz,52,ok,
Chakra_Petch_italic,C:\Users\angel\OneDrive\Desktop\Kern\data\processed\features\Chakra_Petch_italic.npz,52,ok,
Chakra_Petch_500,C:\Users\angel\OneDrive\Desktop\Kern\data\processed\features\Chakra_Petch_500.npz,52,ok,
Chakra_Petch_500italic,C:\Users\angel\OneDrive\Desktop\Kern\data\processed\features\Chakra_Petch_500italic.npz,52,ok,
Chakra_Petch_600,C:\Users\angel\OneDrive\Desktop\Kern\data\processed\features\Chakra_Petch_600.npz,52,ok,
Chakra_Petch_600italic,C:\Users\angel\OneDrive\Desktop\Kern\data\processed\features\Chakra_Petch_600italic.npz,52,ok,
Chakra_Petch_700,C:\Users\angel\OneDrive\Desktop\Kern\data\processed\features\Chakra_Petch_700.npz,52,ok,
Chakra_Petch_700italic,C:\Users\angel\OneDrive\Desktop\Kern\data\processed\features\Chakra_Petch_700italic.npz,52,ok,
Noto_Sans_Arabic_100,C:\Users\angel\OneDrive\Desktop\Kern\data\processed\features\Noto_Sans_Arabic_100.npz,52,ok,
Noto_Sans_Arabic_200,C:\Users\angel\OneDrive\Desktop\Kern\data\processed\features\Noto_Sans_Arabic_200.npz,52,ok,
Noto_Sans_Arabic_300,C:\Users\angel\OneDrive\Desktop\Kern\data\processed\features\Noto_Sans_Arabic_300.npz,52,ok,
Noto_Sans_Arabic_regular,C:\Users\angel\OneDrive\Desktop\Kern\data\processed\features\Noto_Sans_Arabic_regular.npz,52,ok,
Noto_Sans_Arabic_500,C:\Users\angel\OneDrive\Desktop\Kern\data\processed\features\Noto_Sans_Arabic_500.npz,52,ok,
Noto_Sans_Arabic_600,C:\Users\angel\OneDrive\Desktop\Kern\data\processed\features\Noto_Sans_Arabic_600.npz,52,ok,
Noto_Sans_Arabic_700,C:\Users\angel\OneDrive\Desktop\Kern\data\processed\features\Noto_Sans_Arabic_700.npz,52,ok,
Noto_Sans_Arabic_800,C:\Users\angel\OneDrive\Desktop\Kern\data\processed\features\Noto_Sans_Arabic_800.npz,52,ok,
Noto_Sans_Arabic_900,C:\Users\angel\OneDrive\Desktop\Kern\data\processed\features\Noto_Sans_Arabic_900.npz,52,ok,
M_PLUS_1p_100,C:\Users\angel\OneDrive\Desktop\Kern\data\processed\features\M_PLUS_1p_100.npz,52,ok,
M_PLUS_1p_300,C:\Users\angel\OneDrive\Desktop\Kern\data\processed\features\M_PLUS_1p_300.npz,52,ok,
M_PLUS_1p_regular,C:\Users\angel\OneDrive\Desktop\Kern\data\processed\features\M_PLUS_1p_regular.npz,52,ok,
M_PLUS_1p_500,C:\Users\angel\OneDrive\Desktop\Kern\data\processed\features\M_PLUS_1p_500.npz,52,ok,
M_PLUS_1p_700,C:\Users\angel\OneDrive\Desktop\Kern\data\processed\features\M_PLUS_1p_700.npz,52,ok,
M_PLUS_1p_800,C:\Users\angel\OneDrive\Desktop\Kern\data\processed\features\M_PLUS_1p_800.npz,52,ok,
M_PLUS_1p_900,C:\Users\angel\OneDrive\Desktop\Kern\data\processed\features\M_PLUS_1p_900.npz,52,ok,
Newsreader_200,C:\Users\angel\OneDrive\Desktop\Kern\data\processed\features\Newsreader_200.npz,52,ok,
Newsreader_300,C:\Users\angel\OneDrive\Desktop\Kern\data\processed\features\Newsreader_300.npz,52,ok,
Newsreader_regular,C:\Users\angel\OneDrive\Desktop\Kern\data\processed\features\Newsreader_regular.npz,52,ok,
Newsreader_500,C:\Users\angel\OneDrive\Desktop\Kern\data\processed\features\Newsreader_500.npz,52,ok,
Newsreader_600,C:\Users\angel\OneDrive\Desktop\Kern\data\processed\features\Newsreader_600.npz,52,ok,
Newsreader_700,C:\Users\angel\OneDrive\Desktop\Kern\data\processed\features\Newsreader_700.npz,52,ok,
Newsreader_800,C:\Users\angel\OneDrive\Desktop\Kern\data\processed\features\Newsreader_800.npz,52,ok,
Newsreader_200italic,C:\Users\angel\OneDrive\Desktop\Kern\data\processed\features\Newsreader_200italic.npz,52,ok,
Newsreader_300italic,C:\Users\angel\OneDrive\Desktop\Kern\data\processed\features\Newsreader_300italic.npz,52,ok,
Newsreader_italic,C:\Users\angel\OneDrive\Desktop\Kern\data\processed\features\Newsreader_italic.npz,52,ok,
Newsreader_500italic,C:\Users\angel\OneDrive\Desktop\Kern\data\processed\features\Newsreader_500italic.npz,52,ok,
Newsreader_600italic,C:\Users\angel\OneDrive\Desktop\Kern\data\processed\features\Newsreader_600italic.npz,52,ok,
Newsreader_700italic,C:\Users\angel\OneDrive\Desktop\Kern\data\processed\features\Newsreader_700italic.npz,52,ok,
Newsreader_800italic,C:\Users\angel\OneDrive\Desktop\Kern\data\processed\features\Newsreader_800italic.npz,52,ok,
Noto_Sans_Thai_100,C:\Users\angel\OneDrive\Desktop\Kern\data\processed\features\Noto_Sans_Thai_100.npz,52,ok,
Noto_Sans_Thai_200,C:\Users\angel\OneDrive\Desktop\Kern\data\processed\features\Noto_Sans_Thai_200.npz,52,ok,
Noto_Sans_Thai_300,C:\Users\angel\OneDrive\Desktop\Kern\data\processed\features\Noto_Sans_Thai_300.npz,52,ok,
Noto_Sans_Thai_regular,C:\Users\angel\OneDrive\Desktop\Kern\data\processed\features\Noto_Sans_Thai_regular.npz,52,ok,
Noto_Sans_Thai_500,C:\Users\angel\OneDrive\Desktop\Kern\data\processed\features\Noto_Sans_Thai_500.npz,52,ok,
Noto_Sans_Thai_600,C:\Users\angel\OneDrive\Desktop\Kern\data\processed\features\Noto_Sans_Thai_600.npz,52,ok,
Noto_Sans_Thai_700,C:\Users\angel\OneDrive\Desktop\Kern\data\processed\features\Noto_Sans_Thai_700.npz,52,ok,
Noto_Sans_Thai_800,C:\Users\angel\OneDrive\Desktop\Kern\data\processed\features\Noto_Sans_Thai_800.npz,52,ok,
Noto_Sans_Thai_900,C:\Users\angel\OneDrive\Desktop\Kern\data\processed\features\Noto_Sans_Thai_900.npz,52,ok,
Bodoni_Moda_regular,C:\Users\angel\OneDrive\Desktop\Kern\data\processed\features\Bodoni_Moda_regular.npz,52,ok,
Bodoni_Moda_500,C:\Users\angel\OneDrive\Desktop\Kern\data\processed\features\Bodoni_Moda_500.npz,52,ok,
Bodoni_Moda_600,C:\Users\angel\OneDrive\Desktop\Kern\data\processed\features\Bodoni_Moda_600.npz,52,ok,
Bodoni_Moda_700,C:\Users\angel\OneDrive\Desktop\Kern\data\processed\features\Bodoni_Moda_700.npz,52,ok,
Bodoni_Moda_800,C:\Users\angel\OneDrive\Desktop\Kern\data\processed\features\Bodoni_Moda_800.npz,52,ok,
Bodoni_Moda_900,C:\Users\angel\OneDrive\Desktop\Kern\data\processed\features\Bodoni_Moda_900.npz,52,ok,
Bodoni_Moda_italic,C:\Users\angel\OneDrive\Desktop\Kern\data\processed\features\Bodoni_Moda_italic.npz,52,ok,
Bodoni_Moda_500italic,C:\Users\angel\OneDrive\Desktop\Kern\data\processed\features\Bodoni_Moda_500italic.npz,52,ok,
Bodoni_Moda_600italic,C:\Users\angel\OneDrive\Desktop\Kern\data\processed\features\Bodoni_Moda_600italic.npz,52,ok,
Bodoni_Moda_700italic,C:\Users\angel\OneDrive\Desktop\Kern\data\processed\features\Bodoni_Moda_700italic.npz,52,ok,
Bodoni_Moda_800italic,C:\Users\angel\OneDrive\Desktop\Kern\data\processed\features\Bodoni_Moda_800italic.npz,52,ok,
Bodoni_Moda_900italic,C:\Users\angel\OneDrive\Desktop\Kern\data\processed\features\Bodoni_Moda_900italic.npz,52,ok,
Asap_100,C:\Users\angel\OneDrive\Desktop\Kern\data\processed\features\Asap_100.npz,52,ok,
Asap_200,C:\Users\angel\OneDrive\Desktop\Kern\data\processed\features\Asap_200.npz,52,ok,
Asap_300,C:\Users\angel\OneDrive\Desktop\Kern\data\processed\features\Asap_300.npz,52,ok,
Asap_regular,C:\Users\angel\OneDrive\Desktop\Kern\data\processed\features\Asap_regular.npz,52,ok,
Asap_500,C:\Users\angel\OneDrive\Desktop\Kern\data\processed\features\Asap_500.npz,52,ok,
Asap_600,C:\Users\angel\OneDrive\Desktop\Kern\data\processed\features\Asap_600.npz,52,ok,
Asap_700,C:\Users\angel\OneDrive\Desktop\Kern\data\processed\features\Asap_700.npz,52,ok,
Asap_800,C:\Users\angel\OneDrive\Desktop\Kern\data\processed\features\Asap_800.npz,52,ok,
Asap_900,C:\Users\angel\OneDrive\Desktop\Kern\data\processed\features\Asap_900.npz,52,ok,
Asap_100italic,C:\Users\angel\OneDrive\Desktop\Kern\data\processed\features\Asap_100italic.npz,52,ok,
Asap_200italic,C:\Users\angel\OneDrive\Desktop\Kern\data\processed\features\Asap_200italic.npz,52,ok,
Asap_300italic,C:\Users\angel\OneDrive\Desktop\Kern\data\processed\features\Asap_300italic.npz,52,ok,
Asap_italic,C:\Users\angel\OneDrive\Desktop\Kern\data\processed\features\Asap_italic.npz,52,ok,
Asap_500italic,C:\Users\angel\OneDrive\Desktop\Kern\data\processed\features\Asap_500italic.npz,52,ok,
Asap_600italic,C:\Users\angel\OneDrive\Desktop\Kern\data\processed\features\Asap_600italic.npz,52,ok,
Asap_700italic,C:\Users\angel\OneDrive\Desktop\Kern\data\processed\features\Asap_700italic.npz,52,ok,
Asap_800italic,C:\Users\angel\OneDrive\Desktop\Kern\data\processed\features\Asap_800italic.npz,52,ok,
Asap_900italic,C:\Users\angel\OneDrive\Desktop\Kern\data\processed\features\Asap_900italic.npz,52,ok,
Lexend_Deca_100,C:\Users\angel\OneDrive\Desktop\Kern\data\processed\features\Lexend_Deca_100.npz,52,ok,
Lexend_Deca_200,C:\Users\angel\OneDrive\Desktop\Kern\data\processed\features\Lexend_Deca_200.npz,52,ok,
Lexend_Deca_300,C:\Users\angel\OneDrive\Desktop\Kern\data\processed\features\Lexend_Deca_300.npz,52,ok,
Lexend_Deca_regular,C:\Users\angel\OneDrive\Desktop\Kern\data\processed\features\Lexend_Deca_regular.npz,52,ok,
Lexend_Deca_500,C:\Users\angel\OneDrive\Desktop\Kern\data\processed\features\Lexend_Deca_500.npz,52,ok,
Lexend_Deca_600,C:\Users\angel\OneDrive\Desktop\Kern\data\processed\features\Lexend_Deca_600.npz,52,ok,
Lexend_Deca_700,C:\Users\angel\OneDrive\Desktop\Kern\data\processed\features\Lexend_Deca_700.npz,52,ok,
Lexend_Deca_800,C:\Users\angel\OneDrive\Desktop\Kern\data\processed\features\Lexend_Deca_800.npz,52,ok,
Lexend_Deca_900,C:\Users\angel\OneDrive\Desktop\Kern\data\processed\features\Lexend_Deca_900.npz,52,ok,
Maven_Pro_regular,C:\Users\angel\OneDrive\Desktop\Kern\data\processed\features\Maven_Pro_regular.npz,52,ok,
Maven_Pro_500,C:\Users\angel\OneDrive\Desktop\Kern\data\processed\features\Maven_Pro_500.npz,52,ok,
Maven_Pro_600,C:\Users\angel\OneDrive\Desktop\Kern\data\processed\features\Maven_Pro_600.npz,52,ok,
Maven_Pro_700,C:\Users\angel\OneDrive\Desktop\Kern\data\processed\features\Maven_Pro_700.npz,52,ok,
Maven_Pro_800,C:\Users\angel\OneDrive\Desktop\Kern\data\processed\features\Maven_Pro_800.npz,52,ok,
Maven_Pro_900,C:\Users\angel\OneDrive\Desktop\Kern\data\processed\features\Maven_Pro_900.npz,52,ok,
Hanken_Grotesk_100,C:\Users\angel\OneDrive\Desktop\Kern\data\processed\features\Hanken_Grotesk_100.npz,52,ok,
Hanken_Grotesk_200,C:\Users\angel\OneDrive\Desktop\Kern\data\processed\features\Hanken_Grotesk_200.npz,52,ok,
Hanken_Grotesk_300,C:\Users\angel\OneDrive\Desktop\Kern\data\processed\features\Hanken_Grotesk_300.npz,52,ok,
Hanken_Grotesk_regular,C:\Users\angel\OneDrive\Desktop\Kern\data\processed\features\Hanken_Grotesk_regular.npz,52,ok,
Hanken_Grotesk_500,C:\Users\angel\OneDrive\Desktop\Kern\data\processed\features\Hanken_Grotesk_500.npz,52,ok,
Hanken_Grotesk_600,C:\Users\angel\OneDrive\Desktop\Kern\data\processed\features\Hanken_Grotesk_600.npz,52,ok,
Hanken_Grotesk_700,C:\Users\angel\OneDrive\Desktop\Kern\data\processed\features\Hanken_Grotesk_700.npz,52,ok,
Hanken_Grotesk_800,C:\Users\angel\OneDrive\Desktop\Kern\data\processed\features\Hanken_Grotesk_800.npz,52,ok,
Hanken_Grotesk_900,C:\Users\angel\OneDrive\Desktop\Kern\data\processed\features\Hanken_Grotesk_900.npz,52,ok,
Hanken_Grotesk_100italic,C:\Users\angel\OneDrive\Desktop\Kern\data\processed\features\Hanken_Grotesk_100italic.npz,52,ok,
Hanken_Grotesk_200italic,C:\Users\angel\OneDrive\Desktop\Kern\data\processed\features\Hanken_Grotesk_200italic.npz,52,ok,
Hanken_Grotesk_300italic,C:\Users\angel\OneDrive\Desktop\Kern\data\processed\features\Hanken_Grotesk_300italic.npz,52,ok,
Hanken_Grotesk_italic,C:\Users\angel\OneDrive\Desktop\Kern\data\processed\features\Hanken_Grotesk_italic.npz,52,ok,
Hanken_Grotesk_500italic,C:\Users\angel\OneDrive\Desktop\Kern\data\processed\features\Hanken_Grotesk_500italic.npz,52,ok,
Hanken_Grotesk_600italic,C:\Users\angel\OneDrive\Desktop\Kern\data\processed\features\Hanken_Grotesk_600italic.npz,52,ok,
Hanken_Grotesk_700italic,C:\Users\angel\OneDrive\Desktop\Kern\data\processed\features\Hanken_Grotesk_700italic.npz,52,ok,
Hanken_Grotesk_800italic,C:\Users\angel\OneDrive\Desktop\Kern\data\processed\features\Hanken_Grotesk_800italic.npz,52,ok,
Hanken_Grotesk_900italic,C:\Users\angel\OneDrive\Desktop\Kern\data\processed\features\Hanken_Grotesk_900italic.npz,52,ok,
Abril_Fatface_regular,C:\Users\angel\OneDrive\Desktop\Kern\data\processed\features\Abril_Fatface_regular.npz,52,ok,
Almarai_300,C:\Users\angel\OneDrive\Desktop\Kern\data\processed\features\Almarai_300.npz,52,ok,
Almarai_regular,C:\Users\angel\OneDrive\Desktop\Kern\data\processed\features\Almarai_regular.npz,52,ok,
Almarai_700,C:\Users\angel\OneDrive\Desktop\Kern\data\processed\features\Almarai_700.npz,52,ok,
Almarai_800,C:\Users\angel\OneDrive\Desktop\Kern\data\processed\features\Almarai_800.npz,52,ok,
Geologica_100,C:\Users\angel\OneDrive\Desktop\Kern\data\processed\features\Geologica_100.npz,52,ok,
Geologica_200,C:\Users\angel\OneDrive\Desktop\Kern\data\processed\features\Geologica_200.npz,52,ok,
Geologica_300,C:\Users\angel\OneDrive\Desktop\Kern\data\processed\features\Geologica_300.npz,52,ok,
Geologica_regular,C:\Users\angel\OneDrive\Desktop\Kern\data\processed\features\Geologica_regular.npz,52,ok,
Geologica_500,C:\Users\angel\OneDrive\Desktop\Kern\data\processed\features\Geologica_500.npz,52,ok,
Geologica_600,C:\Users\angel\OneDrive\Desktop\Kern\data\processed\features\Geologica_600.npz,52,ok,
Geologica_700,C:\Users\angel\OneDrive\Desktop\Kern\data\processed\features\Geologica_700.npz,52,ok,
Geologica_800,C:\Users\angel\OneDrive\Desktop\Kern\data\processed\features\Geologica_800.npz,52,ok,
Geologica_900,C:\Users\angel\OneDrive\Desktop\Kern\data\processed\features\Geologica_900.npz,52,ok,
Zilla_Slab_300,C:\Users\angel\OneDrive\Desktop\Kern\data\processed\features\Zilla_Slab_300.npz,52,ok,
Zilla_Slab_300italic,C:\Users\angel\OneDrive\Desktop\Kern\data\processed\features\Zilla_Slab_300italic.npz,52,ok,
Zilla_Slab_regular,C:\Users\angel\OneDrive\Desktop\Kern\data\processed\features\Zilla_Slab_regular.npz,52,ok,
Zilla_Slab_italic,C:\Users\angel\OneDrive\Desktop\Kern\data\processed\features\Zilla_Slab_italic.npz,52,ok,
Zilla_Slab_500,C:\Users\angel\OneDrive\Desktop\Kern\data\processed\features\Zilla_Slab_500.npz,52,ok,
Zilla_Slab_500italic,C:\Users\angel\OneDrive\Desktop\Kern\data\processed\features\Zilla_Slab_500italic.npz,52,ok,
Zilla_Slab_600,C:\Users\angel\OneDrive\Desktop\Kern\data\processed\features\Zilla_Slab_600.npz,52,ok,
Zilla_Slab_600italic,C:\Users\angel\OneDrive\Desktop\Kern\data\processed\features\Zilla_Slab_600italic.npz,52,ok,
Zilla_Slab_700,C:\Users\angel\OneDrive\Desktop\Kern\data\processed\features\Zilla_Slab_700.npz,52,ok,
Zilla_Slab_700italic,C:\Users\angel\OneDrive\Desktop\Kern\data\processed\features\Zilla_Slab_700italic.npz,52,ok,
Zen_Kaku_Gothic_New_300,C:\Users\angel\OneDrive\Desktop\Kern\data\processed\features\Zen_Kaku_Gothic_New_300.npz,52,ok,
Zen_Kaku_Gothic_New_regular,C:\Users\angel\OneDrive\Desktop\Kern\data\processed\features\Zen_Kaku_Gothic_New_regular.npz,52,ok,
Zen_Kaku_Gothic_New_500,C:\Users\angel\OneDrive\Desktop\Kern\data\processed\features\Zen_Kaku_Gothic_New_500.npz,52,ok,
Zen_Kaku_Gothic_New_700,C:\Users\angel\OneDrive\Desktop\Kern\data\processed\features\Zen_Kaku_Gothic_New_700.npz,52,ok,
Zen_Kaku_Gothic_New_900,C:\Users\angel\OneDrive\Desktop\Kern\data\processed\features\Zen_Kaku_Gothic_New_900.npz,52,ok,
Domine_regular,C:\Users\angel\OneDrive\Desktop\Kern\data\processed\features\Domine_regular.npz,52,ok,
Domine_500,C:\Users\angel\OneDrive\Desktop\Kern\data\processed\features\Domine_500.npz,52,ok,
Domine_600,C:\Users\angel\OneDrive\Desktop\Kern\data\processed\features\Domine_600.npz,52,ok,
Domine_700,C:\Users\angel\OneDrive\Desktop\Kern\data\processed\features\Domine_700.npz,52,ok,
Play_regular,C:\Users\angel\OneDrive\Desktop\Kern\data\processed\features\Play_regular.npz,52,ok,
Play_700,C:\Users\angel\OneDrive\Desktop\Kern\data\processed\features\Play_700.npz,52,ok,
Questrial_regular,C:\Users\angel\OneDrive\Desktop\Kern\data\processed\features\Questrial_regular.npz,52,ok,
ABeeZee_regular,C:\Users\angel\OneDrive\Desktop\Kern\data\processed\features\ABeeZee_regular.npz,52,ok,
ABeeZee_italic,C:\Users\angel\OneDrive\Desktop\Kern\data\processed\features\ABeeZee_italic.npz,52,ok,
Shadows_Into_Light_regular,C:\Users\angel\OneDrive\Desktop\Kern\data\processed\features\Shadows_Into_Light_regular.npz,52,ok,
Varela_Round_regular,C:\Users\angel\OneDrive\Desktop\Kern\data\processed\features\Varela_Round_regular.npz,52,ok,
Albert_Sans_100,C:\Users\angel\OneDrive\Desktop\Kern\data\processed\features\Albert_Sans_100.npz,52,ok,
Albert_Sans_200,C:\Users\angel\OneDrive\Desktop\Kern\data\processed\features\Albert_Sans_200.npz,52,ok,
Albert_Sans_300,C:\Users\angel\OneDrive\Desktop\Kern\data\processed\features\Albert_Sans_300.npz,52,ok,
Albert_Sans_regular,C:\Users\angel\OneDrive\Desktop\Kern\data\processed\features\Albert_Sans_regular.npz,52,ok,
Albert_Sans_500,C:\Users\angel\OneDrive\Desktop\Kern\data\processed\features\Albert_Sans_500.npz,52,ok,
Albert_Sans_600,C:\Users\angel\OneDrive\Desktop\Kern\data\processed\features\Albert_Sans_600.npz,52,ok,
Albert_Sans_700,C:\Users\angel\OneDrive\Desktop\Kern\data\processed\features\Albert_Sans_700.npz,52,ok,
Albert_Sans_800,C:\Users\angel\OneDrive\Desktop\Kern\data\processed\features\Albert_Sans_800.npz,52,ok,
Albert_Sans_900,C:\Users\angel\OneDrive\Desktop\Kern\data\processed\features\Albert_Sans_900.npz,52,ok,
Albert_Sans_100italic,C:\Users\angel\OneDrive\Desktop\Kern\data\processed\features\Albert_Sans_100italic.npz,52,ok,
Albert_Sans_200italic,C:\Users\angel\OneDrive\Desktop\Kern\data\processed\features\Albert_Sans_200italic.npz,52,ok,
Albert_Sans_300italic,C:\Users\angel\OneDrive\Desktop\Kern\data\processed\features\Albert_Sans_300italic.npz,52,ok,
Albert_Sans_italic,C:\Users\angel\OneDrive\Desktop\Kern\data\processed\features\Albert_Sans_italic.npz,52,ok,
Albert_Sans_500italic,C:\Users\angel\OneDrive\Desktop\Kern\data\processed\features\Albert_Sans_500italic.npz,52,ok,
Albert_Sans_600italic,C:\Users\angel\OneDrive\Desktop\Kern\data\processed\features\Albert_Sans_600italic.npz,52,ok,
Albert_Sans_700italic,C:\Users\angel\OneDrive\Desktop\Kern\data\processed\features\Albert_Sans_700italic.npz,52,ok,
Albert_Sans_800italic,C:\Users\angel\OneDrive\Desktop\Kern\data\processed\features\Albert_Sans_800italic.npz,52,ok,
Albert_Sans_900italic,C:\Users\angel\OneDrive\Desktop\Kern\data\processed\features\Albert_Sans_900italic.npz,52,ok,
Alumni_Sans_100,C:\Users\angel\OneDrive\Desktop\Kern\data\processed\features\Alumni_Sans_100.npz,52,ok,
Alumni_Sans_200,C:\Users\angel\OneDrive\Desktop\Kern\data\processed\features\Alumni_Sans_200.npz,52,ok,
Alumni_Sans_300,C:\Users\angel\OneDrive\Desktop\Kern\data\processed\features\Alumni_Sans_300.npz,52,ok,
Alumni_Sans_regular,C:\Users\angel\OneDrive\Desktop\Kern\data\processed\features\Alumni_Sans_regular.npz,52,ok,
Alumni_Sans_500,C:\Users\angel\OneDrive\Desktop\Kern\data\processed\features\Alumni_Sans_500.npz,52,ok,
Alumni_Sans_600,C:\Users\angel\OneDrive\Desktop\Kern\data\processed\features\Alumni_Sans_600.npz,52,ok,
Alumni_Sans_700,C:\Users\angel\OneDrive\Desktop\Kern\data\processed\features\Alumni_Sans_700.npz,52,ok,
Alumni_Sans_800,C:\Users\angel\OneDrive\Desktop\Kern\data\processed\features\Alumni_Sans_800.npz,52,ok,
Alumni_Sans_900,C:\Users\angel\OneDrive\Desktop\Kern\data\processed\features\Alumni_Sans_900.npz,52,ok,
Alumni_Sans_100italic,C:\Users\angel\OneDrive\Desktop\Kern\data\processed\features\Alumni_Sans_100italic.npz,52,ok,
Alumni_Sans_200italic,C:\Users\angel\OneDrive\Desktop\Kern\data\processed\features\Alumni_Sans_200italic.npz,52,ok,
Alumni_Sans_300italic,C:\Users\angel\OneDrive\Desktop\Kern\data\processed\features\Alumni_Sans_300italic.npz,52,ok,
Alumni_Sans_italic,C:\Users\angel\OneDrive\Desktop\Kern\data\processed\features\Alumni_Sans_italic.npz,52,ok,
Alumni_Sans_500italic,C:\Users\angel\OneDrive\Desktop\Kern\data\processed\features\Alumni_Sans_500italic.npz,52,ok,
Alumni_Sans_600italic,C:\Users\angel\OneDrive\Desktop\Kern\data\processed\features\Alumni_Sans_600italic.npz,52,ok,
Alumni_Sans_700italic,C:\Users\angel\OneDrive\Desktop\Kern\data\processed\features\Alumni_Sans_700italic.npz,52,ok,
Alumni_Sans_800italic,C:\Users\angel\OneDrive\Desktop\Kern\data\processed\features\Alumni_Sans_800italic.npz,52,ok,
Alumni_Sans_900italic,C:\Users\angel\OneDrive\Desktop\Kern\data\processed\features\Alumni_Sans_900italic.npz,52,ok,
Kalam_300,C:\Users\angel\OneDrive\Desktop\Kern\data\processed\features\Kalam_300.npz,52,ok,
Kalam_regular,C:\Users\angel\OneDrive\Desktop\Kern\data\processed\features\Kalam_regular.npz,52,ok,
Kalam_700,C:\Users\angel\OneDrive\Desktop\Kern\data\processed\features\Kalam_700.npz,52,ok,
Rethink_Sans_regular,C:\Users\angel\OneDrive\Desktop\Kern\data\processed\features\Rethink_Sans_regular.npz,52,ok,
Rethink_Sans_500,C:\Users\angel\OneDrive\Desktop\Kern\data\processed\features\Rethink_Sans_500.npz,52,ok,
Rethink_Sans_600,C:\Users\angel\OneDrive\Desktop\Kern\data\processed\features\Rethink_Sans_600.npz,52,ok,
Rethink_Sans_700,C:\Users\angel\OneDrive\Desktop\Kern\data\processed\features\Rethink_Sans_700.npz,52,ok,
Rethink_Sans_800,C:\Users\angel\OneDrive\Desktop\Kern\data\processed\features\Rethink_Sans_800.npz,52,ok,
Rethink_Sans_italic,C:\Users\angel\OneDrive\Desktop\Kern\data\processed\features\Rethink_Sans_italic.npz,52,ok,
Rethink_Sans_500italic,C:\Users\angel\OneDrive\Desktop\Kern\data\processed\features\Rethink_Sans_500italic.npz,52,ok,
Rethink_Sans_600italic,C:\Users\angel\OneDrive\Desktop\Kern\data\processed\features\Rethink_Sans_600italic.npz,52,ok,
Rethink_Sans_700italic,C:\Users\angel\OneDrive\Desktop\Kern\data\processed\features\Rethink_Sans_700italic.npz,52,ok,
Rethink_Sans_800italic,C:\Users\angel\OneDrive\Desktop\Kern\data\processed\features\Rethink_Sans_800italic.npz,52,ok,
IBM_Plex_Serif_100,C:\Users\angel\OneDrive\Desktop\Kern\data\processed\features\IBM_Plex_Serif_100.npz,52,ok,
IBM_Plex_Serif_100italic,C:\Users\angel\OneDrive\Desktop\Kern\data\processed\features\IBM_Plex_Serif_100italic.npz,52,ok,
IBM_Plex_Serif_200,C:\Users\angel\OneDrive\Desktop\Kern\data\processed\features\IBM_Plex_Serif_200.npz,52,ok,
IBM_Plex_Serif_200italic,C:\Users\angel\OneDrive\Desktop\Kern\data\processed\features\IBM_Plex_Serif_200italic.npz,52,ok,
IBM_Plex_Serif_300,C:\Users\angel\OneDrive\Desktop\Kern\data\processed\features\IBM_Plex_Serif_300.npz,52,ok,
IBM_Plex_Serif_300italic,C:\Users\angel\OneDrive\Desktop\Kern\data\processed\features\IBM_Plex_Serif_300italic.npz,52,ok,
IBM_Plex_Serif_regular,C:\Users\angel\OneDrive\Desktop\Kern\data\processed\features\IBM_Plex_Serif_regular.npz,52,ok,
IBM_Plex_Serif_italic,C:\Users\angel\OneDrive\Desktop\Kern\data\processed\features\IBM_Plex_Serif_italic.npz,52,ok,
IBM_Plex_Serif_500,C:\Users\angel\OneDrive\Desktop\Kern\data\processed\features\IBM_Plex_Serif_500.npz,52,ok,
IBM_Plex_Serif_500italic,C:\Users\angel\OneDrive\Desktop\Kern\data\processed\features\IBM_Plex_Serif_500italic.npz,52,ok,
IBM_Plex_Serif_600,C:\Users\angel\OneDrive\Desktop\Kern\data\processed\features\IBM_Plex_Serif_600.npz,52,ok,
IBM_Plex_Serif_600italic,C:\Users\angel\OneDrive\Desktop\Kern\data\processed\features\IBM_Plex_Serif_600italic.npz,52,ok,
IBM_Plex_Serif_700,C:\Users\angel\OneDrive\Desktop\Kern\data\processed\features\IBM_Plex_Serif_700.npz,52,ok,
IBM_Plex_Serif_700italic,C:\Users\angel\OneDrive\Desktop\Kern\data\processed\features\IBM_Plex_Serif_700italic.npz,52,ok,
Satisfy_regular,C:\Users\angel\OneDrive\Desktop\Kern\data\processed\features\Satisfy_regular.npz,52,ok,
Nanum_Myeongjo_regular,C:\Users\angel\OneDrive\Desktop\Kern\data\processed\features\Nanum_Myeongjo_regular.npz,52,ok,
Nanum_Myeongjo_700,C:\Users\angel\OneDrive\Desktop\Kern\data\processed\features\Nanum_Myeongjo_700.npz,52,ok,
Nanum_Myeongjo_800,C:\Users\angel\OneDrive\Desktop\Kern\data\processed\features\Nanum_Myeongjo_800.npz,52,ok,
Archivo_Narrow_regular,C:\Users\angel\OneDrive\Desktop\Kern\data\processed\features\Archivo_Narrow_regular.npz,52,ok,
Archivo_Narrow_500,C:\Users\angel\OneDrive\Desktop\Kern\data\processed\features\Archivo_Narrow_500.npz,52,ok,
Archivo_Narrow_600,C:\Users\angel\OneDrive\Desktop\Kern\data\processed\features\Archivo_Narrow_600.npz,52,ok,
Archivo_Narrow_700,C:\Users\angel\OneDrive\Desktop\Kern\data\processed\features\Archivo_Narrow_700.npz,52,ok,
Archivo_Narrow_italic,C:\Users\angel\OneDrive\Desktop\Kern\data\processed\features\Archivo_Narrow_italic.npz,52,ok,
Archivo_Narrow_500italic,C:\Users\angel\OneDrive\Desktop\Kern\data\processed\features\Archivo_Narrow_500italic.npz,52,ok,
Archivo_Narrow_600italic,C:\Users\angel\OneDrive\Desktop\Kern\data\processed\features\Archivo_Narrow_600italic.npz,52,ok,
Archivo_Narrow_700italic,C:\Users\angel\OneDrive\Desktop\Kern\data\processed\features\Archivo_Narrow_700italic.npz,52,ok,
Marcellus_regular,C:\Users\angel\OneDrive\Desktop\Kern\data\processed\features\Marcellus_regular.npz,52,ok,
Be_Vietnam_Pro_100,C:\Users\angel\OneDrive\Desktop\Kern\data\processed\features\Be_Vietnam_Pro_100.npz,52,ok,
Be_Vietnam_Pro_100italic,C:\Users\angel\OneDrive\Desktop\Kern\data\processed\features\Be_Vietnam_Pro_100italic.npz,52,ok,
Be_Vietnam_Pro_200,C:\Users\angel\OneDrive\Desktop\Kern\data\processed\features\Be_Vietnam_Pro_200.npz,52,ok,
Be_Vietnam_Pro_200italic,C:\Users\angel\OneDrive\Desktop\Kern\data\processed\features\Be_Vietnam_Pro_200italic.npz,52,ok,
Be_Vietnam_Pro_300,C:\Users\angel\OneDrive\Desktop\Kern\data\processed\features\Be_Vietnam_Pro_300.npz,52,ok,
Be_Vietnam_Pro_300italic,C:\Users\angel\OneDrive\Desktop\Kern\data\processed\features\Be_Vietnam_Pro_300italic.npz,52,ok,
Be_Vietnam_Pro_regular,C:\Users\angel\OneDrive\Desktop\Kern\data\processed\features\Be_Vietnam_Pro_regular.npz,52,ok,
Be_Vietnam_Pro_italic,C:\Users\angel\OneDrive\Desktop\Kern\data\processed\features\Be_Vietnam_Pro_italic.npz,52,ok,
Be_Vietnam_Pro_500,C:\Users\angel\OneDrive\Desktop\Kern\data\processed\features\Be_Vietnam_Pro_500.npz,52,ok,
Be_Vietnam_Pro_500italic,C:\Users\angel\OneDrive\Desktop\Kern\data\processed\features\Be_Vietnam_Pro_500italic.npz,52,ok,
Be_Vietnam_Pro_600,C:\Users\angel\OneDrive\Desktop\Kern\data\processed\features\Be_Vietnam_Pro_600.npz,52,ok,
Be_Vietnam_Pro_600italic,C:\Users\angel\OneDrive\Desktop\Kern\data\processed\features\Be_Vietnam_Pro_600italic.npz,52,ok,
Be_Vietnam_Pro_700,C:\Users\angel\OneDrive\Desktop\Kern\data\processed\features\Be_Vietnam_Pro_700.npz,52,ok,
Be_Vietnam_Pro_700italic,C:\Users\angel\OneDrive\Desktop\Kern\data\processed\features\Be_Vietnam_Pro_700italic.npz,52,ok,
Be_Vietnam_Pro_800,C:\Users\angel\OneDrive\Desktop\Kern\data\processed\features\Be_Vietnam_Pro_800.npz,52,ok,
Be_Vietnam_Pro_800italic,C:\Users\angel\OneDrive\Desktop\Kern\data\processed\features\Be_Vietnam_Pro_800italic.npz,52,ok,
Be_Vietnam_Pro_900,C:\Users\angel\OneDrive\Desktop\Kern\data\processed\features\Be_Vietnam_Pro_900.npz,52,ok,
Be_Vietnam_Pro_900italic,C:\Users\angel\OneDrive\Desktop\Kern\data\processed\features\Be_Vietnam_Pro_900italic.npz,52,ok,
Gravitas_One_regular,C:\Users\angel\OneDrive\Desktop\Kern\data\processed\features\Gravitas_One_regular.npz,52,ok,
Epilogue_100,C:\Users\angel\OneDrive\Desktop\Kern\data\processed\features\Epilogue_100.npz,52,ok,
Epilogue_200,C:\Users\angel\OneDrive\Desktop\Kern\data\processed\features\Epilogue_200.npz,52,ok,
Epilogue_300,C:\Users\angel\OneDrive\Desktop\Kern\data\processed\features\Epilogue_300.npz,52,ok,
Epilogue_regular,C:\Users\angel\OneDrive\Desktop\Kern\data\processed\features\Epilogue_regular.npz,52,ok,
Epilogue_500,C:\Users\angel\OneDrive\Desktop\Kern\data\processed\features\Epilogue_500.npz,52,ok,
Epilogue_600,C:\Users\angel\OneDrive\Desktop\Kern\data\processed\features\Epilogue_600.npz,52,ok,
Epilogue_700,C:\Users\angel\OneDrive\Desktop\Kern\data\processed\features\Epilogue_700.npz,52,ok,
Epilogue_800,C:\Users\angel\OneDrive\Desktop\Kern\data\processed\features\Epilogue_800.npz,52,ok,
Epilogue_900,C:\Users\angel\OneDrive\Desktop\Kern\data\processed\features\Epilogue_900.npz,52,ok,
Epilogue_100italic,C:\Users\angel\OneDrive\Desktop\Kern\data\processed\features\Epilogue_100italic.npz,52,ok,
Epilogue_200italic,C:\Users\angel\OneDrive\Desktop\Kern\data\processed\features\Epilogue_200italic.npz,52,ok,
Epilogue_300italic,C:\Users\angel\OneDrive\Desktop\Kern\data\processed\features\Epilogue_300italic.npz,52,ok,
Epilogue_italic,C:\Users\angel\OneDrive\Desktop\Kern\data\processed\features\Epilogue_italic.npz,52,ok,
Epilogue_500italic,C:\Users\angel\OneDrive\Desktop\Kern\data\processed\features\Epilogue_500italic.npz,52,ok,
Epilogue_600italic,C:\Users\angel\OneDrive\Desktop\Kern\data\processed\features\Epilogue_600italic.npz,52,ok,
Epilogue_700italic,C:\Users\angel\OneDrive\Desktop\Kern\data\processed\features\Epilogue_700italic.npz,52,ok,
Epilogue_800italic,C:\Users\angel\OneDrive\Desktop\Kern\data\processed\features\Epilogue_800italic.npz,52,ok,
Epilogue_900italic,C:\Users\angel\OneDrive\Desktop\Kern\data\processed\features\Epilogue_900italic.npz,52,ok,
Exo_100,C:\Users\angel\OneDrive\Desktop\Kern\data\processed\features\Exo_100.npz,52,ok,
Exo_200,C:\Users\angel\OneDrive\Desktop\Kern\data\processed\features\Exo_200.npz,52,ok,
Exo_300,C:\Users\angel\OneDrive\Desktop\Kern\data\processed\features\Exo_300.npz,52,ok,
Exo_regular,C:\Users\angel\OneDrive\Desktop\Kern\data\processed\features\Exo_regular.npz,52,ok,
Exo_500,C:\Users\angel\OneDrive\Desktop\Kern\data\processed\features\Exo_500.npz,52,ok,
Exo_600,C:\Users\angel\OneDrive\Desktop\Kern\data\processed\features\Exo_600.npz,52,ok,
Exo_700,C:\Users\angel\OneDrive\Desktop\Kern\data\processed\features\Exo_700.npz,52,ok,
Exo_800,C:\Users\angel\OneDrive\Desktop\Kern\data\processed\features\Exo_800.npz,52,ok,
Exo_900,C:\Users\angel\OneDrive\Desktop\Kern\data\processed\features\Exo_900.npz,52,ok,
Exo_100italic,C:\Users\angel\OneDrive\Desktop\Kern\data\processed\features\Exo_100italic.npz,52,ok,
Exo_200italic,C:\Users\angel\OneDrive\Desktop\Kern\data\processed\features\Exo_200italic.npz,52,ok,
Exo_300italic,C:\Users\angel\OneDrive\Desktop\Kern\data\processed\features\Exo_300italic.npz,52,ok,
Exo_italic,C:\Users\angel\OneDrive\Desktop\Kern\data\processed\features\Exo_italic.npz,52,ok,
Exo_500italic,C:\Users\angel\OneDrive\Desktop\Kern\data\processed\features\Exo_500italic.npz,52,ok,
Exo_600italic,C:\Users\angel\OneDrive\Desktop\Kern\data\processed\features\Exo_600italic.npz,52,ok,
Exo_700italic,C:\Users\angel\OneDrive\Desktop\Kern\data\processed\features\Exo_700italic.npz,52,ok,
Exo_800italic,C:\Users\angel\OneDrive\Desktop\Kern\data\processed\features\Exo_800italic.npz,52,ok,
Exo_900italic,C:\Users\angel\OneDrive\Desktop\Kern\data\processed\features\Exo_900italic.npz,52,ok,
Great_Vibes_regular,C:\Users\angel\OneDrive\Desktop\Kern\data\processed\features\Great_Vibes_regular.npz,52,ok,
IBM_Plex_Sans_Arabic_100,C:\Users\angel\OneDrive\Desktop\Kern\data\processed\features\IBM_Plex_Sans_Arabic_100.npz,52,ok,
IBM_Plex_Sans_Arabic_200,C:\Users\angel\OneDrive\Desktop\Kern\data\processed\features\IBM_Plex_Sans_Arabic_200.npz,52,ok,
IBM_Plex_Sans_Arabic_300,C:\Users\angel\OneDrive\Desktop\Kern\data\processed\features\IBM_Plex_Sans_Arabic_300.npz,52,ok,
IBM_Plex_Sans_Arabic_regular,C:\Users\angel\OneDrive\Desktop\Kern\data\processed\features\IBM_Plex_Sans_Arabic_regular.npz,52,ok,
IBM_Plex_Sans_Arabic_500,C:\Users\angel\OneDrive\Desktop\Kern\data\processed\features\IBM_Plex_Sans_Arabic_500.npz,52,ok,
IBM_Plex_Sans_Arabic_600,C:\Users\angel\OneDrive\Desktop\Kern\data\processed\features\IBM_Plex_Sans_Arabic_600.npz,52,ok,
IBM_Plex_Sans_Arabic_700,C:\Users\angel\OneDrive\Desktop\Kern\data\processed\features\IBM_Plex_Sans_Arabic_700.npz,52,ok,
Onest_100,C:\Users\angel\OneDrive\Desktop\Kern\data\processed\features\Onest_100.npz,52,ok,
Onest_200,C:\Users\angel\OneDrive\Desktop\Kern\data\processed\features\Onest_200.npz,52,ok,
Onest_300,C:\Users\angel\OneDrive\Desktop\Kern\data\processed\features\Onest_300.npz,52,ok,
Onest_regular,C:\Users\angel\OneDrive\Desktop\Kern\data\processed\features\Onest_regular.npz,52,ok,
Onest_500,C:\Users\angel\OneDrive\Desktop\Kern\data\processed\features\Onest_500.npz,52,ok,
Onest_600,C:\Users\angel\OneDrive\Desktop\Kern\data\processed\features\Onest_600.npz,52,ok,
Onest_700,C:\Users\angel\OneDrive\Desktop\Kern\data\processed\features\Onest_700.npz,52,ok,
Onest_800,C:\Users\angel\OneDrive\Desktop\Kern\data\processed\features\Onest_800.npz,52,ok,
Onest_900,C:\Users\angel\OneDrive\Desktop\Kern\data\processed\features\Onest_900.npz,52,ok,
Unbounded_200,C:\Users\angel\OneDrive\Desktop\Kern\data\processed\features\Unbounded_200.npz,52,ok,
Unbounded_300,C:\Users\angel\OneDrive\Desktop\Kern\data\processed\features\Unbounded_300.npz,52,ok,
Unbounded_regular,C:\Users\angel\OneDrive\Desktop\Kern\data\processed\features\Unbounded_regular.npz,52,ok,
Unbounded_500,C:\Users\angel\OneDrive\Desktop\Kern\data\processed\features\Unbounded_500.npz,52,ok,
Unbounded_600,C:\Users\angel\OneDrive\Desktop\Kern\data\processed\features\Unbounded_600.npz,52,ok,
Unbounded_700,C:\Users\angel\OneDrive\Desktop\Kern\data\processed\features\Unbounded_700.npz,52,ok,
Unbounded_800,C:\Users\angel\OneDrive\Desktop\Kern\data\processed\features\Unbounded_800.npz,52,ok,
Unbounded_900,C:\Users\angel\OneDrive\Desktop\Kern\data\processed\features\Unbounded_900.npz,52,ok,
League_Spartan_100,C:\Users\angel\OneDrive\Desktop\Kern\data\processed\features\League_Spartan_100.npz,52,ok,
League_Spartan_200,C:\Users\angel\OneDrive\Desktop\Kern\data\processed\features\League_Spartan_200.npz,52,ok,
League_Spartan_300,C:\Users\angel\OneDrive\Desktop\Kern\data\processed\features\League_Spartan_300.npz,52,ok,
League_Spartan_regular,C:\Users\angel\OneDrive\Desktop\Kern\data\processed\features\League_Spartan_regular.npz,52,ok,
League_Spartan_500,C:\Users\angel\OneDrive\Desktop\Kern\data\processed\features\League_Spartan_500.npz,52,ok,
League_Spartan_600,C:\Users\angel\OneDrive\Desktop\Kern\data\processed\features\League_Spartan_600.npz,52,ok,
League_Spartan_700,C:\Users\angel\OneDrive\Desktop\Kern\data\processed\features\League_Spartan_700.npz,52,ok,
League_Spartan_800,C:\Users\angel\OneDrive\Desktop\Kern\data\processed\features\League_Spartan_800.npz,52,ok,
League_Spartan_900,C:\Users\angel\OneDrive\Desktop\Kern\data\processed\features\League_Spartan_900.npz,52,ok,
Cormorant_300,C:\Users\angel\OneDrive\Desktop\Kern\data\processed\features\Cormorant_300.npz,52,ok,
Cormorant_regular,C:\Users\angel\OneDrive\Desktop\Kern\data\processed\features\Cormorant_regular.npz,52,ok,
Cormorant_500,C:\Users\angel\OneDrive\Desktop\Kern\data\processed\features\Cormorant_500.npz,52,ok,
Cormorant_600,C:\Users\angel\OneDrive\Desktop\Kern\data\processed\features\Cormorant_600.npz,52,ok,
Cormorant_700,C:\Users\angel\OneDrive\Desktop\Kern\data\processed\features\Cormorant_700.npz,52,ok,
Cormorant_300italic,C:\Users\angel\OneDrive\Desktop\Kern\data\processed\features\Cormorant_300italic.npz,52,ok,
Cormorant_italic,C:\Users\angel\OneDrive\Desktop\Kern\data\processed\features\Cormorant_italic.npz,52,ok,
Cormorant_500italic,C:\Users\angel\OneDrive\Desktop\Kern\data\processed\features\Cormorant_500italic.npz,52,ok,
Cormorant_600italic,C:\Users\angel\OneDrive\Desktop\Kern\data\processed\features\Cormorant_600italic.npz,52,ok,
Cormorant_700italic,C:\Users\angel\OneDrive\Desktop\Kern\data\processed\features\Cormorant_700italic.npz,52,ok,
Spectral_200,C:\Users\angel\OneDrive\Desktop\Kern\data\processed\features\Spectral_200.npz,52,ok,
Spectral_200italic,C:\Users\angel\OneDrive\Desktop\Kern\data\processed\features\Spectral_200italic.npz,52,ok,
Spectral_300,C:\Users\angel\OneDrive\Desktop\Kern\data\processed\features\Spectral_300.npz,52,ok,
Spectral_300italic,C:\Users\angel\OneDrive\Desktop\Kern\data\processed\features\Spectral_300italic.npz,52,ok,
Spectral_regular,C:\Users\angel\OneDrive\Desktop\Kern\data\processed\features\Spectral_regular.npz,52,ok,
Spectral_italic,C:\Users\angel\OneDrive\Desktop\Kern\data\processed\features\Spectral_italic.npz,52,ok,
Spectral_500,C:\Users\angel\OneDrive\Desktop\Kern\data\processed\features\Spectral_500.npz,52,ok,
Spectral_500italic,C:\Users\angel\OneDrive\Desktop\Kern\data\processed\features\Spectral_500italic.npz,52,ok,
Spectral_600,C:\Users\angel\OneDrive\Desktop\Kern\data\processed\features\Spectral_600.npz,52,ok,
Spectral_600italic,C:\Users\angel\OneDrive\Desktop\Kern\data\processed\features\Spectral_600italic.npz,52,ok,
Spectral_700,C:\Users\angel\OneDrive\Desktop\Kern\data\processed\features\Spectral_700.npz,52,ok,
Spectral_700italic,C:\Users\angel\OneDrive\Desktop\Kern\data\processed\features\Spectral_700italic.npz,52,ok,
Spectral_800,C:\Users\angel\OneDrive\Desktop\Kern\data\processed\features\Spectral_800.npz,52,ok,
Spectral_800italic,C:\Users\angel\OneDrive\Desktop\Kern\data\processed\features\Spectral_800italic.npz,52,ok,
Frank_Ruhl_Libre_300,C:\Users\angel\OneDrive\Desktop\Kern\data\processed\features\Frank_Ruhl_Libre_300.npz,52,ok,
Frank_Ruhl_Libre_regular,C:\Users\angel\OneDrive\Desktop\Kern\data\processed\features\Frank_Ruhl_Libre_regular.npz,52,ok,
Frank_Ruhl_Libre_500,C:\Users\angel\OneDrive\Desktop\Kern\data\processed\features\Frank_Ruhl_Libre_500.npz,52,ok,
Frank_Ruhl_Libre_600,C:\Users\angel\OneDrive\Desktop\Kern\data\processed\features\Frank_Ruhl_Libre_600.npz,52,ok,
Frank_Ruhl_Libre_700,C:\Users\angel\OneDrive\Desktop\Kern\data\processed\features\Frank_Ruhl_Libre_700.npz,52,ok,
Frank_Ruhl_Libre_800,C:\Users\angel\OneDrive\Desktop\Kern\data\processed\features\Frank_Ruhl_Libre_800.npz,52,ok,
Frank_Ruhl_Libre_900,C:\Users\angel\OneDrive\Desktop\Kern\data\processed\features\Frank_Ruhl_Libre_900.npz,52,ok,
Syne_regular,C:\Users\angel\OneDrive\Desktop\Kern\data\processed\features\Syne_regular.npz,52,ok,
Syne_500,C:\Users\angel\OneDrive\Desktop\Kern\data\processed\features\Syne_500.npz,52,ok,
Syne_600,C:\Users\angel\OneDrive\Desktop\Kern\data\processed\features\Syne_600.npz,52,ok,
Syne_700,C:\Users\angel\OneDrive\Desktop\Kern\data\processed\features\Syne_700.npz,52,ok,
Syne_800,C:\Users\angel\OneDrive\Desktop\Kern\data\processed\features\Syne_800.npz,52,ok,
Indie_Flower_regular,C:\Users\angel\OneDrive\Desktop\Kern\data\processed\features\Indie_Flower_regular.npz,52,ok,
Noto_Serif_KR_200,C:\Users\angel\OneDrive\Desktop\Kern\data\processed\features\Noto_Serif_KR_200.npz,52,ok,
Noto_Serif_KR_300,C:\Users\angel\OneDrive\Desktop\Kern\data\processed\features\Noto_Serif_KR_300.npz,52,ok,
Noto_Serif_KR_regular,C:\Users\angel\OneDrive\Desktop\Kern\data\processed\features\Noto_Serif_KR_regular.npz,52,ok,
Noto_Serif_KR_500,C:\Users\angel\OneDrive\Desktop\Kern\data\processed\features\Noto_Serif_KR_500.npz,52,ok,
Noto_Serif_KR_600,C:\Users\angel\OneDrive\Desktop\Kern\data\processed\features\Noto_Serif_KR_600.npz,52,ok,
Noto_Serif_KR_700,C:\Users\angel\OneDrive\Desktop\Kern\data\processed\features\Noto_Serif_KR_700.npz,52,ok,
Noto_Serif_KR_800,C:\Users\angel\OneDrive\Desktop\Kern\data\processed\features\Noto_Serif_KR_800.npz,52,ok,
Noto_Serif_KR_900,C:\Users\angel\OneDrive\Desktop\Kern\data\processed\features\Noto_Serif_KR_900.npz,52,ok,
Sarabun_100,C:\Users\angel\OneDrive\Desktop\Kern\data\processed\features\Sarabun_100.npz,52,ok,
Sarabun_100italic,C:\Users\angel\OneDrive\Desktop\Kern\data\processed\features\Sarabun_100italic.npz,52,ok,
Sarabun_200,C:\Users\angel\OneDrive\Desktop\Kern\data\processed\features\Sarabun_200.npz,52,ok,
Sarabun_200italic,C:\Users\angel\OneDrive\Desktop\Kern\data\processed\features\Sarabun_200italic.npz,52,ok,
Sarabun_300,C:\Users\angel\OneDrive\Desktop\Kern\data\processed\features\Sarabun_300.npz,52,ok,
Sarabun_300italic,C:\Users\angel\OneDrive\Desktop\Kern\data\processed\features\Sarabun_300italic.npz,52,ok,
Sarabun_regular,C:\Users\angel\OneDrive\Desktop\Kern\data\processed\features\Sarabun_regular.npz,52,ok,
Sarabun_italic,C:\Users\angel\OneDrive\Desktop\Kern\data\processed\features\Sarabun_italic.npz,52,ok,
Sarabun_500,C:\Users\angel\OneDrive\Desktop\Kern\data\processed\features\Sarabun_500.npz,52,ok,
Sarabun_500italic,C:\Users\angel\OneDrive\Desktop\Kern\data\processed\features\Sarabun_500italic.npz,52,ok,
Sarabun_600,C:\Users\angel\OneDrive\Desktop\Kern\data\processed\features\Sarabun_600.npz,52,ok,
Sarabun_600italic,C:\Users\angel\OneDrive\Desktop\Kern\data\processed\features\Sarabun_600italic.npz,52,ok,
Sarabun_700,C:\Users\angel\OneDrive\Desktop\Kern\data\processed\features\Sarabun_700.npz,52,ok,
Sarabun_700italic,C:\Users\angel\OneDrive\Desktop\Kern\data\processed\features\Sarabun_700italic.npz,52,ok,
Sarabun_800,C:\Users\angel\OneDrive\Desktop\Kern\data\processed\features\Sarabun_800.npz,52,ok,
Sarabun_800italic,C:\Users\angel\OneDrive\Desktop\Kern\data\processed\features\Sarabun_800italic.npz,52,ok,
Noto_Serif_TC_200,C:\Users\angel\OneDrive\Desktop\Kern\data\processed\features\Noto_Serif_TC_200.npz,52,ok,
Noto_Serif_TC_300,C:\Users\angel\OneDrive\Desktop\Kern\data\processed\features\Noto_Serif_TC_300.npz,52,ok,
Noto_Serif_TC_regular,C:\Users\angel\OneDrive\Desktop\Kern\data\processed\features\Noto_Serif_TC_regular.npz,52,ok,
Noto_Serif_TC_500,C:\Users\angel\OneDrive\Desktop\Kern\data\processed\features\Noto_Serif_TC_500.npz,52,ok,
Noto_Serif_TC_600,C:\Users\angel\OneDrive\Desktop\Kern\data\processed\features\Noto_Serif_TC_600.npz,52,ok,
Noto_Serif_TC_700,C:\Users\angel\OneDrive\Desktop\Kern\data\processed\features\Noto_Serif_TC_700.npz,52,ok,
Noto_Serif_TC_800,C:\Users\angel\OneDrive\Desktop\Kern\data\processed\features\Noto_Serif_TC_800.npz,52,ok,
Noto_Serif_TC_900,C:\Users\angel\OneDrive\Desktop\Kern\data\processed\features\Noto_Serif_TC_900.npz,52,ok,
Zen_Maru_Gothic_300,C:\Users\angel\OneDrive\Desktop\Kern\data\processed\features\Zen_Maru_Gothic_300.npz,52,ok,
Zen_Maru_Gothic_regular,C:\Users\angel\OneDrive\Desktop\Kern\data\processed\features\Zen_Maru_Gothic_regular.npz,52,ok,
Zen_Maru_Gothic_500,C:\Users\angel\OneDrive\Desktop\Kern\data\processed\features\Zen_Maru_Gothic_500.npz,52,ok,
Zen_Maru_Gothic_700,C:\Users\angel\OneDrive\Desktop\Kern\data\processed\features\Zen_Maru_Gothic_700.npz,52,ok,
Zen_Maru_Gothic_900,C:\Users\angel\OneDrive\Desktop\Kern\data\processed\features\Zen_Maru_Gothic_900.npz,52,ok,
Permanent_Marker_regular,C:\Users\angel\OneDrive\Desktop\Kern\data\processed\features\Permanent_Marker_regular.npz,52,ok,
Noto_Serif_SC_200,C:\Users\angel\OneDrive\Desktop\Kern\data\processed\features\Noto_Serif_SC_200.npz,52,ok,
Noto_Serif_SC_300,C:\Users\angel\OneDrive\Desktop\Kern\data\processed\features\Noto_Serif_SC_300.npz,52,ok,
Noto_Serif_SC_regular,C:\Users\angel\OneDrive\Desktop\Kern\data\processed\features\Noto_Serif_SC_regular.npz,52,ok,
Noto_Serif_SC_500,C:\Users\angel\OneDrive\Desktop\Kern\data\processed\features\Noto_Serif_SC_500.npz,52,ok,
Noto_Serif_SC_600,C:\Users\angel\OneDrive\Desktop\Kern\data\processed\features\Noto_Serif_SC_600.npz,52,ok,
Noto_Serif_SC_700,C:\Users\angel\OneDrive\Desktop\Kern\data\processed\features\Noto_Serif_SC_700.npz,52,ok,
Noto_Serif_SC_800,C:\Users\angel\OneDrive\Desktop\Kern\data\processed\features\Noto_Serif_SC_800.npz,52,ok,
Noto_Serif_SC_900,C:\Users\angel\OneDrive\Desktop\Kern\data\processed\features\Noto_Serif_SC_900.npz,52,ok,
Yanone_Kaffeesatz_200,C:\Users\angel\OneDrive\Desktop\Kern\data\processed\features\Yanone_Kaffeesatz_200.npz,52,ok,
Yanone_Kaffeesatz_300,C:\Users\angel\OneDrive\Desktop\Kern\data\processed\features\Yanone_Kaffeesatz_300.npz,52,ok,
Yanone_Kaffeesatz_regular,C:\Users\angel\OneDrive\Desktop\Kern\data\processed\features\Yanone_Kaffeesatz_regular.npz,52,ok,
Yanone_Kaffeesatz_500,C:\Users\angel\OneDrive\Desktop\Kern\data\processed\features\Yanone_Kaffeesatz_500.npz,52,ok,
Yanone_Kaffeesatz_600,C:\Users\angel\OneDrive\Desktop\Kern\data\processed\features\Yanone_Kaffeesatz_600.npz,52,ok,
Yanone_Kaffeesatz_700,C:\Users\angel\OneDrive\Desktop\Kern\data\processed\features\Yanone_Kaffeesatz_700.npz,52,ok,
Roboto_Serif_100,C:\Users\angel\OneDrive\Desktop\Kern\data\processed\features\Roboto_Serif_100.npz,52,ok,
Roboto_Serif_200,C:\Users\angel\OneDrive\Desktop\Kern\data\processed\features\Roboto_Serif_200.npz,52,ok,
Roboto_Serif_300,C:\Users\angel\OneDrive\Desktop\Kern\data\processed\features\Roboto_Serif_300.npz,52,ok,
Roboto_Serif_regular,C:\Users\angel\OneDrive\Desktop\Kern\data\processed\features\Roboto_Serif_regular.npz,52,ok,
Roboto_Serif_500,C:\Users\angel\OneDrive\Desktop\Kern\data\processed\features\Roboto_Serif_500.npz,52,ok,
Roboto_Serif_600,C:\Users\angel\OneDrive\Desktop\Kern\data\processed\features\Roboto_Serif_600.npz,52,ok,
Roboto_Serif_700,C:\Users\angel\OneDrive\Desktop\Kern\data\processed\features\Roboto_Serif_700.npz,52,ok,
Roboto_Serif_800,C:\Users\angel\OneDrive\Desktop\Kern\data\processed\features\Roboto_Serif_800.npz,52,ok,
Roboto_Serif_900,C:\Users\angel\OneDrive\Desktop\Kern\data\processed\features\Roboto_Serif_900.npz,52,ok,
Roboto_Serif_100italic,C:\Users\angel\OneDrive\Desktop\Kern\data\processed\features\Roboto_Serif_100italic.npz,52,ok,
Roboto_Serif_200italic,C:\Users\angel\OneDrive\Desktop\Kern\data\processed\features\Roboto_Serif_200italic.npz,52,ok,
Roboto_Serif_300italic,C:\Users\angel\OneDrive\Desktop\Kern\data\processed\features\Roboto_Serif_300italic.npz,52,ok,
Roboto_Serif_italic,C:\Users\angel\OneDrive\Desktop\Kern\data\processed\features\Roboto_Serif_italic.npz,52,ok,
Roboto_Serif_500italic,C:\Users\angel\OneDrive\Desktop\Kern\data\processed\features\Roboto_Serif_500italic.npz,52,ok,
Roboto_Serif_600italic,C:\Users\angel\OneDrive\Desktop\Kern\data\processed\features\Roboto_Serif_600italic.npz,52,ok,
Roboto_Serif_700italic,C:\Users\angel\OneDrive\Desktop\Kern\data\processed\features\Roboto_Serif_700italic.npz,52,ok,
Roboto_Serif_800italic,C:\Users\angel\OneDrive\Desktop\Kern\data\processed\features\Roboto_Serif_800italic.npz,52,ok,
Roboto_Serif_900italic,C:\Users\angel\OneDrive\Desktop\Kern\data\processed\features\Roboto_Serif_900italic.npz,52,ok,
Crimson_Pro_200,C:\Users\angel\OneDrive\Desktop\Kern\data\processed\features\Crimson_Pro_200.npz,52,ok,
Crimson_Pro_300,C:\Users\angel\OneDrive\Desktop\Kern\data\processed\features\Crimson_Pro_300.npz,52,ok,
Crimson_Pro_regular,C:\Users\angel\OneDrive\Desktop\Kern\data\processed\features\Crimson_Pro_regular.npz,52,ok,
Crimson_Pro_500,C:\Users\angel\OneDrive\Desktop\Kern\data\processed\features\Crimson_Pro_500.npz,52,ok,
Crimson_Pro_600,C:\Users\angel\OneDrive\Desktop\Kern\data\processed\features\Crimson_Pro_600.npz,52,ok,
Crimson_Pro_700,C:\Users\angel\OneDrive\Desktop\Kern\data\processed\features\Crimson_Pro_700.npz,52,ok,
Crimson_Pro_800,C:\Users\angel\OneDrive\Desktop\Kern\data\processed\features\Crimson_Pro_800.npz,52,ok,
Crimson_Pro_900,C:\Users\angel\OneDrive\Desktop\Kern\data\processed\features\Crimson_Pro_900.npz,52,ok,
Crimson_Pro_200italic,C:\Users\angel\OneDrive\Desktop\Kern\data\processed\features\Crimson_Pro_200italic.npz,52,ok,
Crimson_Pro_300italic,C:\Users\angel\OneDrive\Desktop\Kern\data\processed\features\Crimson_Pro_300italic.npz,52,ok,
Crimson_Pro_italic,C:\Users\angel\OneDrive\Desktop\Kern\data\processed\features\Crimson_Pro_italic.npz,52,ok,
Crimson_Pro_500italic,C:\Users\angel\OneDrive\Desktop\Kern\data\processed\features\Crimson_Pro_500italic.npz,52,ok,
Crimson_Pro_600italic,C:\Users\angel\OneDrive\Desktop\Kern\data\processed\features\Crimson_Pro_600italic.npz,52,ok,
Crimson_Pro_700italic,C:\Users\angel\OneDrive\Desktop\Kern\data\processed\features\Crimson_Pro_700italic.npz,52,ok,
Crimson_Pro_800italic,C:\Users\angel\OneDrive\Desktop\Kern\data\processed\features\Crimson_Pro_800italic.npz,52,ok,
Crimson_Pro_900italic,C:\Users\angel\OneDrive\Desktop\Kern\data\processed\features\Crimson_Pro_900italic.npz,52,ok,
Saira_Condensed_100,C:\Users\angel\OneDrive\Desktop\Kern\data\processed\features\Saira_Condensed_100.npz,52,ok,
Saira_Condensed_200,C:\Users\angel\OneDrive\Desktop\Kern\data\processed\features\Saira_Condensed_200.npz,52,ok,
Saira_Condensed_300,C:\Users\angel\OneDrive\Desktop\Kern\data\processed\features\Saira_Condensed_300.npz,52,ok,
Saira_Condensed_regular,C:\Users\angel\OneDrive\Desktop\Kern\data\processed\features\Saira_Condensed_regular.npz,52,ok,
Saira_Condensed_500,C:\Users\angel\OneDrive\Desktop\Kern\data\processed\features\Saira_Condensed_500.npz,52,ok,
Saira_Condensed_600,C:\Users\angel\OneDrive\Desktop\Kern\data\processed\features\Saira_Condensed_600.npz,52,ok,
Saira_Condensed_700,C:\Users\angel\OneDrive\Desktop\Kern\data\processed\features\Saira_Condensed_700.npz,52,ok,
Saira_Condensed_800,C:\Users\angel\OneDrive\Desktop\Kern\data\processed\features\Saira_Condensed_800.npz,52,ok,
Saira_Condensed_900,C:\Users\angel\OneDrive\Desktop\Kern\data\processed\features\Saira_Condensed_900.npz,52,ok,
Vollkorn_regular,C:\Users\angel\OneDrive\Desktop\Kern\data\processed\features\Vollkorn_regular.npz,52,ok,
Vollkorn_500,C:\Users\angel\OneDrive\Desktop\Kern\data\processed\features\Vollkorn_500.npz,52,ok,
Vollkorn_600,C:\Users\angel\OneDrive\Desktop\Kern\data\processed\features\Vollkorn_600.npz,52,ok,
Vollkorn_700,C:\Users\angel\OneDrive\Desktop\Kern\data\processed\features\Vollkorn_700.npz,52,ok,
Vollkorn_800,C:\Users\angel\OneDrive\Desktop\Kern\data\processed\features\Vollkorn_800.npz,52,ok,
Vollkorn_900,C:\Users\angel\OneDrive\Desktop\Kern\data\processed\features\Vollkorn_900.npz,52,ok,
Vollkorn_italic,C:\Users\angel\OneDrive\Desktop\Kern\data\processed\features\Vollkorn_italic.npz,52,ok,
Vollkorn_500italic,C:\Users\angel\OneDrive\Desktop\Kern\data\processed\features\Vollkorn_500italic.npz,52,ok,
Vollkorn_600italic,C:\Users\angel\OneDrive\Desktop\Kern\data\processed\features\Vollkorn_600italic.npz,52,ok,
Vollkorn_700italic,C:\Users\angel\OneDrive\Desktop\Kern\data\processed\features\Vollkorn_700italic.npz,52,ok,
Vollkorn_800italic,C:\Users\angel\OneDrive\Desktop\Kern\data\processed\features\Vollkorn_800italic.npz,52,ok,
Vollkorn_900italic,C:\Users\angel\OneDrive\Desktop\Kern\data\processed\features\Vollkorn_900italic.npz,52,ok,
Alegreya_Sans_100,C:\Users\angel\OneDrive\Desktop\Kern\data\processed\features\Alegreya_Sans_100.npz,52,ok,
Alegreya_Sans_100italic,C:\Users\angel\OneDrive\Desktop\Kern\data\processed\features\Alegreya_Sans_100italic.npz,52,ok,
Alegreya_Sans_300,C:\Users\angel\OneDrive\Desktop\Kern\data\processed\features\Alegreya_Sans_300.npz,52,ok,
Alegreya_Sans_300italic,C:\Users\angel\OneDrive\Desktop\Kern\data\processed\features\Alegreya_Sans_300italic.npz,52,ok,
Alegreya_Sans_regular,C:\Users\angel\OneDrive\Desktop\Kern\data\processed\features\Alegreya_Sans_regular.npz,52,ok,
Alegreya_Sans_italic,C:\Users\angel\OneDrive\Desktop\Kern\data\processed\features\Alegreya_Sans_italic.npz,52,ok,
Alegreya_Sans_500,C:\Users\angel\OneDrive\Desktop\Kern\data\processed\features\Alegreya_Sans_500.npz,52,ok,
Alegreya_Sans_500italic,C:\Users\angel\OneDrive\Desktop\Kern\data\processed\features\Alegreya_Sans_500italic.npz,52,ok,
Alegreya_Sans_700,C:\Users\angel\OneDrive\Desktop\Kern\data\processed\features\Alegreya_Sans_700.npz,52,ok,
Alegreya_Sans_700italic,C:\Users\angel\OneDrive\Desktop\Kern\data\processed\features\Alegreya_Sans_700italic.npz,52,ok,
Alegreya_Sans_800,C:\Users\angel\OneDrive\Desktop\Kern\data\processed\features\Alegreya_Sans_800.npz,52,ok,
Alegreya_Sans_800italic,C:\Users\angel\OneDrive\Desktop\Kern\data\processed\features\Alegreya_Sans_800italic.npz,52,ok,
Alegreya_Sans_900,C:\Users\angel\OneDrive\Desktop\Kern\data\processed\features\Alegreya_Sans_900.npz,52,ok,
Alegreya_Sans_900italic,C:\Users\angel\OneDrive\Desktop\Kern\data\processed\features\Alegreya_Sans_900italic.npz,52,ok,
Sofia_Sans_100,C:\Users\angel\OneDrive\Desktop\Kern\data\processed\features\Sofia_Sans_100.npz,52,ok,
Sofia_Sans_200,C:\Users\angel\OneDrive\Desktop\Kern\data\processed\features\Sofia_Sans_200.npz,52,ok,
Sofia_Sans_300,C:\Users\angel\OneDrive\Desktop\Kern\data\processed\features\Sofia_Sans_300.npz,52,ok,
Sofia_Sans_regular,C:\Users\angel\OneDrive\Desktop\Kern\data\processed\features\Sofia_Sans_regular.npz,52,ok,
Sofia_Sans_500,C:\Users\angel\OneDrive\Desktop\Kern\data\processed\features\Sofia_Sans_500.npz,52,ok,
Sofia_Sans_600,C:\Users\angel\OneDrive\Desktop\Kern\data\processed\features\Sofia_Sans_600.npz,52,ok,
Sofia_Sans_700,C:\Users\angel\OneDrive\Desktop\Kern\data\processed\features\Sofia_Sans_700.npz,52,ok,
Sofia_Sans_800,C:\Users\angel\OneDrive\Desktop\Kern\data\processed\features\Sofia_Sans_800.npz,52,ok,
Sofia_Sans_900,C:\Users\angel\OneDrive\Desktop\Kern\data\processed\features\Sofia_Sans_900.npz,52,ok,
Sofia_Sans_100italic,C:\Users\angel\OneDrive\Desktop\Kern\data\processed\features\Sofia_Sans_100italic.npz,52,ok,
Sofia_Sans_200italic,C:\Users\angel\OneDrive\Desktop\Kern\data\processed\features\Sofia_Sans_200italic.npz,52,ok,
Sofia_Sans_300italic,C:\Users\angel\OneDrive\Desktop\Kern\data\processed\features\Sofia_Sans_300italic.npz,52,ok,
Sofia_Sans_italic,C:\Users\angel\OneDrive\Desktop\Kern\data\processed\features\Sofia_Sans_italic.npz,52,ok,
Sofia_Sans_500italic,C:\Users\angel\OneDrive\Desktop\Kern\data\processed\features\Sofia_Sans_500italic.npz,52,ok,
Sofia_Sans_600italic,C:\Users\angel\OneDrive\Desktop\Kern\data\processed\features\Sofia_Sans_600italic.npz,52,ok,
Sofia_Sans_700italic,C:\Users\angel\OneDrive\Desktop\Kern\data\processed\features\Sofia_Sans_700italic.npz,52,ok,
Sofia_Sans_800italic,C:\Users\angel\OneDrive\Desktop\Kern\data\processed\features\Sofia_Sans_800italic.npz,52,ok,
Sofia_Sans_900italic,C:\Users\angel\OneDrive\Desktop\Kern\data\processed\features\Sofia_Sans_900italic.npz,52,ok,
Noto_Kufi_Arabic_100,C:\Users\angel\OneDrive\Desktop\Kern\data\processed\features\Noto_Kufi_Arabic_100.npz,52,ok,
Noto_Kufi_Arabic_200,C:\Users\angel\OneDrive\Desktop\Kern\data\processed\features\Noto_Kufi_Arabic_200.npz,52,ok,
Noto_Kufi_Arabic_300,C:\Users\angel\OneDrive\Desktop\Kern\data\processed\features\Noto_Kufi_Arabic_300.npz,52,ok,
Noto_Kufi_Arabic_regular,C:\Users\angel\OneDrive\Desktop\Kern\data\processed\features\Noto_Kufi_Arabic_regular.npz,52,ok,
Noto_Kufi_Arabic_500,C:\Users\angel\OneDrive\Desktop\Kern\data\processed\features\Noto_Kufi_Arabic_500.npz,52,ok,
Noto_Kufi_Arabic_600,C:\Users\angel\OneDrive\Desktop\Kern\data\processed\features\Noto_Kufi_Arabic_600.npz,52,ok,
Noto_Kufi_Arabic_700,C:\Users\angel\OneDrive\Desktop\Kern\data\processed\features\Noto_Kufi_Arabic_700.npz,52,ok,
Noto_Kufi_Arabic_800,C:\Users\angel\OneDrive\Desktop\Kern\data\processed\features\Noto_Kufi_Arabic_800.npz,52,ok,
Noto_Kufi_Arabic_900,C:\Users\angel\OneDrive\Desktop\Kern\data\processed\features\Noto_Kufi_Arabic_900.npz,52,ok,
Amiri_regular,C:\Users\angel\OneDrive\Desktop\Kern\data\processed\features\Amiri_regular.npz,52,ok,
Amiri_italic,C:\Users\angel\OneDrive\Desktop\Kern\data\processed\features\Amiri_italic.npz,52,ok,
Amiri_700,C:\Users\angel\OneDrive\Desktop\Kern\data\processed\features\Amiri_700.npz,52,ok,
Amiri_700italic,C:\Users\angel\OneDrive\Desktop\Kern\data\processed\features\Amiri_700italic.npz,52,ok,
Literata_200,C:\Users\angel\OneDrive\Desktop\Kern\data\processed\features\Literata_200.npz,52,ok,
Literata_300,C:\Users\angel\OneDrive\Desktop\Kern\data\processed\features\Literata_300.npz,52,ok,
Literata_regular,C:\Users\angel\OneDrive\Desktop\Kern\data\processed\features\Literata_regular.npz,52,ok,
Literata_500,C:\Users\angel\OneDrive\Desktop\Kern\data\processed\features\Literata_500.npz,52,ok,
Literata_600,C:\Users\angel\OneDrive\Desktop\Kern\data\processed\features\Literata_600.npz,52,ok,
Literata_700,C:\Users\angel\OneDrive\Desktop\Kern\data\processed\features\Literata_700.npz,52,ok,
Literata_800,C:\Users\angel\OneDrive\Desktop\Kern\data\processed\features\Literata_800.npz,52,ok,
Literata_900,C:\Users\angel\OneDrive\Desktop\Kern\data\processed\features\Literata_900.npz,52,ok,
Literata_200italic,C:\Users\angel\OneDrive\Desktop\Kern\data\processed\features\Literata_200italic.npz,52,ok,
Literata_300italic,C:\Users\angel\OneDrive\Desktop\Kern\data\processed\features\Literata_300italic.npz,52,ok,
Literata_italic,C:\Users\angel\OneDrive\Desktop\Kern\data\processed\features\Literata_italic.npz,52,ok,
Literata_500italic,C:\Users\angel\OneDrive\Desktop\Kern\data\processed\features\Literata_500italic.npz,52,ok,
Literata_600italic,C:\Users\angel\OneDrive\Desktop\Kern\data\processed\features\Literata_600italic.npz,52,ok,
Literata_700italic,C:\Users\angel\OneDrive\Desktop\Kern\data\processed\features\Literata_700italic.npz,52,ok,
Literata_800italic,C:\Users\angel\OneDrive\Desktop\Kern\data\processed\features\Literata_800italic.npz,52,ok,
Literata_900italic,C:\Users\angel\OneDrive\Desktop\Kern\data\processed\features\Literata_900italic.npz,52,ok,
Signika_300,C:\Users\angel\OneDrive\Desktop\Kern\data\processed\features\Signika_300.npz,52,ok,
Signika_regular,C:\Users\angel\OneDrive\Desktop\Kern\data\processed\features\Signika_regular.npz,52,ok,
Signika_500,C:\Users\angel\OneDrive\Desktop\Kern\data\processed\features\Signika_500.npz,52,ok,
Signika_600,C:\Users\angel\OneDrive\Desktop\Kern\data\processed\features\Signika_600.npz,52,ok,
Signika_700,C:\Users\angel\OneDrive\Desktop\Kern\data\processed\features\Signika_700.npz,52,ok,
Press_Start_2P_regular,C:\Users\angel\OneDrive\Desktop\Kern\data\processed\features\Press_Start_2P_regular.npz,52,ok,
Fira_Sans_Condensed_100,C:\Users\angel\OneDrive\Desktop\Kern\data\processed\features\Fira_Sans_Condensed_100.npz,52,ok,
Fira_Sans_Condensed_100italic,C:\Users\angel\OneDrive\Desktop\Kern\data\processed\features\Fira_Sans_Condensed_100italic.npz,52,ok,
Fira_Sans_Condensed_200,C:\Users\angel\OneDrive\Desktop\Kern\data\processed\features\Fira_Sans_Condensed_200.npz,52,ok,
Fira_Sans_Condensed_200italic,C:\Users\angel\OneDrive\Desktop\Kern\data\processed\features\Fira_Sans_Condensed_200italic.npz,52,ok,
Fira_Sans_Condensed_300,C:\Users\angel\OneDrive\Desktop\Kern\data\processed\features\Fira_Sans_Condensed_300.npz,52,ok,
Fira_Sans_Condensed_300italic,C:\Users\angel\OneDrive\Desktop\Kern\data\processed\features\Fira_Sans_Condensed_300italic.npz,52,ok,
Fira_Sans_Condensed_regular,C:\Users\angel\OneDrive\Desktop\Kern\data\processed\features\Fira_Sans_Condensed_regular.npz,52,ok,
Fira_Sans_Condensed_italic,C:\Users\angel\OneDrive\Desktop\Kern\data\processed\features\Fira_Sans_Condensed_italic.npz,52,ok,
Fira_Sans_Condensed_500,C:\Users\angel\OneDrive\Desktop\Kern\data\processed\features\Fira_Sans_Condensed_500.npz,52,ok,
Fira_Sans_Condensed_500italic,C:\Users\angel\OneDrive\Desktop\Kern\data\processed\features\Fira_Sans_Condensed_500italic.npz,52,ok,
Fira_Sans_Condensed_600,C:\Users\angel\OneDrive\Desktop\Kern\data\processed\features\Fira_Sans_Condensed_600.npz,52,ok,
Fira_Sans_Condensed_600italic,C:\Users\angel\OneDrive\Desktop\Kern\data\processed\features\Fira_Sans_Condensed_600italic.npz,52,ok,
Fira_Sans_Condensed_700,C:\Users\angel\OneDrive\Desktop\Kern\data\processed\features\Fira_Sans_Condensed_700.npz,52,ok,
Fira_Sans_Condensed_700italic,C:\Users\angel\OneDrive\Desktop\Kern\data\processed\features\Fira_Sans_Condensed_700italic.npz,52,ok,
Fira_Sans_Condensed_800,C:\Users\angel\OneDrive\Desktop\Kern\data\processed\features\Fira_Sans_Condensed_800.npz,52,ok,
Fira_Sans_Condensed_800italic,C:\Users\angel\OneDrive\Desktop\Kern\data\processed\features\Fira_Sans_Condensed_800italic.npz,52,ok,
Fira_Sans_Condensed_900,C:\Users\angel\OneDrive\Desktop\Kern\data\processed\features\Fira_Sans_Condensed_900.npz,52,ok,
Fira_Sans_Condensed_900italic,C:\Users\angel\OneDrive\Desktop\Kern\data\processed\features\Fira_Sans_Condensed_900italic.npz,52,ok,
News_Cycle_regular,C:\Users\angel\OneDrive\Desktop\Kern\data\processed\features\News_Cycle_regular.npz,52,ok,
News_Cycle_700,C:\Users\angel\OneDrive\Desktop\Kern\data\processed\features\News_Cycle_700.npz,52,ok,
Unna_regular,C:\Users\angel\OneDrive\Desktop\Kern\data\processed\features\Unna_regular.npz,52,ok,
Unna_italic,C:\Users\angel\OneDrive\Desktop\Kern\data\processed\features\Unna_italic.npz,52,ok,
Unna_700,C:\Users\angel\OneDrive\Desktop\Kern\data\processed\features\Unna_700.npz,52,ok,
Unna_700italic,C:\Users\angel\OneDrive\Desktop\Kern\data\processed\features\Unna_700italic.npz,52,ok,
Catamaran_100,C:\Users\angel\OneDrive\Desktop\Kern\data\processed\features\Catamaran_100.npz,52,ok,
Catamaran_200,C:\Users\angel\OneDrive\Desktop\Kern\data\processed\features\Catamaran_200.npz,52,ok,
Catamaran_300,C:\Users\angel\OneDrive\Desktop\Kern\data\processed\features\Catamaran_300.npz,52,ok,
Catamaran_regular,C:\Users\angel\OneDrive\Desktop\Kern\data\processed\features\Catamaran_regular.npz,52,ok,
Catamaran_500,C:\Users\angel\OneDrive\Desktop\Kern\data\processed\features\Catamaran_500.npz,52,ok,
Catamaran_600,C:\Users\angel\OneDrive\Desktop\Kern\data\processed\features\Catamaran_600.npz,52,ok,
Catamaran_700,C:\Users\angel\OneDrive\Desktop\Kern\data\processed\features\Catamaran_700.npz,52,ok,
Catamaran_800,C:\Users\angel\OneDrive\Desktop\Kern\data\processed\features\Catamaran_800.npz,52,ok,
Catamaran_900,C:\Users\angel\OneDrive\Desktop\Kern\data\processed\features\Catamaran_900.npz,52,ok,
Montserrat_Alternates_100,C:\Users\angel\OneDrive\Desktop\Kern\data\processed\features\Montserrat_Alternates_100.npz,52,ok,
Montserrat_Alternates_100italic,C:\Users\angel\OneDrive\Desktop\Kern\data\processed\features\Montserrat_Alternates_100italic.npz,52,ok,
Montserrat_Alternates_200,C:\Users\angel\OneDrive\Desktop\Kern\data\processed\features\Montserrat_Alternates_200.npz,52,ok,
Montserrat_Alternates_200italic,C:\Users\angel\OneDrive\Desktop\Kern\data\processed\features\Montserrat_Alternates_200italic.npz,52,ok,
Montserrat_Alternates_300,C:\Users\angel\OneDrive\Desktop\Kern\data\processed\features\Montserrat_Alternates_300.npz,52,ok,
Montserrat_Alternates_300italic,C:\Users\angel\OneDrive\Desktop\Kern\data\processed\features\Montserrat_Alternates_300italic.npz,52,ok,
Montserrat_Alternates_regular,C:\Users\angel\OneDrive\Desktop\Kern\data\processed\features\Montserrat_Alternates_regular.npz,52,ok,
Montserrat_Alternates_italic,C:\Users\angel\OneDrive\Desktop\Kern\data\processed\features\Montserrat_Alternates_italic.npz,52,ok,
Montserrat_Alternates_500,C:\Users\angel\OneDrive\Desktop\Kern\data\processed\features\Montserrat_Alternates_500.npz,52,ok,
Montserrat_Alternates_500italic,C:\Users\angel\OneDrive\Desktop\Kern\data\processed\features\Montserrat_Alternates_500italic.npz,52,ok,
Montserrat_Alternates_600,C:\Users\angel\OneDrive\Desktop\Kern\data\processed\features\Montserrat_Alternates_600.npz,52,ok,
Montserrat_Alternates_600italic,C:\Users\angel\OneDrive\Desktop\Kern\data\processed\features\Montserrat_Alternates_600italic.npz,52,ok,
Montserrat_Alternates_700,C:\Users\angel\OneDrive\Desktop\Kern\data\processed\features\Montserrat_Alternates_700.npz,52,ok,
Montserrat_Alternates_700italic,C:\Users\angel\OneDrive\Desktop\Kern\data\processed\features\Montserrat_Alternates_700italic.npz,52,ok,
Montserrat_Alternates_800,C:\Users\angel\OneDrive\Desktop\Kern\data\processed\features\Montserrat_Alternates_800.npz,52,ok,
Montserrat_Alternates_800italic,C:\Users\angel\OneDrive\Desktop\Kern\data\processed\features\Montserrat_Alternates_800italic.npz,52,ok,
Montserrat_Alternates_900,C:\Users\angel\OneDrive\Desktop\Kern\data\processed\features\Montserrat_Alternates_900.npz,52,ok,
Montserrat_Alternates_900italic,C:\Users\angel\OneDrive\Desktop\Kern\data\processed\features\Montserrat_Alternates_900italic.npz,52,ok,
DM_Serif_Text_regular,C:\Users\angel\OneDrive\Desktop\Kern\data\processed\features\DM_Serif_Text_regular.npz,52,ok,
DM_Serif_Text_italic,C:\Users\angel\OneDrive\Desktop\Kern\data\processed\features\DM_Serif_Text_italic.npz,52,ok,
Noto_Sans_Tamil_100,C:\Users\angel\OneDrive\Desktop\Kern\data\processed\features\Noto_Sans_Tamil_100.npz,52,ok,
Noto_Sans_Tamil_200,C:\Users\angel\OneDrive\Desktop\Kern\data\processed\features\Noto_Sans_Tamil_200.npz,52,ok,
Noto_Sans_Tamil_300,C:\Users\angel\OneDrive\Desktop\Kern\data\processed\features\Noto_Sans_Tamil_300.npz,52,ok,
Noto_Sans_Tamil_regular,C:\Users\angel\OneDrive\Desktop\Kern\data\processed\features\Noto_Sans_Tamil_regular.npz,52,ok,
Noto_Sans_Tamil_500,C:\Users\angel\OneDrive\Desktop\Kern\data\processed\features\Noto_Sans_Tamil_500.npz,52,ok,
Noto_Sans_Tamil_600,C:\Users\angel\OneDrive\Desktop\Kern\data\processed\features\Noto_Sans_Tamil_600.npz,52,ok,
Noto_Sans_Tamil_700,C:\Users\angel\OneDrive\Desktop\Kern\data\processed\features\Noto_Sans_Tamil_700.npz,52,ok,
Noto_Sans_Tamil_800,C:\Users\angel\OneDrive\Desktop\Kern\data\processed\features\Noto_Sans_Tamil_800.npz,52,ok,
Noto_Sans_Tamil_900,C:\Users\angel\OneDrive\Desktop\Kern\data\processed\features\Noto_Sans_Tamil_900.npz,52,ok,
Righteous_regular,C:\Users\angel\OneDrive\Desktop\Kern\data\processed\features\Righteous_regular.npz,52,ok,
Luckiest_Guy_regular,C:\Users\angel\OneDrive\Desktop\Kern\data\processed\features\Luckiest_Guy_regular.npz,52,ok,
Bree_Serif_regular,C:\Users\angel\OneDrive\Desktop\Kern\data\processed\features\Bree_Serif_regular.npz,52,ok,
Rowdies_300,C:\Users\angel\OneDrive\Desktop\Kern\data\processed\features\Rowdies_300.npz,52,ok,
Rowdies_regular,C:\Users\angel\OneDrive\Desktop\Kern\data\processed\features\Rowdies_regular.npz,52,ok,
Rowdies_700,C:\Users\angel\OneDrive\Desktop\Kern\data\processed\features\Rowdies_700.npz,52,ok,
Cardo_regular,C:\Users\angel\OneDrive\Desktop\Kern\data\processed\features\Cardo_regular.npz,52,ok,
Cardo_italic,C:\Users\angel\OneDrive\Desktop\Kern\data\processed\features\Cardo_italic.npz,52,ok,
Cardo_700,C:\Users\angel\OneDrive\Desktop\Kern\data\processed\features\Cardo_700.npz,52,ok,
Red_Hat_Text_300,C:\Users\angel\OneDrive\Desktop\Kern\data\processed\features\Red_Hat_Text_300.npz,52,ok,
Red_Hat_Text_regular,C:\Users\angel\OneDrive\Desktop\Kern\data\processed\features\Red_Hat_Text_regular.npz,52,ok,
Red_Hat_Text_500,C:\Users\angel\OneDrive\Desktop\Kern\data\processed\features\Red_Hat_Text_500.npz,52,ok,
Red_Hat_Text_600,C:\Users\angel\OneDrive\Desktop\Kern\data\processed\features\Red_Hat_Text_600.npz,52,ok,
Red_Hat_Text_700,C:\Users\angel\OneDrive\Desktop\Kern\data\processed\features\Red_Hat_Text_700.npz,52,ok,
Red_Hat_Text_300italic,C:\Users\angel\OneDrive\Desktop\Kern\data\processed\features\Red_Hat_Text_300italic.npz,52,ok,
Red_Hat_Text_italic,C:\Users\angel\OneDrive\Desktop\Kern\data\processed\features\Red_Hat_Text_italic.npz,52,ok,
Red_Hat_Text_500italic,C:\Users\angel\OneDrive\Desktop\Kern\data\processed\features\Red_Hat_Text_500italic.npz,52,ok,
Red_Hat_Text_600italic,C:\Users\angel\OneDrive\Desktop\Kern\data\processed\features\Red_Hat_Text_600italic.npz,52,ok,
Red_Hat_Text_700italic,C:\Users\angel\OneDrive\Desktop\Kern\data\processed\features\Red_Hat_Text_700italic.npz,52,ok,
Antic_Slab_regular,C:\Users\angel\OneDrive\Desktop\Kern\data\processed\features\Antic_Slab_regular.npz,52,ok,
Baskervville_regular,C:\Users\angel\OneDrive\Desktop\Kern\data\processed\features\Baskervville_regular.npz,52,ok,
Baskervville_500,C:\Users\angel\OneDrive\Desktop\Kern\data\processed\features\Baskervville_500.npz,52,ok,
Baskervville_600,C:\Users\angel\OneDrive\Desktop\Kern\data\processed\features\Baskervville_600.npz,52,ok,
Baskervville_700,C:\Users\angel\OneDrive\Desktop\Kern\data\processed\features\Baskervville_700.npz,52,ok,
Baskervville_italic,C:\Users\angel\OneDrive\Desktop\Kern\data\processed\features\Baskervville_italic.npz,52,ok,
Baskervville_500italic,C:\Users\angel\OneDrive\Desktop\Kern\data\processed\features\Baskervville_500italic.npz,52,ok,
Baskervville_600italic,C:\Users\angel\OneDrive\Desktop\Kern\data\processed\features\Baskervville_600italic.npz,52,ok,
Baskervville_700italic,C:\Users\angel\OneDrive\Desktop\Kern\data\processed\features\Baskervville_700italic.npz,52,ok,
Hammersmith_One_regular,C:\Users\angel\OneDrive\Desktop\Kern\data\processed\features\Hammersmith_One_regular.npz,52,ok,
Russo_One_regular,C:\Users\angel\OneDrive\Desktop\Kern\data\processed\features\Russo_One_regular.npz,52,ok,
Yellowtail_regular,C:\Users\angel\OneDrive\Desktop\Kern\data\processed\features\Yellowtail_regular.npz,52,ok,
Atkinson_Hyperlegible_regular,C:\Users\angel\OneDrive\Desktop\Kern\data\processed\features\Atkinson_Hyperlegible_regular.npz,52,ok,
Atkinson_Hyperlegible_italic,C:\Users\angel\OneDrive\Desktop\Kern\data\processed\features\Atkinson_Hyperlegible_italic.npz,52,ok,
Atkinson_Hyperlegible_700,C:\Users\angel\OneDrive\Desktop\Kern\data\processed\features\Atkinson_Hyperlegible_700.npz,52,ok,
Atkinson_Hyperlegible_700italic,C:\Users\angel\OneDrive\Desktop\Kern\data\processed\features\Atkinson_Hyperlegible_700italic.npz,52,ok,
Baloo_2_regular,C:\Users\angel\OneDrive\Desktop\Kern\data\processed\features\Baloo_2_regular.npz,52,ok,
Baloo_2_500,C:\Users\angel\OneDrive\Desktop\Kern\data\processed\features\Baloo_2_500.npz,52,ok,
Baloo_2_600,C:\Users\angel\OneDrive\Desktop\Kern\data\processed\features\Baloo_2_600.npz,52,ok,
Baloo_2_700,C:\Users\angel\OneDrive\Desktop\Kern\data\processed\features\Baloo_2_700.npz,52,ok,
Baloo_2_800,C:\Users\angel\OneDrive\Desktop\Kern\data\processed\features\Baloo_2_800.npz,52,ok,
Angkor_regular,C:\Users\angel\OneDrive\Desktop\Kern\data\processed\features\Angkor_regular.npz,52,ok,
Tinos_regular,C:\Users\angel\OneDrive\Desktop\Kern\data\processed\features\Tinos_regular.npz,52,ok,
Tinos_italic,C:\Users\angel\OneDrive\Desktop\Kern\data\processed\features\Tinos_italic.npz,52,ok,
Tinos_700,C:\Users\angel\OneDrive\Desktop\Kern\data\processed\features\Tinos_700.npz,52,ok,
Tinos_700italic,C:\Users\angel\OneDrive\Desktop\Kern\data\processed\features\Tinos_700italic.npz,52,ok,
Viga_regular,C:\Users\angel\OneDrive\Desktop\Kern\data\processed\features\Viga_regular.npz,52,ok,
Noto_Sans_Devanagari_100,C:\Users\angel\OneDrive\Desktop\Kern\data\processed\features\Noto_Sans_Devanagari_100.npz,52,ok,
Noto_Sans_Devanagari_200,C:\Users\angel\OneDrive\Desktop\Kern\data\processed\features\Noto_Sans_Devanagari_200.npz,52,ok,
Noto_Sans_Devanagari_300,C:\Users\angel\OneDrive\Desktop\Kern\data\processed\features\Noto_Sans_Devanagari_300.npz,52,ok,
Noto_Sans_Devanagari_regular,C:\Users\angel\OneDrive\Desktop\Kern\data\processed\features\Noto_Sans_Devanagari_regular.npz,52,ok,
Noto_Sans_Devanagari_500,C:\Users\angel\OneDrive\Desktop\Kern\data\processed\features\Noto_Sans_Devanagari_500.npz,52,ok,
Noto_Sans_Devanagari_600,C:\Users\angel\OneDrive\Desktop\Kern\data\processed\features\Noto_Sans_Devanagari_600.npz,52,ok,
Noto_Sans_Devanagari_700,C:\Users\angel\OneDrive\Desktop\Kern\data\processed\features\Noto_Sans_Devanagari_700.npz,52,ok,
Noto_Sans_Devanagari_800,C:\Users\angel\OneDrive\Desktop\Kern\data\processed\features\Noto_Sans_Devanagari_800.npz,52,ok,
Noto_Sans_Devanagari_900,C:\Users\angel\OneDrive\Desktop\Kern\data\processed\features\Noto_Sans_Devanagari_900.npz,52,ok,
Aleo_100,C:\Users\angel\OneDrive\Desktop\Kern\data\processed\features\Aleo_100.npz,52,ok,
Aleo_200,C:\Users\angel\OneDrive\Desktop\Kern\data\processed\features\Aleo_200.npz,52,ok,
Aleo_300,C:\Users\angel\OneDrive\Desktop\Kern\data\processed\features\Aleo_300.npz,52,ok,
Aleo_regular,C:\Users\angel\OneDrive\Desktop\Kern\data\processed\features\Aleo_regular.npz,52,ok,
Aleo_500,C:\Users\angel\OneDrive\Desktop\Kern\data\processed\features\Aleo_500.npz,52,ok,
Aleo_600,C:\Users\angel\OneDrive\Desktop\Kern\data\processed\features\Aleo_600.npz,52,ok,
Aleo_700,C:\Users\angel\OneDrive\Desktop\Kern\data\processed\features\Aleo_700.npz,52,ok,
Aleo_800,C:\Users\angel\OneDrive\Desktop\Kern\data\processed\features\Aleo_800.npz,52,ok,
Aleo_900,C:\Users\angel\OneDrive\Desktop\Kern\data\processed\features\Aleo_900.npz,52,ok,
Aleo_100italic,C:\Users\angel\OneDrive\Desktop\Kern\data\processed\features\Aleo_100italic.npz,52,ok,
Aleo_200italic,C:\Users\angel\OneDrive\Desktop\Kern\data\processed\features\Aleo_200italic.npz,52,ok,
Aleo_300italic,C:\Users\angel\OneDrive\Desktop\Kern\data\processed\features\Aleo_300italic.npz,52,ok,
Aleo_italic,C:\Users\angel\OneDrive\Desktop\Kern\data\processed\features\Aleo_italic.npz,52,ok,
Aleo_500italic,C:\Users\angel\OneDrive\Desktop\Kern\data\processed\features\Aleo_500italic.npz,52,ok,
Aleo_600italic,C:\Users\angel\OneDrive\Desktop\Kern\data\processed\features\Aleo_600italic.npz,52,ok,
Aleo_700italic,C:\Users\angel\OneDrive\Desktop\Kern\data\processed\features\Aleo_700italic.npz,52,ok,
Aleo_800italic,C:\Users\angel\OneDrive\Desktop\Kern\data\processed\features\Aleo_800italic.npz,52,ok,
Aleo_900italic,C:\Users\angel\OneDrive\Desktop\Kern\data\processed\features\Aleo_900italic.npz,52,ok,
LINE_Seed_JP_100,C:\Users\angel\OneDrive\Desktop\Kern\data\processed\features\LINE_Seed_JP_100.npz,52,ok,
LINE_Seed_JP_regular,C:\Users\angel\OneDrive\Desktop\Kern\data\processed\features\LINE_Seed_JP_regular.npz,52,ok,
LINE_Seed_JP_700,C:\Users\angel\OneDrive\Desktop\Kern\data\processed\features\LINE_Seed_JP_700.npz,52,ok,
LINE_Seed_JP_800,C:\Users\angel\OneDrive\Desktop\Kern\data\processed\features\LINE_Seed_JP_800.npz,52,ok,
Sawarabi_Mincho_regular,C:\Users\angel\OneDrive\Desktop\Kern\data\processed\features\Sawarabi_Mincho_regular.npz,52,ok,
Gothic_A1_100,C:\Users\angel\OneDrive\Desktop\Kern\data\processed\features\Gothic_A1_100.npz,52,ok,
Gothic_A1_200,C:\Users\angel\OneDrive\Desktop\Kern\data\processed\features\Gothic_A1_200.npz,52,ok,
Gothic_A1_300,C:\Users\angel\OneDrive\Desktop\Kern\data\processed\features\Gothic_A1_300.npz,52,ok,
Gothic_A1_regular,C:\Users\angel\OneDrive\Desktop\Kern\data\processed\features\Gothic_A1_regular.npz,52,ok,
Gothic_A1_500,C:\Users\angel\OneDrive\Desktop\Kern\data\processed\features\Gothic_A1_500.npz,52,ok,
Gothic_A1_600,C:\Users\angel\OneDrive\Desktop\Kern\data\processed\features\Gothic_A1_600.npz,52,ok,
Gothic_A1_700,C:\Users\angel\OneDrive\Desktop\Kern\data\processed\features\Gothic_A1_700.npz,52,ok,
Gothic_A1_800,C:\Users\angel\OneDrive\Desktop\Kern\data\processed\features\Gothic_A1_800.npz,52,ok,
Gothic_A1_900,C:\Users\angel\OneDrive\Desktop\Kern\data\processed\features\Gothic_A1_900.npz,52,ok,
Shippori_Mincho_regular,C:\Users\angel\OneDrive\Desktop\Kern\data\processed\features\Shippori_Mincho_regular.npz,52,ok,
Shippori_Mincho_500,C:\Users\angel\OneDrive\Desktop\Kern\data\processed\features\Shippori_Mincho_500.npz,52,ok,
Shippori_Mincho_600,C:\Users\angel\OneDrive\Desktop\Kern\data\processed\features\Shippori_Mincho_600.npz,52,ok,
Shippori_Mincho_700,C:\Users\angel\OneDrive\Desktop\Kern\data\processed\features\Shippori_Mincho_700.npz,52,ok,
Shippori_Mincho_800,C:\Users\angel\OneDrive\Desktop\Kern\data\processed\features\Shippori_Mincho_800.npz,52,ok,
Khand_300,C:\Users\angel\OneDrive\Desktop\Kern\data\processed\features\Khand_300.npz,52,ok,
Khand_regular,C:\Users\angel\OneDrive\Desktop\Kern\data\processed\features\Khand_regular.npz,52,ok,
Khand_500,C:\Users\angel\OneDrive\Desktop\Kern\data\processed\features\Khand_500.npz,52,ok,
Khand_600,C:\Users\angel\OneDrive\Desktop\Kern\data\processed\features\Khand_600.npz,52,ok,
Khand_700,C:\Users\angel\OneDrive\Desktop\Kern\data\processed\features\Khand_700.npz,52,ok,
Amatic_SC_regular,C:\Users\angel\OneDrive\Desktop\Kern\data\processed\features\Amatic_SC_regular.npz,52,ok,
Amatic_SC_700,C:\Users\angel\OneDrive\Desktop\Kern\data\processed\features\Amatic_SC_700.npz,52,ok,
Readex_Pro_200,C:\Users\angel\OneDrive\Desktop\Kern\data\processed\features\Readex_Pro_200.npz,52,ok,
Readex_Pro_300,C:\Users\angel\OneDrive\Desktop\Kern\data\processed\features\Readex_Pro_300.npz,52,ok,
Readex_Pro_regular,C:\Users\angel\OneDrive\Desktop\Kern\data\processed\features\Readex_Pro_regular.npz,52,ok,
Readex_Pro_500,C:\Users\angel\OneDrive\Desktop\Kern\data\processed\features\Readex_Pro_500.npz,52,ok,
Readex_Pro_600,C:\Users\angel\OneDrive\Desktop\Kern\data\processed\features\Readex_Pro_600.npz,52,ok,
Readex_Pro_700,C:\Users\angel\OneDrive\Desktop\Kern\data\processed\features\Readex_Pro_700.npz,52,ok,
Acme_regular,C:\Users\angel\OneDrive\Desktop\Kern\data\processed\features\Acme_regular.npz,52,ok,
Titan_One_regular,C:\Users\angel\OneDrive\Desktop\Kern\data\processed\features\Titan_One_regular.npz,52,ok,
Prata_regular,C:\Users\angel\OneDrive\Desktop\Kern\data\processed\features\Prata_regular.npz,52,ok,
Sanchez_regular,C:\Users\angel\OneDrive\Desktop\Kern\data\processed\features\Sanchez_regular.npz,52,ok,
Sanchez_italic,C:\Users\angel\OneDrive\Desktop\Kern\data\processed\features\Sanchez_italic.npz,52,ok,
Playfair_300,C:\Users\angel\OneDrive\Desktop\Kern\data\processed\features\Playfair_300.npz,52,ok,
Playfair_regular,C:\Users\angel\OneDrive\Desktop\Kern\data\processed\features\Playfair_regular.npz,52,ok,
Playfair_500,C:\Users\angel\OneDrive\Desktop\Kern\data\processed\features\Playfair_500.npz,52,ok,
Playfair_600,C:\Users\angel\OneDrive\Desktop\Kern\data\processed\features\Playfair_600.npz,52,ok,
Playfair_700,C:\Users\angel\OneDrive\Desktop\Kern\data\processed\features\Playfair_700.npz,52,ok,
Playfair_800,C:\Users\angel\OneDrive\Desktop\Kern\data\processed\features\Playfair_800.npz,52,ok,
Playfair_900,C:\Users\angel\OneDrive\Desktop\Kern\data\processed\features\Playfair_900.npz,52,ok,
Playfair_300italic,C:\Users\angel\OneDrive\Desktop\Kern\data\processed\features\Playfair_300italic.npz,52,ok,
Playfair_italic,C:\Users\angel\OneDrive\Desktop\Kern\data\processed\features\Playfair_italic.npz,52,ok,
Playfair_500italic,C:\Users\angel\OneDrive\Desktop\Kern\data\processed\features\Playfair_500italic.npz,52,ok,
Playfair_600italic,C:\Users\angel\OneDrive\Desktop\Kern\data\processed\features\Playfair_600italic.npz,52,ok,
Playfair_700italic,C:\Users\angel\OneDrive\Desktop\Kern\data\processed\features\Playfair_700italic.npz,52,ok,
Playfair_800italic,C:\Users\angel\OneDrive\Desktop\Kern\data\processed\features\Playfair_800italic.npz,52,ok,
Playfair_900italic,C:\Users\angel\OneDrive\Desktop\Kern\data\processed\features\Playfair_900italic.npz,52,ok,
Zeyada_regular,C:\Users\angel\OneDrive\Desktop\Kern\data\processed\features\Zeyada_regular.npz,52,ok,
Advent_Pro_100,C:\Users\angel\OneDrive\Desktop\Kern\data\processed\features\Advent_Pro_100.npz,52,ok,
Advent_Pro_200,C:\Users\angel\OneDrive\Desktop\Kern\data\processed\features\Advent_Pro_200.npz,52,ok,
Advent_Pro_300,C:\Users\angel\OneDrive\Desktop\Kern\data\processed\features\Advent_Pro_300.npz,52,ok,
Advent_Pro_regular,C:\Users\angel\OneDrive\Desktop\Kern\data\processed\features\Advent_Pro_regular.npz,52,ok,
Advent_Pro_500,C:\Users\angel\OneDrive\Desktop\Kern\data\processed\features\Advent_Pro_500.npz,52,ok,
Advent_Pro_600,C:\Users\angel\OneDrive\Desktop\Kern\data\processed\features\Advent_Pro_600.npz,52,ok,
Advent_Pro_700,C:\Users\angel\OneDrive\Desktop\Kern\data\processed\features\Advent_Pro_700.npz,52,ok,
Advent_Pro_800,C:\Users\angel\OneDrive\Desktop\Kern\data\processed\features\Advent_Pro_800.npz,52,ok,
Advent_Pro_900,C:\Users\angel\OneDrive\Desktop\Kern\data\processed\features\Advent_Pro_900.npz,52,ok,
Advent_Pro_100italic,C:\Users\angel\OneDrive\Desktop\Kern\data\processed\features\Advent_Pro_100italic.npz,52,ok,
Advent_Pro_200italic,C:\Users\angel\OneDrive\Desktop\Kern\data\processed\features\Advent_Pro_200italic.npz,52,ok,
Advent_Pro_300italic,C:\Users\angel\OneDrive\Desktop\Kern\data\processed\features\Advent_Pro_300italic.npz,52,ok,
Advent_Pro_italic,C:\Users\angel\OneDrive\Desktop\Kern\data\processed\features\Advent_Pro_italic.npz,52,ok,
Advent_Pro_500italic,C:\Users\angel\OneDrive\Desktop\Kern\data\processed\features\Advent_Pro_500italic.npz,52,ok,
Advent_Pro_600italic,C:\Users\angel\OneDrive\Desktop\Kern\data\processed\features\Advent_Pro_600italic.npz,52,ok,
Advent_Pro_700italic,C:\Users\angel\OneDrive\Desktop\Kern\data\processed\features\Advent_Pro_700italic.npz,52,ok,
Advent_Pro_800italic,C:\Users\angel\OneDrive\Desktop\Kern\data\processed\features\Advent_Pro_800italic.npz,52,ok,
Advent_Pro_900italic,C:\Users\angel\OneDrive\Desktop\Kern\data\processed\features\Advent_Pro_900italic.npz,52,ok,
Alegreya_regular,C:\Users\angel\OneDrive\Desktop\Kern\data\processed\features\Alegreya_regular.npz,52,ok,
Alegreya_500,C:\Users\angel\OneDrive\Desktop\Kern\data\processed\features\Alegreya_500.npz,52,ok,
Alegreya_600,C:\Users\angel\OneDrive\Desktop\Kern\data\processed\features\Alegreya_600.npz,52,ok,
Alegreya_700,C:\Users\angel\OneDrive\Desktop\Kern\data\processed\features\Alegreya_700.npz,52,ok,
Alegreya_800,C:\Users\angel\OneDrive\Desktop\Kern\data\processed\features\Alegreya_800.npz,52,ok,
Alegreya_900,C:\Users\angel\OneDrive\Desktop\Kern\data\processed\features\Alegreya_900.npz,52,ok,
Alegreya_italic,C:\Users\angel\OneDrive\Desktop\Kern\data\processed\features\Alegreya_italic.npz,52,ok,
Alegreya_500italic,C:\Users\angel\OneDrive\Desktop\Kern\data\processed\features\Alegreya_500italic.npz,52,ok,
Alegreya_600italic,C:\Users\angel\OneDrive\Desktop\Kern\data\processed\features\Alegreya_600italic.npz,52,ok,
Alegreya_700italic,C:\Users\angel\OneDrive\Desktop\Kern\data\processed\features\Alegreya_700italic.npz,52,ok,
Alegreya_800italic,C:\Users\angel\OneDrive\Desktop\Kern\data\processed\features\Alegreya_800italic.npz,52,ok,
Alegreya_900italic,C:\Users\angel\OneDrive\Desktop\Kern\data\processed\features\Alegreya_900italic.npz,52,ok,
Alata_regular,C:\Users\angel\OneDrive\Desktop\Kern\data\processed\features\Alata_regular.npz,52,ok,
Kumbh_Sans_100,C:\Users\angel\OneDrive\Desktop\Kern\data\processed\features\Kumbh_Sans_100.npz,52,ok,
Kumbh_Sans_200,C:\Users\angel\OneDrive\Desktop\Kern\data\processed\features\Kumbh_Sans_200.npz,52,ok,
Kumbh_Sans_300,C:\Users\angel\OneDrive\Desktop\Kern\data\processed\features\Kumbh_Sans_300.npz,52,ok,
Kumbh_Sans_regular,C:\Users\angel\OneDrive\Desktop\Kern\data\processed\features\Kumbh_Sans_regular.npz,52,ok,
Kumbh_Sans_500,C:\Users\angel\OneDrive\Desktop\Kern\data\processed\features\Kumbh_Sans_500.npz,52,ok,
Kumbh_Sans_600,C:\Users\angel\OneDrive\Desktop\Kern\data\processed\features\Kumbh_Sans_600.npz,52,ok,
Kumbh_Sans_700,C:\Users\angel\OneDrive\Desktop\Kern\data\processed\features\Kumbh_Sans_700.npz,52,ok,
Kumbh_Sans_800,C:\Users\angel\OneDrive\Desktop\Kern\data\processed\features\Kumbh_Sans_800.npz,52,ok,
Kumbh_Sans_900,C:\Users\angel\OneDrive\Desktop\Kern\data\processed\features\Kumbh_Sans_900.npz,52,ok,
Tenor_Sans_regular,C:\Users\angel\OneDrive\Desktop\Kern\data\processed\features\Tenor_Sans_regular.npz,52,ok,
Chivo_100,C:\Users\angel\OneDrive\Desktop\Kern\data\processed\features\Chivo_100.npz,52,ok,
Chivo_200,C:\Users\angel\OneDrive\Desktop\Kern\data\processed\features\Chivo_200.npz,52,ok,
Chivo_300,C:\Users\angel\OneDrive\Desktop\Kern\data\processed\features\Chivo_300.npz,52,ok,
Chivo_regular,C:\Users\angel\OneDrive\Desktop\Kern\data\processed\features\Chivo_regular.npz,52,ok,
Chivo_500,C:\Users\angel\OneDrive\Desktop\Kern\data\processed\features\Chivo_500.npz,52,ok,
Chivo_600,C:\Users\angel\OneDrive\Desktop\Kern\data\processed\features\Chivo_600.npz,52,ok,
Chivo_700,C:\Users\angel\OneDrive\Desktop\Kern\data\processed\features\Chivo_700.npz,52,ok,
Chivo_800,C:\Users\angel\OneDrive\Desktop\Kern\data\processed\features\Chivo_800.npz,52,ok,
Chivo_900,C:\Users\angel\OneDrive\Desktop\Kern\data\processed\features\Chivo_900.npz,52,ok,
Chivo_100italic,C:\Users\angel\OneDrive\Desktop\Kern\data\processed\features\Chivo_100italic.npz,52,ok,
Chivo_200italic,C:\Users\angel\OneDrive\Desktop\Kern\data\processed\features\Chivo_200italic.npz,52,ok,
Chivo_300italic,C:\Users\angel\OneDrive\Desktop\Kern\data\processed\features\Chivo_300italic.npz,52,ok,
Chivo_italic,C:\Users\angel\OneDrive\Desktop\Kern\data\processed\features\Chivo_italic.npz,52,ok,
Chivo_500italic,C:\Users\angel\OneDrive\Desktop\Kern\data\processed\features\Chivo_500italic.npz,52,ok,
Chivo_600italic,C:\Users\angel\OneDrive\Desktop\Kern\data\processed\features\Chivo_600italic.npz,52,ok,
Chivo_700italic,C:\Users\angel\OneDrive\Desktop\Kern\data\processed\features\Chivo_700italic.npz,52,ok,
Chivo_800italic,C:\Users\angel\OneDrive\Desktop\Kern\data\processed\features\Chivo_800italic.npz,52,ok,
Chivo_900italic,C:\Users\angel\OneDrive\Desktop\Kern\data\processed\features\Chivo_900italic.npz,52,ok,
Noto_Sans_Display_100,C:\Users\angel\OneDrive\Desktop\Kern\data\processed\features\Noto_Sans_Display_100.npz,52,ok,
Noto_Sans_Display_200,C:\Users\angel\OneDrive\Desktop\Kern\data\processed\features\Noto_Sans_Display_200.npz,52,ok,
Noto_Sans_Display_300,C:\Users\angel\OneDrive\Desktop\Kern\data\processed\features\Noto_Sans_Display_300.npz,52,ok,
Noto_Sans_Display_regular,C:\Users\angel\OneDrive\Desktop\Kern\data\processed\features\Noto_Sans_Display_regular.npz,52,ok,
Noto_Sans_Display_500,C:\Users\angel\OneDrive\Desktop\Kern\data\processed\features\Noto_Sans_Display_500.npz,52,ok,
Noto_Sans_Display_600,C:\Users\angel\OneDrive\Desktop\Kern\data\processed\features\Noto_Sans_Display_600.npz,52,ok,
Noto_Sans_Display_700,C:\Users\angel\OneDrive\Desktop\Kern\data\processed\features\Noto_Sans_Display_700.npz,52,ok,
Noto_Sans_Display_800,C:\Users\angel\OneDrive\Desktop\Kern\data\processed\features\Noto_Sans_Display_800.npz,52,ok,
Noto_Sans_Display_900,C:\Users\angel\OneDrive\Desktop\Kern\data\processed\features\Noto_Sans_Display_900.npz,52,ok,
Noto_Sans_Display_100italic,C:\Users\angel\OneDrive\Desktop\Kern\data\processed\features\Noto_Sans_Display_100italic.npz,52,ok,
Noto_Sans_Display_200italic,C:\Users\angel\OneDrive\Desktop\Kern\data\processed\features\Noto_Sans_Display_200italic.npz,52,ok,
Noto_Sans_Display_300italic,C:\Users\angel\OneDrive\Desktop\Kern\data\processed\features\Noto_Sans_Display_300italic.npz,52,ok,
Noto_Sans_Display_italic,C:\Users\angel\OneDrive\Desktop\Kern\data\processed\features\Noto_Sans_Display_italic.npz,52,ok,
Noto_Sans_Display_500italic,C:\Users\angel\OneDrive\Desktop\Kern\data\processed\features\Noto_Sans_Display_500italic.npz,52,ok,
Noto_Sans_Display_600italic,C:\Users\angel\OneDrive\Desktop\Kern\data\processed\features\Noto_Sans_Display_600italic.npz,52,ok,
Noto_Sans_Display_700italic,C:\Users\angel\OneDrive\Desktop\Kern\data\processed\features\Noto_Sans_Display_700italic.npz,52,ok,
Noto_Sans_Display_800italic,C:\Users\angel\OneDrive\Desktop\Kern\data\processed\features\Noto_Sans_Display_800italic.npz,52,ok,
Noto_Sans_Display_900italic,C:\Users\angel\OneDrive\Desktop\Kern\data\processed\features\Noto_Sans_Display_900italic.npz,52,ok,
Martel_200,C:\Users\angel\OneDrive\Desktop\Kern\data\processed\features\Martel_200.npz,52,ok,
Martel_300,C:\Users\angel\OneDrive\Desktop\Kern\data\processed\features\Martel_300.npz,52,ok,
Martel_regular,C:\Users\angel\OneDrive\Desktop\Kern\data\processed\features\Martel_regular.npz,52,ok,
Martel_600,C:\Users\angel\OneDrive\Desktop\Kern\data\processed\features\Martel_600.npz,52,ok,
Martel_700,C:\Users\angel\OneDrive\Desktop\Kern\data\processed\features\Martel_700.npz,52,ok,
Martel_800,C:\Users\angel\OneDrive\Desktop\Kern\data\processed\features\Martel_800.npz,52,ok,
Martel_900,C:\Users\angel\OneDrive\Desktop\Kern\data\processed\features\Martel_900.npz,52,ok,
Allura_regular,C:\Users\angel\OneDrive\Desktop\Kern\data\processed\features\Allura_regular.npz,52,ok,
Courgette_regular,C:\Users\angel\OneDrive\Desktop\Kern\data\processed\features\Courgette_regular.npz,52,ok,
Comic_Neue_300,C:\Users\angel\OneDrive\Desktop\Kern\data\processed\features\Comic_Neue_300.npz,52,ok,
Comic_Neue_300italic,C:\Users\angel\OneDrive\Desktop\Kern\data\processed\features\Comic_Neue_300italic.npz,52,ok,
Comic_Neue_regular,C:\Users\angel\OneDrive\Desktop\Kern\data\processed\features\Comic_Neue_regular.npz,52,ok,
Comic_Neue_italic,C:\Users\angel\OneDrive\Desktop\Kern\data\processed\features\Comic_Neue_italic.npz,52,ok,
Comic_Neue_700,C:\Users\angel\OneDrive\Desktop\Kern\data\processed\features\Comic_Neue_700.npz,52,ok,
Comic_Neue_700italic,C:\Users\angel\OneDrive\Desktop\Kern\data\processed\features\Comic_Neue_700italic.npz,52,ok,
Crete_Round_regular,C:\Users\angel\OneDrive\Desktop\Kern\data\processed\features\Crete_Round_regular.npz,52,ok,
Crete_Round_italic,C:\Users\angel\OneDrive\Desktop\Kern\data\processed\features\Crete_Round_italic.npz,52,ok,
Passion_One_regular,C:\Users\angel\OneDrive\Desktop\Kern\data\processed\features\Passion_One_regular.npz,52,ok,
Passion_One_700,C:\Users\angel\OneDrive\Desktop\Kern\data\processed\features\Passion_One_700.npz,52,ok,
Passion_One_900,C:\Users\angel\OneDrive\Desktop\Kern\data\processed\features\Passion_One_900.npz,52,ok,
Noto_Nastaliq_Urdu_regular,C:\Users\angel\OneDrive\Desktop\Kern\data\processed\features\Noto_Nastaliq_Urdu_regular.npz,52,ok,
Noto_Nastaliq_Urdu_500,C:\Users\angel\OneDrive\Desktop\Kern\data\processed\features\Noto_Nastaliq_Urdu_500.npz,52,ok,
Noto_Nastaliq_Urdu_600,C:\Users\angel\OneDrive\Desktop\Kern\data\processed\features\Noto_Nastaliq_Urdu_600.npz,52,ok,
Noto_Nastaliq_Urdu_700,C:\Users\angel\OneDrive\Desktop\Kern\data\processed\features\Noto_Nastaliq_Urdu_700.npz,52,ok,
Bangers_regular,C:\Users\angel\OneDrive\Desktop\Kern\data\processed\features\Bangers_regular.npz,52,ok,
Special_Elite_regular,C:\Users\angel\OneDrive\Desktop\Kern\data\processed\features\Special_Elite_regular.npz,52,ok,
Lexend_Giga_100,C:\Users\angel\OneDrive\Desktop\Kern\data\processed\features\Lexend_Giga_100.npz,52,ok,
Lexend_Giga_200,C:\Users\angel\OneDrive\Desktop\Kern\data\processed\features\Lexend_Giga_200.npz,52,ok,
Lexend_Giga_300,C:\Users\angel\OneDrive\Desktop\Kern\data\processed\features\Lexend_Giga_300.npz,52,ok,
Lexend_Giga_regular,C:\Users\angel\OneDrive\Desktop\Kern\data\processed\features\Lexend_Giga_regular.npz,52,ok,
Lexend_Giga_500,C:\Users\angel\OneDrive\Desktop\Kern\data\processed\features\Lexend_Giga_500.npz,52,ok,
Lexend_Giga_600,C:\Users\angel\OneDrive\Desktop\Kern\data\processed\features\Lexend_Giga_600.npz,52,ok,
Lexend_Giga_700,C:\Users\angel\OneDrive\Desktop\Kern\data\processed\features\Lexend_Giga_700.npz,52,ok,
Lexend_Giga_800,C:\Users\angel\OneDrive\Desktop\Kern\data\processed\features\Lexend_Giga_800.npz,52,ok,
Lexend_Giga_900,C:\Users\angel\OneDrive\Desktop\Kern\data\processed\features\Lexend_Giga_900.npz,52,ok,
Noticia_Text_regular,C:\Users\angel\OneDrive\Desktop\Kern\data\processed\features\Noticia_Text_regular.npz,52,ok,
Noticia_Text_italic,C:\Users\angel\OneDrive\Desktop\Kern\data\processed\features\Noticia_Text_italic.npz,52,ok,
Noticia_Text_700,C:\Users\angel\OneDrive\Desktop\Kern\data\processed\features\Noticia_Text_700.npz,52,ok,
Noticia_Text_700italic,C:\Users\angel\OneDrive\Desktop\Kern\data\processed\features\Noticia_Text_700italic.npz,52,ok,
Kaushan_Script_regular,C:\Users\angel\OneDrive\Desktop\Kern\data\processed\features\Kaushan_Script_regular.npz,52,ok,
Noto_Naskh_Arabic_regular,C:\Users\angel\OneDrive\Desktop\Kern\data\processed\features\Noto_Naskh_Arabic_regular.npz,52,ok,
Noto_Naskh_Arabic_500,C:\Users\angel\OneDrive\Desktop\Kern\data\processed\features\Noto_Naskh_Arabic_500.npz,52,ok,
Noto_Naskh_Arabic_600,C:\Users\angel\OneDrive\Desktop\Kern\data\processed\features\Noto_Naskh_Arabic_600.npz,52,ok,
Noto_Naskh_Arabic_700,C:\Users\angel\OneDrive\Desktop\Kern\data\processed\features\Noto_Naskh_Arabic_700.npz,52,ok,
Patua_One_regular,C:\Users\angel\OneDrive\Desktop\Kern\data\processed\features\Patua_One_regular.npz,52,ok,
Sawarabi_Gothic_regular,C:\Users\angel\OneDrive\Desktop\Kern\data\processed\features\Sawarabi_Gothic_regular.npz,52,ok,
Hind_Madurai_300,C:\Users\angel\OneDrive\Desktop\Kern\data\processed\features\Hind_Madurai_300.npz,52,ok,
Hind_Madurai_regular,C:\Users\angel\OneDrive\Desktop\Kern\data\processed\features\Hind_Madurai_regular.npz,52,ok,
Hind_Madurai_500,C:\Users\angel\OneDrive\Desktop\Kern\data\processed\features\Hind_Madurai_500.npz,52,ok,
Hind_Madurai_600,C:\Users\angel\OneDrive\Desktop\Kern\data\processed\features\Hind_Madurai_600.npz,52,ok,
Hind_Madurai_700,C:\Users\angel\OneDrive\Desktop\Kern\data\processed\features\Hind_Madurai_700.npz,52,ok,
League_Gothic_regular,C:\Users\angel\OneDrive\Desktop\Kern\data\processed\features\League_Gothic_regular.npz,52,ok,
Cantarell_regular,C:\Users\angel\OneDrive\Desktop\Kern\data\processed\features\Cantarell_regular.npz,52,ok,
Cantarell_italic,C:\Users\angel\OneDrive\Desktop\Kern\data\processed\features\Cantarell_italic.npz,52,ok,
Cantarell_700,C:\Users\angel\OneDrive\Desktop\Kern\data\processed\features\Cantarell_700.npz,52,ok,
Cantarell_700italic,C:\Users\angel\OneDrive\Desktop\Kern\data\processed\features\Cantarell_700italic.npz,52,ok,
Libre_Caslon_Text_regular,C:\Users\angel\OneDrive\Desktop\Kern\data\processed\features\Libre_Caslon_Text_regular.npz,52,ok,
Libre_Caslon_Text_italic,C:\Users\angel\OneDrive\Desktop\Kern\data\processed\features\Libre_Caslon_Text_italic.npz,52,ok,
Libre_Caslon_Text_700,C:\Users\angel\OneDrive\Desktop\Kern\data\processed\features\Libre_Caslon_Text_700.npz,52,ok,
Changa_200,C:\Users\angel\OneDrive\Desktop\Kern\data\processed\features\Changa_200.npz,52,ok,
Changa_300,C:\Users\angel\OneDrive\Desktop\Kern\data\processed\features\Changa_300.npz,52,ok,
Changa_regular,C:\Users\angel\OneDrive\Desktop\Kern\data\processed\features\Changa_regular.npz,52,ok,
Changa_500,C:\Users\angel\OneDrive\Desktop\Kern\data\processed\features\Changa_500.npz,52,ok,
Changa_600,C:\Users\angel\OneDrive\Desktop\Kern\data\processed\features\Changa_600.npz,52,ok,
Changa_700,C:\Users\angel\OneDrive\Desktop\Kern\data\processed\features\Changa_700.npz,52,ok,
Changa_800,C:\Users\angel\OneDrive\Desktop\Kern\data\processed\features\Changa_800.npz,52,ok,
Golos_Text_regular,C:\Users\angel\OneDrive\Desktop\Kern\data\processed\features\Golos_Text_regular.npz,52,ok,
Golos_Text_500,C:\Users\angel\OneDrive\Desktop\Kern\data\processed\features\Golos_Text_500.npz,52,ok,
Golos_Text_600,C:\Users\angel\OneDrive\Desktop\Kern\data\processed\features\Golos_Text_600.npz,52,ok,
Golos_Text_700,C:\Users\angel\OneDrive\Desktop\Kern\data\processed\features\Golos_Text_700.npz,52,ok,
Golos_Text_800,C:\Users\angel\OneDrive\Desktop\Kern\data\processed\features\Golos_Text_800.npz,52,ok,
Golos_Text_900,C:\Users\angel\OneDrive\Desktop\Kern\data\processed\features\Golos_Text_900.npz,52,ok,
Nanum_Gothic_Coding_regular,C:\Users\angel\OneDrive\Desktop\Kern\data\processed\features\Nanum_Gothic_Coding_regular.npz,52,ok,
Nanum_Gothic_Coding_700,C:\Users\angel\OneDrive\Desktop\Kern\data\processed\features\Nanum_Gothic_Coding_700.npz,52,ok,
Noto_Sans_Bengali_100,C:\Users\angel\OneDrive\Desktop\Kern\data\processed\features\Noto_Sans_Bengali_100.npz,52,ok,
Noto_Sans_Bengali_200,C:\Users\angel\OneDrive\Desktop\Kern\data\processed\features\Noto_Sans_Bengali_200.npz,52,ok,
Noto_Sans_Bengali_300,C:\Users\angel\OneDrive\Desktop\Kern\data\processed\features\Noto_Sans_Bengali_300.npz,52,ok,
Noto_Sans_Bengali_regular,C:\Users\angel\OneDrive\Desktop\Kern\data\processed\features\Noto_Sans_Bengali_regular.npz,52,ok,
Noto_Sans_Bengali_500,C:\Users\angel\OneDrive\Desktop\Kern\data\processed\features\Noto_Sans_Bengali_500.npz,52,ok,
Noto_Sans_Bengali_600,C:\Users\angel\OneDrive\Desktop\Kern\data\processed\features\Noto_Sans_Bengali_600.npz,52,ok,
Noto_Sans_Bengali_700,C:\Users\angel\OneDrive\Desktop\Kern\data\processed\features\Noto_Sans_Bengali_700.npz,52,ok,
Noto_Sans_Bengali_800,C:\Users\angel\OneDrive\Desktop\Kern\data\processed\features\Noto_Sans_Bengali_800.npz,52,ok,
Noto_Sans_Bengali_900,C:\Users\angel\OneDrive\Desktop\Kern\data\processed\features\Noto_Sans_Bengali_900.npz,52,ok,
Chelsea_Market_regular,C:\Users\angel\OneDrive\Desktop\Kern\data\processed\features\Chelsea_Market_regular.npz,52,ok,
Quattrocento_regular,C:\Users\angel\OneDrive\Desktop\Kern\data\processed\features\Quattrocento_regular.npz,52,ok,
Quattrocento_700,C:\Users\angel\OneDrive\Desktop\Kern\data\processed\features\Quattrocento_700.npz,52,ok,
STIX_Two_Text_regular,C:\Users\angel\OneDrive\Desktop\Kern\data\processed\features\STIX_Two_Text_regular.npz,52,ok,
STIX_Two_Text_500,C:\Users\angel\OneDrive\Desktop\Kern\data\processed\features\STIX_Two_Text_500.npz,52,ok,
STIX_Two_Text_600,C:\Users\angel\OneDrive\Desktop\Kern\data\processed\features\STIX_Two_Text_600.npz,52,ok,
STIX_Two_Text_700,C:\Users\angel\OneDrive\Desktop\Kern\data\processed\features\STIX_Two_Text_700.npz,52,ok,
STIX_Two_Text_italic,C:\Users\angel\OneDrive\Desktop\Kern\data\processed\features\STIX_Two_Text_italic.npz,52,ok,
STIX_Two_Text_500italic,C:\Users\angel\OneDrive\Desktop\Kern\data\processed\features\STIX_Two_Text_500italic.npz,52,ok,
STIX_Two_Text_600italic,C:\Users\angel\OneDrive\Desktop\Kern\data\processed\features\STIX_Two_Text_600italic.npz,52,ok,
STIX_Two_Text_700italic,C:\Users\angel\OneDrive\Desktop\Kern\data\processed\features\STIX_Two_Text_700italic.npz,52,ok,
Paytone_One_regular,C:\Users\angel\OneDrive\Desktop\Kern\data\processed\features\Paytone_One_regular.npz,52,ok,
Old_Standard_TT_regular,C:\Users\angel\OneDrive\Desktop\Kern\data\processed\features\Old_Standard_TT_regular.npz,52,ok,
Old_Standard_TT_italic,C:\Users\angel\OneDrive\Desktop\Kern\data\processed\features\Old_Standard_TT_italic.npz,52,ok,
Old_Standard_TT_700,C:\Users\angel\OneDrive\Desktop\Kern\data\processed\features\Old_Standard_TT_700.npz,52,ok,
Sacramento_regular,C:\Users\angel\OneDrive\Desktop\Kern\data\processed\features\Sacramento_regular.npz,52,ok,
Creepster_regular,C:\Users\angel\OneDrive\Desktop\Kern\data\processed\features\Creepster_regular.npz,52,ok,
Signika_Negative_300,C:\Users\angel\OneDrive\Desktop\Kern\data\processed\features\Signika_Negative_300.npz,52,ok,
Signika_Negative_regular,C:\Users\angel\OneDrive\Desktop\Kern\data\processed\features\Signika_Negative_regular.npz,52,ok,
Signika_Negative_500,C:\Users\angel\OneDrive\Desktop\Kern\data\processed\features\Signika_Negative_500.npz,52,ok,
Signika_Negative_600,C:\Users\angel\OneDrive\Desktop\Kern\data\processed\features\Signika_Negative_600.npz,52,ok,
Signika_Negative_700,C:\Users\angel\OneDrive\Desktop\Kern\data\processed\features\Signika_Negative_700.npz,52,ok,
Sen_regular,C:\Users\angel\OneDrive\Desktop\Kern\data\processed\features\Sen_regular.npz,52,ok,
Sen_500,C:\Users\angel\OneDrive\Desktop\Kern\data\processed\features\Sen_500.npz,52,ok,
Sen_600,C:\Users\angel\OneDrive\Desktop\Kern\data\processed\features\Sen_600.npz,52,ok,
Sen_700,C:\Users\angel\OneDrive\Desktop\Kern\data\processed\features\Sen_700.npz,52,ok,
Sen_800,C:\Users\angel\OneDrive\Desktop\Kern\data\processed\features\Sen_800.npz,52,ok,
PT_Sans_Caption_regular,C:\Users\angel\OneDrive\Desktop\Kern\data\processed\features\PT_Sans_Caption_regular.npz,52,ok,
PT_Sans_Caption_700,C:\Users\angel\OneDrive\Desktop\Kern\data\processed\features\PT_Sans_Caption_700.npz,52,ok,
Oleo_Script_regular,C:\Users\angel\OneDrive\Desktop\Kern\data\processed\features\Oleo_Script_regular.npz,52,ok,
Oleo_Script_700,C:\Users\angel\OneDrive\Desktop\Kern\data\processed\features\Oleo_Script_700.npz,52,ok,
Noto_Sans_Hebrew_100,C:\Users\angel\OneDrive\Desktop\Kern\data\processed\features\Noto_Sans_Hebrew_100.npz,52,ok,
Noto_Sans_Hebrew_200,C:\Users\angel\OneDrive\Desktop\Kern\data\processed\features\Noto_Sans_Hebrew_200.npz,52,ok,
Noto_Sans_Hebrew_300,C:\Users\angel\OneDrive\Desktop\Kern\data\processed\features\Noto_Sans_Hebrew_300.npz,52,ok,
Noto_Sans_Hebrew_regular,C:\Users\angel\OneDrive\Desktop\Kern\data\processed\features\Noto_Sans_Hebrew_regular.npz,52,ok,
Noto_Sans_Hebrew_500,C:\Users\angel\OneDrive\Desktop\Kern\data\processed\features\Noto_Sans_Hebrew_500.npz,52,ok,
Noto_Sans_Hebrew_600,C:\Users\angel\OneDrive\Desktop\Kern\data\processed\features\Noto_Sans_Hebrew_600.npz,52,ok,
Noto_Sans_Hebrew_700,C:\Users\angel\OneDrive\Desktop\Kern\data\processed\features\Noto_Sans_Hebrew_700.npz,52,ok,
Noto_Sans_Hebrew_800,C:\Users\angel\OneDrive\Desktop\Kern\data\processed\features\Noto_Sans_Hebrew_800.npz,52,ok,
Noto_Sans_Hebrew_900,C:\Users\angel\OneDrive\Desktop\Kern\data\processed\features\Noto_Sans_Hebrew_900.npz,52,ok,
IBM_Plex_Sans_Condensed_100,C:\Users\angel\OneDrive\Desktop\Kern\data\processed\features\IBM_Plex_Sans_Condensed_100.npz,52,ok,
IBM_Plex_Sans_Condensed_100italic,C:\Users\angel\OneDrive\Desktop\Kern\data\processed\features\IBM_Plex_Sans_Condensed_100italic.npz,52,ok,
IBM_Plex_Sans_Condensed_200,C:\Users\angel\OneDrive\Desktop\Kern\data\processed\features\IBM_Plex_Sans_Condensed_200.npz,52,ok,
IBM_Plex_Sans_Condensed_200italic,C:\Users\angel\OneDrive\Desktop\Kern\data\processed\features\IBM_Plex_Sans_Condensed_200italic.npz,52,ok,
IBM_Plex_Sans_Condensed_300,C:\Users\angel\OneDrive\Desktop\Kern\data\processed\features\IBM_Plex_Sans_Condensed_300.npz,52,ok,
IBM_Plex_Sans_Condensed_300italic,C:\Users\angel\OneDrive\Desktop\Kern\data\processed\features\IBM_Plex_Sans_Condensed_300italic.npz,52,ok,
IBM_Plex_Sans_Condensed_regular,C:\Users\angel\OneDrive\Desktop\Kern\data\processed\features\IBM_Plex_Sans_Condensed_regular.npz,52,ok,
IBM_Plex_Sans_Condensed_italic,C:\Users\angel\OneDrive\Desktop\Kern\data\processed\features\IBM_Plex_Sans_Condensed_italic.npz,52,ok,
IBM_Plex_Sans_Condensed_500,C:\Users\angel\OneDrive\Desktop\Kern\data\processed\features\IBM_Plex_Sans_Condensed_500.npz,52,ok,
IBM_Plex_Sans_Condensed_500italic,C:\Users\angel\OneDrive\Desktop\Kern\data\processed\features\IBM_Plex_Sans_Condensed_500italic.npz,52,ok,
IBM_Plex_Sans_Condensed_600,C:\Users\angel\OneDrive\Desktop\Kern\data\processed\features\IBM_Plex_Sans_Condensed_600.npz,52,ok,
IBM_Plex_Sans_Condensed_600italic,C:\Users\angel\OneDrive\Desktop\Kern\data\processed\features\IBM_Plex_Sans_Condensed_600italic.npz,52,ok,
IBM_Plex_Sans_Condensed_700,C:\Users\angel\OneDrive\Desktop\Kern\data\processed\features\IBM_Plex_Sans_Condensed_700.npz,52,ok,
IBM_Plex_Sans_Condensed_700italic,C:\Users\angel\OneDrive\Desktop\Kern\data\processed\features\IBM_Plex_Sans_Condensed_700italic.npz,52,ok,
Yantramanav_100,C:\Users\angel\OneDrive\Desktop\Kern\data\processed\features\Yantramanav_100.npz,52,ok,
Yantramanav_300,C:\Users\angel\OneDrive\Desktop\Kern\data\processed\features\Yantramanav_300.npz,52,ok,
Yantramanav_regular,C:\Users\angel\OneDrive\Desktop\Kern\data\processed\features\Yantramanav_regular.npz,52,ok,
Yantramanav_500,C:\Users\angel\OneDrive\Desktop\Kern\data\processed\features\Yantramanav_500.npz,52,ok,
Yantramanav_700,C:\Users\angel\OneDrive\Desktop\Kern\data\processed\features\Yantramanav_700.npz,52,ok,
Yantramanav_900,C:\Users\angel\OneDrive\Desktop\Kern\data\processed\features\Yantramanav_900.npz,52,ok,
Lusitana_regular,C:\Users\angel\OneDrive\Desktop\Kern\data\processed\features\Lusitana_regular.npz,52,ok,
Lusitana_700,C:\Users\angel\OneDrive\Desktop\Kern\data\processed\features\Lusitana_700.npz,52,ok,
Gruppo_regular,C:\Users\angel\OneDrive\Desktop\Kern\data\processed\features\Gruppo_regular.npz,52,ok,
Francois_One_regular,C:\Users\angel\OneDrive\Desktop\Kern\data\processed\features\Francois_One_regular.npz,52,ok,
Cookie_regular,C:\Users\angel\OneDrive\Desktop\Kern\data\processed\features\Cookie_regular.npz,52,ok,
Philosopher_regular,C:\Users\angel\OneDrive\Desktop\Kern\data\processed\features\Philosopher_regular.npz,52,ok,
Philosopher_italic,C:\Users\angel\OneDrive\Desktop\Kern\data\processed\features\Philosopher_italic.npz,52,ok,
Philosopher_700,C:\Users\angel\OneDrive\Desktop\Kern\data\processed\features\Philosopher_700.npz,52,ok,
Philosopher_700italic,C:\Users\angel\OneDrive\Desktop\Kern\data\processed\features\Philosopher_700italic.npz,52,ok,
Fugaz_One_regular,C:\Users\angel\OneDrive\Desktop\Kern\data\processed\features\Fugaz_One_regular.npz,52,ok,
Zen_Old_Mincho_regular,C:\Users\angel\OneDrive\Desktop\Kern\data\processed\features\Zen_Old_Mincho_regular.npz,52,ok,
Zen_Old_Mincho_500,C:\Users\angel\OneDrive\Desktop\Kern\data\processed\features\Zen_Old_Mincho_500.npz,52,ok,
Zen_Old_Mincho_600,C:\Users\angel\OneDrive\Desktop\Kern\data\processed\features\Zen_Old_Mincho_600.npz,52,ok,
Zen_Old_Mincho_700,C:\Users\angel\OneDrive\Desktop\Kern\data\processed\features\Zen_Old_Mincho_700.npz,52,ok,
Zen_Old_Mincho_900,C:\Users\angel\OneDrive\Desktop\Kern\data\processed\features\Zen_Old_Mincho_900.npz,52,ok,
Bai_Jamjuree_200,C:\Users\angel\OneDrive\Desktop\Kern\data\processed\features\Bai_Jamjuree_200.npz,52,ok,
Bai_Jamjuree_200italic,C:\Users\angel\OneDrive\Desktop\Kern\data\processed\features\Bai_Jamjuree_200italic.npz,52,ok,
Bai_Jamjuree_300,C:\Users\angel\OneDrive\Desktop\Kern\data\processed\features\Bai_Jamjuree_300.npz,52,ok,
Bai_Jamjuree_300italic,C:\Users\angel\OneDrive\Desktop\Kern\data\processed\features\Bai_Jamjuree_300italic.npz,52,ok,
Bai_Jamjuree_regular,C:\Users\angel\OneDrive\Desktop\Kern\data\processed\features\Bai_Jamjuree_regular.npz,52,ok,
Bai_Jamjuree_italic,C:\Users\angel\OneDrive\Desktop\Kern\data\processed\features\Bai_Jamjuree_italic.npz,52,ok,
Bai_Jamjuree_500,C:\Users\angel\OneDrive\Desktop\Kern\data\processed\features\Bai_Jamjuree_500.npz,52,ok,
Bai_Jamjuree_500italic,C:\Users\angel\OneDrive\Desktop\Kern\data\processed\features\Bai_Jamjuree_500italic.npz,52,ok,
Bai_Jamjuree_600,C:\Users\angel\OneDrive\Desktop\Kern\data\processed\features\Bai_Jamjuree_600.npz,52,ok,
Bai_Jamjuree_600italic,C:\Users\angel\OneDrive\Desktop\Kern\data\processed\features\Bai_Jamjuree_600italic.npz,52,ok,
Bai_Jamjuree_700,C:\Users\angel\OneDrive\Desktop\Kern\data\processed\features\Bai_Jamjuree_700.npz,52,ok,
Bai_Jamjuree_700italic,C:\Users\angel\OneDrive\Desktop\Kern\data\processed\features\Bai_Jamjuree_700italic.npz,52,ok,
BIZ_UDPGothic_regular,C:\Users\angel\OneDrive\Desktop\Kern\data\processed\features\BIZ_UDPGothic_regular.npz,52,ok,
BIZ_UDPGothic_700,C:\Users\angel\OneDrive\Desktop\Kern\data\processed\features\BIZ_UDPGothic_700.npz,52,ok,
Actor_regular,C:\Users\angel\OneDrive\Desktop\Kern\data\processed\features\Actor_regular.npz,52,ok,
Sofia_Sans_Condensed_100,C:\Users\angel\OneDrive\Desktop\Kern\data\processed\features\Sofia_Sans_Condensed_100.npz,52,ok,
Sofia_Sans_Condensed_200,C:\Users\angel\OneDrive\Desktop\Kern\data\processed\features\Sofia_Sans_Condensed_200.npz,52,ok,
Sofia_Sans_Condensed_300,C:\Users\angel\OneDrive\Desktop\Kern\data\processed\features\Sofia_Sans_Condensed_300.npz,52,ok,
Sofia_Sans_Condensed_regular,C:\Users\angel\OneDrive\Desktop\Kern\data\processed\features\Sofia_Sans_Condensed_regular.npz,52,ok,
Sofia_Sans_Condensed_500,C:\Users\angel\OneDrive\Desktop\Kern\data\processed\features\Sofia_Sans_Condensed_500.npz,52,ok,
Sofia_Sans_Condensed_600,C:\Users\angel\OneDrive\Desktop\Kern\data\processed\features\Sofia_Sans_Condensed_600.npz,52,ok,
Sofia_Sans_Condensed_700,C:\Users\angel\OneDrive\Desktop\Kern\data\processed\features\Sofia_Sans_Condensed_700.npz,52,ok,
Sofia_Sans_Condensed_800,C:\Users\angel\OneDrive\Desktop\Kern\data\processed\features\Sofia_Sans_Condensed_800.npz,52,ok,
Sofia_Sans_Condensed_900,C:\Users\angel\OneDrive\Desktop\Kern\data\processed\features\Sofia_Sans_Condensed_900.npz,52,ok,
Sofia_Sans_Condensed_100italic,C:\Users\angel\OneDrive\Desktop\Kern\data\processed\features\Sofia_Sans_Condensed_100italic.npz,52,ok,
Sofia_Sans_Condensed_200italic,C:\Users\angel\OneDrive\Desktop\Kern\data\processed\features\Sofia_Sans_Condensed_200italic.npz,52,ok,
Sofia_Sans_Condensed_300italic,C:\Users\angel\OneDrive\Desktop\Kern\data\processed\features\Sofia_Sans_Condensed_300italic.npz,52,ok,
Sofia_Sans_Condensed_italic,C:\Users\angel\OneDrive\Desktop\Kern\data\processed\features\Sofia_Sans_Condensed_italic.npz,52,ok,
Sofia_Sans_Condensed_500italic,C:\Users\angel\OneDrive\Desktop\Kern\data\processed\features\Sofia_Sans_Condensed_500italic.npz,52,ok,
Sofia_Sans_Condensed_600italic,C:\Users\angel\OneDrive\Desktop\Kern\data\processed\features\Sofia_Sans_Condensed_600italic.npz,52,ok,
Sofia_Sans_Condensed_700italic,C:\Users\angel\OneDrive\Desktop\Kern\data\processed\features\Sofia_Sans_Condensed_700italic.npz,52,ok,
Sofia_Sans_Condensed_800italic,C:\Users\angel\OneDrive\Desktop\Kern\data\processed\features\Sofia_Sans_Condensed_800italic.npz,52,ok,
Sofia_Sans_Condensed_900italic,C:\Users\angel\OneDrive\Desktop\Kern\data\processed\features\Sofia_Sans_Condensed_900italic.npz,52,ok,
Patrick_Hand_regular,C:\Users\angel\OneDrive\Desktop\Kern\data\processed\features\Patrick_Hand_regular.npz,52,ok,
Commissioner_100,C:\Users\angel\OneDrive\Desktop\Kern\data\processed\features\Commissioner_100.npz,52,ok,
Commissioner_200,C:\Users\angel\OneDrive\Desktop\Kern\data\processed\features\Commissioner_200.npz,52,ok,
Commissioner_300,C:\Users\angel\OneDrive\Desktop\Kern\data\processed\features\Commissioner_300.npz,52,ok,
Commissioner_regular,C:\Users\angel\OneDrive\Desktop\Kern\data\processed\features\Commissioner_regular.npz,52,ok,
Commissioner_500,C:\Users\angel\OneDrive\Desktop\Kern\data\processed\features\Commissioner_500.npz,52,ok,
Commissioner_600,C:\Users\angel\OneDrive\Desktop\Kern\data\processed\features\Commissioner_600.npz,52,ok,
Commissioner_700,C:\Users\angel\OneDrive\Desktop\Kern\data\processed\features\Commissioner_700.npz,52,ok,
Commissioner_800,C:\Users\angel\OneDrive\Desktop\Kern\data\processed\features\Commissioner_800.npz,52,ok,
Commissioner_900,C:\Users\angel\OneDrive\Desktop\Kern\data\processed\features\Commissioner_900.npz,52,ok,
Bevan_regular,C:\Users\angel\OneDrive\Desktop\Kern\data\processed\features\Bevan_regular.npz,52,ok,
Bevan_italic,C:\Users\angel\OneDrive\Desktop\Kern\data\processed\features\Bevan_italic.npz,52,ok,
Oxanium_200,C:\Users\angel\OneDrive\Desktop\Kern\data\processed\features\Oxanium_200.npz,52,ok,
Oxanium_300,C:\Users\angel\OneDrive\Desktop\Kern\data\processed\features\Oxanium_300.npz,52,ok,
Oxanium_regular,C:\Users\angel\OneDrive\Desktop\Kern\data\processed\features\Oxanium_regular.npz,52,ok,
Oxanium_500,C:\Users\angel\OneDrive\Desktop\Kern\data\processed\features\Oxanium_500.npz,52,ok,
Oxanium_600,C:\Users\angel\OneDrive\Desktop\Kern\data\processed\features\Oxanium_600.npz,52,ok,
Oxanium_700,C:\Users\angel\OneDrive\Desktop\Kern\data\processed\features\Oxanium_700.npz,52,ok,
Oxanium_800,C:\Users\angel\OneDrive\Desktop\Kern\data\processed\features\Oxanium_800.npz,52,ok,
Antonio_100,C:\Users\angel\OneDrive\Desktop\Kern\data\processed\features\Antonio_100.npz,52,ok,
Antonio_200,C:\Users\angel\OneDrive\Desktop\Kern\data\processed\features\Antonio_200.npz,52,ok,
Antonio_300,C:\Users\angel\OneDrive\Desktop\Kern\data\processed\features\Antonio_300.npz,52,ok,
Antonio_regular,C:\Users\angel\OneDrive\Desktop\Kern\data\processed\features\Antonio_regular.npz,52,ok,
Antonio_500,C:\Users\angel\OneDrive\Desktop\Kern\data\processed\features\Antonio_500.npz,52,ok,
Antonio_600,C:\Users\angel\OneDrive\Desktop\Kern\data\processed\features\Antonio_600.npz,52,ok,
Antonio_700,C:\Users\angel\OneDrive\Desktop\Kern\data\processed\features\Antonio_700.npz,52,ok,
Gelasio_regular,C:\Users\angel\OneDrive\Desktop\Kern\data\processed\features\Gelasio_regular.npz,52,ok,
Gelasio_500,C:\Users\angel\OneDrive\Desktop\Kern\data\processed\features\Gelasio_500.npz,52,ok,
Gelasio_600,C:\Users\angel\OneDrive\Desktop\Kern\data\processed\features\Gelasio_600.npz,52,ok,
Gelasio_700,C:\Users\angel\OneDrive\Desktop\Kern\data\processed\features\Gelasio_700.npz,52,ok,
Gelasio_italic,C:\Users\angel\OneDrive\Desktop\Kern\data\processed\features\Gelasio_italic.npz,52,ok,
Gelasio_500italic,C:\Users\angel\OneDrive\Desktop\Kern\data\processed\features\Gelasio_500italic.npz,52,ok,
Gelasio_600italic,C:\Users\angel\OneDrive\Desktop\Kern\data\processed\features\Gelasio_600italic.npz,52,ok,
Gelasio_700italic,C:\Users\angel\OneDrive\Desktop\Kern\data\processed\features\Gelasio_700italic.npz,52,ok,
Playfair_Display_SC_regular,C:\Users\angel\OneDrive\Desktop\Kern\data\processed\features\Playfair_Display_SC_regular.npz,52,ok,
Playfair_Display_SC_italic,C:\Users\angel\OneDrive\Desktop\Kern\data\processed\features\Playfair_Display_SC_italic.npz,52,ok,
Playfair_Display_SC_700,C:\Users\angel\OneDrive\Desktop\Kern\data\processed\features\Playfair_Display_SC_700.npz,52,ok,
Playfair_Display_SC_700italic,C:\Users\angel\OneDrive\Desktop\Kern\data\processed\features\Playfair_Display_SC_700italic.npz,52,ok,
Playfair_Display_SC_900,C:\Users\angel\OneDrive\Desktop\Kern\data\processed\features\Playfair_Display_SC_900.npz,52,ok,
Playfair_Display_SC_900italic,C:\Users\angel\OneDrive\Desktop\Kern\data\processed\features\Playfair_Display_SC_900italic.npz,52,ok,
Kosugi_Maru_regular,C:\Users\angel\OneDrive\Desktop\Kern\data\processed\features\Kosugi_Maru_regular.npz,52,ok,
Alexandria_100,C:\Users\angel\OneDrive\Desktop\Kern\data\processed\features\Alexandria_100.npz,52,ok,
Alexandria_200,C:\Users\angel\OneDrive\Desktop\Kern\data\processed\features\Alexandria_200.npz,52,ok,
Alexandria_300,C:\Users\angel\OneDrive\Desktop\Kern\data\processed\features\Alexandria_300.npz,52,ok,
Alexandria_regular,C:\Users\angel\OneDrive\Desktop\Kern\data\processed\features\Alexandria_regular.npz,52,ok,
Alexandria_500,C:\Users\angel\OneDrive\Desktop\Kern\data\processed\features\Alexandria_500.npz,52,ok,
Alexandria_600,C:\Users\angel\OneDrive\Desktop\Kern\data\processed\features\Alexandria_600.npz,52,ok,
Alexandria_700,C:\Users\angel\OneDrive\Desktop\Kern\data\processed\features\Alexandria_700.npz,52,ok,
Alexandria_800,C:\Users\angel\OneDrive\Desktop\Kern\data\processed\features\Alexandria_800.npz,52,ok,
Alexandria_900,C:\Users\angel\OneDrive\Desktop\Kern\data\processed\features\Alexandria_900.npz,52,ok,
Ubuntu_Condensed_regular,C:\Users\angel\OneDrive\Desktop\Kern\data\processed\features\Ubuntu_Condensed_regular.npz,52,ok,
Didact_Gothic_regular,C:\Users\angel\OneDrive\Desktop\Kern\data\processed\features\Didact_Gothic_regular.npz,52,ok,
Rokkitt_100,C:\Users\angel\OneDrive\Desktop\Kern\data\processed\features\Rokkitt_100.npz,52,ok,
Rokkitt_200,C:\Users\angel\OneDrive\Desktop\Kern\data\processed\features\Rokkitt_200.npz,52,ok,
Rokkitt_300,C:\Users\angel\OneDrive\Desktop\Kern\data\processed\features\Rokkitt_300.npz,52,ok,
Rokkitt_regular,C:\Users\angel\OneDrive\Desktop\Kern\data\processed\features\Rokkitt_regular.npz,52,ok,
Rokkitt_500,C:\Users\angel\OneDrive\Desktop\Kern\data\processed\features\Rokkitt_500.npz,52,ok,
Rokkitt_600,C:\Users\angel\OneDrive\Desktop\Kern\data\processed\features\Rokkitt_600.npz,52,ok,
Rokkitt_700,C:\Users\angel\OneDrive\Desktop\Kern\data\processed\features\Rokkitt_700.npz,52,ok,
Rokkitt_800,C:\Users\angel\OneDrive\Desktop\Kern\data\processed\features\Rokkitt_800.npz,52,ok,
Rokkitt_900,C:\Users\angel\OneDrive\Desktop\Kern\data\processed\features\Rokkitt_900.npz,52,ok,
Rokkitt_100italic,C:\Users\angel\OneDrive\Desktop\Kern\data\processed\features\Rokkitt_100italic.npz,52,ok,
Rokkitt_200italic,C:\Users\angel\OneDrive\Desktop\Kern\data\processed\features\Rokkitt_200italic.npz,52,ok,
Rokkitt_300italic,C:\Users\angel\OneDrive\Desktop\Kern\data\processed\features\Rokkitt_300italic.npz,52,ok,
Rokkitt_italic,C:\Users\angel\OneDrive\Desktop\Kern\data\processed\features\Rokkitt_italic.npz,52,ok,
Rokkitt_500italic,C:\Users\angel\OneDrive\Desktop\Kern\data\processed\features\Rokkitt_500italic.npz,52,ok,
Rokkitt_600italic,C:\Users\angel\OneDrive\Desktop\Kern\data\processed\features\Rokkitt_600italic.npz,52,ok,
Rokkitt_700italic,C:\Users\angel\OneDrive\Desktop\Kern\data\processed\features\Rokkitt_700italic.npz,52,ok,
Rokkitt_800italic,C:\Users\angel\OneDrive\Desktop\Kern\data\processed\features\Rokkitt_800italic.npz,52,ok,
Rokkitt_900italic,C:\Users\angel\OneDrive\Desktop\Kern\data\processed\features\Rokkitt_900italic.npz,52,ok,
Rock_Salt_regular,C:\Users\angel\OneDrive\Desktop\Kern\data\processed\features\Rock_Salt_regular.npz,52,ok,
Amaranth_regular,C:\Users\angel\OneDrive\Desktop\Kern\data\processed\features\Amaranth_regular.npz,52,ok,
Amaranth_italic,C:\Users\angel\OneDrive\Desktop\Kern\data\processed\features\Amaranth_italic.npz,52,ok,
Amaranth_700,C:\Users\angel\OneDrive\Desktop\Kern\data\processed\features\Amaranth_700.npz,52,ok,
Amaranth_700italic,C:\Users\angel\OneDrive\Desktop\Kern\data\processed\features\Amaranth_700italic.npz,52,ok,
Libre_Bodoni_regular,C:\Users\angel\OneDrive\Desktop\Kern\data\processed\features\Libre_Bodoni_regular.npz,52,ok,
Libre_Bodoni_500,C:\Users\angel\OneDrive\Desktop\Kern\data\processed\features\Libre_Bodoni_500.npz,52,ok,
Libre_Bodoni_600,C:\Users\angel\OneDrive\Desktop\Kern\data\processed\features\Libre_Bodoni_600.npz,52,ok,
Libre_Bodoni_700,C:\Users\angel\OneDrive\Desktop\Kern\data\processed\features\Libre_Bodoni_700.npz,52,ok,
Libre_Bodoni_italic,C:\Users\angel\OneDrive\Desktop\Kern\data\processed\features\Libre_Bodoni_italic.npz,52,ok,
Libre_Bodoni_500italic,C:\Users\angel\OneDrive\Desktop\Kern\data\processed\features\Libre_Bodoni_500italic.npz,52,ok,
Libre_Bodoni_600italic,C:\Users\angel\OneDrive\Desktop\Kern\data\processed\features\Libre_Bodoni_600italic.npz,52,ok,
Libre_Bodoni_700italic,C:\Users\angel\OneDrive\Desktop\Kern\data\processed\features\Libre_Bodoni_700italic.npz,52,ok,
Homemade_Apple_regular,C:\Users\angel\OneDrive\Desktop\Kern\data\processed\features\Homemade_Apple_regular.npz,52,ok,
Pathway_Gothic_One_regular,C:\Users\angel\OneDrive\Desktop\Kern\data\processed\features\Pathway_Gothic_One_regular.npz,52,ok,
Gabarito_regular,C:\Users\angel\OneDrive\Desktop\Kern\data\processed\features\Gabarito_regular.npz,52,ok,
Gabarito_500,C:\Users\angel\OneDrive\Desktop\Kern\data\processed\features\Gabarito_500.npz,52,ok,
Gabarito_600,C:\Users\angel\OneDrive\Desktop\Kern\data\processed\features\Gabarito_600.npz,52,ok,
Gabarito_700,C:\Users\angel\OneDrive\Desktop\Kern\data\processed\features\Gabarito_700.npz,52,ok,
Gabarito_800,C:\Users\angel\OneDrive\Desktop\Kern\data\processed\features\Gabarito_800.npz,52,ok,
Gabarito_900,C:\Users\angel\OneDrive\Desktop\Kern\data\processed\features\Gabarito_900.npz,52,ok,
Forum_regular,C:\Users\angel\OneDrive\Desktop\Kern\data\processed\features\Forum_regular.npz,52,ok,
Gilda_Display_regular,C:\Users\angel\OneDrive\Desktop\Kern\data\processed\features\Gilda_Display_regular.npz,52,ok,
Josefin_Slab_100,C:\Users\angel\OneDrive\Desktop\Kern\data\processed\features\Josefin_Slab_100.npz,52,ok,
Josefin_Slab_200,C:\Users\angel\OneDrive\Desktop\Kern\data\processed\features\Josefin_Slab_200.npz,52,ok,
Josefin_Slab_300,C:\Users\angel\OneDrive\Desktop\Kern\data\processed\features\Josefin_Slab_300.npz,52,ok,
Josefin_Slab_regular,C:\Users\angel\OneDrive\Desktop\Kern\data\processed\features\Josefin_Slab_regular.npz,52,ok,
Josefin_Slab_500,C:\Users\angel\OneDrive\Desktop\Kern\data\processed\features\Josefin_Slab_500.npz,52,ok,
Josefin_Slab_600,C:\Users\angel\OneDrive\Desktop\Kern\data\processed\features\Josefin_Slab_600.npz,52,ok,
Josefin_Slab_700,C:\Users\angel\OneDrive\Desktop\Kern\data\processed\features\Josefin_Slab_700.npz,52,ok,
Josefin_Slab_100italic,C:\Users\angel\OneDrive\Desktop\Kern\data\processed\features\Josefin_Slab_100italic.npz,52,ok,
Josefin_Slab_200italic,C:\Users\angel\OneDrive\Desktop\Kern\data\processed\features\Josefin_Slab_200italic.npz,52,ok,
Josefin_Slab_300italic,C:\Users\angel\OneDrive\Desktop\Kern\data\processed\features\Josefin_Slab_300italic.npz,52,ok,
Josefin_Slab_italic,C:\Users\angel\OneDrive\Desktop\Kern\data\processed\features\Josefin_Slab_italic.npz,52,ok,
Josefin_Slab_500italic,C:\Users\angel\OneDrive\Desktop\Kern\data\processed\features\Josefin_Slab_500italic.npz,52,ok,
Josefin_Slab_600italic,C:\Users\angel\OneDrive\Desktop\Kern\data\processed\features\Josefin_Slab_600italic.npz,52,ok,
Josefin_Slab_700italic,C:\Users\angel\OneDrive\Desktop\Kern\data\processed\features\Josefin_Slab_700italic.npz,52,ok,
Radio_Canada_300,C:\Users\angel\OneDrive\Desktop\Kern\data\processed\features\Radio_Canada_300.npz,52,ok,
Radio_Canada_regular,C:\Users\angel\OneDrive\Desktop\Kern\data\processed\features\Radio_Canada_regular.npz,52,ok,
Radio_Canada_500,C:\Users\angel\OneDrive\Desktop\Kern\data\processed\features\Radio_Canada_500.npz,52,ok,
Radio_Canada_600,C:\Users\angel\OneDrive\Desktop\Kern\data\processed\features\Radio_Canada_600.npz,52,ok,
Radio_Canada_700,C:\Users\angel\OneDrive\Desktop\Kern\data\processed\features\Radio_Canada_700.npz,52,ok,
Radio_Canada_300italic,C:\Users\angel\OneDrive\Desktop\Kern\data\processed\features\Radio_Canada_300italic.npz,52,ok,
Radio_Canada_italic,C:\Users\angel\OneDrive\Desktop\Kern\data\processed\features\Radio_Canada_italic.npz,52,ok,
Radio_Canada_500italic,C:\Users\angel\OneDrive\Desktop\Kern\data\processed\features\Radio_Canada_500italic.npz,52,ok,
Radio_Canada_600italic,C:\Users\angel\OneDrive\Desktop\Kern\data\processed\features\Radio_Canada_600italic.npz,52,ok,
Radio_Canada_700italic,C:\Users\angel\OneDrive\Desktop\Kern\data\processed\features\Radio_Canada_700italic.npz,52,ok,
Quattrocento_Sans_regular,C:\Users\angel\OneDrive\Desktop\Kern\data\processed\features\Quattrocento_Sans_regular.npz,52,ok,
Quattrocento_Sans_italic,C:\Users\angel\OneDrive\Desktop\Kern\data\processed\features\Quattrocento_Sans_italic.npz,52,ok,
Quattrocento_Sans_700,C:\Users\angel\OneDrive\Desktop\Kern\data\processed\features\Quattrocento_Sans_700.npz,52,ok,
Quattrocento_Sans_700italic,C:\Users\angel\OneDrive\Desktop\Kern\data\processed\features\Quattrocento_Sans_700italic.npz,52,ok,
Tangerine_regular,C:\Users\angel\OneDrive\Desktop\Kern\data\processed\features\Tangerine_regular.npz,52,ok,
Tangerine_700,C:\Users\angel\OneDrive\Desktop\Kern\data\processed\features\Tangerine_700.npz,52,ok,
Rammetto_One_regular,C:\Users\angel\OneDrive\Desktop\Kern\data\processed\features\Rammetto_One_regular.npz,52,ok,
Kameron_regular,C:\Users\angel\OneDrive\Desktop\Kern\data\processed\features\Kameron_regular.npz,52,ok,
Jura_300,C:\Users\angel\OneDrive\Desktop\Kern\data\processed\features\Jura_300.npz,52,ok,
Jura_regular,C:\Users\angel\OneDrive\Desktop\Kern\data\processed\features\Jura_regular.npz,52,ok,
Jura_500,C:\Users\angel\OneDrive\Desktop\Kern\data\processed\features\Jura_500.npz,52,ok,
Jura_600,C:\Users\angel\OneDrive\Desktop\Kern\data\processed\features\Jura_600.npz,52,ok,
Jura_700,C:\Users\angel\OneDrive\Desktop\Kern\data\processed\features\Jura_700.npz,52,ok,
Berkshire_Swash_regular,C:\Users\angel\OneDrive\Desktop\Kern\data\processed\features\Berkshire_Swash_regular.npz,52,ok,
Unica_One_regular,C:\Users\angel\OneDrive\Desktop\Kern\data\processed\features\Unica_One_regular.npz,52,ok,
Poiret_One_regular,C:\Users\angel\OneDrive\Desktop\Kern\data\processed\features\Poiret_One_regular.npz,52,ok,
El_Messiri_regular,C:\Users\angel\OneDrive\Desktop\Kern\data\processed\features\El_Messiri_regular.npz,52,ok,
El_Messiri_500,C:\Users\angel\OneDrive\Desktop\Kern\data\processed\features\El_Messiri_500.npz,52,ok,
El_Messiri_600,C:\Users\angel\OneDrive\Desktop\Kern\data\processed\features\El_Messiri_600.npz,52,ok,
El_Messiri_700,C:\Users\angel\OneDrive\Desktop\Kern\data\processed\features\El_Messiri_700.npz,52,ok,
Concert_One_regular,C:\Users\angel\OneDrive\Desktop\Kern\data\processed\features\Concert_One_regular.npz,52,ok,
Parisienne_regular,C:\Users\angel\OneDrive\Desktop\Kern\data\processed\features\Parisienne_regular.npz,52,ok,
Architects_Daughter_regular,C:\Users\angel\OneDrive\Desktop\Kern\data\processed\features\Architects_Daughter_regular.npz,52,ok,
Asap_Condensed_200,C:\Users\angel\OneDrive\Desktop\Kern\data\processed\features\Asap_Condensed_200.npz,52,ok,
Asap_Condensed_200italic,C:\Users\angel\OneDrive\Desktop\Kern\data\processed\features\Asap_Condensed_200italic.npz,52,ok,
Asap_Condensed_300,C:\Users\angel\OneDrive\Desktop\Kern\data\processed\features\Asap_Condensed_300.npz,52,ok,
Asap_Condensed_300italic,C:\Users\angel\OneDrive\Desktop\Kern\data\processed\features\Asap_Condensed_300italic.npz,52,ok,
Asap_Condensed_regular,C:\Users\angel\OneDrive\Desktop\Kern\data\processed\features\Asap_Condensed_regular.npz,52,ok,
Asap_Condensed_italic,C:\Users\angel\OneDrive\Desktop\Kern\data\processed\features\Asap_Condensed_italic.npz,52,ok,
Asap_Condensed_500,C:\Users\angel\OneDrive\Desktop\Kern\data\processed\features\Asap_Condensed_500.npz,52,ok,
Asap_Condensed_500italic,C:\Users\angel\OneDrive\Desktop\Kern\data\processed\features\Asap_Condensed_500italic.npz,52,ok,
Asap_Condensed_600,C:\Users\angel\OneDrive\Desktop\Kern\data\processed\features\Asap_Condensed_600.npz,52,ok,
Asap_Condensed_600italic,C:\Users\angel\OneDrive\Desktop\Kern\data\processed\features\Asap_Condensed_600italic.npz,52,ok,
Asap_Condensed_700,C:\Users\angel\OneDrive\Desktop\Kern\data\processed\features\Asap_Condensed_700.npz,52,ok,
Asap_Condensed_700italic,C:\Users\angel\OneDrive\Desktop\Kern\data\processed\features\Asap_Condensed_700italic.npz,52,ok,
Asap_Condensed_800,C:\Users\angel\OneDrive\Desktop\Kern\data\processed\features\Asap_Condensed_800.npz,52,ok,
Asap_Condensed_800italic,C:\Users\angel\OneDrive\Desktop\Kern\data\processed\features\Asap_Condensed_800italic.npz,52,ok,
Asap_Condensed_900,C:\Users\angel\OneDrive\Desktop\Kern\data\processed\features\Asap_Condensed_900.npz,52,ok,
Asap_Condensed_900italic,C:\Users\angel\OneDrive\Desktop\Kern\data\processed\features\Asap_Condensed_900italic.npz,52,ok,
Alex_Brush_regular,C:\Users\angel\OneDrive\Desktop\Kern\data\processed\features\Alex_Brush_regular.npz,52,ok,
Noto_Serif_Bengali_100,C:\Users\angel\OneDrive\Desktop\Kern\data\processed\features\Noto_Serif_Bengali_100.npz,52,ok,
Noto_Serif_Bengali_200,C:\Users\angel\OneDrive\Desktop\Kern\data\processed\features\Noto_Serif_Bengali_200.npz,52,ok,
Noto_Serif_Bengali_300,C:\Users\angel\OneDrive\Desktop\Kern\data\processed\features\Noto_Serif_Bengali_300.npz,52,ok,
Noto_Serif_Bengali_regular,C:\Users\angel\OneDrive\Desktop\Kern\data\processed\features\Noto_Serif_Bengali_regular.npz,52,ok,
Noto_Serif_Bengali_500,C:\Users\angel\OneDrive\Desktop\Kern\data\processed\features\Noto_Serif_Bengali_500.npz,52,ok,
Noto_Serif_Bengali_600,C:\Users\angel\OneDrive\Desktop\Kern\data\processed\features\Noto_Serif_Bengali_600.npz,52,ok,
Noto_Serif_Bengali_700,C:\Users\angel\OneDrive\Desktop\Kern\data\processed\features\Noto_Serif_Bengali_700.npz,52,ok,
Noto_Serif_Bengali_800,C:\Users\angel\OneDrive\Desktop\Kern\data\processed\features\Noto_Serif_Bengali_800.npz,52,ok,
Noto_Serif_Bengali_900,C:\Users\angel\OneDrive\Desktop\Kern\data\processed\features\Noto_Serif_Bengali_900.npz,52,ok,
Neuton_200,C:\Users\angel\OneDrive\Desktop\Kern\data\processed\features\Neuton_200.npz,52,ok,
Neuton_300,C:\Users\angel\OneDrive\Desktop\Kern\data\processed\features\Neuton_300.npz,52,ok,
Neuton_regular,C:\Users\angel\OneDrive\Desktop\Kern\data\processed\features\Neuton_regular.npz,52,ok,
Neuton_italic,C:\Users\angel\OneDrive\Desktop\Kern\data\processed\features\Neuton_italic.npz,52,ok,
Neuton_700,C:\Users\angel\OneDrive\Desktop\Kern\data\processed\features\Neuton_700.npz,52,ok,
Neuton_800,C:\Users\angel\OneDrive\Desktop\Kern\data\processed\features\Neuton_800.npz,52,ok,
M_PLUS_1_100,C:\Users\angel\OneDrive\Desktop\Kern\data\processed\features\M_PLUS_1_100.npz,52,ok,
M_PLUS_1_200,C:\Users\angel\OneDrive\Desktop\Kern\data\processed\features\M_PLUS_1_200.npz,52,ok,
M_PLUS_1_300,C:\Users\angel\OneDrive\Desktop\Kern\data\processed\features\M_PLUS_1_300.npz,52,ok,
M_PLUS_1_regular,C:\Users\angel\OneDrive\Desktop\Kern\data\processed\features\M_PLUS_1_regular.npz,52,ok,
M_PLUS_1_500,C:\Users\angel\OneDrive\Desktop\Kern\data\processed\features\M_PLUS_1_500.npz,52,ok,
M_PLUS_1_600,C:\Users\angel\OneDrive\Desktop\Kern\data\processed\features\M_PLUS_1_600.npz,52,ok,
M_PLUS_1_700,C:\Users\angel\OneDrive\Desktop\Kern\data\processed\features\M_PLUS_1_700.npz,52,ok,
M_PLUS_1_800,C:\Users\angel\OneDrive\Desktop\Kern\data\processed\features\M_PLUS_1_800.npz,52,ok,
M_PLUS_1_900,C:\Users\angel\OneDrive\Desktop\Kern\data\processed\features\M_PLUS_1_900.npz,52,ok,
Italianno_regular,C:\Users\angel\OneDrive\Desktop\Kern\data\processed\features\Italianno_regular.npz,52,ok,
Playball_regular,C:\Users\angel\OneDrive\Desktop\Kern\data\processed\features\Playball_regular.npz,52,ok,
Merienda_300,C:\Users\angel\OneDrive\Desktop\Kern\data\processed\features\Merienda_300.npz,52,ok,
Merienda_regular,C:\Users\angel\OneDrive\Desktop\Kern\data\processed\features\Merienda_regular.npz,52,ok,
Merienda_500,C:\Users\angel\OneDrive\Desktop\Kern\data\processed\features\Merienda_500.npz,52,ok,
Merienda_600,C:\Users\angel\OneDrive\Desktop\Kern\data\processed\features\Merienda_600.npz,52,ok,
Merienda_700,C:\Users\angel\OneDrive\Desktop\Kern\data\processed\features\Merienda_700.npz,52,ok,
Merienda_800,C:\Users\angel\OneDrive\Desktop\Kern\data\processed\features\Merienda_800.npz,52,ok,
Merienda_900,C:\Users\angel\OneDrive\Desktop\Kern\data\processed\features\Merienda_900.npz,52,ok,
Staatliches_regular,C:\Users\angel\OneDrive\Desktop\Kern\data\processed\features\Staatliches_regular.npz,52,ok,
Lustria_regular,C:\Users\angel\OneDrive\Desktop\Kern\data\processed\features\Lustria_regular.npz,52,ok,
Krub_200,C:\Users\angel\OneDrive\Desktop\Kern\data\processed\features\Krub_200.npz,52,ok,
Krub_200italic,C:\Users\angel\OneDrive\Desktop\Kern\data\processed\features\Krub_200italic.npz,52,ok,
Krub_300,C:\Users\angel\OneDrive\Desktop\Kern\data\processed\features\Krub_300.npz,52,ok,
Krub_300italic,C:\Users\angel\OneDrive\Desktop\Kern\data\processed\features\Krub_300italic.npz,52,ok,
Krub_regular,C:\Users\angel\OneDrive\Desktop\Kern\data\processed\features\Krub_regular.npz,52,ok,
Krub_italic,C:\Users\angel\OneDrive\Desktop\Kern\data\processed\features\Krub_italic.npz,52,ok,
Krub_500,C:\Users\angel\OneDrive\Desktop\Kern\data\processed\features\Krub_500.npz,52,ok,
Krub_500italic,C:\Users\angel\OneDrive\Desktop\Kern\data\processed\features\Krub_500italic.npz,52,ok,
Krub_600,C:\Users\angel\OneDrive\Desktop\Kern\data\processed\features\Krub_600.npz,52,ok,
Krub_600italic,C:\Users\angel\OneDrive\Desktop\Kern\data\processed\features\Krub_600italic.npz,52,ok,
Krub_700,C:\Users\angel\OneDrive\Desktop\Kern\data\processed\features\Krub_700.npz,52,ok,
Krub_700italic,C:\Users\angel\OneDrive\Desktop\Kern\data\processed\features\Krub_700italic.npz,52,ok,
Chango_regular,C:\Users\angel\OneDrive\Desktop\Kern\data\processed\features\Chango_regular.npz,52,ok,
Abhaya_Libre_regular,C:\Users\angel\OneDrive\Desktop\Kern\data\processed\features\Abhaya_Libre_regular.npz,52,ok,
Abhaya_Libre_500,C:\Users\angel\OneDrive\Desktop\Kern\data\processed\features\Abhaya_Libre_500.npz,52,ok,
Abhaya_Libre_600,C:\Users\angel\OneDrive\Desktop\Kern\data\processed\features\Abhaya_Libre_600.npz,52,ok,
Abhaya_Libre_700,C:\Users\angel\OneDrive\Desktop\Kern\data\processed\features\Abhaya_Libre_700.npz,52,ok,
Abhaya_Libre_800,C:\Users\angel\OneDrive\Desktop\Kern\data\processed\features\Abhaya_Libre_800.npz,52,ok,
Eater_regular,C:\Users\angel\OneDrive\Desktop\Kern\data\processed\features\Eater_regular.npz,52,ok,
Gloria_Hallelujah_regular,C:\Users\angel\OneDrive\Desktop\Kern\data\processed\features\Gloria_Hallelujah_regular.npz,52,ok,
Ubuntu_Sans_100,C:\Users\angel\OneDrive\Desktop\Kern\data\processed\features\Ubuntu_Sans_100.npz,52,ok,
Ubuntu_Sans_200,C:\Users\angel\OneDrive\Desktop\Kern\data\processed\features\Ubuntu_Sans_200.npz,52,ok,
Ubuntu_Sans_300,C:\Users\angel\OneDrive\Desktop\Kern\data\processed\features\Ubuntu_Sans_300.npz,52,ok,
Ubuntu_Sans_regular,C:\Users\angel\OneDrive\Desktop\Kern\data\processed\features\Ubuntu_Sans_regular.npz,52,ok,
Ubuntu_Sans_500,C:\Users\angel\OneDrive\Desktop\Kern\data\processed\features\Ubuntu_Sans_500.npz,52,ok,
Ubuntu_Sans_600,C:\Users\angel\OneDrive\Desktop\Kern\data\processed\features\Ubuntu_Sans_600.npz,52,ok,
Ubuntu_Sans_700,C:\Users\angel\OneDrive\Desktop\Kern\data\processed\features\Ubuntu_Sans_700.npz,52,ok,
Ubuntu_Sans_800,C:\Users\angel\OneDrive\Desktop\Kern\data\processed\features\Ubuntu_Sans_800.npz,52,ok,
Ubuntu_Sans_100italic,C:\Users\angel\OneDrive\Desktop\Kern\data\processed\features\Ubuntu_Sans_100italic.npz,52,ok,
Ubuntu_Sans_200italic,C:\Users\angel\OneDrive\Desktop\Kern\data\processed\features\Ubuntu_Sans_200italic.npz,52,ok,
Ubuntu_Sans_300italic,C:\Users\angel\OneDrive\Desktop\Kern\data\processed\features\Ubuntu_Sans_300italic.npz,52,ok,
Ubuntu_Sans_italic,C:\Users\angel\OneDrive\Desktop\Kern\data\processed\features\Ubuntu_Sans_italic.npz,52,ok,
Ubuntu_Sans_500italic,C:\Users\angel\OneDrive\Desktop\Kern\data\processed\features\Ubuntu_Sans_500italic.npz,52,ok,
Ubuntu_Sans_600italic,C:\Users\angel\OneDrive\Desktop\Kern\data\processed\features\Ubuntu_Sans_600italic.npz,52,ok,
Ubuntu_Sans_700italic,C:\Users\angel\OneDrive\Desktop\Kern\data\processed\features\Ubuntu_Sans_700italic.npz,52,ok,
Ubuntu_Sans_800italic,C:\Users\angel\OneDrive\Desktop\Kern\data\processed\features\Ubuntu_Sans_800italic.npz,52,ok,
Delius_regular,C:\Users\angel\OneDrive\Desktop\Kern\data\processed\features\Delius_regular.npz,52,ok,
Cinzel_Decorative_regular,C:\Users\angel\OneDrive\Desktop\Kern\data\processed\features\Cinzel_Decorative_regular.npz,52,ok,
Cinzel_Decorative_700,C:\Users\angel\OneDrive\Desktop\Kern\data\processed\features\Cinzel_Decorative_700.npz,52,ok,
Cinzel_Decorative_900,C:\Users\angel\OneDrive\Desktop\Kern\data\processed\features\Cinzel_Decorative_900.npz,52,ok,
Audiowide_regular,C:\Users\angel\OneDrive\Desktop\Kern\data\processed\features\Audiowide_regular.npz,52,ok,
Faustina_300,C:\Users\angel\OneDrive\Desktop\Kern\data\processed\features\Faustina_300.npz,52,ok,
Faustina_regular,C:\Users\angel\OneDrive\Desktop\Kern\data\processed\features\Faustina_regular.npz,52,ok,
Faustina_500,C:\Users\angel\OneDrive\Desktop\Kern\data\processed\features\Faustina_500.npz,52,ok,
Faustina_600,C:\Users\angel\OneDrive\Desktop\Kern\data\processed\features\Faustina_600.npz,52,ok,
Faustina_700,C:\Users\angel\OneDrive\Desktop\Kern\data\processed\features\Faustina_700.npz,52,ok,
Faustina_800,C:\Users\angel\OneDrive\Desktop\Kern\data\processed\features\Faustina_800.npz,52,ok,
Faustina_300italic,C:\Users\angel\OneDrive\Desktop\Kern\data\processed\features\Faustina_300italic.npz,52,ok,
Faustina_italic,C:\Users\angel\OneDrive\Desktop\Kern\data\processed\features\Faustina_italic.npz,52,ok,
Faustina_500italic,C:\Users\angel\OneDrive\Desktop\Kern\data\processed\features\Faustina_500italic.npz,52,ok,
Faustina_600italic,C:\Users\angel\OneDrive\Desktop\Kern\data\processed\features\Faustina_600italic.npz,52,ok,
Faustina_700italic,C:\Users\angel\OneDrive\Desktop\Kern\data\processed\features\Faustina_700italic.npz,52,ok,
Faustina_800italic,C:\Users\angel\OneDrive\Desktop\Kern\data\processed\features\Faustina_800italic.npz,52,ok,
Vazirmatn_100,C:\Users\angel\OneDrive\Desktop\Kern\data\processed\features\Vazirmatn_100.npz,52,ok,
Vazirmatn_200,C:\Users\angel\OneDrive\Desktop\Kern\data\processed\features\Vazirmatn_200.npz,52,ok,
Vazirmatn_300,C:\Users\angel\OneDrive\Desktop\Kern\data\processed\features\Vazirmatn_300.npz,52,ok,
Vazirmatn_regular,C:\Users\angel\OneDrive\Desktop\Kern\data\processed\features\Vazirmatn_regular.npz,52,ok,
Vazirmatn_500,C:\Users\angel\OneDrive\Desktop\Kern\data\processed\features\Vazirmatn_500.npz,52,ok,
Vazirmatn_600,C:\Users\angel\OneDrive\Desktop\Kern\data\processed\features\Vazirmatn_600.npz,52,ok,
Vazirmatn_700,C:\Users\angel\OneDrive\Desktop\Kern\data\processed\features\Vazirmatn_700.npz,52,ok,
Vazirmatn_800,C:\Users\angel\OneDrive\Desktop\Kern\data\processed\features\Vazirmatn_800.npz,52,ok,
Vazirmatn_900,C:\Users\angel\OneDrive\Desktop\Kern\data\processed\features\Vazirmatn_900.npz,52,ok,
Black_Han_Sans_regular,C:\Users\angel\OneDrive\Desktop\Kern\data\processed\features\Black_Han_Sans_regular.npz,52,ok,
Pinyon_Script_regular,C:\Users\angel\OneDrive\Desktop\Kern\data\processed\features\Pinyon_Script_regular.npz,52,ok,
Quantico_regular,C:\Users\angel\OneDrive\Desktop\Kern\data\processed\features\Quantico_regular.npz,52,ok,
Quantico_italic,C:\Users\angel\OneDrive\Desktop\Kern\data\processed\features\Quantico_italic.npz,52,ok,
Quantico_700,C:\Users\angel\OneDrive\Desktop\Kern\data\processed\features\Quantico_700.npz,52,ok,
Quantico_700italic,C:\Users\angel\OneDrive\Desktop\Kern\data\processed\features\Quantico_700italic.npz,52,ok,
Biryani_200,C:\Users\angel\OneDrive\Desktop\Kern\data\processed\features\Biryani_200.npz,52,ok,
Biryani_300,C:\Users\angel\OneDrive\Desktop\Kern\data\processed\features\Biryani_300.npz,52,ok,
Biryani_regular,C:\Users\angel\OneDrive\Desktop\Kern\data\processed\features\Biryani_regular.npz,52,ok,
Biryani_600,C:\Users\angel\OneDrive\Desktop\Kern\data\processed\features\Biryani_600.npz,52,ok,
Biryani_700,C:\Users\angel\OneDrive\Desktop\Kern\data\processed\features\Biryani_700.npz,52,ok,
Biryani_800,C:\Users\angel\OneDrive\Desktop\Kern\data\processed\features\Biryani_800.npz,52,ok,
Biryani_900,C:\Users\angel\OneDrive\Desktop\Kern\data\processed\features\Biryani_900.npz,52,ok,
Hind_Guntur_300,C:\Users\angel\OneDrive\Desktop\Kern\data\processed\features\Hind_Guntur_300.npz,52,ok,
Hind_Guntur_regular,C:\Users\angel\OneDrive\Desktop\Kern\data\processed\features\Hind_Guntur_regular.npz,52,ok,
Hind_Guntur_500,C:\Users\angel\OneDrive\Desktop\Kern\data\processed\features\Hind_Guntur_500.npz,52,ok,
Hind_Guntur_600,C:\Users\angel\OneDrive\Desktop\Kern\data\processed\features\Hind_Guntur_600.npz,52,ok,
Hind_Guntur_700,C:\Users\angel\OneDrive\Desktop\Kern\data\processed\features\Hind_Guntur_700.npz,52,ok,
Noto_Sans_HK_100,C:\Users\angel\OneDrive\Desktop\Kern\data\processed\features\Noto_Sans_HK_100.npz,52,ok,
Noto_Sans_HK_200,C:\Users\angel\OneDrive\Desktop\Kern\data\processed\features\Noto_Sans_HK_200.npz,52,ok,
Noto_Sans_HK_300,C:\Users\angel\OneDrive\Desktop\Kern\data\processed\features\Noto_Sans_HK_300.npz,52,ok,
Noto_Sans_HK_regular,C:\Users\angel\OneDrive\Desktop\Kern\data\processed\features\Noto_Sans_HK_regular.npz,52,ok,
Noto_Sans_HK_500,C:\Users\angel\OneDrive\Desktop\Kern\data\processed\features\Noto_Sans_HK_500.npz,52,ok,
Noto_Sans_HK_600,C:\Users\angel\OneDrive\Desktop\Kern\data\processed\features\Noto_Sans_HK_600.npz,52,ok,
Noto_Sans_HK_700,C:\Users\angel\OneDrive\Desktop\Kern\data\processed\features\Noto_Sans_HK_700.npz,52,ok,
Noto_Sans_HK_800,C:\Users\angel\OneDrive\Desktop\Kern\data\processed\features\Noto_Sans_HK_800.npz,52,ok,
Noto_Sans_HK_900,C:\Users\angel\OneDrive\Desktop\Kern\data\processed\features\Noto_Sans_HK_900.npz,52,ok,
Goldman_regular,C:\Users\angel\OneDrive\Desktop\Kern\data\processed\features\Goldman_regular.npz,52,ok,
Goldman_700,C:\Users\angel\OneDrive\Desktop\Kern\data\processed\features\Goldman_700.npz,52,ok,
Mitr_200,C:\Users\angel\OneDrive\Desktop\Kern\data\processed\features\Mitr_200.npz,52,ok,
Mitr_300,C:\Users\angel\OneDrive\Desktop\Kern\data\processed\features\Mitr_300.npz,52,ok,
Mitr_regular,C:\Users\angel\OneDrive\Desktop\Kern\data\processed\features\Mitr_regular.npz,52,ok,
Mitr_500,C:\Users\angel\OneDrive\Desktop\Kern\data\processed\features\Mitr_500.npz,52,ok,
Mitr_600,C:\Users\angel\OneDrive\Desktop\Kern\data\processed\features\Mitr_600.npz,52,ok,
Mitr_700,C:\Users\angel\OneDrive\Desktop\Kern\data\processed\features\Mitr_700.npz,52,ok,
Fira_Sans_Extra_Condensed_100,C:\Users\angel\OneDrive\Desktop\Kern\data\processed\features\Fira_Sans_Extra_Condensed_100.npz,52,ok,
Fira_Sans_Extra_Condensed_100italic,C:\Users\angel\OneDrive\Desktop\Kern\data\processed\features\Fira_Sans_Extra_Condensed_100italic.npz,52,ok,
Fira_Sans_Extra_Condensed_200,C:\Users\angel\OneDrive\Desktop\Kern\data\processed\features\Fira_Sans_Extra_Condensed_200.npz,52,ok,
Fira_Sans_Extra_Condensed_200italic,C:\Users\angel\OneDrive\Desktop\Kern\data\processed\features\Fira_Sans_Extra_Condensed_200italic.npz,52,ok,
Fira_Sans_Extra_Condensed_300,C:\Users\angel\OneDrive\Desktop\Kern\data\processed\features\Fira_Sans_Extra_Condensed_300.npz,52,ok,
Fira_Sans_Extra_Condensed_300italic,C:\Users\angel\OneDrive\Desktop\Kern\data\processed\features\Fira_Sans_Extra_Condensed_300italic.npz,52,ok,
Fira_Sans_Extra_Condensed_regular,C:\Users\angel\OneDrive\Desktop\Kern\data\processed\features\Fira_Sans_Extra_Condensed_regular.npz,52,ok,
Fira_Sans_Extra_Condensed_italic,C:\Users\angel\OneDrive\Desktop\Kern\data\processed\features\Fira_Sans_Extra_Condensed_italic.npz,52,ok,
Fira_Sans_Extra_Condensed_500,C:\Users\angel\OneDrive\Desktop\Kern\data\processed\features\Fira_Sans_Extra_Condensed_500.npz,52,ok,
Fira_Sans_Extra_Condensed_500italic,C:\Users\angel\OneDrive\Desktop\Kern\data\processed\features\Fira_Sans_Extra_Condensed_500italic.npz,52,ok,
Fira_Sans_Extra_Condensed_600,C:\Users\angel\OneDrive\Desktop\Kern\data\processed\features\Fira_Sans_Extra_Condensed_600.npz,52,ok,
Fira_Sans_Extra_Condensed_600italic,C:\Users\angel\OneDrive\Desktop\Kern\data\processed\features\Fira_Sans_Extra_Condensed_600italic.npz,52,ok,
Fira_Sans_Extra_Condensed_700,C:\Users\angel\OneDrive\Desktop\Kern\data\processed\features\Fira_Sans_Extra_Condensed_700.npz,52,ok,
Fira_Sans_Extra_Condensed_700italic,C:\Users\angel\OneDrive\Desktop\Kern\data\processed\features\Fira_Sans_Extra_Condensed_700italic.npz,52,ok,
Fira_Sans_Extra_Condensed_800,C:\Users\angel\OneDrive\Desktop\Kern\data\processed\features\Fira_Sans_Extra_Condensed_800.npz,52,ok,
Fira_Sans_Extra_Condensed_800italic,C:\Users\angel\OneDrive\Desktop\Kern\data\processed\features\Fira_Sans_Extra_Condensed_800italic.npz,52,ok,
Fira_Sans_Extra_Condensed_900,C:\Users\angel\OneDrive\Desktop\Kern\data\processed\features\Fira_Sans_Extra_Condensed_900.npz,52,ok,
Fira_Sans_Extra_Condensed_900italic,C:\Users\angel\OneDrive\Desktop\Kern\data\processed\features\Fira_Sans_Extra_Condensed_900italic.npz,52,ok,
Noto_Sans_Malayalam_100,C:\Users\angel\OneDrive\Desktop\Kern\data\processed\features\Noto_Sans_Malayalam_100.npz,52,ok,
Noto_Sans_Malayalam_200,C:\Users\angel\OneDrive\Desktop\Kern\data\processed\features\Noto_Sans_Malayalam_200.npz,52,ok,
Noto_Sans_Malayalam_300,C:\Users\angel\OneDrive\Desktop\Kern\data\processed\features\Noto_Sans_Malayalam_300.npz,52,ok,
Noto_Sans_Malayalam_regular,C:\Users\angel\OneDrive\Desktop\Kern\data\processed\features\Noto_Sans_Malayalam_regular.npz,52,ok,
Noto_Sans_Malayalam_500,C:\Users\angel\OneDrive\Desktop\Kern\data\processed\features\Noto_Sans_Malayalam_500.npz,52,ok,
Noto_Sans_Malayalam_600,C:\Users\angel\OneDrive\Desktop\Kern\data\processed\features\Noto_Sans_Malayalam_600.npz,52,ok,
Noto_Sans_Malayalam_700,C:\Users\angel\OneDrive\Desktop\Kern\data\processed\features\Noto_Sans_Malayalam_700.npz,52,ok,
Noto_Sans_Malayalam_800,C:\Users\angel\OneDrive\Desktop\Kern\data\processed\features\Noto_Sans_Malayalam_800.npz,52,ok,
Noto_Sans_Malayalam_900,C:\Users\angel\OneDrive\Desktop\Kern\data\processed\features\Noto_Sans_Malayalam_900.npz,52,ok,
Reenie_Beanie_regular,C:\Users\angel\OneDrive\Desktop\Kern\data\processed\features\Reenie_Beanie_regular.npz,52,ok,
Bowlby_One_SC_regular,C:\Users\angel\OneDrive\Desktop\Kern\data\processed\features\Bowlby_One_SC_regular.npz,52,ok,
Yeseva_One_regular,C:\Users\angel\OneDrive\Desktop\Kern\data\processed\features\Yeseva_One_regular.npz,52,ok,
Dela_Gothic_One_regular,C:\Users\angel\OneDrive\Desktop\Kern\data\processed\features\Dela_Gothic_One_regular.npz,52,ok,
Andada_Pro_regular,C:\Users\angel\OneDrive\Desktop\Kern\data\processed\features\Andada_Pro_regular.npz,52,ok,
Andada_Pro_500,C:\Users\angel\OneDrive\Desktop\Kern\data\processed\features\Andada_Pro_500.npz,52,ok,
Andada_Pro_600,C:\Users\angel\OneDrive\Desktop\Kern\data\processed\features\Andada_Pro_600.npz,52,ok,
Andada_Pro_700,C:\Users\angel\OneDrive\Desktop\Kern\data\processed\features\Andada_Pro_700.npz,52,ok,
Andada_Pro_800,C:\Users\angel\OneDrive\Desktop\Kern\data\processed\features\Andada_Pro_800.npz,52,ok,
Andada_Pro_italic,C:\Users\angel\OneDrive\Desktop\Kern\data\processed\features\Andada_Pro_italic.npz,52,ok,
Andada_Pro_500italic,C:\Users\angel\OneDrive\Desktop\Kern\data\processed\features\Andada_Pro_500italic.npz,52,ok,
Andada_Pro_600italic,C:\Users\angel\OneDrive\Desktop\Kern\data\processed\features\Andada_Pro_600italic.npz,52,ok,
Andada_Pro_700italic,C:\Users\angel\OneDrive\Desktop\Kern\data\processed\features\Andada_Pro_700italic.npz,52,ok,
Andada_Pro_800italic,C:\Users\angel\OneDrive\Desktop\Kern\data\processed\features\Andada_Pro_800italic.npz,52,ok,
Arsenal_regular,C:\Users\angel\OneDrive\Desktop\Kern\data\processed\features\Arsenal_regular.npz,52,ok,
Arsenal_italic,C:\Users\angel\OneDrive\Desktop\Kern\data\processed\features\Arsenal_italic.npz,52,ok,
Arsenal_700,C:\Users\angel\OneDrive\Desktop\Kern\data\processed\features\Arsenal_700.npz,52,ok,
Arsenal_700italic,C:\Users\angel\OneDrive\Desktop\Kern\data\processed\features\Arsenal_700italic.npz,52,ok,
Nanum_Pen_Script_regular,C:\Users\angel\OneDrive\Desktop\Kern\data\processed\features\Nanum_Pen_Script_regular.npz,52,ok,
Cormorant_Infant_300,C:\Users\angel\OneDrive\Desktop\Kern\data\processed\features\Cormorant_Infant_300.npz,52,ok,
Cormorant_Infant_regular,C:\Users\angel\OneDrive\Desktop\Kern\data\processed\features\Cormorant_Infant_regular.npz,52,ok,
Cormorant_Infant_500,C:\Users\angel\OneDrive\Desktop\Kern\data\processed\features\Cormorant_Infant_500.npz,52,ok,
Cormorant_Infant_600,C:\Users\angel\OneDrive\Desktop\Kern\data\processed\features\Cormorant_Infant_600.npz,52,ok,
Cormorant_Infant_700,C:\Users\angel\OneDrive\Desktop\Kern\data\processed\features\Cormorant_Infant_700.npz,52,ok,
Cormorant_Infant_300italic,C:\Users\angel\OneDrive\Desktop\Kern\data\processed\features\Cormorant_Infant_300italic.npz,52,ok,
Cormorant_Infant_italic,C:\Users\angel\OneDrive\Desktop\Kern\data\processed\features\Cormorant_Infant_italic.npz,52,ok,
Cormorant_Infant_500italic,C:\Users\angel\OneDrive\Desktop\Kern\data\processed\features\Cormorant_Infant_500italic.npz,52,ok,
Cormorant_Infant_600italic,C:\Users\angel\OneDrive\Desktop\Kern\data\processed\features\Cormorant_Infant_600italic.npz,52,ok,
Cormorant_Infant_700italic,C:\Users\angel\OneDrive\Desktop\Kern\data\processed\features\Cormorant_Infant_700italic.npz,52,ok,
Racing_Sans_One_regular,C:\Users\angel\OneDrive\Desktop\Kern\data\processed\features\Racing_Sans_One_regular.npz,52,ok,
Istok_Web_regular,C:\Users\angel\OneDrive\Desktop\Kern\data\processed\features\Istok_Web_regular.npz,52,ok,
Istok_Web_italic,C:\Users\angel\OneDrive\Desktop\Kern\data\processed\features\Istok_Web_italic.npz,52,ok,
Istok_Web_700,C:\Users\angel\OneDrive\Desktop\Kern\data\processed\features\Istok_Web_700.npz,52,ok,
Istok_Web_700italic,C:\Users\angel\OneDrive\Desktop\Kern\data\processed\features\Istok_Web_700italic.npz,52,ok,
Sofia_Sans_Extra_Condensed_100,C:\Users\angel\OneDrive\Desktop\Kern\data\processed\features\Sofia_Sans_Extra_Condensed_100.npz,52,ok,
Sofia_Sans_Extra_Condensed_200,C:\Users\angel\OneDrive\Desktop\Kern\data\processed\features\Sofia_Sans_Extra_Condensed_200.npz,52,ok,
Sofia_Sans_Extra_Condensed_300,C:\Users\angel\OneDrive\Desktop\Kern\data\processed\features\Sofia_Sans_Extra_Condensed_300.npz,52,ok,
Sofia_Sans_Extra_Condensed_regular,C:\Users\angel\OneDrive\Desktop\Kern\data\processed\features\Sofia_Sans_Extra_Condensed_regular.npz,52,ok,
Sofia_Sans_Extra_Condensed_500,C:\Users\angel\OneDrive\Desktop\Kern\data\processed\features\Sofia_Sans_Extra_Condensed_500.npz,52,ok,
Sofia_Sans_Extra_Condensed_600,C:\Users\angel\OneDrive\Desktop\Kern\data\processed\features\Sofia_Sans_Extra_Condensed_600.npz,52,ok,
Sofia_Sans_Extra_Condensed_700,C:\Users\angel\OneDrive\Desktop\Kern\data\processed\features\Sofia_Sans_Extra_Condensed_700.npz,52,ok,
Sofia_Sans_Extra_Condensed_800,C:\Users\angel\OneDrive\Desktop\Kern\data\processed\features\Sofia_Sans_Extra_Condensed_800.npz,52,ok,
Sofia_Sans_Extra_Condensed_900,C:\Users\angel\OneDrive\Desktop\Kern\data\processed\features\Sofia_Sans_Extra_Condensed_900.npz,52,ok,
Sofia_Sans_Extra_Condensed_100italic,C:\Users\angel\OneDrive\Desktop\Kern\data\processed\features\Sofia_Sans_Extra_Condensed_100italic.npz,52,ok,
Sofia_Sans_Extra_Condensed_200italic,C:\Users\angel\OneDrive\Desktop\Kern\data\processed\features\Sofia_Sans_Extra_Condensed_200italic.npz,52,ok,
Sofia_Sans_Extra_Condensed_300italic,C:\Users\angel\OneDrive\Desktop\Kern\data\processed\features\Sofia_Sans_Extra_Condensed_300italic.npz,52,ok,
Sofia_Sans_Extra_Condensed_italic,C:\Users\angel\OneDrive\Desktop\Kern\data\processed\features\Sofia_Sans_Extra_Condensed_italic.npz,52,ok,
Sofia_Sans_Extra_Condensed_500italic,C:\Users\angel\OneDrive\Desktop\Kern\data\processed\features\Sofia_Sans_Extra_Condensed_500italic.npz,52,ok,
Sofia_Sans_Extra_Condensed_600italic,C:\Users\angel\OneDrive\Desktop\Kern\data\processed\features\Sofia_Sans_Extra_Condensed_600italic.npz,52,ok,
Sofia_Sans_Extra_Condensed_700italic,C:\Users\angel\OneDrive\Desktop\Kern\data\processed\features\Sofia_Sans_Extra_Condensed_700italic.npz,52,ok,
Sofia_Sans_Extra_Condensed_800italic,C:\Users\angel\OneDrive\Desktop\Kern\data\processed\features\Sofia_Sans_Extra_Condensed_800italic.npz,52,ok,
Sofia_Sans_Extra_Condensed_900italic,C:\Users\angel\OneDrive\Desktop\Kern\data\processed\features\Sofia_Sans_Extra_Condensed_900italic.npz,52,ok,
Hind_Vadodara_300,C:\Users\angel\OneDrive\Desktop\Kern\data\processed\features\Hind_Vadodara_300.npz,52,ok,
Hind_Vadodara_regular,C:\Users\angel\OneDrive\Desktop\Kern\data\processed\features\Hind_Vadodara_regular.npz,52,ok,
Hind_Vadodara_500,C:\Users\angel\OneDrive\Desktop\Kern\data\processed\features\Hind_Vadodara_500.npz,52,ok,
Hind_Vadodara_600,C:\Users\angel\OneDrive\Desktop\Kern\data\processed\features\Hind_Vadodara_600.npz,52,ok,
Hind_Vadodara_700,C:\Users\angel\OneDrive\Desktop\Kern\data\processed\features\Hind_Vadodara_700.npz,52,ok,
Belleza_regular,C:\Users\angel\OneDrive\Desktop\Kern\data\processed\features\Belleza_regular.npz,52,ok,
Sorts_Mill_Goudy_regular,C:\Users\angel\OneDrive\Desktop\Kern\data\processed\features\Sorts_Mill_Goudy_regular.npz,52,ok,
Sorts_Mill_Goudy_italic,C:\Users\angel\OneDrive\Desktop\Kern\data\processed\features\Sorts_Mill_Goudy_italic.npz,52,ok,
Alice_regular,C:\Users\angel\OneDrive\Desktop\Kern\data\processed\features\Alice_regular.npz,52,ok,
Mada_200,C:\Users\angel\OneDrive\Desktop\Kern\data\processed\features\Mada_200.npz,52,ok,
Mada_300,C:\Users\angel\OneDrive\Desktop\Kern\data\processed\features\Mada_300.npz,52,ok,
Mada_regular,C:\Users\angel\OneDrive\Desktop\Kern\data\processed\features\Mada_regular.npz,52,ok,
Mada_500,C:\Users\angel\OneDrive\Desktop\Kern\data\processed\features\Mada_500.npz,52,ok,
Mada_600,C:\Users\angel\OneDrive\Desktop\Kern\data\processed\features\Mada_600.npz,52,ok,
Mada_700,C:\Users\angel\OneDrive\Desktop\Kern\data\processed\features\Mada_700.npz,52,ok,
Mada_800,C:\Users\angel\OneDrive\Desktop\Kern\data\processed\features\Mada_800.npz,52,ok,
Mada_900,C:\Users\angel\OneDrive\Desktop\Kern\data\processed\features\Mada_900.npz,52,ok,
Petrona_100,C:\Users\angel\OneDrive\Desktop\Kern\data\processed\features\Petrona_100.npz,52,ok,
Petrona_200,C:\Users\angel\OneDrive\Desktop\Kern\data\processed\features\Petrona_200.npz,52,ok,
Petrona_300,C:\Users\angel\OneDrive\Desktop\Kern\data\processed\features\Petrona_300.npz,52,ok,
Petrona_regular,C:\Users\angel\OneDrive\Desktop\Kern\data\processed\features\Petrona_regular.npz,52,ok,
Petrona_500,C:\Users\angel\OneDrive\Desktop\Kern\data\processed\features\Petrona_500.npz,52,ok,
Petrona_600,C:\Users\angel\OneDrive\Desktop\Kern\data\processed\features\Petrona_600.npz,52,ok,
Petrona_700,C:\Users\angel\OneDrive\Desktop\Kern\data\processed\features\Petrona_700.npz,52,ok,
Petrona_800,C:\Users\angel\OneDrive\Desktop\Kern\data\processed\features\Petrona_800.npz,52,ok,
Petrona_900,C:\Users\angel\OneDrive\Desktop\Kern\data\processed\features\Petrona_900.npz,52,ok,
Petrona_100italic,C:\Users\angel\OneDrive\Desktop\Kern\data\processed\features\Petrona_100italic.npz,52,ok,
Petrona_200italic,C:\Users\angel\OneDrive\Desktop\Kern\data\processed\features\Petrona_200italic.npz,52,ok,
Petrona_300italic,C:\Users\angel\OneDrive\Desktop\Kern\data\processed\features\Petrona_300italic.npz,52,ok,
Petrona_italic,C:\Users\angel\OneDrive\Desktop\Kern\data\processed\features\Petrona_italic.npz,52,ok,
Petrona_500italic,C:\Users\angel\OneDrive\Desktop\Kern\data\processed\features\Petrona_500italic.npz,52,ok,
Petrona_600italic,C:\Users\angel\OneDrive\Desktop\Kern\data\processed\features\Petrona_600italic.npz,52,ok,
Petrona_700italic,C:\Users\angel\OneDrive\Desktop\Kern\data\processed\features\Petrona_700italic.npz,52,ok,
Petrona_800italic,C:\Users\angel\OneDrive\Desktop\Kern\data\processed\features\Petrona_800italic.npz,52,ok,
Petrona_900italic,C:\Users\angel\OneDrive\Desktop\Kern\data\processed\features\Petrona_900italic.npz,52,ok,
GFS_Didot_regular,C:\Users\angel\OneDrive\Desktop\Kern\data\processed\features\GFS_Didot_regular.npz,52,ok,
Blinker_100,C:\Users\angel\OneDrive\Desktop\Kern\data\processed\features\Blinker_100.npz,52,ok,
Blinker_200,C:\Users\angel\OneDrive\Desktop\Kern\data\processed\features\Blinker_200.npz,52,ok,
Blinker_300,C:\Users\angel\OneDrive\Desktop\Kern\data\processed\features\Blinker_300.npz,52,ok,
Blinker_regular,C:\Users\angel\OneDrive\Desktop\Kern\data\processed\features\Blinker_regular.npz,52,ok,
Blinker_600,C:\Users\angel\OneDrive\Desktop\Kern\data\processed\features\Blinker_600.npz,52,ok,
Blinker_700,C:\Users\angel\OneDrive\Desktop\Kern\data\processed\features\Blinker_700.npz,52,ok,
Blinker_800,C:\Users\angel\OneDrive\Desktop\Kern\data\processed\features\Blinker_800.npz,52,ok,
Blinker_900,C:\Users\angel\OneDrive\Desktop\Kern\data\processed\features\Blinker_900.npz,52,ok,
Volkhov_regular,C:\Users\angel\OneDrive\Desktop\Kern\data\processed\features\Volkhov_regular.npz,52,ok,
Volkhov_italic,C:\Users\angel\OneDrive\Desktop\Kern\data\processed\features\Volkhov_italic.npz,52,ok,
Volkhov_700,C:\Users\angel\OneDrive\Desktop\Kern\data\processed\features\Volkhov_700.npz,52,ok,
Volkhov_700italic,C:\Users\angel\OneDrive\Desktop\Kern\data\processed\features\Volkhov_700italic.npz,52,ok,
Besley_regular,C:\Users\angel\OneDrive\Desktop\Kern\data\processed\features\Besley_regular.npz,52,ok,
Besley_500,C:\Users\angel\OneDrive\Desktop\Kern\data\processed\features\Besley_500.npz,52,ok,
Besley_600,C:\Users\angel\OneDrive\Desktop\Kern\data\processed\features\Besley_600.npz,52,ok,
Besley_700,C:\Users\angel\OneDrive\Desktop\Kern\data\processed\features\Besley_700.npz,52,ok,
Besley_800,C:\Users\angel\OneDrive\Desktop\Kern\data\processed\features\Besley_800.npz,52,ok,
Besley_900,C:\Users\angel\OneDrive\Desktop\Kern\data\processed\features\Besley_900.npz,52,ok,
Besley_italic,C:\Users\angel\OneDrive\Desktop\Kern\data\processed\features\Besley_italic.npz,52,ok,
Besley_500italic,C:\Users\angel\OneDrive\Desktop\Kern\data\processed\features\Besley_500italic.npz,52,ok,
Besley_600italic,C:\Users\angel\OneDrive\Desktop\Kern\data\processed\features\Besley_600italic.npz,52,ok,
Besley_700italic,C:\Users\angel\OneDrive\Desktop\Kern\data\processed\features\Besley_700italic.npz,52,ok,
Besley_800italic,C:\Users\angel\OneDrive\Desktop\Kern\data\processed\features\Besley_800italic.npz,52,ok,
Besley_900italic,C:\Users\angel\OneDrive\Desktop\Kern\data\processed\features\Besley_900italic.npz,52,ok,
Mona_Sans_200,C:\Users\angel\OneDrive\Desktop\Kern\data\processed\features\Mona_Sans_200.npz,52,ok,
Mona_Sans_300,C:\Users\angel\OneDrive\Desktop\Kern\data\processed\features\Mona_Sans_300.npz,52,ok,
Mona_Sans_regular,C:\Users\angel\OneDrive\Desktop\Kern\data\processed\features\Mona_Sans_regular.npz,52,ok,
Mona_Sans_500,C:\Users\angel\OneDrive\Desktop\Kern\data\processed\features\Mona_Sans_500.npz,52,ok,
Mona_Sans_600,C:\Users\angel\OneDrive\Desktop\Kern\data\processed\features\Mona_Sans_600.npz,52,ok,
Mona_Sans_700,C:\Users\angel\OneDrive\Desktop\Kern\data\processed\features\Mona_Sans_700.npz,52,ok,
Mona_Sans_800,C:\Users\angel\OneDrive\Desktop\Kern\data\processed\features\Mona_Sans_800.npz,52,ok,
Mona_Sans_900,C:\Users\angel\OneDrive\Desktop\Kern\data\processed\features\Mona_Sans_900.npz,52,ok,
Mona_Sans_200italic,C:\Users\angel\OneDrive\Desktop\Kern\data\processed\features\Mona_Sans_200italic.npz,52,ok,
Mona_Sans_300italic,C:\Users\angel\OneDrive\Desktop\Kern\data\processed\features\Mona_Sans_300italic.npz,52,ok,
Mona_Sans_italic,C:\Users\angel\OneDrive\Desktop\Kern\data\processed\features\Mona_Sans_italic.npz,52,ok,
Mona_Sans_500italic,C:\Users\angel\OneDrive\Desktop\Kern\data\processed\features\Mona_Sans_500italic.npz,52,ok,
Mona_Sans_600italic,C:\Users\angel\OneDrive\Desktop\Kern\data\processed\features\Mona_Sans_600italic.npz,52,ok,
Mona_Sans_700italic,C:\Users\angel\OneDrive\Desktop\Kern\data\processed\features\Mona_Sans_700italic.npz,52,ok,
Mona_Sans_800italic,C:\Users\angel\OneDrive\Desktop\Kern\data\processed\features\Mona_Sans_800italic.npz,52,ok,
Mona_Sans_900italic,C:\Users\angel\OneDrive\Desktop\Kern\data\processed\features\Mona_Sans_900italic.npz,52,ok,
Saira_Extra_Condensed_100,C:\Users\angel\OneDrive\Desktop\Kern\data\processed\features\Saira_Extra_Condensed_100.npz,52,ok,
Saira_Extra_Condensed_200,C:\Users\angel\OneDrive\Desktop\Kern\data\processed\features\Saira_Extra_Condensed_200.npz,52,ok,
Saira_Extra_Condensed_300,C:\Users\angel\OneDrive\Desktop\Kern\data\processed\features\Saira_Extra_Condensed_300.npz,52,ok,
Saira_Extra_Condensed_regular,C:\Users\angel\OneDrive\Desktop\Kern\data\processed\features\Saira_Extra_Condensed_regular.npz,52,ok,
Saira_Extra_Condensed_500,C:\Users\angel\OneDrive\Desktop\Kern\data\processed\features\Saira_Extra_Condensed_500.npz,52,ok,
Saira_Extra_Condensed_600,C:\Users\angel\OneDrive\Desktop\Kern\data\processed\features\Saira_Extra_Condensed_600.npz,52,ok,
Saira_Extra_Condensed_700,C:\Users\angel\OneDrive\Desktop\Kern\data\processed\features\Saira_Extra_Condensed_700.npz,52,ok,
Saira_Extra_Condensed_800,C:\Users\angel\OneDrive\Desktop\Kern\data\processed\features\Saira_Extra_Condensed_800.npz,52,ok,
Saira_Extra_Condensed_900,C:\Users\angel\OneDrive\Desktop\Kern\data\processed\features\Saira_Extra_Condensed_900.npz,52,ok,
Mr_Dafoe_regular,C:\Users\angel\OneDrive\Desktop\Kern\data\processed\features\Mr_Dafoe_regular.npz,52,ok,
Dongle_300,C:\Users\angel\OneDrive\Desktop\Kern\data\processed\features\Dongle_300.npz,52,ok,
Dongle_regular,C:\Users\angel\OneDrive\Desktop\Kern\data\processed\features\Dongle_regular.npz,52,ok,
Dongle_700,C:\Users\angel\OneDrive\Desktop\Kern\data\processed\features\Dongle_700.npz,52,ok,
Saira_Semi_Condensed_100,C:\Users\angel\OneDrive\Desktop\Kern\data\processed\features\Saira_Semi_Condensed_100.npz,52,ok,
Saira_Semi_Condensed_200,C:\Users\angel\OneDrive\Desktop\Kern\data\processed\features\Saira_Semi_Condensed_200.npz,52,ok,
Saira_Semi_Condensed_300,C:\Users\angel\OneDrive\Desktop\Kern\data\processed\features\Saira_Semi_Condensed_300.npz,52,ok,
Saira_Semi_Condensed_regular,C:\Users\angel\OneDrive\Desktop\Kern\data\processed\features\Saira_Semi_Condensed_regular.npz,52,ok,
Saira_Semi_Condensed_500,C:\Users\angel\OneDrive\Desktop\Kern\data\processed\features\Saira_Semi_Condensed_500.npz,52,ok,
Saira_Semi_Condensed_600,C:\Users\angel\OneDrive\Desktop\Kern\data\processed\features\Saira_Semi_Condensed_600.npz,52,ok,
Saira_Semi_Condensed_700,C:\Users\angel\OneDrive\Desktop\Kern\data\processed\features\Saira_Semi_Condensed_700.npz,52,ok,
Saira_Semi_Condensed_800,C:\Users\angel\OneDrive\Desktop\Kern\data\processed\features\Saira_Semi_Condensed_800.npz,52,ok,
Saira_Semi_Condensed_900,C:\Users\angel\OneDrive\Desktop\Kern\data\processed\features\Saira_Semi_Condensed_900.npz,52,ok,
Michroma_regular,C:\Users\angel\OneDrive\Desktop\Kern\data\processed\features\Michroma_regular.npz,52,ok,
Afacad_regular,C:\Users\angel\OneDrive\Desktop\Kern\data\processed\features\Afacad_regular.npz,52,ok,
Afacad_500,C:\Users\angel\OneDrive\Desktop\Kern\data\processed\features\Afacad_500.npz,52,ok,
Afacad_600,C:\Users\angel\OneDrive\Desktop\Kern\data\processed\features\Afacad_600.npz,52,ok,
Afacad_700,C:\Users\angel\OneDrive\Desktop\Kern\data\processed\features\Afacad_700.npz,52,ok,
Afacad_italic,C:\Users\angel\OneDrive\Desktop\Kern\data\processed\features\Afacad_italic.npz,52,ok,
Afacad_500italic,C:\Users\angel\OneDrive\Desktop\Kern\data\processed\features\Afacad_500italic.npz,52,ok,
Afacad_600italic,C:\Users\angel\OneDrive\Desktop\Kern\data\processed\features\Afacad_600italic.npz,52,ok,
Afacad_700italic,C:\Users\angel\OneDrive\Desktop\Kern\data\processed\features\Afacad_700italic.npz,52,ok,
Lalezar_regular,C:\Users\angel\OneDrive\Desktop\Kern\data\processed\features\Lalezar_regular.npz,52,ok,
Ropa_Sans_regular,C:\Users\angel\OneDrive\Desktop\Kern\data\processed\features\Ropa_Sans_regular.npz,52,ok,
Ropa_Sans_italic,C:\Users\angel\OneDrive\Desktop\Kern\data\processed\features\Ropa_Sans_italic.npz,52,ok,
Noto_Serif_Display_100,C:\Users\angel\OneDrive\Desktop\Kern\data\processed\features\Noto_Serif_Display_100.npz,52,ok,
Noto_Serif_Display_200,C:\Users\angel\OneDrive\Desktop\Kern\data\processed\features\Noto_Serif_Display_200.npz,52,ok,
Noto_Serif_Display_300,C:\Users\angel\OneDrive\Desktop\Kern\data\processed\features\Noto_Serif_Display_300.npz,52,ok,
Noto_Serif_Display_regular,C:\Users\angel\OneDrive\Desktop\Kern\data\processed\features\Noto_Serif_Display_regular.npz,52,ok,
Noto_Serif_Display_500,C:\Users\angel\OneDrive\Desktop\Kern\data\processed\features\Noto_Serif_Display_500.npz,52,ok,
Noto_Serif_Display_600,C:\Users\angel\OneDrive\Desktop\Kern\data\processed\features\Noto_Serif_Display_600.npz,52,ok,
Noto_Serif_Display_700,C:\Users\angel\OneDrive\Desktop\Kern\data\processed\features\Noto_Serif_Display_700.npz,52,ok,
Noto_Serif_Display_800,C:\Users\angel\OneDrive\Desktop\Kern\data\processed\features\Noto_Serif_Display_800.npz,52,ok,
Noto_Serif_Display_900,C:\Users\angel\OneDrive\Desktop\Kern\data\processed\features\Noto_Serif_Display_900.npz,52,ok,
Noto_Serif_Display_100italic,C:\Users\angel\OneDrive\Desktop\Kern\data\processed\features\Noto_Serif_Display_100italic.npz,52,ok,
Noto_Serif_Display_200italic,C:\Users\angel\OneDrive\Desktop\Kern\data\processed\features\Noto_Serif_Display_200italic.npz,52,ok,
Noto_Serif_Display_300italic,C:\Users\angel\OneDrive\Desktop\Kern\data\processed\features\Noto_Serif_Display_300italic.npz,52,ok,
Noto_Serif_Display_italic,C:\Users\angel\OneDrive\Desktop\Kern\data\processed\features\Noto_Serif_Display_italic.npz,52,ok,
Noto_Serif_Display_500italic,C:\Users\angel\OneDrive\Desktop\Kern\data\processed\features\Noto_Serif_Display_500italic.npz,52,ok,
Noto_Serif_Display_600italic,C:\Users\angel\OneDrive\Desktop\Kern\data\processed\features\Noto_Serif_Display_600italic.npz,52,ok,
Noto_Serif_Display_700italic,C:\Users\angel\OneDrive\Desktop\Kern\data\processed\features\Noto_Serif_Display_700italic.npz,52,ok,
Noto_Serif_Display_800italic,C:\Users\angel\OneDrive\Desktop\Kern\data\processed\features\Noto_Serif_Display_800italic.npz,52,ok,
Noto_Serif_Display_900italic,C:\Users\angel\OneDrive\Desktop\Kern\data\processed\features\Noto_Serif_Display_900italic.npz,52,ok,
Vidaloka_regular,C:\Users\angel\OneDrive\Desktop\Kern\data\processed\features\Vidaloka_regular.npz,52,ok,
Whisper_regular,C:\Users\angel\OneDrive\Desktop\Kern\data\processed\features\Whisper_regular.npz,52,ok,
Noto_Sans_Symbols_100,C:\Users\angel\OneDrive\Desktop\Kern\data\processed\features\Noto_Sans_Symbols_100.npz,52,ok,
Noto_Sans_Symbols_200,C:\Users\angel\OneDrive\Desktop\Kern\data\processed\features\Noto_Sans_Symbols_200.npz,52,ok,
Noto_Sans_Symbols_300,C:\Users\angel\OneDrive\Desktop\Kern\data\processed\features\Noto_Sans_Symbols_300.npz,52,ok,
Noto_Sans_Symbols_regular,C:\Users\angel\OneDrive\Desktop\Kern\data\processed\features\Noto_Sans_Symbols_regular.npz,52,ok,
Noto_Sans_Symbols_500,C:\Users\angel\OneDrive\Desktop\Kern\data\processed\features\Noto_Sans_Symbols_500.npz,52,ok,
Noto_Sans_Symbols_600,C:\Users\angel\OneDrive\Desktop\Kern\data\processed\features\Noto_Sans_Symbols_600.npz,52,ok,
Noto_Sans_Symbols_700,C:\Users\angel\OneDrive\Desktop\Kern\data\processed\features\Noto_Sans_Symbols_700.npz,52,ok,
Noto_Sans_Symbols_800,C:\Users\angel\OneDrive\Desktop\Kern\data\processed\features\Noto_Sans_Symbols_800.npz,52,ok,
Noto_Sans_Symbols_900,C:\Users\angel\OneDrive\Desktop\Kern\data\processed\features\Noto_Sans_Symbols_900.npz,52,ok,
Caveat_Brush_regular,C:\Users\angel\OneDrive\Desktop\Kern\data\processed\features\Caveat_Brush_regular.npz,52,ok,
Economica_regular,C:\Users\angel\OneDrive\Desktop\Kern\data\processed\features\Economica_regular.npz,52,ok,
Economica_italic,C:\Users\angel\OneDrive\Desktop\Kern\data\processed\features\Economica_italic.npz,52,ok,
Economica_700,C:\Users\angel\OneDrive\Desktop\Kern\data\processed\features\Economica_700.npz,52,ok,
Economica_700italic,C:\Users\angel\OneDrive\Desktop\Kern\data\processed\features\Economica_700italic.npz,52,ok,
Nothing_You_Could_Do_regular,C:\Users\angel\OneDrive\Desktop\Kern\data\processed\features\Nothing_You_Could_Do_regular.npz,52,ok,
Reddit_Sans_200,C:\Users\angel\OneDrive\Desktop\Kern\data\processed\features\Reddit_Sans_200.npz,52,ok,
Reddit_Sans_300,C:\Users\angel\OneDrive\Desktop\Kern\data\processed\features\Reddit_Sans_300.npz,52,ok,
Reddit_Sans_regular,C:\Users\angel\OneDrive\Desktop\Kern\data\processed\features\Reddit_Sans_regular.npz,52,ok,
Reddit_Sans_500,C:\Users\angel\OneDrive\Desktop\Kern\data\processed\features\Reddit_Sans_500.npz,52,ok,
Reddit_Sans_600,C:\Users\angel\OneDrive\Desktop\Kern\data\processed\features\Reddit_Sans_600.npz,52,ok,
Reddit_Sans_700,C:\Users\angel\OneDrive\Desktop\Kern\data\processed\features\Reddit_Sans_700.npz,52,ok,
Reddit_Sans_800,C:\Users\angel\OneDrive\Desktop\Kern\data\processed\features\Reddit_Sans_800.npz,52,ok,
Reddit_Sans_900,C:\Users\angel\OneDrive\Desktop\Kern\data\processed\features\Reddit_Sans_900.npz,52,ok,
Reddit_Sans_200italic,C:\Users\angel\OneDrive\Desktop\Kern\data\processed\features\Reddit_Sans_200italic.npz,52,ok,
Reddit_Sans_300italic,C:\Users\angel\OneDrive\Desktop\Kern\data\processed\features\Reddit_Sans_300italic.npz,52,ok,
Reddit_Sans_italic,C:\Users\angel\OneDrive\Desktop\Kern\data\processed\features\Reddit_Sans_italic.npz,52,ok,
Reddit_Sans_500italic,C:\Users\angel\OneDrive\Desktop\Kern\data\processed\features\Reddit_Sans_500italic.npz,52,ok,
Reddit_Sans_600italic,C:\Users\angel\OneDrive\Desktop\Kern\data\processed\features\Reddit_Sans_600italic.npz,52,ok,
Reddit_Sans_700italic,C:\Users\angel\OneDrive\Desktop\Kern\data\processed\features\Reddit_Sans_700italic.npz,52,ok,
Reddit_Sans_800italic,C:\Users\angel\OneDrive\Desktop\Kern\data\processed\features\Reddit_Sans_800italic.npz,52,ok,
Reddit_Sans_900italic,C:\Users\angel\OneDrive\Desktop\Kern\data\processed\features\Reddit_Sans_900italic.npz,52,ok,
Mandali_regular,C:\Users\angel\OneDrive\Desktop\Kern\data\processed\features\Mandali_regular.npz,52,ok,
Anek_Bangla_100,C:\Users\angel\OneDrive\Desktop\Kern\data\processed\features\Anek_Bangla_100.npz,52,ok,
Anek_Bangla_200,C:\Users\angel\OneDrive\Desktop\Kern\data\processed\features\Anek_Bangla_200.npz,52,ok,
Anek_Bangla_300,C:\Users\angel\OneDrive\Desktop\Kern\data\processed\features\Anek_Bangla_300.npz,52,ok,
Anek_Bangla_regular,C:\Users\angel\OneDrive\Desktop\Kern\data\processed\features\Anek_Bangla_regular.npz,52,ok,
Anek_Bangla_500,C:\Users\angel\OneDrive\Desktop\Kern\data\processed\features\Anek_Bangla_500.npz,52,ok,
Anek_Bangla_600,C:\Users\angel\OneDrive\Desktop\Kern\data\processed\features\Anek_Bangla_600.npz,52,ok,
Anek_Bangla_700,C:\Users\angel\OneDrive\Desktop\Kern\data\processed\features\Anek_Bangla_700.npz,52,ok,
Anek_Bangla_800,C:\Users\angel\OneDrive\Desktop\Kern\data\processed\features\Anek_Bangla_800.npz,52,ok,
Varela_regular,C:\Users\angel\OneDrive\Desktop\Kern\data\processed\features\Varela_regular.npz,52,ok,
Special_Gothic_Condensed_One_regular,C:\Users\angel\OneDrive\Desktop\Kern\data\processed\features\Special_Gothic_Condensed_One_regular.npz,52,ok,
Cuprum_regular,C:\Users\angel\OneDrive\Desktop\Kern\data\processed\features\Cuprum_regular.npz,52,ok,
Cuprum_500,C:\Users\angel\OneDrive\Desktop\Kern\data\processed\features\Cuprum_500.npz,52,ok,
Cuprum_600,C:\Users\angel\OneDrive\Desktop\Kern\data\processed\features\Cuprum_600.npz,52,ok,
Cuprum_700,C:\Users\angel\OneDrive\Desktop\Kern\data\processed\features\Cuprum_700.npz,52,ok,
Cuprum_italic,C:\Users\angel\OneDrive\Desktop\Kern\data\processed\features\Cuprum_italic.npz,52,ok,
Cuprum_500italic,C:\Users\angel\OneDrive\Desktop\Kern\data\processed\features\Cuprum_500italic.npz,52,ok,
Cuprum_600italic,C:\Users\angel\OneDrive\Desktop\Kern\data\processed\features\Cuprum_600italic.npz,52,ok,
Cuprum_700italic,C:\Users\angel\OneDrive\Desktop\Kern\data\processed\features\Cuprum_700italic.npz,52,ok,
Taviraj_100,C:\Users\angel\OneDrive\Desktop\Kern\data\processed\features\Taviraj_100.npz,52,ok,
Taviraj_100italic,C:\Users\angel\OneDrive\Desktop\Kern\data\processed\features\Taviraj_100italic.npz,52,ok,
Taviraj_200,C:\Users\angel\OneDrive\Desktop\Kern\data\processed\features\Taviraj_200.npz,52,ok,
Taviraj_200italic,C:\Users\angel\OneDrive\Desktop\Kern\data\processed\features\Taviraj_200italic.npz,52,ok,
Taviraj_300,C:\Users\angel\OneDrive\Desktop\Kern\data\processed\features\Taviraj_300.npz,52,ok,
Taviraj_300italic,C:\Users\angel\OneDrive\Desktop\Kern\data\processed\features\Taviraj_300italic.npz,52,ok,
Taviraj_regular,C:\Users\angel\OneDrive\Desktop\Kern\data\processed\features\Taviraj_regular.npz,52,ok,
Taviraj_italic,C:\Users\angel\OneDrive\Desktop\Kern\data\processed\features\Taviraj_italic.npz,52,ok,
Taviraj_500,C:\Users\angel\OneDrive\Desktop\Kern\data\processed\features\Taviraj_500.npz,52,ok,
Taviraj_500italic,C:\Users\angel\OneDrive\Desktop\Kern\data\processed\features\Taviraj_500italic.npz,52,ok,
Taviraj_600,C:\Users\angel\OneDrive\Desktop\Kern\data\processed\features\Taviraj_600.npz,52,ok,
Taviraj_600italic,C:\Users\angel\OneDrive\Desktop\Kern\data\processed\features\Taviraj_600italic.npz,52,ok,
Taviraj_700,C:\Users\angel\OneDrive\Desktop\Kern\data\processed\features\Taviraj_700.npz,52,ok,
Taviraj_700italic,C:\Users\angel\OneDrive\Desktop\Kern\data\processed\features\Taviraj_700italic.npz,52,ok,
Taviraj_800,C:\Users\angel\OneDrive\Desktop\Kern\data\processed\features\Taviraj_800.npz,52,ok,
Taviraj_800italic,C:\Users\angel\OneDrive\Desktop\Kern\data\processed\features\Taviraj_800italic.npz,52,ok,
Taviraj_900,C:\Users\angel\OneDrive\Desktop\Kern\data\processed\features\Taviraj_900.npz,52,ok,
Taviraj_900italic,C:\Users\angel\OneDrive\Desktop\Kern\data\processed\features\Taviraj_900italic.npz,52,ok,
IBM_Plex_Sans_Thai_100,C:\Users\angel\OneDrive\Desktop\Kern\data\processed\features\IBM_Plex_Sans_Thai_100.npz,52,ok,
IBM_Plex_Sans_Thai_200,C:\Users\angel\OneDrive\Desktop\Kern\data\processed\features\IBM_Plex_Sans_Thai_200.npz,52,ok,
IBM_Plex_Sans_Thai_300,C:\Users\angel\OneDrive\Desktop\Kern\data\processed\features\IBM_Plex_Sans_Thai_300.npz,52,ok,
IBM_Plex_Sans_Thai_regular,C:\Users\angel\OneDrive\Desktop\Kern\data\processed\features\IBM_Plex_Sans_Thai_regular.npz,52,ok,
IBM_Plex_Sans_Thai_500,C:\Users\angel\OneDrive\Desktop\Kern\data\processed\features\IBM_Plex_Sans_Thai_500.npz,52,ok,
IBM_Plex_Sans_Thai_600,C:\Users\angel\OneDrive\Desktop\Kern\data\processed\features\IBM_Plex_Sans_Thai_600.npz,52,ok,
IBM_Plex_Sans_Thai_700,C:\Users\angel\OneDrive\Desktop\Kern\data\processed\features\IBM_Plex_Sans_Thai_700.npz,52,ok,
Syncopate_regular,C:\Users\angel\OneDrive\Desktop\Kern\data\processed\features\Syncopate_regular.npz,52,ok,
Syncopate_700,C:\Users\angel\OneDrive\Desktop\Kern\data\processed\features\Syncopate_700.npz,52,ok,
Jua_regular,C:\Users\angel\OneDrive\Desktop\Kern\data\processed\features\Jua_regular.npz,52,ok,
Monda_regular,C:\Users\angel\OneDrive\Desktop\Kern\data\processed\features\Monda_regular.npz,52,ok,
Monda_500,C:\Users\angel\OneDrive\Desktop\Kern\data\processed\features\Monda_500.npz,52,ok,
Monda_600,C:\Users\angel\OneDrive\Desktop\Kern\data\processed\features\Monda_600.npz,52,ok,
Monda_700,C:\Users\angel\OneDrive\Desktop\Kern\data\processed\features\Monda_700.npz,52,ok,
Eczar_regular,C:\Users\angel\OneDrive\Desktop\Kern\data\processed\features\Eczar_regular.npz,52,ok,
Eczar_500,C:\Users\angel\OneDrive\Desktop\Kern\data\processed\features\Eczar_500.npz,52,ok,
Eczar_600,C:\Users\angel\OneDrive\Desktop\Kern\data\processed\features\Eczar_600.npz,52,ok,
Eczar_700,C:\Users\angel\OneDrive\Desktop\Kern\data\processed\features\Eczar_700.npz,52,ok,
Eczar_800,C:\Users\angel\OneDrive\Desktop\Kern\data\processed\features\Eczar_800.npz,52,ok,
Special_Gothic_regular,C:\Users\angel\OneDrive\Desktop\Kern\data\processed\features\Special_Gothic_regular.npz,52,ok,
Special_Gothic_500,C:\Users\angel\OneDrive\Desktop\Kern\data\processed\features\Special_Gothic_500.npz,52,ok,
Special_Gothic_600,C:\Users\angel\OneDrive\Desktop\Kern\data\processed\features\Special_Gothic_600.npz,52,ok,
Special_Gothic_700,C:\Users\angel\OneDrive\Desktop\Kern\data\processed\features\Special_Gothic_700.npz,52,ok,
Squada_One_regular,C:\Users\angel\OneDrive\Desktop\Kern\data\processed\features\Squada_One_regular.npz,52,ok,
Spline_Sans_300,C:\Users\angel\OneDrive\Desktop\Kern\data\processed\features\Spline_Sans_300.npz,52,ok,
Spline_Sans_regular,C:\Users\angel\OneDrive\Desktop\Kern\data\processed\features\Spline_Sans_regular.npz,52,ok,
Spline_Sans_500,C:\Users\angel\OneDrive\Desktop\Kern\data\processed\features\Spline_Sans_500.npz,52,ok,
Spline_Sans_600,C:\Users\angel\OneDrive\Desktop\Kern\data\processed\features\Spline_Sans_600.npz,52,ok,
Spline_Sans_700,C:\Users\angel\OneDrive\Desktop\Kern\data\processed\features\Spline_Sans_700.npz,52,ok,
Amita_regular,C:\Users\angel\OneDrive\Desktop\Kern\data\processed\features\Amita_regular.npz,52,ok,
Amita_700,C:\Users\angel\OneDrive\Desktop\Kern\data\processed\features\Amita_700.npz,52,ok,
Averia_Serif_Libre_300,C:\Users\angel\OneDrive\Desktop\Kern\data\processed\features\Averia_Serif_Libre_300.npz,52,ok,
Averia_Serif_Libre_300italic,C:\Users\angel\OneDrive\Desktop\Kern\data\processed\features\Averia_Serif_Libre_300italic.npz,52,ok,
Averia_Serif_Libre_regular,C:\Users\angel\OneDrive\Desktop\Kern\data\processed\features\Averia_Serif_Libre_regular.npz,52,ok,
Averia_Serif_Libre_italic,C:\Users\angel\OneDrive\Desktop\Kern\data\processed\features\Averia_Serif_Libre_italic.npz,52,ok,
Averia_Serif_Libre_700,C:\Users\angel\OneDrive\Desktop\Kern\data\processed\features\Averia_Serif_Libre_700.npz,52,ok,
Averia_Serif_Libre_700italic,C:\Users\angel\OneDrive\Desktop\Kern\data\processed\features\Averia_Serif_Libre_700italic.npz,52,ok,
Bad_Script_regular,C:\Users\angel\OneDrive\Desktop\Kern\data\processed\features\Bad_Script_regular.npz,52,ok,
Familjen_Grotesk_regular,C:\Users\angel\OneDrive\Desktop\Kern\data\processed\features\Familjen_Grotesk_regular.npz,52,ok,
Familjen_Grotesk_500,C:\Users\angel\OneDrive\Desktop\Kern\data\processed\features\Familjen_Grotesk_500.npz,52,ok,
Familjen_Grotesk_600,C:\Users\angel\OneDrive\Desktop\Kern\data\processed\features\Familjen_Grotesk_600.npz,52,ok,
Familjen_Grotesk_700,C:\Users\angel\OneDrive\Desktop\Kern\data\processed\features\Familjen_Grotesk_700.npz,52,ok,
Familjen_Grotesk_italic,C:\Users\angel\OneDrive\Desktop\Kern\data\processed\features\Familjen_Grotesk_italic.npz,52,ok,
Familjen_Grotesk_500italic,C:\Users\angel\OneDrive\Desktop\Kern\data\processed\features\Familjen_Grotesk_500italic.npz,52,ok,
Familjen_Grotesk_600italic,C:\Users\angel\OneDrive\Desktop\Kern\data\processed\features\Familjen_Grotesk_600italic.npz,52,ok,
Familjen_Grotesk_700italic,C:\Users\angel\OneDrive\Desktop\Kern\data\processed\features\Familjen_Grotesk_700italic.npz,52,ok,
Georama_100,C:\Users\angel\OneDrive\Desktop\Kern\data\processed\features\Georama_100.npz,52,ok,
Georama_200,C:\Users\angel\OneDrive\Desktop\Kern\data\processed\features\Georama_200.npz,52,ok,
Georama_300,C:\Users\angel\OneDrive\Desktop\Kern\data\processed\features\Georama_300.npz,52,ok,
Georama_regular,C:\Users\angel\OneDrive\Desktop\Kern\data\processed\features\Georama_regular.npz,52,ok,
Georama_500,C:\Users\angel\OneDrive\Desktop\Kern\data\processed\features\Georama_500.npz,52,ok,
Georama_600,C:\Users\angel\OneDrive\Desktop\Kern\data\processed\features\Georama_600.npz,52,ok,
Georama_700,C:\Users\angel\OneDrive\Desktop\Kern\data\processed\features\Georama_700.npz,52,ok,
Georama_800,C:\Users\angel\OneDrive\Desktop\Kern\data\processed\features\Georama_800.npz,52,ok,
Georama_900,C:\Users\angel\OneDrive\Desktop\Kern\data\processed\features\Georama_900.npz,52,ok,
Georama_100italic,C:\Users\angel\OneDrive\Desktop\Kern\data\processed\features\Georama_100italic.npz,52,ok,
Georama_200italic,C:\Users\angel\OneDrive\Desktop\Kern\data\processed\features\Georama_200italic.npz,52,ok,
Georama_300italic,C:\Users\angel\OneDrive\Desktop\Kern\data\processed\features\Georama_300italic.npz,52,ok,
Georama_italic,C:\Users\angel\OneDrive\Desktop\Kern\data\processed\features\Georama_italic.npz,52,ok,
Georama_500italic,C:\Users\angel\OneDrive\Desktop\Kern\data\processed\features\Georama_500italic.npz,52,ok,
Georama_600italic,C:\Users\angel\OneDrive\Desktop\Kern\data\processed\features\Georama_600italic.npz,52,ok,
Georama_700italic,C:\Users\angel\OneDrive\Desktop\Kern\data\processed\features\Georama_700italic.npz,52,ok,
Georama_800italic,C:\Users\angel\OneDrive\Desktop\Kern\data\processed\features\Georama_800italic.npz,52,ok,
Georama_900italic,C:\Users\angel\OneDrive\Desktop\Kern\data\processed\features\Georama_900italic.npz,52,ok,
Ultra_regular,C:\Users\angel\OneDrive\Desktop\Kern\data\processed\features\Ultra_regular.npz,52,ok,
Host_Grotesk_300,C:\Users\angel\OneDrive\Desktop\Kern\data\processed\features\Host_Grotesk_300.npz,52,ok,
Host_Grotesk_regular,C:\Users\angel\OneDrive\Desktop\Kern\data\processed\features\Host_Grotesk_regular.npz,52,ok,
Host_Grotesk_500,C:\Users\angel\OneDrive\Desktop\Kern\data\processed\features\Host_Grotesk_500.npz,52,ok,
Host_Grotesk_600,C:\Users\angel\OneDrive\Desktop\Kern\data\processed\features\Host_Grotesk_600.npz,52,ok,
Host_Grotesk_700,C:\Users\angel\OneDrive\Desktop\Kern\data\processed\features\Host_Grotesk_700.npz,52,ok,
Host_Grotesk_800,C:\Users\angel\OneDrive\Desktop\Kern\data\processed\features\Host_Grotesk_800.npz,52,ok,
Host_Grotesk_300italic,C:\Users\angel\OneDrive\Desktop\Kern\data\processed\features\Host_Grotesk_300italic.npz,52,ok,
Host_Grotesk_italic,C:\Users\angel\OneDrive\Desktop\Kern\data\processed\features\Host_Grotesk_italic.npz,52,ok,
Host_Grotesk_500italic,C:\Users\angel\OneDrive\Desktop\Kern\data\processed\features\Host_Grotesk_500italic.npz,52,ok,
Host_Grotesk_600italic,C:\Users\angel\OneDrive\Desktop\Kern\data\processed\features\Host_Grotesk_600italic.npz,52,ok,
Host_Grotesk_700italic,C:\Users\angel\OneDrive\Desktop\Kern\data\processed\features\Host_Grotesk_700italic.npz,52,ok,
Host_Grotesk_800italic,C:\Users\angel\OneDrive\Desktop\Kern\data\processed\features\Host_Grotesk_800italic.npz,52,ok,
Ms_Madi_regular,C:\Users\angel\OneDrive\Desktop\Kern\data\processed\features\Ms_Madi_regular.npz,52,ok,
Calistoga_regular,C:\Users\angel\OneDrive\Desktop\Kern\data\processed\features\Calistoga_regular.npz,52,ok,
Belanosima_regular,C:\Users\angel\OneDrive\Desktop\Kern\data\processed\features\Belanosima_regular.npz,52,ok,
Belanosima_600,C:\Users\angel\OneDrive\Desktop\Kern\data\processed\features\Belanosima_600.npz,52,ok,
Belanosima_700,C:\Users\angel\OneDrive\Desktop\Kern\data\processed\features\Belanosima_700.npz,52,ok,
Caprasimo_regular,C:\Users\angel\OneDrive\Desktop\Kern\data\processed\features\Caprasimo_regular.npz,52,ok,
Mukta_Malar_200,C:\Users\angel\OneDrive\Desktop\Kern\data\processed\features\Mukta_Malar_200.npz,52,ok,
Mukta_Malar_300,C:\Users\angel\OneDrive\Desktop\Kern\data\processed\features\Mukta_Malar_300.npz,52,ok,
Mukta_Malar_regular,C:\Users\angel\OneDrive\Desktop\Kern\data\processed\features\Mukta_Malar_regular.npz,52,ok,
Mukta_Malar_500,C:\Users\angel\OneDrive\Desktop\Kern\data\processed\features\Mukta_Malar_500.npz,52,ok,
Mukta_Malar_600,C:\Users\angel\OneDrive\Desktop\Kern\data\processed\features\Mukta_Malar_600.npz,52,ok,
Mukta_Malar_700,C:\Users\angel\OneDrive\Desktop\Kern\data\processed\features\Mukta_Malar_700.npz,52,ok,
Mukta_Malar_800,C:\Users\angel\OneDrive\Desktop\Kern\data\processed\features\Mukta_Malar_800.npz,52,ok,
Arapey_regular,C:\Users\angel\OneDrive\Desktop\Kern\data\processed\features\Arapey_regular.npz,52,ok,
Arapey_italic,C:\Users\angel\OneDrive\Desktop\Kern\data\processed\features\Arapey_italic.npz,52,ok,
M_PLUS_2_100,C:\Users\angel\OneDrive\Desktop\Kern\data\processed\features\M_PLUS_2_100.npz,52,ok,
M_PLUS_2_200,C:\Users\angel\OneDrive\Desktop\Kern\data\processed\features\M_PLUS_2_200.npz,52,ok,
M_PLUS_2_300,C:\Users\angel\OneDrive\Desktop\Kern\data\processed\features\M_PLUS_2_300.npz,52,ok,
M_PLUS_2_regular,C:\Users\angel\OneDrive\Desktop\Kern\data\processed\features\M_PLUS_2_regular.npz,52,ok,
M_PLUS_2_500,C:\Users\angel\OneDrive\Desktop\Kern\data\processed\features\M_PLUS_2_500.npz,52,ok,
M_PLUS_2_600,C:\Users\angel\OneDrive\Desktop\Kern\data\processed\features\M_PLUS_2_600.npz,52,ok,
M_PLUS_2_700,C:\Users\angel\OneDrive\Desktop\Kern\data\processed\features\M_PLUS_2_700.npz,52,ok,
M_PLUS_2_800,C:\Users\angel\OneDrive\Desktop\Kern\data\processed\features\M_PLUS_2_800.npz,52,ok,
M_PLUS_2_900,C:\Users\angel\OneDrive\Desktop\Kern\data\processed\features\M_PLUS_2_900.npz,52,ok,
Julius_Sans_One_regular,C:\Users\angel\OneDrive\Desktop\Kern\data\processed\features\Julius_Sans_One_regular.npz,52,ok,
Palanquin_100,C:\Users\angel\OneDrive\Desktop\Kern\data\processed\features\Palanquin_100.npz,52,ok,
Palanquin_200,C:\Users\angel\OneDrive\Desktop\Kern\data\processed\features\Palanquin_200.npz,52,ok,
Palanquin_300,C:\Users\angel\OneDrive\Desktop\Kern\data\processed\features\Palanquin_300.npz,52,ok,
Palanquin_regular,C:\Users\angel\OneDrive\Desktop\Kern\data\processed\features\Palanquin_regular.npz,52,ok,
Palanquin_500,C:\Users\angel\OneDrive\Desktop\Kern\data\processed\features\Palanquin_500.npz,52,ok,
Palanquin_600,C:\Users\angel\OneDrive\Desktop\Kern\data\processed\features\Palanquin_600.npz,52,ok,
Palanquin_700,C:\Users\angel\OneDrive\Desktop\Kern\data\processed\features\Palanquin_700.npz,52,ok,
Pridi_200,C:\Users\angel\OneDrive\Desktop\Kern\data\processed\features\Pridi_200.npz,52,ok,
Pridi_300,C:\Users\angel\OneDrive\Desktop\Kern\data\processed\features\Pridi_300.npz,52,ok,
Pridi_regular,C:\Users\angel\OneDrive\Desktop\Kern\data\processed\features\Pridi_regular.npz,52,ok,
Pridi_500,C:\Users\angel\OneDrive\Desktop\Kern\data\processed\features\Pridi_500.npz,52,ok,
Pridi_600,C:\Users\angel\OneDrive\Desktop\Kern\data\processed\features\Pridi_600.npz,52,ok,
Pridi_700,C:\Users\angel\OneDrive\Desktop\Kern\data\processed\features\Pridi_700.npz,52,ok,
Shippori_Mincho_B1_regular,C:\Users\angel\OneDrive\Desktop\Kern\data\processed\features\Shippori_Mincho_B1_regular.npz,52,ok,
Shippori_Mincho_B1_500,C:\Users\angel\OneDrive\Desktop\Kern\data\processed\features\Shippori_Mincho_B1_500.npz,52,ok,
Shippori_Mincho_B1_600,C:\Users\angel\OneDrive\Desktop\Kern\data\processed\features\Shippori_Mincho_B1_600.npz,52,ok,
Shippori_Mincho_B1_700,C:\Users\angel\OneDrive\Desktop\Kern\data\processed\features\Shippori_Mincho_B1_700.npz,52,ok,
Shippori_Mincho_B1_800,C:\Users\angel\OneDrive\Desktop\Kern\data\processed\features\Shippori_Mincho_B1_800.npz,52,ok,
Zen_Kaku_Gothic_Antique_300,C:\Users\angel\OneDrive\Desktop\Kern\data\processed\features\Zen_Kaku_Gothic_Antique_300.npz,52,ok,
Zen_Kaku_Gothic_Antique_regular,C:\Users\angel\OneDrive\Desktop\Kern\data\processed\features\Zen_Kaku_Gothic_Antique_regular.npz,52,ok,
Zen_Kaku_Gothic_Antique_500,C:\Users\angel\OneDrive\Desktop\Kern\data\processed\features\Zen_Kaku_Gothic_Antique_500.npz,52,ok,
Zen_Kaku_Gothic_Antique_700,C:\Users\angel\OneDrive\Desktop\Kern\data\processed\features\Zen_Kaku_Gothic_Antique_700.npz,52,ok,
Zen_Kaku_Gothic_Antique_900,C:\Users\angel\OneDrive\Desktop\Kern\data\processed\features\Zen_Kaku_Gothic_Antique_900.npz,52,ok,
Gochi_Hand_regular,C:\Users\angel\OneDrive\Desktop\Kern\data\processed\features\Gochi_Hand_regular.npz,52,ok,
Pirata_One_regular,C:\Users\angel\OneDrive\Desktop\Kern\data\processed\features\Pirata_One_regular.npz,52,ok,
Six_Caps_regular,C:\Users\angel\OneDrive\Desktop\Kern\data\processed\features\Six_Caps_regular.npz,52,ok,
Cabin_Condensed_regular,C:\Users\angel\OneDrive\Desktop\Kern\data\processed\features\Cabin_Condensed_regular.npz,52,ok,
Cabin_Condensed_500,C:\Users\angel\OneDrive\Desktop\Kern\data\processed\features\Cabin_Condensed_500.npz,52,ok,
Cabin_Condensed_600,C:\Users\angel\OneDrive\Desktop\Kern\data\processed\features\Cabin_Condensed_600.npz,52,ok,
Cabin_Condensed_700,C:\Users\angel\OneDrive\Desktop\Kern\data\processed\features\Cabin_Condensed_700.npz,52,ok,
Kaisei_Decol_regular,C:\Users\angel\OneDrive\Desktop\Kern\data\processed\features\Kaisei_Decol_regular.npz,52,ok,
Kaisei_Decol_500,C:\Users\angel\OneDrive\Desktop\Kern\data\processed\features\Kaisei_Decol_500.npz,52,ok,
Kaisei_Decol_700,C:\Users\angel\OneDrive\Desktop\Kern\data\processed\features\Kaisei_Decol_700.npz,52,ok,
Jersey_25_regular,C:\Users\angel\OneDrive\Desktop\Kern\data\processed\features\Jersey_25_regular.npz,52,ok,
Marck_Script_regular,C:\Users\angel\OneDrive\Desktop\Kern\data\processed\features\Marck_Script_regular.npz,52,ok,
Pangolin_regular,C:\Users\angel\OneDrive\Desktop\Kern\data\processed\features\Pangolin_regular.npz,52,ok,
Gudea_regular,C:\Users\angel\OneDrive\Desktop\Kern\data\processed\features\Gudea_regular.npz,52,ok,
Gudea_italic,C:\Users\angel\OneDrive\Desktop\Kern\data\processed\features\Gudea_italic.npz,52,ok,
Gudea_700,C:\Users\angel\OneDrive\Desktop\Kern\data\processed\features\Gudea_700.npz,52,ok,
Ruda_regular,C:\Users\angel\OneDrive\Desktop\Kern\data\processed\features\Ruda_regular.npz,52,ok,
Ruda_500,C:\Users\angel\OneDrive\Desktop\Kern\data\processed\features\Ruda_500.npz,52,ok,
Ruda_600,C:\Users\angel\OneDrive\Desktop\Kern\data\processed\features\Ruda_600.npz,52,ok,
Ruda_700,C:\Users\angel\OneDrive\Desktop\Kern\data\processed\features\Ruda_700.npz,52,ok,
Ruda_800,C:\Users\angel\OneDrive\Desktop\Kern\data\processed\features\Ruda_800.npz,52,ok,
Ruda_900,C:\Users\angel\OneDrive\Desktop\Kern\data\processed\features\Ruda_900.npz,52,ok,
Handlee_regular,C:\Users\angel\OneDrive\Desktop\Kern\data\processed\features\Handlee_regular.npz,52,ok,
REM_100,C:\Users\angel\OneDrive\Desktop\Kern\data\processed\features\REM_100.npz,52,ok,
REM_200,C:\Users\angel\OneDrive\Desktop\Kern\data\processed\features\REM_200.npz,52,ok,
REM_300,C:\Users\angel\OneDrive\Desktop\Kern\data\processed\features\REM_300.npz,52,ok,
REM_regular,C:\Users\angel\OneDrive\Desktop\Kern\data\processed\features\REM_regular.npz,52,ok,
REM_500,C:\Users\angel\OneDrive\Desktop\Kern\data\processed\features\REM_500.npz,52,ok,
REM_600,C:\Users\angel\OneDrive\Desktop\Kern\data\processed\features\REM_600.npz,52,ok,
REM_700,C:\Users\angel\OneDrive\Desktop\Kern\data\processed\features\REM_700.npz,52,ok,
REM_800,C:\Users\angel\OneDrive\Desktop\Kern\data\processed\features\REM_800.npz,52,ok,
REM_900,C:\Users\angel\OneDrive\Desktop\Kern\data\processed\features\REM_900.npz,52,ok,
REM_100italic,C:\Users\angel\OneDrive\Desktop\Kern\data\processed\features\REM_100italic.npz,52,ok,
REM_200italic,C:\Users\angel\OneDrive\Desktop\Kern\data\processed\features\REM_200italic.npz,52,ok,
REM_300italic,C:\Users\angel\OneDrive\Desktop\Kern\data\processed\features\REM_300italic.npz,52,ok,
REM_italic,C:\Users\angel\OneDrive\Desktop\Kern\data\processed\features\REM_italic.npz,52,ok,
REM_500italic,C:\Users\angel\OneDrive\Desktop\Kern\data\processed\features\REM_500italic.npz,52,ok,
REM_600italic,C:\Users\angel\OneDrive\Desktop\Kern\data\processed\features\REM_600italic.npz,52,ok,
REM_700italic,C:\Users\angel\OneDrive\Desktop\Kern\data\processed\features\REM_700italic.npz,52,ok,
REM_800italic,C:\Users\angel\OneDrive\Desktop\Kern\data\processed\features\REM_800italic.npz,52,ok,
REM_900italic,C:\Users\angel\OneDrive\Desktop\Kern\data\processed\features\REM_900italic.npz,52,ok,
Martel_Sans_200,C:\Users\angel\OneDrive\Desktop\Kern\data\processed\features\Martel_Sans_200.npz,52,ok,
Martel_Sans_300,C:\Users\angel\OneDrive\Desktop\Kern\data\processed\features\Martel_Sans_300.npz,52,ok,
Martel_Sans_regular,C:\Users\angel\OneDrive\Desktop\Kern\data\processed\features\Martel_Sans_regular.npz,52,ok,
Martel_Sans_600,C:\Users\angel\OneDrive\Desktop\Kern\data\processed\features\Martel_Sans_600.npz,52,ok,
Martel_Sans_700,C:\Users\angel\OneDrive\Desktop\Kern\data\processed\features\Martel_Sans_700.npz,52,ok,
Martel_Sans_800,C:\Users\angel\OneDrive\Desktop\Kern\data\processed\features\Martel_Sans_800.npz,52,ok,
Martel_Sans_900,C:\Users\angel\OneDrive\Desktop\Kern\data\processed\features\Martel_Sans_900.npz,52,ok,
Bowlby_One_regular,C:\Users\angel\OneDrive\Desktop\Kern\data\processed\features\Bowlby_One_regular.npz,52,ok,
Alegreya_Sans_SC_100,C:\Users\angel\OneDrive\Desktop\Kern\data\processed\features\Alegreya_Sans_SC_100.npz,52,ok,
Alegreya_Sans_SC_100italic,C:\Users\angel\OneDrive\Desktop\Kern\data\processed\features\Alegreya_Sans_SC_100italic.npz,52,ok,
Alegreya_Sans_SC_300,C:\Users\angel\OneDrive\Desktop\Kern\data\processed\features\Alegreya_Sans_SC_300.npz,52,ok,
Alegreya_Sans_SC_300italic,C:\Users\angel\OneDrive\Desktop\Kern\data\processed\features\Alegreya_Sans_SC_300italic.npz,52,ok,
Alegreya_Sans_SC_regular,C:\Users\angel\OneDrive\Desktop\Kern\data\processed\features\Alegreya_Sans_SC_regular.npz,52,ok,
Alegreya_Sans_SC_italic,C:\Users\angel\OneDrive\Desktop\Kern\data\processed\features\Alegreya_Sans_SC_italic.npz,52,ok,
Alegreya_Sans_SC_500,C:\Users\angel\OneDrive\Desktop\Kern\data\processed\features\Alegreya_Sans_SC_500.npz,52,ok,
Alegreya_Sans_SC_500italic,C:\Users\angel\OneDrive\Desktop\Kern\data\processed\features\Alegreya_Sans_SC_500italic.npz,52,ok,
Alegreya_Sans_SC_700,C:\Users\angel\OneDrive\Desktop\Kern\data\processed\features\Alegreya_Sans_SC_700.npz,52,ok,
Alegreya_Sans_SC_700italic,C:\Users\angel\OneDrive\Desktop\Kern\data\processed\features\Alegreya_Sans_SC_700italic.npz,52,ok,
Alegreya_Sans_SC_800,C:\Users\angel\OneDrive\Desktop\Kern\data\processed\features\Alegreya_Sans_SC_800.npz,52,ok,
Alegreya_Sans_SC_800italic,C:\Users\angel\OneDrive\Desktop\Kern\data\processed\features\Alegreya_Sans_SC_800italic.npz,52,ok,
Alegreya_Sans_SC_900,C:\Users\angel\OneDrive\Desktop\Kern\data\processed\features\Alegreya_Sans_SC_900.npz,52,ok,
Alegreya_Sans_SC_900italic,C:\Users\angel\OneDrive\Desktop\Kern\data\processed\features\Alegreya_Sans_SC_900italic.npz,52,ok,
Khula_300,C:\Users\angel\OneDrive\Desktop\Kern\data\processed\features\Khula_300.npz,52,ok,
Khula_regular,C:\Users\angel\OneDrive\Desktop\Kern\data\processed\features\Khula_regular.npz,52,ok,
Khula_600,C:\Users\angel\OneDrive\Desktop\Kern\data\processed\features\Khula_600.npz,52,ok,
Khula_700,C:\Users\angel\OneDrive\Desktop\Kern\data\processed\features\Khula_700.npz,52,ok,
Khula_800,C:\Users\angel\OneDrive\Desktop\Kern\data\processed\features\Khula_800.npz,52,ok,
Gloock_regular,C:\Users\angel\OneDrive\Desktop\Kern\data\processed\features\Gloock_regular.npz,52,ok,
Damion_regular,C:\Users\angel\OneDrive\Desktop\Kern\data\processed\features\Damion_regular.npz,52,ok,
Leckerli_One_regular,C:\Users\angel\OneDrive\Desktop\Kern\data\processed\features\Leckerli_One_regular.npz,52,ok,
MuseoModerno_100,C:\Users\angel\OneDrive\Desktop\Kern\data\processed\features\MuseoModerno_100.npz,52,ok,
MuseoModerno_200,C:\Users\angel\OneDrive\Desktop\Kern\data\processed\features\MuseoModerno_200.npz,52,ok,
MuseoModerno_300,C:\Users\angel\OneDrive\Desktop\Kern\data\processed\features\MuseoModerno_300.npz,52,ok,
MuseoModerno_regular,C:\Users\angel\OneDrive\Desktop\Kern\data\processed\features\MuseoModerno_regular.npz,52,ok,
MuseoModerno_500,C:\Users\angel\OneDrive\Desktop\Kern\data\processed\features\MuseoModerno_500.npz,52,ok,
MuseoModerno_600,C:\Users\angel\OneDrive\Desktop\Kern\data\processed\features\MuseoModerno_600.npz,52,ok,
MuseoModerno_700,C:\Users\angel\OneDrive\Desktop\Kern\data\processed\features\MuseoModerno_700.npz,52,ok,
MuseoModerno_800,C:\Users\angel\OneDrive\Desktop\Kern\data\processed\features\MuseoModerno_800.npz,52,ok,
MuseoModerno_900,C:\Users\angel\OneDrive\Desktop\Kern\data\processed\features\MuseoModerno_900.npz,52,ok,
MuseoModerno_100italic,C:\Users\angel\OneDrive\Desktop\Kern\data\processed\features\MuseoModerno_100italic.npz,52,ok,
MuseoModerno_200italic,C:\Users\angel\OneDrive\Desktop\Kern\data\processed\features\MuseoModerno_200italic.npz,52,ok,
MuseoModerno_300italic,C:\Users\angel\OneDrive\Desktop\Kern\data\processed\features\MuseoModerno_300italic.npz,52,ok,
MuseoModerno_italic,C:\Users\angel\OneDrive\Desktop\Kern\data\processed\features\MuseoModerno_italic.npz,52,ok,
MuseoModerno_500italic,C:\Users\angel\OneDrive\Desktop\Kern\data\processed\features\MuseoModerno_500italic.npz,52,ok,
MuseoModerno_600italic,C:\Users\angel\OneDrive\Desktop\Kern\data\processed\features\MuseoModerno_600italic.npz,52,ok,
MuseoModerno_700italic,C:\Users\angel\OneDrive\Desktop\Kern\data\processed\features\MuseoModerno_700italic.npz,52,ok,
MuseoModerno_800italic,C:\Users\angel\OneDrive\Desktop\Kern\data\processed\features\MuseoModerno_800italic.npz,52,ok,
MuseoModerno_900italic,C:\Users\angel\OneDrive\Desktop\Kern\data\processed\features\MuseoModerno_900italic.npz,52,ok,
Funnel_Sans_300,C:\Users\angel\OneDrive\Desktop\Kern\data\processed\features\Funnel_Sans_300.npz,52,ok,
Funnel_Sans_regular,C:\Users\angel\OneDrive\Desktop\Kern\data\processed\features\Funnel_Sans_regular.npz,52,ok,
Funnel_Sans_500,C:\Users\angel\OneDrive\Desktop\Kern\data\processed\features\Funnel_Sans_500.npz,52,ok,
Funnel_Sans_600,C:\Users\angel\OneDrive\Desktop\Kern\data\processed\features\Funnel_Sans_600.npz,52,ok,
Funnel_Sans_700,C:\Users\angel\OneDrive\Desktop\Kern\data\processed\features\Funnel_Sans_700.npz,52,ok,
Funnel_Sans_800,C:\Users\angel\OneDrive\Desktop\Kern\data\processed\features\Funnel_Sans_800.npz,52,ok,
Funnel_Sans_300italic,C:\Users\angel\OneDrive\Desktop\Kern\data\processed\features\Funnel_Sans_300italic.npz,52,ok,
Funnel_Sans_italic,C:\Users\angel\OneDrive\Desktop\Kern\data\processed\features\Funnel_Sans_italic.npz,52,ok,
Funnel_Sans_500italic,C:\Users\angel\OneDrive\Desktop\Kern\data\processed\features\Funnel_Sans_500italic.npz,52,ok,
Funnel_Sans_600italic,C:\Users\angel\OneDrive\Desktop\Kern\data\processed\features\Funnel_Sans_600italic.npz,52,ok,
Funnel_Sans_700italic,C:\Users\angel\OneDrive\Desktop\Kern\data\processed\features\Funnel_Sans_700italic.npz,52,ok,
Funnel_Sans_800italic,C:\Users\angel\OneDrive\Desktop\Kern\data\processed\features\Funnel_Sans_800italic.npz,52,ok,
Wix_Madefor_Display_regular,C:\Users\angel\OneDrive\Desktop\Kern\data\processed\features\Wix_Madefor_Display_regular.npz,52,ok,
Wix_Madefor_Display_500,C:\Users\angel\OneDrive\Desktop\Kern\data\processed\features\Wix_Madefor_Display_500.npz,52,ok,
Wix_Madefor_Display_600,C:\Users\angel\OneDrive\Desktop\Kern\data\processed\features\Wix_Madefor_Display_600.npz,52,ok,
Wix_Madefor_Display_700,C:\Users\angel\OneDrive\Desktop\Kern\data\processed\features\Wix_Madefor_Display_700.npz,52,ok,
Wix_Madefor_Display_800,C:\Users\angel\OneDrive\Desktop\Kern\data\processed\features\Wix_Madefor_Display_800.npz,52,ok,
Adamina_regular,C:\Users\angel\OneDrive\Desktop\Kern\data\processed\features\Adamina_regular.npz,52,ok,
Londrina_Solid_100,C:\Users\angel\OneDrive\Desktop\Kern\data\processed\features\Londrina_Solid_100.npz,52,ok,
Londrina_Solid_300,C:\Users\angel\OneDrive\Desktop\Kern\data\processed\features\Londrina_Solid_300.npz,52,ok,
Londrina_Solid_regular,C:\Users\angel\OneDrive\Desktop\Kern\data\processed\features\Londrina_Solid_regular.npz,52,ok,
Londrina_Solid_900,C:\Users\angel\OneDrive\Desktop\Kern\data\processed\features\Londrina_Solid_900.npz,52,ok,
Pragati_Narrow_regular,C:\Users\angel\OneDrive\Desktop\Kern\data\processed\features\Pragati_Narrow_regular.npz,52,ok,
Pragati_Narrow_700,C:\Users\angel\OneDrive\Desktop\Kern\data\processed\features\Pragati_Narrow_700.npz,52,ok,
Mate_regular,C:\Users\angel\OneDrive\Desktop\Kern\data\processed\features\Mate_regular.npz,52,ok,
Mate_italic,C:\Users\angel\OneDrive\Desktop\Kern\data\processed\features\Mate_italic.npz,52,ok,
Andika_regular,C:\Users\angel\OneDrive\Desktop\Kern\data\processed\features\Andika_regular.npz,52,ok,
Andika_italic,C:\Users\angel\OneDrive\Desktop\Kern\data\processed\features\Andika_italic.npz,52,ok,
Andika_700,C:\Users\angel\OneDrive\Desktop\Kern\data\processed\features\Andika_700.npz,52,ok,
Andika_700italic,C:\Users\angel\OneDrive\Desktop\Kern\data\processed\features\Andika_700italic.npz,52,ok,
Mrs_Saint_Delafield_regular,C:\Users\angel\OneDrive\Desktop\Kern\data\processed\features\Mrs_Saint_Delafield_regular.npz,52,ok,
Atkinson_Hyperlegible_Next_200,C:\Users\angel\OneDrive\Desktop\Kern\data\processed\features\Atkinson_Hyperlegible_Next_200.npz,52,ok,
Atkinson_Hyperlegible_Next_300,C:\Users\angel\OneDrive\Desktop\Kern\data\processed\features\Atkinson_Hyperlegible_Next_300.npz,52,ok,
Atkinson_Hyperlegible_Next_regular,C:\Users\angel\OneDrive\Desktop\Kern\data\processed\features\Atkinson_Hyperlegible_Next_regular.npz,52,ok,
Atkinson_Hyperlegible_Next_500,C:\Users\angel\OneDrive\Desktop\Kern\data\processed\features\Atkinson_Hyperlegible_Next_500.npz,52,ok,
Atkinson_Hyperlegible_Next_600,C:\Users\angel\OneDrive\Desktop\Kern\data\processed\features\Atkinson_Hyperlegible_Next_600.npz,52,ok,
Atkinson_Hyperlegible_Next_700,C:\Users\angel\OneDrive\Desktop\Kern\data\processed\features\Atkinson_Hyperlegible_Next_700.npz,52,ok,
Atkinson_Hyperlegible_Next_800,C:\Users\angel\OneDrive\Desktop\Kern\data\processed\features\Atkinson_Hyperlegible_Next_800.npz,52,ok,
Atkinson_Hyperlegible_Next_200italic,C:\Users\angel\OneDrive\Desktop\Kern\data\processed\features\Atkinson_Hyperlegible_Next_200italic.npz,52,ok,
Atkinson_Hyperlegible_Next_300italic,C:\Users\angel\OneDrive\Desktop\Kern\data\processed\features\Atkinson_Hyperlegible_Next_300italic.npz,52,ok,
Atkinson_Hyperlegible_Next_italic,C:\Users\angel\OneDrive\Desktop\Kern\data\processed\features\Atkinson_Hyperlegible_Next_italic.npz,52,ok,
Atkinson_Hyperlegible_Next_500italic,C:\Users\angel\OneDrive\Desktop\Kern\data\processed\features\Atkinson_Hyperlegible_Next_500italic.npz,52,ok,
Atkinson_Hyperlegible_Next_600italic,C:\Users\angel\OneDrive\Desktop\Kern\data\processed\features\Atkinson_Hyperlegible_Next_600italic.npz,52,ok,
Atkinson_Hyperlegible_Next_700italic,C:\Users\angel\OneDrive\Desktop\Kern\data\processed\features\Atkinson_Hyperlegible_Next_700italic.npz,52,ok,
Atkinson_Hyperlegible_Next_800italic,C:\Users\angel\OneDrive\Desktop\Kern\data\processed\features\Atkinson_Hyperlegible_Next_800italic.npz,52,ok,
Darker_Grotesque_300,C:\Users\angel\OneDrive\Desktop\Kern\data\processed\features\Darker_Grotesque_300.npz,52,ok,
Darker_Grotesque_regular,C:\Users\angel\OneDrive\Desktop\Kern\data\processed\features\Darker_Grotesque_regular.npz,52,ok,
Darker_Grotesque_500,C:\Users\angel\OneDrive\Desktop\Kern\data\processed\features\Darker_Grotesque_500.npz,52,ok,
Darker_Grotesque_600,C:\Users\angel\OneDrive\Desktop\Kern\data\processed\features\Darker_Grotesque_600.npz,52,ok,
Darker_Grotesque_700,C:\Users\angel\OneDrive\Desktop\Kern\data\processed\features\Darker_Grotesque_700.npz,52,ok,
Darker_Grotesque_800,C:\Users\angel\OneDrive\Desktop\Kern\data\processed\features\Darker_Grotesque_800.npz,52,ok,
Darker_Grotesque_900,C:\Users\angel\OneDrive\Desktop\Kern\data\processed\features\Darker_Grotesque_900.npz,52,ok,
Carter_One_regular,C:\Users\angel\OneDrive\Desktop\Kern\data\processed\features\Carter_One_regular.npz,52,ok,
Akshar_300,C:\Users\angel\OneDrive\Desktop\Kern\data\processed\features\Akshar_300.npz,52,ok,
Akshar_regular,C:\Users\angel\OneDrive\Desktop\Kern\data\processed\features\Akshar_regular.npz,52,ok,
Akshar_500,C:\Users\angel\OneDrive\Desktop\Kern\data\processed\features\Akshar_500.npz,52,ok,
Akshar_600,C:\Users\angel\OneDrive\Desktop\Kern\data\processed\features\Akshar_600.npz,52,ok,
Akshar_700,C:\Users\angel\OneDrive\Desktop\Kern\data\processed\features\Akshar_700.npz,52,ok,
Murecho_100,C:\Users\angel\OneDrive\Desktop\Kern\data\processed\features\Murecho_100.npz,52,ok,
Murecho_200,C:\Users\angel\OneDrive\Desktop\Kern\data\processed\features\Murecho_200.npz,52,ok,
Murecho_300,C:\Users\angel\OneDrive\Desktop\Kern\data\processed\features\Murecho_300.npz,52,ok,
Murecho_regular,C:\Users\angel\OneDrive\Desktop\Kern\data\processed\features\Murecho_regular.npz,52,ok,
Murecho_500,C:\Users\angel\OneDrive\Desktop\Kern\data\processed\features\Murecho_500.npz,52,ok,
Murecho_600,C:\Users\angel\OneDrive\Desktop\Kern\data\processed\features\Murecho_600.npz,52,ok,
Murecho_700,C:\Users\angel\OneDrive\Desktop\Kern\data\processed\features\Murecho_700.npz,52,ok,
Murecho_800,C:\Users\angel\OneDrive\Desktop\Kern\data\processed\features\Murecho_800.npz,52,ok,
Murecho_900,C:\Users\angel\OneDrive\Desktop\Kern\data\processed\features\Murecho_900.npz,52,ok,
Niramit_200,C:\Users\angel\OneDrive\Desktop\Kern\data\processed\features\Niramit_200.npz,52,ok,
Niramit_200italic,C:\Users\angel\OneDrive\Desktop\Kern\data\processed\features\Niramit_200italic.npz,52,ok,
Niramit_300,C:\Users\angel\OneDrive\Desktop\Kern\data\processed\features\Niramit_300.npz,52,ok,
Niramit_300italic,C:\Users\angel\OneDrive\Desktop\Kern\data\processed\features\Niramit_300italic.npz,52,ok,
Niramit_regular,C:\Users\angel\OneDrive\Desktop\Kern\data\processed\features\Niramit_regular.npz,52,ok,
Niramit_italic,C:\Users\angel\OneDrive\Desktop\Kern\data\processed\features\Niramit_italic.npz,52,ok,
Niramit_500,C:\Users\angel\OneDrive\Desktop\Kern\data\processed\features\Niramit_500.npz,52,ok,
Niramit_500italic,C:\Users\angel\OneDrive\Desktop\Kern\data\processed\features\Niramit_500italic.npz,52,ok,
Niramit_600,C:\Users\angel\OneDrive\Desktop\Kern\data\processed\features\Niramit_600.npz,52,ok,
Niramit_600italic,C:\Users\angel\OneDrive\Desktop\Kern\data\processed\features\Niramit_600italic.npz,52,ok,
Niramit_700,C:\Users\angel\OneDrive\Desktop\Kern\data\processed\features\Niramit_700.npz,52,ok,
Niramit_700italic,C:\Users\angel\OneDrive\Desktop\Kern\data\processed\features\Niramit_700italic.npz,52,ok,
Ovo_regular,C:\Users\angel\OneDrive\Desktop\Kern\data\processed\features\Ovo_regular.npz,52,ok,
Shrikhand_regular,C:\Users\angel\OneDrive\Desktop\Kern\data\processed\features\Shrikhand_regular.npz,52,ok,
Sofia_regular,C:\Users\angel\OneDrive\Desktop\Kern\data\processed\features\Sofia_regular.npz,52,ok,
IM_Fell_English_regular,C:\Users\angel\OneDrive\Desktop\Kern\data\processed\features\IM_Fell_English_regular.npz,52,ok,
IM_Fell_English_italic,C:\Users\angel\OneDrive\Desktop\Kern\data\processed\features\IM_Fell_English_italic.npz,52,ok,
Tilt_Warp_regular,C:\Users\angel\OneDrive\Desktop\Kern\data\processed\features\Tilt_Warp_regular.npz,52,ok,
Covered_By_Your_Grace_regular,C:\Users\angel\OneDrive\Desktop\Kern\data\processed\features\Covered_By_Your_Grace_regular.npz,52,ok,
Montagu_Slab_100,C:\Users\angel\OneDrive\Desktop\Kern\data\processed\features\Montagu_Slab_100.npz,52,ok,
Montagu_Slab_200,C:\Users\angel\OneDrive\Desktop\Kern\data\processed\features\Montagu_Slab_200.npz,52,ok,
Montagu_Slab_300,C:\Users\angel\OneDrive\Desktop\Kern\data\processed\features\Montagu_Slab_300.npz,52,ok,
Montagu_Slab_regular,C:\Users\angel\OneDrive\Desktop\Kern\data\processed\features\Montagu_Slab_regular.npz,52,ok,
Montagu_Slab_500,C:\Users\angel\OneDrive\Desktop\Kern\data\processed\features\Montagu_Slab_500.npz,52,ok,
Montagu_Slab_600,C:\Users\angel\OneDrive\Desktop\Kern\data\processed\features\Montagu_Slab_600.npz,52,ok,
Montagu_Slab_700,C:\Users\angel\OneDrive\Desktop\Kern\data\processed\features\Montagu_Slab_700.npz,52,ok,
La_Belle_Aurore_regular,C:\Users\angel\OneDrive\Desktop\Kern\data\processed\features\La_Belle_Aurore_regular.npz,52,ok,
Sarala_regular,C:\Users\angel\OneDrive\Desktop\Kern\data\processed\features\Sarala_regular.npz,52,ok,
Sarala_700,C:\Users\angel\OneDrive\Desktop\Kern\data\processed\features\Sarala_700.npz,52,ok,
Aboreto_regular,C:\Users\angel\OneDrive\Desktop\Kern\data\processed\features\Aboreto_regular.npz,52,ok,
Cedarville_Cursive_regular,C:\Users\angel\OneDrive\Desktop\Kern\data\processed\features\Cedarville_Cursive_regular.npz,52,ok,
Anek_Latin_100,C:\Users\angel\OneDrive\Desktop\Kern\data\processed\features\Anek_Latin_100.npz,52,ok,
Anek_Latin_200,C:\Users\angel\OneDrive\Desktop\Kern\data\processed\features\Anek_Latin_200.npz,52,ok,
Anek_Latin_300,C:\Users\angel\OneDrive\Desktop\Kern\data\processed\features\Anek_Latin_300.npz,52,ok,
Anek_Latin_regular,C:\Users\angel\OneDrive\Desktop\Kern\data\processed\features\Anek_Latin_regular.npz,52,ok,
Anek_Latin_500,C:\Users\angel\OneDrive\Desktop\Kern\data\processed\features\Anek_Latin_500.npz,52,ok,
Anek_Latin_600,C:\Users\angel\OneDrive\Desktop\Kern\data\processed\features\Anek_Latin_600.npz,52,ok,
Anek_Latin_700,C:\Users\angel\OneDrive\Desktop\Kern\data\processed\features\Anek_Latin_700.npz,52,ok,
Anek_Latin_800,C:\Users\angel\OneDrive\Desktop\Kern\data\processed\features\Anek_Latin_800.npz,52,ok,
Hachi_Maru_Pop_regular,C:\Users\angel\OneDrive\Desktop\Kern\data\processed\features\Hachi_Maru_Pop_regular.npz,52,ok,
Limelight_regular,C:\Users\angel\OneDrive\Desktop\Kern\data\processed\features\Limelight_regular.npz,52,ok,
Secular_One_regular,C:\Users\angel\OneDrive\Desktop\Kern\data\processed\features\Secular_One_regular.npz,52,ok,
Sriracha_regular,C:\Users\angel\OneDrive\Desktop\Kern\data\processed\features\Sriracha_regular.npz,52,ok,
Reem_Kufi_regular,C:\Users\angel\OneDrive\Desktop\Kern\data\processed\features\Reem_Kufi_regular.npz,52,ok,
Reem_Kufi_500,C:\Users\angel\OneDrive\Desktop\Kern\data\processed\features\Reem_Kufi_500.npz,52,ok,
Reem_Kufi_600,C:\Users\angel\OneDrive\Desktop\Kern\data\processed\features\Reem_Kufi_600.npz,52,ok,
Reem_Kufi_700,C:\Users\angel\OneDrive\Desktop\Kern\data\processed\features\Reem_Kufi_700.npz,52,ok,
Krona_One_regular,C:\Users\angel\OneDrive\Desktop\Kern\data\processed\features\Krona_One_regular.npz,52,ok,
Livvic_100,C:\Users\angel\OneDrive\Desktop\Kern\data\processed\features\Livvic_100.npz,52,ok,
Livvic_100italic,C:\Users\angel\OneDrive\Desktop\Kern\data\processed\features\Livvic_100italic.npz,52,ok,
Livvic_200,C:\Users\angel\OneDrive\Desktop\Kern\data\processed\features\Livvic_200.npz,52,ok,
Livvic_200italic,C:\Users\angel\OneDrive\Desktop\Kern\data\processed\features\Livvic_200italic.npz,52,ok,
Livvic_300,C:\Users\angel\OneDrive\Desktop\Kern\data\processed\features\Livvic_300.npz,52,ok,
Livvic_300italic,C:\Users\angel\OneDrive\Desktop\Kern\data\processed\features\Livvic_300italic.npz,52,ok,
Livvic_regular,C:\Users\angel\OneDrive\Desktop\Kern\data\processed\features\Livvic_regular.npz,52,ok,
Livvic_italic,C:\Users\angel\OneDrive\Desktop\Kern\data\processed\features\Livvic_italic.npz,52,ok,
Livvic_500,C:\Users\angel\OneDrive\Desktop\Kern\data\processed\features\Livvic_500.npz,52,ok,
Livvic_500italic,C:\Users\angel\OneDrive\Desktop\Kern\data\processed\features\Livvic_500italic.npz,52,ok,
Livvic_600,C:\Users\angel\OneDrive\Desktop\Kern\data\processed\features\Livvic_600.npz,52,ok,
Livvic_600italic,C:\Users\angel\OneDrive\Desktop\Kern\data\processed\features\Livvic_600italic.npz,52,ok,
Livvic_700,C:\Users\angel\OneDrive\Desktop\Kern\data\processed\features\Livvic_700.npz,52,ok,
Livvic_700italic,C:\Users\angel\OneDrive\Desktop\Kern\data\processed\features\Livvic_700italic.npz,52,ok,
Livvic_900,C:\Users\angel\OneDrive\Desktop\Kern\data\processed\features\Livvic_900.npz,52,ok,
Livvic_900italic,C:\Users\angel\OneDrive\Desktop\Kern\data\processed\features\Livvic_900italic.npz,52,ok,
Palanquin_Dark_regular,C:\Users\angel\OneDrive\Desktop\Kern\data\processed\features\Palanquin_Dark_regular.npz,52,ok,
Palanquin_Dark_500,C:\Users\angel\OneDrive\Desktop\Kern\data\processed\features\Palanquin_Dark_500.npz,52,ok,
Palanquin_Dark_600,C:\Users\angel\OneDrive\Desktop\Kern\data\processed\features\Palanquin_Dark_600.npz,52,ok,
Palanquin_Dark_700,C:\Users\angel\OneDrive\Desktop\Kern\data\processed\features\Palanquin_Dark_700.npz,52,ok,
Wix_Madefor_Text_regular,C:\Users\angel\OneDrive\Desktop\Kern\data\processed\features\Wix_Madefor_Text_regular.npz,52,ok,
Wix_Madefor_Text_italic,C:\Users\angel\OneDrive\Desktop\Kern\data\processed\features\Wix_Madefor_Text_italic.npz,52,ok,
Wix_Madefor_Text_500,C:\Users\angel\OneDrive\Desktop\Kern\data\processed\features\Wix_Madefor_Text_500.npz,52,ok,
Wix_Madefor_Text_500italic,C:\Users\angel\OneDrive\Desktop\Kern\data\processed\features\Wix_Madefor_Text_500italic.npz,52,ok,
Wix_Madefor_Text_600,C:\Users\angel\OneDrive\Desktop\Kern\data\processed\features\Wix_Madefor_Text_600.npz,52,ok,
Wix_Madefor_Text_600italic,C:\Users\angel\OneDrive\Desktop\Kern\data\processed\features\Wix_Madefor_Text_600italic.npz,52,ok,
Wix_Madefor_Text_700,C:\Users\angel\OneDrive\Desktop\Kern\data\processed\features\Wix_Madefor_Text_700.npz,52,ok,
Wix_Madefor_Text_700italic,C:\Users\angel\OneDrive\Desktop\Kern\data\processed\features\Wix_Madefor_Text_700italic.npz,52,ok,
Wix_Madefor_Text_800,C:\Users\angel\OneDrive\Desktop\Kern\data\processed\features\Wix_Madefor_Text_800.npz,52,ok,
Wix_Madefor_Text_800italic,C:\Users\angel\OneDrive\Desktop\Kern\data\processed\features\Wix_Madefor_Text_800italic.npz,52,ok,
Potta_One_regular,C:\Users\angel\OneDrive\Desktop\Kern\data\processed\features\Potta_One_regular.npz,52,ok,
Noto_Sans_Sinhala_100,C:\Users\angel\OneDrive\Desktop\Kern\data\processed\features\Noto_Sans_Sinhala_100.npz,52,ok,
Noto_Sans_Sinhala_200,C:\Users\angel\OneDrive\Desktop\Kern\data\processed\features\Noto_Sans_Sinhala_200.npz,52,ok,
Noto_Sans_Sinhala_300,C:\Users\angel\OneDrive\Desktop\Kern\data\processed\features\Noto_Sans_Sinhala_300.npz,52,ok,
Noto_Sans_Sinhala_regular,C:\Users\angel\OneDrive\Desktop\Kern\data\processed\features\Noto_Sans_Sinhala_regular.npz,52,ok,
Noto_Sans_Sinhala_500,C:\Users\angel\OneDrive\Desktop\Kern\data\processed\features\Noto_Sans_Sinhala_500.npz,52,ok,
Noto_Sans_Sinhala_600,C:\Users\angel\OneDrive\Desktop\Kern\data\processed\features\Noto_Sans_Sinhala_600.npz,52,ok,
Noto_Sans_Sinhala_700,C:\Users\angel\OneDrive\Desktop\Kern\data\processed\features\Noto_Sans_Sinhala_700.npz,52,ok,
Noto_Sans_Sinhala_800,C:\Users\angel\OneDrive\Desktop\Kern\data\processed\features\Noto_Sans_Sinhala_800.npz,52,ok,
Noto_Sans_Sinhala_900,C:\Users\angel\OneDrive\Desktop\Kern\data\processed\features\Noto_Sans_Sinhala_900.npz,52,ok,
Noto_Sans_Gujarati_100,C:\Users\angel\OneDrive\Desktop\Kern\data\processed\features\Noto_Sans_Gujarati_100.npz,52,ok,
Noto_Sans_Gujarati_200,C:\Users\angel\OneDrive\Desktop\Kern\data\processed\features\Noto_Sans_Gujarati_200.npz,52,ok,
Noto_Sans_Gujarati_300,C:\Users\angel\OneDrive\Desktop\Kern\data\processed\features\Noto_Sans_Gujarati_300.npz,52,ok,
Noto_Sans_Gujarati_regular,C:\Users\angel\OneDrive\Desktop\Kern\data\processed\features\Noto_Sans_Gujarati_regular.npz,52,ok,
Noto_Sans_Gujarati_500,C:\Users\angel\OneDrive\Desktop\Kern\data\processed\features\Noto_Sans_Gujarati_500.npz,52,ok,
Noto_Sans_Gujarati_600,C:\Users\angel\OneDrive\Desktop\Kern\data\processed\features\Noto_Sans_Gujarati_600.npz,52,ok,
Noto_Sans_Gujarati_700,C:\Users\angel\OneDrive\Desktop\Kern\data\processed\features\Noto_Sans_Gujarati_700.npz,52,ok,
Noto_Sans_Gujarati_800,C:\Users\angel\OneDrive\Desktop\Kern\data\processed\features\Noto_Sans_Gujarati_800.npz,52,ok,
Noto_Sans_Gujarati_900,C:\Users\angel\OneDrive\Desktop\Kern\data\processed\features\Noto_Sans_Gujarati_900.npz,52,ok,
Italiana_regular,C:\Users\angel\OneDrive\Desktop\Kern\data\processed\features\Italiana_regular.npz,52,ok,
Chewy_regular,C:\Users\angel\OneDrive\Desktop\Kern\data\processed\features\Chewy_regular.npz,52,ok,
Aldrich_regular,C:\Users\angel\OneDrive\Desktop\Kern\data\processed\features\Aldrich_regular.npz,52,ok,
Sansita_regular,C:\Users\angel\OneDrive\Desktop\Kern\data\processed\features\Sansita_regular.npz,52,ok,
Sansita_italic,C:\Users\angel\OneDrive\Desktop\Kern\data\processed\features\Sansita_italic.npz,52,ok,
Sansita_700,C:\Users\angel\OneDrive\Desktop\Kern\data\processed\features\Sansita_700.npz,52,ok,
Sansita_700italic,C:\Users\angel\OneDrive\Desktop\Kern\data\processed\features\Sansita_700italic.npz,52,ok,
Sansita_800,C:\Users\angel\OneDrive\Desktop\Kern\data\processed\features\Sansita_800.npz,52,ok,
Sansita_800italic,C:\Users\angel\OneDrive\Desktop\Kern\data\processed\features\Sansita_800italic.npz,52,ok,
Sansita_900,C:\Users\angel\OneDrive\Desktop\Kern\data\processed\features\Sansita_900.npz,52,ok,
Sansita_900italic,C:\Users\angel\OneDrive\Desktop\Kern\data\processed\features\Sansita_900italic.npz,52,ok,
Charm_regular,C:\Users\angel\OneDrive\Desktop\Kern\data\processed\features\Charm_regular.npz,52,ok,
Charm_700,C:\Users\angel\OneDrive\Desktop\Kern\data\processed\features\Charm_700.npz,52,ok,
IBM_Plex_Sans_JP_100,C:\Users\angel\OneDrive\Desktop\Kern\data\processed\features\IBM_Plex_Sans_JP_100.npz,52,ok,
IBM_Plex_Sans_JP_200,C:\Users\angel\OneDrive\Desktop\Kern\data\processed\features\IBM_Plex_Sans_JP_200.npz,52,ok,
IBM_Plex_Sans_JP_300,C:\Users\angel\OneDrive\Desktop\Kern\data\processed\features\IBM_Plex_Sans_JP_300.npz,52,ok,
IBM_Plex_Sans_JP_regular,C:\Users\angel\OneDrive\Desktop\Kern\data\processed\features\IBM_Plex_Sans_JP_regular.npz,52,ok,
IBM_Plex_Sans_JP_500,C:\Users\angel\OneDrive\Desktop\Kern\data\processed\features\IBM_Plex_Sans_JP_500.npz,52,ok,
IBM_Plex_Sans_JP_600,C:\Users\angel\OneDrive\Desktop\Kern\data\processed\features\IBM_Plex_Sans_JP_600.npz,52,ok,
IBM_Plex_Sans_JP_700,C:\Users\angel\OneDrive\Desktop\Kern\data\processed\features\IBM_Plex_Sans_JP_700.npz,52,ok,
Itim_regular,C:\Users\angel\OneDrive\Desktop\Kern\data\processed\features\Itim_regular.npz,52,ok,
Ma_Shan_Zheng_regular,C:\Users\angel\OneDrive\Desktop\Kern\data\processed\features\Ma_Shan_Zheng_regular.npz,52,ok,
Pontano_Sans_300,C:\Users\angel\OneDrive\Desktop\Kern\data\processed\features\Pontano_Sans_300.npz,52,ok,
Pontano_Sans_regular,C:\Users\angel\OneDrive\Desktop\Kern\data\processed\features\Pontano_Sans_regular.npz,52,ok,
Pontano_Sans_500,C:\Users\angel\OneDrive\Desktop\Kern\data\processed\features\Pontano_Sans_500.npz,52,ok,
Pontano_Sans_600,C:\Users\angel\OneDrive\Desktop\Kern\data\processed\features\Pontano_Sans_600.npz,52,ok,
Pontano_Sans_700,C:\Users\angel\OneDrive\Desktop\Kern\data\processed\features\Pontano_Sans_700.npz,52,ok,
Just_Another_Hand_regular,C:\Users\angel\OneDrive\Desktop\Kern\data\processed\features\Just_Another_Hand_regular.npz,52,ok,
Funnel_Display_300,C:\Users\angel\OneDrive\Desktop\Kern\data\processed\features\Funnel_Display_300.npz,52,ok,
Funnel_Display_regular,C:\Users\angel\OneDrive\Desktop\Kern\data\processed\features\Funnel_Display_regular.npz,52,ok,
Funnel_Display_500,C:\Users\angel\OneDrive\Desktop\Kern\data\processed\features\Funnel_Display_500.npz,52,ok,
Funnel_Display_600,C:\Users\angel\OneDrive\Desktop\Kern\data\processed\features\Funnel_Display_600.npz,52,ok,
Funnel_Display_700,C:\Users\angel\OneDrive\Desktop\Kern\data\processed\features\Funnel_Display_700.npz,52,ok,
Funnel_Display_800,C:\Users\angel\OneDrive\Desktop\Kern\data\processed\features\Funnel_Display_800.npz,52,ok,
Boogaloo_regular,C:\Users\angel\OneDrive\Desktop\Kern\data\processed\features\Boogaloo_regular.npz,52,ok,
Stardos_Stencil_regular,C:\Users\angel\OneDrive\Desktop\Kern\data\processed\features\Stardos_Stencil_regular.npz,52,ok,
Stardos_Stencil_700,C:\Users\angel\OneDrive\Desktop\Kern\data\processed\features\Stardos_Stencil_700.npz,52,ok,
Fustat_200,C:\Users\angel\OneDrive\Desktop\Kern\data\processed\features\Fustat_200.npz,52,ok,
Fustat_300,C:\Users\angel\OneDrive\Desktop\Kern\data\processed\features\Fustat_300.npz,52,ok,
Fustat_regular,C:\Users\angel\OneDrive\Desktop\Kern\data\processed\features\Fustat_regular.npz,52,ok,
Fustat_500,C:\Users\angel\OneDrive\Desktop\Kern\data\processed\features\Fustat_500.npz,52,ok,
Fustat_600,C:\Users\angel\OneDrive\Desktop\Kern\data\processed\features\Fustat_600.npz,52,ok,
Fustat_700,C:\Users\angel\OneDrive\Desktop\Kern\data\processed\features\Fustat_700.npz,52,ok,
Fustat_800,C:\Users\angel\OneDrive\Desktop\Kern\data\processed\features\Fustat_800.npz,52,ok,
UnifrakturMaguntia_regular,C:\Users\angel\OneDrive\Desktop\Kern\data\processed\features\UnifrakturMaguntia_regular.npz,52,ok,
Kiwi_Maru_300,C:\Users\angel\OneDrive\Desktop\Kern\data\processed\features\Kiwi_Maru_300.npz,52,ok,
Kiwi_Maru_regular,C:\Users\angel\OneDrive\Desktop\Kern\data\processed\features\Kiwi_Maru_regular.npz,52,ok,
Kiwi_Maru_500,C:\Users\angel\OneDrive\Desktop\Kern\data\processed\features\Kiwi_Maru_500.npz,52,ok,
Rufina_regular,C:\Users\angel\OneDrive\Desktop\Kern\data\processed\features\Rufina_regular.npz,52,ok,
Rufina_700,C:\Users\angel\OneDrive\Desktop\Kern\data\processed\features\Rufina_700.npz,52,ok,
Do_Hyeon_regular,C:\Users\angel\OneDrive\Desktop\Kern\data\processed\features\Do_Hyeon_regular.npz,52,ok,
Protest_Revolution_regular,C:\Users\angel\OneDrive\Desktop\Kern\data\processed\features\Protest_Revolution_regular.npz,52,ok,
Kreon_300,C:\Users\angel\OneDrive\Desktop\Kern\data\processed\features\Kreon_300.npz,52,ok,
Kreon_regular,C:\Users\angel\OneDrive\Desktop\Kern\data\processed\features\Kreon_regular.npz,52,ok,
Kreon_500,C:\Users\angel\OneDrive\Desktop\Kern\data\processed\features\Kreon_500.npz,52,ok,
Kreon_600,C:\Users\angel\OneDrive\Desktop\Kern\data\processed\features\Kreon_600.npz,52,ok,
Kreon_700,C:\Users\angel\OneDrive\Desktop\Kern\data\processed\features\Kreon_700.npz,52,ok,
Marcellus_SC_regular,C:\Users\angel\OneDrive\Desktop\Kern\data\processed\features\Marcellus_SC_regular.npz,52,ok,
Basic_regular,C:\Users\angel\OneDrive\Desktop\Kern\data\processed\features\Basic_regular.npz,52,ok,
BenchNine_300,C:\Users\angel\OneDrive\Desktop\Kern\data\processed\features\BenchNine_300.npz,52,ok,
BenchNine_regular,C:\Users\angel\OneDrive\Desktop\Kern\data\processed\features\BenchNine_regular.npz,52,ok,
BenchNine_700,C:\Users\angel\OneDrive\Desktop\Kern\data\processed\features\BenchNine_700.npz,52,ok,
Proza_Libre_regular,C:\Users\angel\OneDrive\Desktop\Kern\data\processed\features\Proza_Libre_regular.npz,52,ok,
Proza_Libre_italic,C:\Users\angel\OneDrive\Desktop\Kern\data\processed\features\Proza_Libre_italic.npz,52,ok,
Proza_Libre_500,C:\Users\angel\OneDrive\Desktop\Kern\data\processed\features\Proza_Libre_500.npz,52,ok,
Proza_Libre_500italic,C:\Users\angel\OneDrive\Desktop\Kern\data\processed\features\Proza_Libre_500italic.npz,52,ok,
Proza_Libre_600,C:\Users\angel\OneDrive\Desktop\Kern\data\processed\features\Proza_Libre_600.npz,52,ok,
Proza_Libre_600italic,C:\Users\angel\OneDrive\Desktop\Kern\data\processed\features\Proza_Libre_600italic.npz,52,ok,
Proza_Libre_700,C:\Users\angel\OneDrive\Desktop\Kern\data\processed\features\Proza_Libre_700.npz,52,ok,
Proza_Libre_700italic,C:\Users\angel\OneDrive\Desktop\Kern\data\processed\features\Proza_Libre_700italic.npz,52,ok,
Proza_Libre_800,C:\Users\angel\OneDrive\Desktop\Kern\data\processed\features\Proza_Libre_800.npz,52,ok,
Proza_Libre_800italic,C:\Users\angel\OneDrive\Desktop\Kern\data\processed\features\Proza_Libre_800italic.npz,52,ok,
Anuphan_100,C:\Users\angel\OneDrive\Desktop\Kern\data\processed\features\Anuphan_100.npz,52,ok,
Anuphan_200,C:\Users\angel\OneDrive\Desktop\Kern\data\processed\features\Anuphan_200.npz,52,ok,
Anuphan_300,C:\Users\angel\OneDrive\Desktop\Kern\data\processed\features\Anuphan_300.npz,52,ok,
Anuphan_regular,C:\Users\angel\OneDrive\Desktop\Kern\data\processed\features\Anuphan_regular.npz,52,ok,
Anuphan_500,C:\Users\angel\OneDrive\Desktop\Kern\data\processed\features\Anuphan_500.npz,52,ok,
Anuphan_600,C:\Users\angel\OneDrive\Desktop\Kern\data\processed\features\Anuphan_600.npz,52,ok,
Anuphan_700,C:\Users\angel\OneDrive\Desktop\Kern\data\processed\features\Anuphan_700.npz,52,ok,
Yuji_Mai_regular,C:\Users\angel\OneDrive\Desktop\Kern\data\processed\features\Yuji_Mai_regular.npz,52,ok,
Skranji_regular,C:\Users\angel\OneDrive\Desktop\Kern\data\processed\features\Skranji_regular.npz,52,ok,
Skranji_700,C:\Users\angel\OneDrive\Desktop\Kern\data\processed\features\Skranji_700.npz,52,ok,
Herr_Von_Muellerhoff_regular,C:\Users\angel\OneDrive\Desktop\Kern\data\processed\features\Herr_Von_Muellerhoff_regular.npz,52,ok,
Glegoo_regular,C:\Users\angel\OneDrive\Desktop\Kern\data\processed\features\Glegoo_regular.npz,52,ok,
Glegoo_700,C:\Users\angel\OneDrive\Desktop\Kern\data\processed\features\Glegoo_700.npz,52,ok,
Charis_SIL_regular,C:\Users\angel\OneDrive\Desktop\Kern\data\processed\features\Charis_SIL_regular.npz,52,ok,
Charis_SIL_italic,C:\Users\angel\OneDrive\Desktop\Kern\data\processed\features\Charis_SIL_italic.npz,52,ok,
Charis_SIL_700,C:\Users\angel\OneDrive\Desktop\Kern\data\processed\features\Charis_SIL_700.npz,52,ok,
Charis_SIL_700italic,C:\Users\angel\OneDrive\Desktop\Kern\data\processed\features\Charis_SIL_700italic.npz,52,ok,
Fahkwang_200,C:\Users\angel\OneDrive\Desktop\Kern\data\processed\features\Fahkwang_200.npz,52,ok,
Fahkwang_200italic,C:\Users\angel\OneDrive\Desktop\Kern\data\processed\features\Fahkwang_200italic.npz,52,ok,
Fahkwang_300,C:\Users\angel\OneDrive\Desktop\Kern\data\processed\features\Fahkwang_300.npz,52,ok,
Fahkwang_300italic,C:\Users\angel\OneDrive\Desktop\Kern\data\processed\features\Fahkwang_300italic.npz,52,ok,
Fahkwang_regular,C:\Users\angel\OneDrive\Desktop\Kern\data\processed\features\Fahkwang_regular.npz,52,ok,
Fahkwang_italic,C:\Users\angel\OneDrive\Desktop\Kern\data\processed\features\Fahkwang_italic.npz,52,ok,
Fahkwang_500,C:\Users\angel\OneDrive\Desktop\Kern\data\processed\features\Fahkwang_500.npz,52,ok,
Fahkwang_500italic,C:\Users\angel\OneDrive\Desktop\Kern\data\processed\features\Fahkwang_500italic.npz,52,ok,
Fahkwang_600,C:\Users\angel\OneDrive\Desktop\Kern\data\processed\features\Fahkwang_600.npz,52,ok,
Fahkwang_600italic,C:\Users\angel\OneDrive\Desktop\Kern\data\processed\features\Fahkwang_600italic.npz,52,ok,
Fahkwang_700,C:\Users\angel\OneDrive\Desktop\Kern\data\processed\features\Fahkwang_700.npz,52,ok,
Fahkwang_700italic,C:\Users\angel\OneDrive\Desktop\Kern\data\processed\features\Fahkwang_700italic.npz,52,ok,
Tektur_regular,C:\Users\angel\OneDrive\Desktop\Kern\data\processed\features\Tektur_regular.npz,52,ok,
Tektur_500,C:\Users\angel\OneDrive\Desktop\Kern\data\processed\features\Tektur_500.npz,52,ok,
Tektur_600,C:\Users\angel\OneDrive\Desktop\Kern\data\processed\features\Tektur_600.npz,52,ok,
Tektur_700,C:\Users\angel\OneDrive\Desktop\Kern\data\processed\features\Tektur_700.npz,52,ok,
Tektur_800,C:\Users\angel\OneDrive\Desktop\Kern\data\processed\features\Tektur_800.npz,52,ok,
Tektur_900,C:\Users\angel\OneDrive\Desktop\Kern\data\processed\features\Tektur_900.npz,52,ok,
Poller_One_regular,C:\Users\angel\OneDrive\Desktop\Kern\data\processed\features\Poller_One_regular.npz,52,ok,
Fredericka_the_Great_regular,C:\Users\angel\OneDrive\Desktop\Kern\data\processed\features\Fredericka_the_Great_regular.npz,52,ok,
Castoro_regular,C:\Users\angel\OneDrive\Desktop\Kern\data\processed\features\Castoro_regular.npz,52,ok,
Castoro_italic,C:\Users\angel\OneDrive\Desktop\Kern\data\processed\features\Castoro_italic.npz,52,ok,
Days_One_regular,C:\Users\angel\OneDrive\Desktop\Kern\data\processed\features\Days_One_regular.npz,52,ok,
Electrolize_regular,C:\Users\angel\OneDrive\Desktop\Kern\data\processed\features\Electrolize_regular.npz,52,ok,
Big_Shoulders_100,C:\Users\angel\OneDrive\Desktop\Kern\data\processed\features\Big_Shoulders_100.npz,52,ok,
Big_Shoulders_200,C:\Users\angel\OneDrive\Desktop\Kern\data\processed\features\Big_Shoulders_200.npz,52,ok,
Big_Shoulders_300,C:\Users\angel\OneDrive\Desktop\Kern\data\processed\features\Big_Shoulders_300.npz,52,ok,
Big_Shoulders_regular,C:\Users\angel\OneDrive\Desktop\Kern\data\processed\features\Big_Shoulders_regular.npz,52,ok,
Big_Shoulders_500,C:\Users\angel\OneDrive\Desktop\Kern\data\processed\features\Big_Shoulders_500.npz,52,ok,
Big_Shoulders_600,C:\Users\angel\OneDrive\Desktop\Kern\data\processed\features\Big_Shoulders_600.npz,52,ok,
Big_Shoulders_700,C:\Users\angel\OneDrive\Desktop\Kern\data\processed\features\Big_Shoulders_700.npz,52,ok,
Big_Shoulders_800,C:\Users\angel\OneDrive\Desktop\Kern\data\processed\features\Big_Shoulders_800.npz,52,ok,
Big_Shoulders_900,C:\Users\angel\OneDrive\Desktop\Kern\data\processed\features\Big_Shoulders_900.npz,52,ok,
Bona_Nova_SC_regular,C:\Users\angel\OneDrive\Desktop\Kern\data\processed\features\Bona_Nova_SC_regular.npz,52,ok,
Bona_Nova_SC_italic,C:\Users\angel\OneDrive\Desktop\Kern\data\processed\features\Bona_Nova_SC_italic.npz,52,ok,
Bona_Nova_SC_700,C:\Users\angel\OneDrive\Desktop\Kern\data\processed\features\Bona_Nova_SC_700.npz,52,ok,
Coda_regular,C:\Users\angel\OneDrive\Desktop\Kern\data\processed\features\Coda_regular.npz,52,ok,
Coda_800,C:\Users\angel\OneDrive\Desktop\Kern\data\processed\features\Coda_800.npz,52,ok,
Radley_regular,C:\Users\angel\OneDrive\Desktop\Kern\data\processed\features\Radley_regular.npz,52,ok,
Radley_italic,C:\Users\angel\OneDrive\Desktop\Kern\data\processed\features\Radley_italic.npz,52,ok,
Athiti_200,C:\Users\angel\OneDrive\Desktop\Kern\data\processed\features\Athiti_200.npz,52,ok,
Athiti_300,C:\Users\angel\OneDrive\Desktop\Kern\data\processed\features\Athiti_300.npz,52,ok,
Athiti_regular,C:\Users\angel\OneDrive\Desktop\Kern\data\processed\features\Athiti_regular.npz,52,ok,
Athiti_500,C:\Users\angel\OneDrive\Desktop\Kern\data\processed\features\Athiti_500.npz,52,ok,
Athiti_600,C:\Users\angel\OneDrive\Desktop\Kern\data\processed\features\Athiti_600.npz,52,ok,
Athiti_700,C:\Users\angel\OneDrive\Desktop\Kern\data\processed\features\Athiti_700.npz,52,ok,
Noto_Sans_Myanmar_100,C:\Users\angel\OneDrive\Desktop\Kern\data\processed\features\Noto_Sans_Myanmar_100.npz,52,ok,
Noto_Sans_Myanmar_200,C:\Users\angel\OneDrive\Desktop\Kern\data\processed\features\Noto_Sans_Myanmar_200.npz,52,ok,
Noto_Sans_Myanmar_300,C:\Users\angel\OneDrive\Desktop\Kern\data\processed\features\Noto_Sans_Myanmar_300.npz,52,ok,
Noto_Sans_Myanmar_regular,C:\Users\angel\OneDrive\Desktop\Kern\data\processed\features\Noto_Sans_Myanmar_regular.npz,52,ok,
Noto_Sans_Myanmar_500,C:\Users\angel\OneDrive\Desktop\Kern\data\processed\features\Noto_Sans_Myanmar_500.npz,52,ok,
Noto_Sans_Myanmar_600,C:\Users\angel\OneDrive\Desktop\Kern\data\processed\features\Noto_Sans_Myanmar_600.npz,52,ok,
Noto_Sans_Myanmar_700,C:\Users\angel\OneDrive\Desktop\Kern\data\processed\features\Noto_Sans_Myanmar_700.npz,52,ok,
Noto_Sans_Myanmar_800,C:\Users\angel\OneDrive\Desktop\Kern\data\processed\features\Noto_Sans_Myanmar_800.npz,52,ok,
Noto_Sans_Myanmar_900,C:\Users\angel\OneDrive\Desktop\Kern\data\processed\features\Noto_Sans_Myanmar_900.npz,52,ok,
Neucha_regular,C:\Users\angel\OneDrive\Desktop\Kern\data\processed\features\Neucha_regular.npz,52,ok,
Grandstander_100,C:\Users\angel\OneDrive\Desktop\Kern\data\processed\features\Grandstander_100.npz,52,ok,
Grandstander_200,C:\Users\angel\OneDrive\Desktop\Kern\data\processed\features\Grandstander_200.npz,52,ok,
Grandstander_300,C:\Users\angel\OneDrive\Desktop\Kern\data\processed\features\Grandstander_300.npz,52,ok,
Grandstander_regular,C:\Users\angel\OneDrive\Desktop\Kern\data\processed\features\Grandstander_regular.npz,52,ok,
Grandstander_500,C:\Users\angel\OneDrive\Desktop\Kern\data\processed\features\Grandstander_500.npz,52,ok,
Grandstander_600,C:\Users\angel\OneDrive\Desktop\Kern\data\processed\features\Grandstander_600.npz,52,ok,
Grandstander_700,C:\Users\angel\OneDrive\Desktop\Kern\data\processed\features\Grandstander_700.npz,52,ok,
Grandstander_800,C:\Users\angel\OneDrive\Desktop\Kern\data\processed\features\Grandstander_800.npz,52,ok,
Grandstander_900,C:\Users\angel\OneDrive\Desktop\Kern\data\processed\features\Grandstander_900.npz,52,ok,
Grandstander_100italic,C:\Users\angel\OneDrive\Desktop\Kern\data\processed\features\Grandstander_100italic.npz,52,ok,
Grandstander_200italic,C:\Users\angel\OneDrive\Desktop\Kern\data\processed\features\Grandstander_200italic.npz,52,ok,
Grandstander_300italic,C:\Users\angel\OneDrive\Desktop\Kern\data\processed\features\Grandstander_300italic.npz,52,ok,
Grandstander_italic,C:\Users\angel\OneDrive\Desktop\Kern\data\processed\features\Grandstander_italic.npz,52,ok,
Grandstander_500italic,C:\Users\angel\OneDrive\Desktop\Kern\data\processed\features\Grandstander_500italic.npz,52,ok,
Grandstander_600italic,C:\Users\angel\OneDrive\Desktop\Kern\data\processed\features\Grandstander_600italic.npz,52,ok,
Grandstander_700italic,C:\Users\angel\OneDrive\Desktop\Kern\data\processed\features\Grandstander_700italic.npz,52,ok,
Grandstander_800italic,C:\Users\angel\OneDrive\Desktop\Kern\data\processed\features\Grandstander_800italic.npz,52,ok,
Grandstander_900italic,C:\Users\angel\OneDrive\Desktop\Kern\data\processed\features\Grandstander_900italic.npz,52,ok,
Shadows_Into_Light_Two_regular,C:\Users\angel\OneDrive\Desktop\Kern\data\processed\features\Shadows_Into_Light_Two_regular.npz,52,ok,
Parkinsans_300,C:\Users\angel\OneDrive\Desktop\Kern\data\processed\features\Parkinsans_300.npz,52,ok,
Parkinsans_regular,C:\Users\angel\OneDrive\Desktop\Kern\data\processed\features\Parkinsans_regular.npz,52,ok,
Parkinsans_500,C:\Users\angel\OneDrive\Desktop\Kern\data\processed\features\Parkinsans_500.npz,52,ok,
Parkinsans_600,C:\Users\angel\OneDrive\Desktop\Kern\data\processed\features\Parkinsans_600.npz,52,ok,
Parkinsans_700,C:\Users\angel\OneDrive\Desktop\Kern\data\processed\features\Parkinsans_700.npz,52,ok,
Parkinsans_800,C:\Users\angel\OneDrive\Desktop\Kern\data\processed\features\Parkinsans_800.npz,52,ok,
Cabin_Sketch_regular,C:\Users\angel\OneDrive\Desktop\Kern\data\processed\features\Cabin_Sketch_regular.npz,52,ok,
Cabin_Sketch_700,C:\Users\angel\OneDrive\Desktop\Kern\data\processed\features\Cabin_Sketch_700.npz,52,ok,
Tomorrow_100,C:\Users\angel\OneDrive\Desktop\Kern\data\processed\features\Tomorrow_100.npz,52,ok,
Tomorrow_100italic,C:\Users\angel\OneDrive\Desktop\Kern\data\processed\features\Tomorrow_100italic.npz,52,ok,
Tomorrow_200,C:\Users\angel\OneDrive\Desktop\Kern\data\processed\features\Tomorrow_200.npz,52,ok,
Tomorrow_200italic,C:\Users\angel\OneDrive\Desktop\Kern\data\processed\features\Tomorrow_200italic.npz,52,ok,
Tomorrow_300,C:\Users\angel\OneDrive\Desktop\Kern\data\processed\features\Tomorrow_300.npz,52,ok,
Tomorrow_300italic,C:\Users\angel\OneDrive\Desktop\Kern\data\processed\features\Tomorrow_300italic.npz,52,ok,
Tomorrow_regular,C:\Users\angel\OneDrive\Desktop\Kern\data\processed\features\Tomorrow_regular.npz,52,ok,
Tomorrow_italic,C:\Users\angel\OneDrive\Desktop\Kern\data\processed\features\Tomorrow_italic.npz,52,ok,
Tomorrow_500,C:\Users\angel\OneDrive\Desktop\Kern\data\processed\features\Tomorrow_500.npz,52,ok,
Tomorrow_500italic,C:\Users\angel\OneDrive\Desktop\Kern\data\processed\features\Tomorrow_500italic.npz,52,ok,
Tomorrow_600,C:\Users\angel\OneDrive\Desktop\Kern\data\processed\features\Tomorrow_600.npz,52,ok,
Tomorrow_600italic,C:\Users\angel\OneDrive\Desktop\Kern\data\processed\features\Tomorrow_600italic.npz,52,ok,
Tomorrow_700,C:\Users\angel\OneDrive\Desktop\Kern\data\processed\features\Tomorrow_700.npz,52,ok,
Tomorrow_700italic,C:\Users\angel\OneDrive\Desktop\Kern\data\processed\features\Tomorrow_700italic.npz,52,ok,
Tomorrow_800,C:\Users\angel\OneDrive\Desktop\Kern\data\processed\features\Tomorrow_800.npz,52,ok,
Tomorrow_800italic,C:\Users\angel\OneDrive\Desktop\Kern\data\processed\features\Tomorrow_800italic.npz,52,ok,
Tomorrow_900,C:\Users\angel\OneDrive\Desktop\Kern\data\processed\features\Tomorrow_900.npz,52,ok,
Tomorrow_900italic,C:\Users\angel\OneDrive\Desktop\Kern\data\processed\features\Tomorrow_900italic.npz,52,ok,
BIZ_UDGothic_regular,C:\Users\angel\OneDrive\Desktop\Kern\data\processed\features\BIZ_UDGothic_regular.npz,52,ok,
BIZ_UDGothic_700,C:\Users\angel\OneDrive\Desktop\Kern\data\processed\features\BIZ_UDGothic_700.npz,52,ok,
Inria_Serif_300,C:\Users\angel\OneDrive\Desktop\Kern\data\processed\features\Inria_Serif_300.npz,52,ok,
Inria_Serif_300italic,C:\Users\angel\OneDrive\Desktop\Kern\data\processed\features\Inria_Serif_300italic.npz,52,ok,
Inria_Serif_regular,C:\Users\angel\OneDrive\Desktop\Kern\data\processed\features\Inria_Serif_regular.npz,52,ok,
Inria_Serif_italic,C:\Users\angel\OneDrive\Desktop\Kern\data\processed\features\Inria_Serif_italic.npz,52,ok,
Inria_Serif_700,C:\Users\angel\OneDrive\Desktop\Kern\data\processed\features\Inria_Serif_700.npz,52,ok,
Inria_Serif_700italic,C:\Users\angel\OneDrive\Desktop\Kern\data\processed\features\Inria_Serif_700italic.npz,52,ok,
Grenze_Gotisch_100,C:\Users\angel\OneDrive\Desktop\Kern\data\processed\features\Grenze_Gotisch_100.npz,52,ok,
Grenze_Gotisch_200,C:\Users\angel\OneDrive\Desktop\Kern\data\processed\features\Grenze_Gotisch_200.npz,52,ok,
Grenze_Gotisch_300,C:\Users\angel\OneDrive\Desktop\Kern\data\processed\features\Grenze_Gotisch_300.npz,52,ok,
Grenze_Gotisch_regular,C:\Users\angel\OneDrive\Desktop\Kern\data\processed\features\Grenze_Gotisch_regular.npz,52,ok,
Grenze_Gotisch_500,C:\Users\angel\OneDrive\Desktop\Kern\data\processed\features\Grenze_Gotisch_500.npz,52,ok,
Grenze_Gotisch_600,C:\Users\angel\OneDrive\Desktop\Kern\data\processed\features\Grenze_Gotisch_600.npz,52,ok,
Grenze_Gotisch_700,C:\Users\angel\OneDrive\Desktop\Kern\data\processed\features\Grenze_Gotisch_700.npz,52,ok,
Grenze_Gotisch_800,C:\Users\angel\OneDrive\Desktop\Kern\data\processed\features\Grenze_Gotisch_800.npz,52,ok,
Grenze_Gotisch_900,C:\Users\angel\OneDrive\Desktop\Kern\data\processed\features\Grenze_Gotisch_900.npz,52,ok,
Yrsa_300,C:\Users\angel\OneDrive\Desktop\Kern\data\processed\features\Yrsa_300.npz,52,ok,
Yrsa_regular,C:\Users\angel\OneDrive\Desktop\Kern\data\processed\features\Yrsa_regular.npz,52,ok,
Yrsa_500,C:\Users\angel\OneDrive\Desktop\Kern\data\processed\features\Yrsa_500.npz,52,ok,
Yrsa_600,C:\Users\angel\OneDrive\Desktop\Kern\data\processed\features\Yrsa_600.npz,52,ok,
Yrsa_700,C:\Users\angel\OneDrive\Desktop\Kern\data\processed\features\Yrsa_700.npz,52,ok,
Yrsa_300italic,C:\Users\angel\OneDrive\Desktop\Kern\data\processed\features\Yrsa_300italic.npz,52,ok,
Yrsa_italic,C:\Users\angel\OneDrive\Desktop\Kern\data\processed\features\Yrsa_italic.npz,52,ok,
Yrsa_500italic,C:\Users\angel\OneDrive\Desktop\Kern\data\processed\features\Yrsa_500italic.npz,52,ok,
Yrsa_600italic,C:\Users\angel\OneDrive\Desktop\Kern\data\processed\features\Yrsa_600italic.npz,52,ok,
Yrsa_700italic,C:\Users\angel\OneDrive\Desktop\Kern\data\processed\features\Yrsa_700italic.npz,52,ok,
Lemonada_300,C:\Users\angel\OneDrive\Desktop\Kern\data\processed\features\Lemonada_300.npz,52,ok,
Lemonada_regular,C:\Users\angel\OneDrive\Desktop\Kern\data\processed\features\Lemonada_regular.npz,52,ok,
Lemonada_500,C:\Users\angel\OneDrive\Desktop\Kern\data\processed\features\Lemonada_500.npz,52,ok,
Lemonada_600,C:\Users\angel\OneDrive\Desktop\Kern\data\processed\features\Lemonada_600.npz,52,ok,
Lemonada_700,C:\Users\angel\OneDrive\Desktop\Kern\data\processed\features\Lemonada_700.npz,52,ok,
K2D_100,C:\Users\angel\OneDrive\Desktop\Kern\data\processed\features\K2D_100.npz,52,ok,
K2D_100italic,C:\Users\angel\OneDrive\Desktop\Kern\data\processed\features\K2D_100italic.npz,52,ok,
K2D_200,C:\Users\angel\OneDrive\Desktop\Kern\data\processed\features\K2D_200.npz,52,ok,
K2D_200italic,C:\Users\angel\OneDrive\Desktop\Kern\data\processed\features\K2D_200italic.npz,52,ok,
K2D_300,C:\Users\angel\OneDrive\Desktop\Kern\data\processed\features\K2D_300.npz,52,ok,
K2D_300italic,C:\Users\angel\OneDrive\Desktop\Kern\data\processed\features\K2D_300italic.npz,52,ok,
K2D_regular,C:\Users\angel\OneDrive\Desktop\Kern\data\processed\features\K2D_regular.npz,52,ok,
K2D_italic,C:\Users\angel\OneDrive\Desktop\Kern\data\processed\features\K2D_italic.npz,52,ok,
K2D_500,C:\Users\angel\OneDrive\Desktop\Kern\data\processed\features\K2D_500.npz,52,ok,
K2D_500italic,C:\Users\angel\OneDrive\Desktop\Kern\data\processed\features\K2D_500italic.npz,52,ok,
K2D_600,C:\Users\angel\OneDrive\Desktop\Kern\data\processed\features\K2D_600.npz,52,ok,
K2D_600italic,C:\Users\angel\OneDrive\Desktop\Kern\data\processed\features\K2D_600italic.npz,52,ok,
K2D_700,C:\Users\angel\OneDrive\Desktop\Kern\data\processed\features\K2D_700.npz,52,ok,
K2D_700italic,C:\Users\angel\OneDrive\Desktop\Kern\data\processed\features\K2D_700italic.npz,52,ok,
K2D_800,C:\Users\angel\OneDrive\Desktop\Kern\data\processed\features\K2D_800.npz,52,ok,
K2D_800italic,C:\Users\angel\OneDrive\Desktop\Kern\data\processed\features\K2D_800italic.npz,52,ok,
Norican_regular,C:\Users\angel\OneDrive\Desktop\Kern\data\processed\features\Norican_regular.npz,52,ok,
Judson_regular,C:\Users\angel\OneDrive\Desktop\Kern\data\processed\features\Judson_regular.npz,52,ok,
Judson_italic,C:\Users\angel\OneDrive\Desktop\Kern\data\processed\features\Judson_italic.npz,52,ok,
Judson_700,C:\Users\angel\OneDrive\Desktop\Kern\data\processed\features\Judson_700.npz,52,ok,
Podkova_regular,C:\Users\angel\OneDrive\Desktop\Kern\data\processed\features\Podkova_regular.npz,52,ok,
Podkova_500,C:\Users\angel\OneDrive\Desktop\Kern\data\processed\features\Podkova_500.npz,52,ok,
Podkova_600,C:\Users\angel\OneDrive\Desktop\Kern\data\processed\features\Podkova_600.npz,52,ok,
Podkova_700,C:\Users\angel\OneDrive\Desktop\Kern\data\processed\features\Podkova_700.npz,52,ok,
Podkova_800,C:\Users\angel\OneDrive\Desktop\Kern\data\processed\features\Podkova_800.npz,52,ok,
Barriecito_regular,C:\Users\angel\OneDrive\Desktop\Kern\data\processed\features\Barriecito_regular.npz,52,ok,
Sintony_regular,C:\Users\angel\OneDrive\Desktop\Kern\data\processed\features\Sintony_regular.npz,52,ok,
Sintony_700,C:\Users\angel\OneDrive\Desktop\Kern\data\processed\features\Sintony_700.npz,52,ok,
Aclonica_regular,C:\Users\angel\OneDrive\Desktop\Kern\data\processed\features\Aclonica_regular.npz,52,ok,
Rozha_One_regular,C:\Users\angel\OneDrive\Desktop\Kern\data\processed\features\Rozha_One_regular.npz,52,ok,
Oooh_Baby_regular,C:\Users\angel\OneDrive\Desktop\Kern\data\processed\features\Oooh_Baby_regular.npz,52,ok,
Rye_regular,C:\Users\angel\OneDrive\Desktop\Kern\data\processed\features\Rye_regular.npz,52,ok,
Geo_regular,C:\Users\angel\OneDrive\Desktop\Kern\data\processed\features\Geo_regular.npz,52,ok,
Geo_italic,C:\Users\angel\OneDrive\Desktop\Kern\data\processed\features\Geo_italic.npz,52,ok,
AR_One_Sans_regular,C:\Users\angel\OneDrive\Desktop\Kern\data\processed\features\AR_One_Sans_regular.npz,52,ok,
AR_One_Sans_500,C:\Users\angel\OneDrive\Desktop\Kern\data\processed\features\AR_One_Sans_500.npz,52,ok,
AR_One_Sans_600,C:\Users\angel\OneDrive\Desktop\Kern\data\processed\features\AR_One_Sans_600.npz,52,ok,
AR_One_Sans_700,C:\Users\angel\OneDrive\Desktop\Kern\data\processed\features\AR_One_Sans_700.npz,52,ok,
Baloo_Da_2_regular,C:\Users\angel\OneDrive\Desktop\Kern\data\processed\features\Baloo_Da_2_regular.npz,52,ok,
Baloo_Da_2_500,C:\Users\angel\OneDrive\Desktop\Kern\data\processed\features\Baloo_Da_2_500.npz,52,ok,
Baloo_Da_2_600,C:\Users\angel\OneDrive\Desktop\Kern\data\processed\features\Baloo_Da_2_600.npz,52,ok,
Baloo_Da_2_700,C:\Users\angel\OneDrive\Desktop\Kern\data\processed\features\Baloo_Da_2_700.npz,52,ok,
Baloo_Da_2_800,C:\Users\angel\OneDrive\Desktop\Kern\data\processed\features\Baloo_Da_2_800.npz,52,ok,
Faster_One_regular,C:\Users\angel\OneDrive\Desktop\Kern\data\processed\features\Faster_One_regular.npz,52,ok,
PT_Serif_Caption_regular,C:\Users\angel\OneDrive\Desktop\Kern\data\processed\features\PT_Serif_Caption_regular.npz,52,ok,
PT_Serif_Caption_italic,C:\Users\angel\OneDrive\Desktop\Kern\data\processed\features\PT_Serif_Caption_italic.npz,52,ok,
Gantari_100,C:\Users\angel\OneDrive\Desktop\Kern\data\processed\features\Gantari_100.npz,52,ok,
Gantari_200,C:\Users\angel\OneDrive\Desktop\Kern\data\processed\features\Gantari_200.npz,52,ok,
Gantari_300,C:\Users\angel\OneDrive\Desktop\Kern\data\processed\features\Gantari_300.npz,52,ok,
Gantari_regular,C:\Users\angel\OneDrive\Desktop\Kern\data\processed\features\Gantari_regular.npz,52,ok,
Gantari_500,C:\Users\angel\OneDrive\Desktop\Kern\data\processed\features\Gantari_500.npz,52,ok,
Gantari_600,C:\Users\angel\OneDrive\Desktop\Kern\data\processed\features\Gantari_600.npz,52,ok,
Gantari_700,C:\Users\angel\OneDrive\Desktop\Kern\data\processed\features\Gantari_700.npz,52,ok,
Gantari_800,C:\Users\angel\OneDrive\Desktop\Kern\data\processed\features\Gantari_800.npz,52,ok,
Gantari_900,C:\Users\angel\OneDrive\Desktop\Kern\data\processed\features\Gantari_900.npz,52,ok,
Gantari_100italic,C:\Users\angel\OneDrive\Desktop\Kern\data\processed\features\Gantari_100italic.npz,52,ok,
Gantari_200italic,C:\Users\angel\OneDrive\Desktop\Kern\data\processed\features\Gantari_200italic.npz,52,ok,
Gantari_300italic,C:\Users\angel\OneDrive\Desktop\Kern\data\processed\features\Gantari_300italic.npz,52,ok,
Gantari_italic,C:\Users\angel\OneDrive\Desktop\Kern\data\processed\features\Gantari_italic.npz,52,ok,
Gantari_500italic,C:\Users\angel\OneDrive\Desktop\Kern\data\processed\features\Gantari_500italic.npz,52,ok,
Gantari_600italic,C:\Users\angel\OneDrive\Desktop\Kern\data\processed\features\Gantari_600italic.npz,52,ok,
Gantari_700italic,C:\Users\angel\OneDrive\Desktop\Kern\data\processed\features\Gantari_700italic.npz,52,ok,
Gantari_800italic,C:\Users\angel\OneDrive\Desktop\Kern\data\processed\features\Gantari_800italic.npz,52,ok,
Gantari_900italic,C:\Users\angel\OneDrive\Desktop\Kern\data\processed\features\Gantari_900italic.npz,52,ok,
Metrophobic_regular,C:\Users\angel\OneDrive\Desktop\Kern\data\processed\features\Metrophobic_regular.npz,52,ok,
Yatra_One_regular,C:\Users\angel\OneDrive\Desktop\Kern\data\processed\features\Yatra_One_regular.npz,52,ok,
Averia_Libre_300,C:\Users\angel\OneDrive\Desktop\Kern\data\processed\features\Averia_Libre_300.npz,52,ok,
Averia_Libre_300italic,C:\Users\angel\OneDrive\Desktop\Kern\data\processed\features\Averia_Libre_300italic.npz,52,ok,
Averia_Libre_regular,C:\Users\angel\OneDrive\Desktop\Kern\data\processed\features\Averia_Libre_regular.npz,52,ok,
Averia_Libre_italic,C:\Users\angel\OneDrive\Desktop\Kern\data\processed\features\Averia_Libre_italic.npz,52,ok,
Averia_Libre_700,C:\Users\angel\OneDrive\Desktop\Kern\data\processed\features\Averia_Libre_700.npz,52,ok,
Averia_Libre_700italic,C:\Users\angel\OneDrive\Desktop\Kern\data\processed\features\Averia_Libre_700italic.npz,52,ok,
Caudex_regular,C:\Users\angel\OneDrive\Desktop\Kern\data\processed\features\Caudex_regular.npz,52,ok,
Caudex_italic,C:\Users\angel\OneDrive\Desktop\Kern\data\processed\features\Caudex_italic.npz,52,ok,
Caudex_700,C:\Users\angel\OneDrive\Desktop\Kern\data\processed\features\Caudex_700.npz,52,ok,
Caudex_700italic,C:\Users\angel\OneDrive\Desktop\Kern\data\processed\features\Caudex_700italic.npz,52,ok,
Candal_regular,C:\Users\angel\OneDrive\Desktop\Kern\data\processed\features\Candal_regular.npz,52,ok,
Lexend_Exa_100,C:\Users\angel\OneDrive\Desktop\Kern\data\processed\features\Lexend_Exa_100.npz,52,ok,
Lexend_Exa_200,C:\Users\angel\OneDrive\Desktop\Kern\data\processed\features\Lexend_Exa_200.npz,52,ok,
Lexend_Exa_300,C:\Users\angel\OneDrive\Desktop\Kern\data\processed\features\Lexend_Exa_300.npz,52,ok,
Lexend_Exa_regular,C:\Users\angel\OneDrive\Desktop\Kern\data\processed\features\Lexend_Exa_regular.npz,52,ok,
Lexend_Exa_500,C:\Users\angel\OneDrive\Desktop\Kern\data\processed\features\Lexend_Exa_500.npz,52,ok,
Lexend_Exa_600,C:\Users\angel\OneDrive\Desktop\Kern\data\processed\features\Lexend_Exa_600.npz,52,ok,
Lexend_Exa_700,C:\Users\angel\OneDrive\Desktop\Kern\data\processed\features\Lexend_Exa_700.npz,52,ok,
Lexend_Exa_800,C:\Users\angel\OneDrive\Desktop\Kern\data\processed\features\Lexend_Exa_800.npz,52,ok,
Lexend_Exa_900,C:\Users\angel\OneDrive\Desktop\Kern\data\processed\features\Lexend_Exa_900.npz,52,ok,
Cormorant_Upright_300,C:\Users\angel\OneDrive\Desktop\Kern\data\processed\features\Cormorant_Upright_300.npz,52,ok,
Cormorant_Upright_regular,C:\Users\angel\OneDrive\Desktop\Kern\data\processed\features\Cormorant_Upright_regular.npz,52,ok,
Cormorant_Upright_500,C:\Users\angel\OneDrive\Desktop\Kern\data\processed\features\Cormorant_Upright_500.npz,52,ok,
Cormorant_Upright_600,C:\Users\angel\OneDrive\Desktop\Kern\data\processed\features\Cormorant_Upright_600.npz,52,ok,
Cormorant_Upright_700,C:\Users\angel\OneDrive\Desktop\Kern\data\processed\features\Cormorant_Upright_700.npz,52,ok,
Gowun_Batang_regular,C:\Users\angel\OneDrive\Desktop\Kern\data\processed\features\Gowun_Batang_regular.npz,52,ok,
Gowun_Batang_700,C:\Users\angel\OneDrive\Desktop\Kern\data\processed\features\Gowun_Batang_700.npz,52,ok,
Corben_regular,C:\Users\angel\OneDrive\Desktop\Kern\data\processed\features\Corben_regular.npz,52,ok,
Corben_700,C:\Users\angel\OneDrive\Desktop\Kern\data\processed\features\Corben_700.npz,52,ok,
Sofia_Sans_Semi_Condensed_100,C:\Users\angel\OneDrive\Desktop\Kern\data\processed\features\Sofia_Sans_Semi_Condensed_100.npz,52,ok,
Sofia_Sans_Semi_Condensed_200,C:\Users\angel\OneDrive\Desktop\Kern\data\processed\features\Sofia_Sans_Semi_Condensed_200.npz,52,ok,
Sofia_Sans_Semi_Condensed_300,C:\Users\angel\OneDrive\Desktop\Kern\data\processed\features\Sofia_Sans_Semi_Condensed_300.npz,52,ok,
Sofia_Sans_Semi_Condensed_regular,C:\Users\angel\OneDrive\Desktop\Kern\data\processed\features\Sofia_Sans_Semi_Condensed_regular.npz,52,ok,
Sofia_Sans_Semi_Condensed_500,C:\Users\angel\OneDrive\Desktop\Kern\data\processed\features\Sofia_Sans_Semi_Condensed_500.npz,52,ok,
Sofia_Sans_Semi_Condensed_600,C:\Users\angel\OneDrive\Desktop\Kern\data\processed\features\Sofia_Sans_Semi_Condensed_600.npz,52,ok,
Sofia_Sans_Semi_Condensed_700,C:\Users\angel\OneDrive\Desktop\Kern\data\processed\features\Sofia_Sans_Semi_Condensed_700.npz,52,ok,
Sofia_Sans_Semi_Condensed_800,C:\Users\angel\OneDrive\Desktop\Kern\data\processed\features\Sofia_Sans_Semi_Condensed_800.npz,52,ok,
Sofia_Sans_Semi_Condensed_900,C:\Users\angel\OneDrive\Desktop\Kern\data\processed\features\Sofia_Sans_Semi_Condensed_900.npz,52,ok,
Sofia_Sans_Semi_Condensed_100italic,C:\Users\angel\OneDrive\Desktop\Kern\data\processed\features\Sofia_Sans_Semi_Condensed_100italic.npz,52,ok,
Sofia_Sans_Semi_Condensed_200italic,C:\Users\angel\OneDrive\Desktop\Kern\data\processed\features\Sofia_Sans_Semi_Condensed_200italic.npz,52,ok,
Sofia_Sans_Semi_Condensed_300italic,C:\Users\angel\OneDrive\Desktop\Kern\data\processed\features\Sofia_Sans_Semi_Condensed_300italic.npz,52,ok,
Sofia_Sans_Semi_Condensed_italic,C:\Users\angel\OneDrive\Desktop\Kern\data\processed\features\Sofia_Sans_Semi_Condensed_italic.npz,52,ok,
Sofia_Sans_Semi_Condensed_500italic,C:\Users\angel\OneDrive\Desktop\Kern\data\processed\features\Sofia_Sans_Semi_Condensed_500italic.npz,52,ok,
Sofia_Sans_Semi_Condensed_600italic,C:\Users\angel\OneDrive\Desktop\Kern\data\processed\features\Sofia_Sans_Semi_Condensed_600italic.npz,52,ok,
Sofia_Sans_Semi_Condensed_700italic,C:\Users\angel\OneDrive\Desktop\Kern\data\processed\features\Sofia_Sans_Semi_Condensed_700italic.npz,52,ok,
Sofia_Sans_Semi_Condensed_800italic,C:\Users\angel\OneDrive\Desktop\Kern\data\processed\features\Sofia_Sans_Semi_Condensed_800italic.npz,52,ok,
Sofia_Sans_Semi_Condensed_900italic,C:\Users\angel\OneDrive\Desktop\Kern\data\processed\features\Sofia_Sans_Semi_Condensed_900italic.npz,52,ok,
Suez_One_regular,C:\Users\angel\OneDrive\Desktop\Kern\data\processed\features\Suez_One_regular.npz,52,ok,
Niconne_regular,C:\Users\angel\OneDrive\Desktop\Kern\data\processed\features\Niconne_regular.npz,52,ok,
Germania_One_regular,C:\Users\angel\OneDrive\Desktop\Kern\data\processed\features\Germania_One_regular.npz,52,ok,
Vina_Sans_regular,C:\Users\angel\OneDrive\Desktop\Kern\data\processed\features\Vina_Sans_regular.npz,52,ok,
Spinnaker_regular,C:\Users\angel\OneDrive\Desktop\Kern\data\processed\features\Spinnaker_regular.npz,52,ok,
Wallpoet_regular,C:\Users\angel\OneDrive\Desktop\Kern\data\processed\features\Wallpoet_regular.npz,52,ok,
Karma_300,C:\Users\angel\OneDrive\Desktop\Kern\data\processed\features\Karma_300.npz,52,ok,
Karma_regular,C:\Users\angel\OneDrive\Desktop\Kern\data\processed\features\Karma_regular.npz,52,ok,
Karma_500,C:\Users\angel\OneDrive\Desktop\Kern\data\processed\features\Karma_500.npz,52,ok,
Karma_600,C:\Users\angel\OneDrive\Desktop\Kern\data\processed\features\Karma_600.npz,52,ok,
Karma_700,C:\Users\angel\OneDrive\Desktop\Kern\data\processed\features\Karma_700.npz,52,ok,
Glory_100,C:\Users\angel\OneDrive\Desktop\Kern\data\processed\features\Glory_100.npz,52,ok,
Glory_200,C:\Users\angel\OneDrive\Desktop\Kern\data\processed\features\Glory_200.npz,52,ok,
Glory_300,C:\Users\angel\OneDrive\Desktop\Kern\data\processed\features\Glory_300.npz,52,ok,
Glory_regular,C:\Users\angel\OneDrive\Desktop\Kern\data\processed\features\Glory_regular.npz,52,ok,
Glory_500,C:\Users\angel\OneDrive\Desktop\Kern\data\processed\features\Glory_500.npz,52,ok,
Glory_600,C:\Users\angel\OneDrive\Desktop\Kern\data\processed\features\Glory_600.npz,52,ok,
Glory_700,C:\Users\angel\OneDrive\Desktop\Kern\data\processed\features\Glory_700.npz,52,ok,
Glory_800,C:\Users\angel\OneDrive\Desktop\Kern\data\processed\features\Glory_800.npz,52,ok,
Glory_100italic,C:\Users\angel\OneDrive\Desktop\Kern\data\processed\features\Glory_100italic.npz,52,ok,
Glory_200italic,C:\Users\angel\OneDrive\Desktop\Kern\data\processed\features\Glory_200italic.npz,52,ok,
Glory_300italic,C:\Users\angel\OneDrive\Desktop\Kern\data\processed\features\Glory_300italic.npz,52,ok,
Glory_italic,C:\Users\angel\OneDrive\Desktop\Kern\data\processed\features\Glory_italic.npz,52,ok,
Glory_500italic,C:\Users\angel\OneDrive\Desktop\Kern\data\processed\features\Glory_500italic.npz,52,ok,
Glory_600italic,C:\Users\angel\OneDrive\Desktop\Kern\data\processed\features\Glory_600italic.npz,52,ok,
Glory_700italic,C:\Users\angel\OneDrive\Desktop\Kern\data\processed\features\Glory_700italic.npz,52,ok,
Glory_800italic,C:\Users\angel\OneDrive\Desktop\Kern\data\processed\features\Glory_800italic.npz,52,ok,
Alef_regular,C:\Users\angel\OneDrive\Desktop\Kern\data\processed\features\Alef_regular.npz,52,ok,
Alef_700,C:\Users\angel\OneDrive\Desktop\Kern\data\processed\features\Alef_700.npz,52,ok,
ADLaM_Display_regular,C:\Users\angel\OneDrive\Desktop\Kern\data\processed\features\ADLaM_Display_regular.npz,52,ok,
Balsamiq_Sans_regular,C:\Users\angel\OneDrive\Desktop\Kern\data\processed\features\Balsamiq_Sans_regular.npz,52,ok,
Balsamiq_Sans_italic,C:\Users\angel\OneDrive\Desktop\Kern\data\processed\features\Balsamiq_Sans_italic.npz,52,ok,
Balsamiq_Sans_700,C:\Users\angel\OneDrive\Desktop\Kern\data\processed\features\Balsamiq_Sans_700.npz,52,ok,
Balsamiq_Sans_700italic,C:\Users\angel\OneDrive\Desktop\Kern\data\processed\features\Balsamiq_Sans_700italic.npz,52,ok,
Bellefair_regular,C:\Users\angel\OneDrive\Desktop\Kern\data\processed\features\Bellefair_regular.npz,52,ok,
Libre_Caslon_Display_regular,C:\Users\angel\OneDrive\Desktop\Kern\data\processed\features\Libre_Caslon_Display_regular.npz,52,ok,
Share_regular,C:\Users\angel\OneDrive\Desktop\Kern\data\processed\features\Share_regular.npz,52,ok,
Share_italic,C:\Users\angel\OneDrive\Desktop\Kern\data\processed\features\Share_italic.npz,52,ok,
Share_700,C:\Users\angel\OneDrive\Desktop\Kern\data\processed\features\Share_700.npz,52,ok,
Share_700italic,C:\Users\angel\OneDrive\Desktop\Kern\data\processed\features\Share_700italic.npz,52,ok,
Graduate_regular,C:\Users\angel\OneDrive\Desktop\Kern\data\processed\features\Graduate_regular.npz,52,ok,
Tiro_Bangla_regular,C:\Users\angel\OneDrive\Desktop\Kern\data\processed\features\Tiro_Bangla_regular.npz,52,ok,
Tiro_Bangla_italic,C:\Users\angel\OneDrive\Desktop\Kern\data\processed\features\Tiro_Bangla_italic.npz,52,ok,
Noto_Sans_Gurmukhi_100,C:\Users\angel\OneDrive\Desktop\Kern\data\processed\features\Noto_Sans_Gurmukhi_100.npz,52,ok,
Noto_Sans_Gurmukhi_200,C:\Users\angel\OneDrive\Desktop\Kern\data\processed\features\Noto_Sans_Gurmukhi_200.npz,52,ok,
Noto_Sans_Gurmukhi_300,C:\Users\angel\OneDrive\Desktop\Kern\data\processed\features\Noto_Sans_Gurmukhi_300.npz,52,ok,
Noto_Sans_Gurmukhi_regular,C:\Users\angel\OneDrive\Desktop\Kern\data\processed\features\Noto_Sans_Gurmukhi_regular.npz,52,ok,
Noto_Sans_Gurmukhi_500,C:\Users\angel\OneDrive\Desktop\Kern\data\processed\features\Noto_Sans_Gurmukhi_500.npz,52,ok,
Noto_Sans_Gurmukhi_600,C:\Users\angel\OneDrive\Desktop\Kern\data\processed\features\Noto_Sans_Gurmukhi_600.npz,52,ok,
Noto_Sans_Gurmukhi_700,C:\Users\angel\OneDrive\Desktop\Kern\data\processed\features\Noto_Sans_Gurmukhi_700.npz,52,ok,
Noto_Sans_Gurmukhi_800,C:\Users\angel\OneDrive\Desktop\Kern\data\processed\features\Noto_Sans_Gurmukhi_800.npz,52,ok,
Noto_Sans_Gurmukhi_900,C:\Users\angel\OneDrive\Desktop\Kern\data\processed\features\Noto_Sans_Gurmukhi_900.npz,52,ok,
Laila_300,C:\Users\angel\OneDrive\Desktop\Kern\data\processed\features\Laila_300.npz,52,ok,
Laila_regular,C:\Users\angel\OneDrive\Desktop\Kern\data\processed\features\Laila_regular.npz,52,ok,
Laila_500,C:\Users\angel\OneDrive\Desktop\Kern\data\processed\features\Laila_500.npz,52,ok,
Laila_600,C:\Users\angel\OneDrive\Desktop\Kern\data\processed\features\Laila_600.npz,52,ok,
Laila_700,C:\Users\angel\OneDrive\Desktop\Kern\data\processed\features\Laila_700.npz,52,ok,
Cormorant_Unicase_300,C:\Users\angel\OneDrive\Desktop\Kern\data\processed\features\Cormorant_Unicase_300.npz,52,ok,
Cormorant_Unicase_regular,C:\Users\angel\OneDrive\Desktop\Kern\data\processed\features\Cormorant_Unicase_regular.npz,52,ok,
Cormorant_Unicase_500,C:\Users\angel\OneDrive\Desktop\Kern\data\processed\features\Cormorant_Unicase_500.npz,52,ok,
Cormorant_Unicase_600,C:\Users\angel\OneDrive\Desktop\Kern\data\processed\features\Cormorant_Unicase_600.npz,52,ok,
Cormorant_Unicase_700,C:\Users\angel\OneDrive\Desktop\Kern\data\processed\features\Cormorant_Unicase_700.npz,52,ok,
Allerta_Stencil_regular,C:\Users\angel\OneDrive\Desktop\Kern\data\processed\features\Allerta_Stencil_regular.npz,52,ok,
Arizonia_regular,C:\Users\angel\OneDrive\Desktop\Kern\data\processed\features\Arizonia_regular.npz,52,ok,
Trirong_100,C:\Users\angel\OneDrive\Desktop\Kern\data\processed\features\Trirong_100.npz,52,ok,
Trirong_100italic,C:\Users\angel\OneDrive\Desktop\Kern\data\processed\features\Trirong_100italic.npz,52,ok,
Trirong_200,C:\Users\angel\OneDrive\Desktop\Kern\data\processed\features\Trirong_200.npz,52,ok,
Trirong_200italic,C:\Users\angel\OneDrive\Desktop\Kern\data\processed\features\Trirong_200italic.npz,52,ok,
Trirong_300,C:\Users\angel\OneDrive\Desktop\Kern\data\processed\features\Trirong_300.npz,52,ok,
Trirong_300italic,C:\Users\angel\OneDrive\Desktop\Kern\data\processed\features\Trirong_300italic.npz,52,ok,
Trirong_regular,C:\Users\angel\OneDrive\Desktop\Kern\data\processed\features\Trirong_regular.npz,52,ok,
Trirong_italic,C:\Users\angel\OneDrive\Desktop\Kern\data\processed\features\Trirong_italic.npz,52,ok,
Trirong_500,C:\Users\angel\OneDrive\Desktop\Kern\data\processed\features\Trirong_500.npz,52,ok,
Trirong_500italic,C:\Users\angel\OneDrive\Desktop\Kern\data\processed\features\Trirong_500italic.npz,52,ok,
Trirong_600,C:\Users\angel\OneDrive\Desktop\Kern\data\processed\features\Trirong_600.npz,52,ok,
Trirong_600italic,C:\Users\angel\OneDrive\Desktop\Kern\data\processed\features\Trirong_600italic.npz,52,ok,
Trirong_700,C:\Users\angel\OneDrive\Desktop\Kern\data\processed\features\Trirong_700.npz,52,ok,
Trirong_700italic,C:\Users\angel\OneDrive\Desktop\Kern\data\processed\features\Trirong_700italic.npz,52,ok,
Trirong_800,C:\Users\angel\OneDrive\Desktop\Kern\data\processed\features\Trirong_800.npz,52,ok,
Trirong_800italic,C:\Users\angel\OneDrive\Desktop\Kern\data\processed\features\Trirong_800italic.npz,52,ok,
Trirong_900,C:\Users\angel\OneDrive\Desktop\Kern\data\processed\features\Trirong_900.npz,52,ok,
Trirong_900italic,C:\Users\angel\OneDrive\Desktop\Kern\data\processed\features\Trirong_900italic.npz,52,ok,
Armata_regular,C:\Users\angel\OneDrive\Desktop\Kern\data\processed\features\Armata_regular.npz,52,ok,
Pattaya_regular,C:\Users\angel\OneDrive\Desktop\Kern\data\processed\features\Pattaya_regular.npz,52,ok,
Noto_Sans_Meetei_Mayek_100,C:\Users\angel\OneDrive\Desktop\Kern\data\processed\features\Noto_Sans_Meetei_Mayek_100.npz,52,ok,
Noto_Sans_Meetei_Mayek_200,C:\Users\angel\OneDrive\Desktop\Kern\data\processed\features\Noto_Sans_Meetei_Mayek_200.npz,52,ok,
Noto_Sans_Meetei_Mayek_300,C:\Users\angel\OneDrive\Desktop\Kern\data\processed\features\Noto_Sans_Meetei_Mayek_300.npz,52,ok,
Noto_Sans_Meetei_Mayek_regular,C:\Users\angel\OneDrive\Desktop\Kern\data\processed\features\Noto_Sans_Meetei_Mayek_regular.npz,52,ok,
Noto_Sans_Meetei_Mayek_500,C:\Users\angel\OneDrive\Desktop\Kern\data\processed\features\Noto_Sans_Meetei_Mayek_500.npz,52,ok,
Noto_Sans_Meetei_Mayek_600,C:\Users\angel\OneDrive\Desktop\Kern\data\processed\features\Noto_Sans_Meetei_Mayek_600.npz,52,ok,
Noto_Sans_Meetei_Mayek_700,C:\Users\angel\OneDrive\Desktop\Kern\data\processed\features\Noto_Sans_Meetei_Mayek_700.npz,52,ok,
Noto_Sans_Meetei_Mayek_800,C:\Users\angel\OneDrive\Desktop\Kern\data\processed\features\Noto_Sans_Meetei_Mayek_800.npz,52,ok,
Noto_Sans_Meetei_Mayek_900,C:\Users\angel\OneDrive\Desktop\Kern\data\processed\features\Noto_Sans_Meetei_Mayek_900.npz,52,ok,
Pixelify_Sans_regular,C:\Users\angel\OneDrive\Desktop\Kern\data\processed\features\Pixelify_Sans_regular.npz,52,ok,
Pixelify_Sans_500,C:\Users\angel\OneDrive\Desktop\Kern\data\processed\features\Pixelify_Sans_500.npz,52,ok,
Pixelify_Sans_600,C:\Users\angel\OneDrive\Desktop\Kern\data\processed\features\Pixelify_Sans_600.npz,52,ok,
Pixelify_Sans_700,C:\Users\angel\OneDrive\Desktop\Kern\data\processed\features\Pixelify_Sans_700.npz,52,ok,
Noto_Sans_Kannada_100,C:\Users\angel\OneDrive\Desktop\Kern\data\processed\features\Noto_Sans_Kannada_100.npz,52,ok,
Noto_Sans_Kannada_200,C:\Users\angel\OneDrive\Desktop\Kern\data\processed\features\Noto_Sans_Kannada_200.npz,52,ok,
Noto_Sans_Kannada_300,C:\Users\angel\OneDrive\Desktop\Kern\data\processed\features\Noto_Sans_Kannada_300.npz,52,ok,
Noto_Sans_Kannada_regular,C:\Users\angel\OneDrive\Desktop\Kern\data\processed\features\Noto_Sans_Kannada_regular.npz,52,ok,
Noto_Sans_Kannada_500,C:\Users\angel\OneDrive\Desktop\Kern\data\processed\features\Noto_Sans_Kannada_500.npz,52,ok,
Noto_Sans_Kannada_600,C:\Users\angel\OneDrive\Desktop\Kern\data\processed\features\Noto_Sans_Kannada_600.npz,52,ok,
Noto_Sans_Kannada_700,C:\Users\angel\OneDrive\Desktop\Kern\data\processed\features\Noto_Sans_Kannada_700.npz,52,ok,
Noto_Sans_Kannada_800,C:\Users\angel\OneDrive\Desktop\Kern\data\processed\features\Noto_Sans_Kannada_800.npz,52,ok,
Noto_Sans_Kannada_900,C:\Users\angel\OneDrive\Desktop\Kern\data\processed\features\Noto_Sans_Kannada_900.npz,52,ok,
Pathway_Extreme_100,C:\Users\angel\OneDrive\Desktop\Kern\data\processed\features\Pathway_Extreme_100.npz,52,ok,
Pathway_Extreme_200,C:\Users\angel\OneDrive\Desktop\Kern\data\processed\features\Pathway_Extreme_200.npz,52,ok,
Pathway_Extreme_300,C:\Users\angel\OneDrive\Desktop\Kern\data\processed\features\Pathway_Extreme_300.npz,52,ok,
Pathway_Extreme_regular,C:\Users\angel\OneDrive\Desktop\Kern\data\processed\features\Pathway_Extreme_regular.npz,52,ok,
Pathway_Extreme_500,C:\Users\angel\OneDrive\Desktop\Kern\data\processed\features\Pathway_Extreme_500.npz,52,ok,
Pathway_Extreme_600,C:\Users\angel\OneDrive\Desktop\Kern\data\processed\features\Pathway_Extreme_600.npz,52,ok,
Pathway_Extreme_700,C:\Users\angel\OneDrive\Desktop\Kern\data\processed\features\Pathway_Extreme_700.npz,52,ok,
Pathway_Extreme_800,C:\Users\angel\OneDrive\Desktop\Kern\data\processed\features\Pathway_Extreme_800.npz,52,ok,
Pathway_Extreme_900,C:\Users\angel\OneDrive\Desktop\Kern\data\processed\features\Pathway_Extreme_900.npz,52,ok,
Pathway_Extreme_100italic,C:\Users\angel\OneDrive\Desktop\Kern\data\processed\features\Pathway_Extreme_100italic.npz,52,ok,
Pathway_Extreme_200italic,C:\Users\angel\OneDrive\Desktop\Kern\data\processed\features\Pathway_Extreme_200italic.npz,52,ok,
Pathway_Extreme_300italic,C:\Users\angel\OneDrive\Desktop\Kern\data\processed\features\Pathway_Extreme_300italic.npz,52,ok,
Pathway_Extreme_italic,C:\Users\angel\OneDrive\Desktop\Kern\data\processed\features\Pathway_Extreme_italic.npz,52,ok,
Pathway_Extreme_500italic,C:\Users\angel\OneDrive\Desktop\Kern\data\processed\features\Pathway_Extreme_500italic.npz,52,ok,
Pathway_Extreme_600italic,C:\Users\angel\OneDrive\Desktop\Kern\data\processed\features\Pathway_Extreme_600italic.npz,52,ok,
Pathway_Extreme_700italic,C:\Users\angel\OneDrive\Desktop\Kern\data\processed\features\Pathway_Extreme_700italic.npz,52,ok,
Pathway_Extreme_800italic,C:\Users\angel\OneDrive\Desktop\Kern\data\processed\features\Pathway_Extreme_800italic.npz,52,ok,
Pathway_Extreme_900italic,C:\Users\angel\OneDrive\Desktop\Kern\data\processed\features\Pathway_Extreme_900italic.npz,52,ok,
Alatsi_regular,C:\Users\angel\OneDrive\Desktop\Kern\data\processed\features\Alatsi_regular.npz,52,ok,
Quintessential_regular,C:\Users\angel\OneDrive\Desktop\Kern\data\processed\features\Quintessential_regular.npz,52,ok,
Carlito_regular,C:\Users\angel\OneDrive\Desktop\Kern\data\processed\features\Carlito_regular.npz,52,ok,
Carlito_italic,C:\Users\angel\OneDrive\Desktop\Kern\data\processed\features\Carlito_italic.npz,52,ok,
Carlito_700,C:\Users\angel\OneDrive\Desktop\Kern\data\processed\features\Carlito_700.npz,52,ok,
Carlito_700italic,C:\Users\angel\OneDrive\Desktop\Kern\data\processed\features\Carlito_700italic.npz,52,ok,
DynaPuff_regular,C:\Users\angel\OneDrive\Desktop\Kern\data\processed\features\DynaPuff_regular.npz,52,ok,
DynaPuff_500,C:\Users\angel\OneDrive\Desktop\Kern\data\processed\features\DynaPuff_500.npz,52,ok,
DynaPuff_600,C:\Users\angel\OneDrive\Desktop\Kern\data\processed\features\DynaPuff_600.npz,52,ok,
DynaPuff_700,C:\Users\angel\OneDrive\Desktop\Kern\data\processed\features\DynaPuff_700.npz,52,ok,
Lexend_Zetta_100,C:\Users\angel\OneDrive\Desktop\Kern\data\processed\features\Lexend_Zetta_100.npz,52,ok,
Lexend_Zetta_200,C:\Users\angel\OneDrive\Desktop\Kern\data\processed\features\Lexend_Zetta_200.npz,52,ok,
Lexend_Zetta_300,C:\Users\angel\OneDrive\Desktop\Kern\data\processed\features\Lexend_Zetta_300.npz,52,ok,
Lexend_Zetta_regular,C:\Users\angel\OneDrive\Desktop\Kern\data\processed\features\Lexend_Zetta_regular.npz,52,ok,
Lexend_Zetta_500,C:\Users\angel\OneDrive\Desktop\Kern\data\processed\features\Lexend_Zetta_500.npz,52,ok,
Lexend_Zetta_600,C:\Users\angel\OneDrive\Desktop\Kern\data\processed\features\Lexend_Zetta_600.npz,52,ok,
Lexend_Zetta_700,C:\Users\angel\OneDrive\Desktop\Kern\data\processed\features\Lexend_Zetta_700.npz,52,ok,
Lexend_Zetta_800,C:\Users\angel\OneDrive\Desktop\Kern\data\processed\features\Lexend_Zetta_800.npz,52,ok,
Lexend_Zetta_900,C:\Users\angel\OneDrive\Desktop\Kern\data\processed\features\Lexend_Zetta_900.npz,52,ok,
Allison_regular,C:\Users\angel\OneDrive\Desktop\Kern\data\processed\features\Allison_regular.npz,52,ok,
Nobile_regular,C:\Users\angel\OneDrive\Desktop\Kern\data\processed\features\Nobile_regular.npz,52,ok,
Nobile_italic,C:\Users\angel\OneDrive\Desktop\Kern\data\processed\features\Nobile_italic.npz,52,ok,
Nobile_500,C:\Users\angel\OneDrive\Desktop\Kern\data\processed\features\Nobile_500.npz,52,ok,
Nobile_500italic,C:\Users\angel\OneDrive\Desktop\Kern\data\processed\features\Nobile_500italic.npz,52,ok,
Nobile_700,C:\Users\angel\OneDrive\Desktop\Kern\data\processed\features\Nobile_700.npz,52,ok,
Nobile_700italic,C:\Users\angel\OneDrive\Desktop\Kern\data\processed\features\Nobile_700italic.npz,52,ok,
Lateef_200,C:\Users\angel\OneDrive\Desktop\Kern\data\processed\features\Lateef_200.npz,52,ok,
Lateef_300,C:\Users\angel\OneDrive\Desktop\Kern\data\processed\features\Lateef_300.npz,52,ok,
Lateef_regular,C:\Users\angel\OneDrive\Desktop\Kern\data\processed\features\Lateef_regular.npz,52,ok,
Lateef_500,C:\Users\angel\OneDrive\Desktop\Kern\data\processed\features\Lateef_500.npz,52,ok,
Lateef_600,C:\Users\angel\OneDrive\Desktop\Kern\data\processed\features\Lateef_600.npz,52,ok,
Lateef_700,C:\Users\angel\OneDrive\Desktop\Kern\data\processed\features\Lateef_700.npz,52,ok,
Lateef_800,C:\Users\angel\OneDrive\Desktop\Kern\data\processed\features\Lateef_800.npz,52,ok,
Cormorant_SC_300,C:\Users\angel\OneDrive\Desktop\Kern\data\processed\features\Cormorant_SC_300.npz,52,ok,
Cormorant_SC_regular,C:\Users\angel\OneDrive\Desktop\Kern\data\processed\features\Cormorant_SC_regular.npz,52,ok,
Cormorant_SC_500,C:\Users\angel\OneDrive\Desktop\Kern\data\processed\features\Cormorant_SC_500.npz,52,ok,
Cormorant_SC_600,C:\Users\angel\OneDrive\Desktop\Kern\data\processed\features\Cormorant_SC_600.npz,52,ok,
Cormorant_SC_700,C:\Users\angel\OneDrive\Desktop\Kern\data\processed\features\Cormorant_SC_700.npz,52,ok,
Rancho_regular,C:\Users\angel\OneDrive\Desktop\Kern\data\processed\features\Rancho_regular.npz,52,ok,
Oranienbaum_regular,C:\Users\angel\OneDrive\Desktop\Kern\data\processed\features\Oranienbaum_regular.npz,52,ok,
Ephesis_regular,C:\Users\angel\OneDrive\Desktop\Kern\data\processed\features\Ephesis_regular.npz,52,ok,
Mali_200,C:\Users\angel\OneDrive\Desktop\Kern\data\processed\features\Mali_200.npz,52,ok,
Mali_200italic,C:\Users\angel\OneDrive\Desktop\Kern\data\processed\features\Mali_200italic.npz,52,ok,
Mali_300,C:\Users\angel\OneDrive\Desktop\Kern\data\processed\features\Mali_300.npz,52,ok,
Mali_300italic,C:\Users\angel\OneDrive\Desktop\Kern\data\processed\features\Mali_300italic.npz,52,ok,
Mali_regular,C:\Users\angel\OneDrive\Desktop\Kern\data\processed\features\Mali_regular.npz,52,ok,
Mali_italic,C:\Users\angel\OneDrive\Desktop\Kern\data\processed\features\Mali_italic.npz,52,ok,
Mali_500,C:\Users\angel\OneDrive\Desktop\Kern\data\processed\features\Mali_500.npz,52,ok,
Mali_500italic,C:\Users\angel\OneDrive\Desktop\Kern\data\processed\features\Mali_500italic.npz,52,ok,
Mali_600,C:\Users\angel\OneDrive\Desktop\Kern\data\processed\features\Mali_600.npz,52,ok,
Mali_600italic,C:\Users\angel\OneDrive\Desktop\Kern\data\processed\features\Mali_600italic.npz,52,ok,
Mali_700,C:\Users\angel\OneDrive\Desktop\Kern\data\processed\features\Mali_700.npz,52,ok,
Mali_700italic,C:\Users\angel\OneDrive\Desktop\Kern\data\processed\features\Mali_700italic.npz,52,ok,
Nanum_Brush_Script_regular,C:\Users\angel\OneDrive\Desktop\Kern\data\processed\features\Nanum_Brush_Script_regular.npz,52,ok,
Anek_Devanagari_100,C:\Users\angel\OneDrive\Desktop\Kern\data\processed\features\Anek_Devanagari_100.npz,52,ok,
Anek_Devanagari_200,C:\Users\angel\OneDrive\Desktop\Kern\data\processed\features\Anek_Devanagari_200.npz,52,ok,
Anek_Devanagari_300,C:\Users\angel\OneDrive\Desktop\Kern\data\processed\features\Anek_Devanagari_300.npz,52,ok,
Anek_Devanagari_regular,C:\Users\angel\OneDrive\Desktop\Kern\data\processed\features\Anek_Devanagari_regular.npz,52,ok,
Anek_Devanagari_500,C:\Users\angel\OneDrive\Desktop\Kern\data\processed\features\Anek_Devanagari_500.npz,52,ok,
Anek_Devanagari_600,C:\Users\angel\OneDrive\Desktop\Kern\data\processed\features\Anek_Devanagari_600.npz,52,ok,
Anek_Devanagari_700,C:\Users\angel\OneDrive\Desktop\Kern\data\processed\features\Anek_Devanagari_700.npz,52,ok,
Anek_Devanagari_800,C:\Users\angel\OneDrive\Desktop\Kern\data\processed\features\Anek_Devanagari_800.npz,52,ok,
Markazi_Text_regular,C:\Users\angel\OneDrive\Desktop\Kern\data\processed\features\Markazi_Text_regular.npz,52,ok,
Markazi_Text_500,C:\Users\angel\OneDrive\Desktop\Kern\data\processed\features\Markazi_Text_500.npz,52,ok,
Markazi_Text_600,C:\Users\angel\OneDrive\Desktop\Kern\data\processed\features\Markazi_Text_600.npz,52,ok,
Markazi_Text_700,C:\Users\angel\OneDrive\Desktop\Kern\data\processed\features\Markazi_Text_700.npz,52,ok,
Uncial_Antiqua_regular,C:\Users\angel\OneDrive\Desktop\Kern\data\processed\features\Uncial_Antiqua_regular.npz,52,ok,
Brygada_1918_regular,C:\Users\angel\OneDrive\Desktop\Kern\data\processed\features\Brygada_1918_regular.npz,52,ok,
Brygada_1918_500,C:\Users\angel\OneDrive\Desktop\Kern\data\processed\features\Brygada_1918_500.npz,52,ok,
Brygada_1918_600,C:\Users\angel\OneDrive\Desktop\Kern\data\processed\features\Brygada_1918_600.npz,52,ok,
Brygada_1918_700,C:\Users\angel\OneDrive\Desktop\Kern\data\processed\features\Brygada_1918_700.npz,52,ok,
Brygada_1918_italic,C:\Users\angel\OneDrive\Desktop\Kern\data\processed\features\Brygada_1918_italic.npz,52,ok,
Brygada_1918_500italic,C:\Users\angel\OneDrive\Desktop\Kern\data\processed\features\Brygada_1918_500italic.npz,52,ok,
Brygada_1918_600italic,C:\Users\angel\OneDrive\Desktop\Kern\data\processed\features\Brygada_1918_600italic.npz,52,ok,
Brygada_1918_700italic,C:\Users\angel\OneDrive\Desktop\Kern\data\processed\features\Brygada_1918_700italic.npz,52,ok,
Caladea_regular,C:\Users\angel\OneDrive\Desktop\Kern\data\processed\features\Caladea_regular.npz,52,ok,
Caladea_italic,C:\Users\angel\OneDrive\Desktop\Kern\data\processed\features\Caladea_italic.npz,52,ok,
Caladea_700,C:\Users\angel\OneDrive\Desktop\Kern\data\processed\features\Caladea_700.npz,52,ok,
Caladea_700italic,C:\Users\angel\OneDrive\Desktop\Kern\data\processed\features\Caladea_700italic.npz,52,ok,
Kosugi_regular,C:\Users\angel\OneDrive\Desktop\Kern\data\processed\features\Kosugi_regular.npz,52,ok,
Knewave_regular,C:\Users\angel\OneDrive\Desktop\Kern\data\processed\features\Knewave_regular.npz,52,ok,
DotGothic16_regular,C:\Users\angel\OneDrive\Desktop\Kern\data\processed\features\DotGothic16_regular.npz,52,ok,
Enriqueta_regular,C:\Users\angel\OneDrive\Desktop\Kern\data\processed\features\Enriqueta_regular.npz,52,ok,
Enriqueta_500,C:\Users\angel\OneDrive\Desktop\Kern\data\processed\features\Enriqueta_500.npz,52,ok,
Enriqueta_600,C:\Users\angel\OneDrive\Desktop\Kern\data\processed\features\Enriqueta_600.npz,52,ok,
Enriqueta_700,C:\Users\angel\OneDrive\Desktop\Kern\data\processed\features\Enriqueta_700.npz,52,ok,
Noto_Sans_Georgian_100,C:\Users\angel\OneDrive\Desktop\Kern\data\processed\features\Noto_Sans_Georgian_100.npz,52,ok,
Noto_Sans_Georgian_200,C:\Users\angel\OneDrive\Desktop\Kern\data\processed\features\Noto_Sans_Georgian_200.npz,52,ok,
Noto_Sans_Georgian_300,C:\Users\angel\OneDrive\Desktop\Kern\data\processed\features\Noto_Sans_Georgian_300.npz,52,ok,
Noto_Sans_Georgian_regular,C:\Users\angel\OneDrive\Desktop\Kern\data\processed\features\Noto_Sans_Georgian_regular.npz,52,ok,
Noto_Sans_Georgian_500,C:\Users\angel\OneDrive\Desktop\Kern\data\processed\features\Noto_Sans_Georgian_500.npz,52,ok,
Noto_Sans_Georgian_600,C:\Users\angel\OneDrive\Desktop\Kern\data\processed\features\Noto_Sans_Georgian_600.npz,52,ok,
Noto_Sans_Georgian_700,C:\Users\angel\OneDrive\Desktop\Kern\data\processed\features\Noto_Sans_Georgian_700.npz,52,ok,
Noto_Sans_Georgian_800,C:\Users\angel\OneDrive\Desktop\Kern\data\processed\features\Noto_Sans_Georgian_800.npz,52,ok,
Noto_Sans_Georgian_900,C:\Users\angel\OneDrive\Desktop\Kern\data\processed\features\Noto_Sans_Georgian_900.npz,52,ok,
Lexend_Peta_100,C:\Users\angel\OneDrive\Desktop\Kern\data\processed\features\Lexend_Peta_100.npz,52,ok,
Lexend_Peta_200,C:\Users\angel\OneDrive\Desktop\Kern\data\processed\features\Lexend_Peta_200.npz,52,ok,
Lexend_Peta_300,C:\Users\angel\OneDrive\Desktop\Kern\data\processed\features\Lexend_Peta_300.npz,52,ok,
Lexend_Peta_regular,C:\Users\angel\OneDrive\Desktop\Kern\data\processed\features\Lexend_Peta_regular.npz,52,ok,
Lexend_Peta_500,C:\Users\angel\OneDrive\Desktop\Kern\data\processed\features\Lexend_Peta_500.npz,52,ok,
Lexend_Peta_600,C:\Users\angel\OneDrive\Desktop\Kern\data\processed\features\Lexend_Peta_600.npz,52,ok,
Lexend_Peta_700,C:\Users\angel\OneDrive\Desktop\Kern\data\processed\features\Lexend_Peta_700.npz,52,ok,
Lexend_Peta_800,C:\Users\angel\OneDrive\Desktop\Kern\data\processed\features\Lexend_Peta_800.npz,52,ok,
Lexend_Peta_900,C:\Users\angel\OneDrive\Desktop\Kern\data\processed\features\Lexend_Peta_900.npz,52,ok,
Grand_Hotel_regular,C:\Users\angel\OneDrive\Desktop\Kern\data\processed\features\Grand_Hotel_regular.npz,52,ok,
Dawning_of_a_New_Day_regular,C:\Users\angel\OneDrive\Desktop\Kern\data\processed\features\Dawning_of_a_New_Day_regular.npz,52,ok,
Mochiy_Pop_One_regular,C:\Users\angel\OneDrive\Desktop\Kern\data\processed\features\Mochiy_Pop_One_regular.npz,52,ok,
Anton_SC_regular,C:\Users\angel\OneDrive\Desktop\Kern\data\processed\features\Anton_SC_regular.npz,52,ok,
Hepta_Slab_100,C:\Users\angel\OneDrive\Desktop\Kern\data\processed\features\Hepta_Slab_100.npz,52,ok,
Hepta_Slab_200,C:\Users\angel\OneDrive\Desktop\Kern\data\processed\features\Hepta_Slab_200.npz,52,ok,
Hepta_Slab_300,C:\Users\angel\OneDrive\Desktop\Kern\data\processed\features\Hepta_Slab_300.npz,52,ok,
Hepta_Slab_regular,C:\Users\angel\OneDrive\Desktop\Kern\data\processed\features\Hepta_Slab_regular.npz,52,ok,
Hepta_Slab_500,C:\Users\angel\OneDrive\Desktop\Kern\data\processed\features\Hepta_Slab_500.npz,52,ok,
Hepta_Slab_600,C:\Users\angel\OneDrive\Desktop\Kern\data\processed\features\Hepta_Slab_600.npz,52,ok,
Hepta_Slab_700,C:\Users\angel\OneDrive\Desktop\Kern\data\processed\features\Hepta_Slab_700.npz,52,ok,
Hepta_Slab_800,C:\Users\angel\OneDrive\Desktop\Kern\data\processed\features\Hepta_Slab_800.npz,52,ok,
Hepta_Slab_900,C:\Users\angel\OneDrive\Desktop\Kern\data\processed\features\Hepta_Slab_900.npz,52,ok,
Antic_Didone_regular,C:\Users\angel\OneDrive\Desktop\Kern\data\processed\features\Antic_Didone_regular.npz,52,ok,
Cantata_One_regular,C:\Users\angel\OneDrive\Desktop\Kern\data\processed\features\Cantata_One_regular.npz,52,ok,
Petit_Formal_Script_regular,C:\Users\angel\OneDrive\Desktop\Kern\data\processed\features\Petit_Formal_Script_regular.npz,52,ok,
Style_Script_regular,C:\Users\angel\OneDrive\Desktop\Kern\data\processed\features\Style_Script_regular.npz,52,ok,
Lacquer_regular,C:\Users\angel\OneDrive\Desktop\Kern\data\processed\features\Lacquer_regular.npz,52,ok,
Fjord_One_regular,C:\Users\angel\OneDrive\Desktop\Kern\data\processed\features\Fjord_One_regular.npz,52,ok,
Telex_regular,C:\Users\angel\OneDrive\Desktop\Kern\data\processed\features\Telex_regular.npz,52,ok,
Annie_Use_Your_Telescope_regular,C:\Users\angel\OneDrive\Desktop\Kern\data\processed\features\Annie_Use_Your_Telescope_regular.npz,52,ok,
Nixie_One_regular,C:\Users\angel\OneDrive\Desktop\Kern\data\processed\features\Nixie_One_regular.npz,52,ok,
Klee_One_regular,C:\Users\angel\OneDrive\Desktop\Kern\data\processed\features\Klee_One_regular.npz,52,ok,
Klee_One_600,C:\Users\angel\OneDrive\Desktop\Kern\data\processed\features\Klee_One_600.npz,52,ok,
Sedgwick_Ave_Display_regular,C:\Users\angel\OneDrive\Desktop\Kern\data\processed\features\Sedgwick_Ave_Display_regular.npz,52,ok,
Kristi_regular,C:\Users\angel\OneDrive\Desktop\Kern\data\processed\features\Kristi_regular.npz,52,ok,
IBM_Plex_Sans_KR_100,C:\Users\angel\OneDrive\Desktop\Kern\data\processed\features\IBM_Plex_Sans_KR_100.npz,52,ok,
IBM_Plex_Sans_KR_200,C:\Users\angel\OneDrive\Desktop\Kern\data\processed\features\IBM_Plex_Sans_KR_200.npz,52,ok,
IBM_Plex_Sans_KR_300,C:\Users\angel\OneDrive\Desktop\Kern\data\processed\features\IBM_Plex_Sans_KR_300.npz,52,ok,
IBM_Plex_Sans_KR_regular,C:\Users\angel\OneDrive\Desktop\Kern\data\processed\features\IBM_Plex_Sans_KR_regular.npz,52,ok,
IBM_Plex_Sans_KR_500,C:\Users\angel\OneDrive\Desktop\Kern\data\processed\features\IBM_Plex_Sans_KR_500.npz,52,ok,
IBM_Plex_Sans_KR_600,C:\Users\angel\OneDrive\Desktop\Kern\data\processed\features\IBM_Plex_Sans_KR_600.npz,52,ok,
IBM_Plex_Sans_KR_700,C:\Users\angel\OneDrive\Desktop\Kern\data\processed\features\IBM_Plex_Sans_KR_700.npz,52,ok,
Rampart_One_regular,C:\Users\angel\OneDrive\Desktop\Kern\data\processed\features\Rampart_One_regular.npz,52,ok,
RocknRoll_One_regular,C:\Users\angel\OneDrive\Desktop\Kern\data\processed\features\RocknRoll_One_regular.npz,52,ok,
Young_Serif_regular,C:\Users\angel\OneDrive\Desktop\Kern\data\processed\features\Young_Serif_regular.npz,52,ok,
Noto_Emoji_300,C:\Users\angel\OneDrive\Desktop\Kern\data\processed\features\Noto_Emoji_300.npz,52,ok,
Noto_Emoji_regular,C:\Users\angel\OneDrive\Desktop\Kern\data\processed\features\Noto_Emoji_regular.npz,52,ok,
Noto_Emoji_500,C:\Users\angel\OneDrive\Desktop\Kern\data\processed\features\Noto_Emoji_500.npz,52,ok,
Noto_Emoji_600,C:\Users\angel\OneDrive\Desktop\Kern\data\processed\features\Noto_Emoji_600.npz,52,ok,
Noto_Emoji_700,C:\Users\angel\OneDrive\Desktop\Kern\data\processed\features\Noto_Emoji_700.npz,52,ok,
Alegreya_SC_regular,C:\Users\angel\OneDrive\Desktop\Kern\data\processed\features\Alegreya_SC_regular.npz,52,ok,
Alegreya_SC_italic,C:\Users\angel\OneDrive\Desktop\Kern\data\processed\features\Alegreya_SC_italic.npz,52,ok,
Alegreya_SC_500,C:\Users\angel\OneDrive\Desktop\Kern\data\processed\features\Alegreya_SC_500.npz,52,ok,
Alegreya_SC_500italic,C:\Users\angel\OneDrive\Desktop\Kern\data\processed\features\Alegreya_SC_500italic.npz,52,ok,
Alegreya_SC_700,C:\Users\angel\OneDrive\Desktop\Kern\data\processed\features\Alegreya_SC_700.npz,52,ok,
Alegreya_SC_700italic,C:\Users\angel\OneDrive\Desktop\Kern\data\processed\features\Alegreya_SC_700italic.npz,52,ok,
Alegreya_SC_800,C:\Users\angel\OneDrive\Desktop\Kern\data\processed\features\Alegreya_SC_800.npz,52,ok,
Alegreya_SC_800italic,C:\Users\angel\OneDrive\Desktop\Kern\data\processed\features\Alegreya_SC_800italic.npz,52,ok,
Alegreya_SC_900,C:\Users\angel\OneDrive\Desktop\Kern\data\processed\features\Alegreya_SC_900.npz,52,ok,
Alegreya_SC_900italic,C:\Users\angel\OneDrive\Desktop\Kern\data\processed\features\Alegreya_SC_900italic.npz,52,ok,
Radio_Canada_Big_regular,C:\Users\angel\OneDrive\Desktop\Kern\data\processed\features\Radio_Canada_Big_regular.npz,52,ok,
Radio_Canada_Big_500,C:\Users\angel\OneDrive\Desktop\Kern\data\processed\features\Radio_Canada_Big_500.npz,52,ok,
Radio_Canada_Big_600,C:\Users\angel\OneDrive\Desktop\Kern\data\processed\features\Radio_Canada_Big_600.npz,52,ok,
Radio_Canada_Big_700,C:\Users\angel\OneDrive\Desktop\Kern\data\processed\features\Radio_Canada_Big_700.npz,52,ok,
Radio_Canada_Big_italic,C:\Users\angel\OneDrive\Desktop\Kern\data\processed\features\Radio_Canada_Big_italic.npz,52,ok,
Radio_Canada_Big_500italic,C:\Users\angel\OneDrive\Desktop\Kern\data\processed\features\Radio_Canada_Big_500italic.npz,52,ok,
Radio_Canada_Big_600italic,C:\Users\angel\OneDrive\Desktop\Kern\data\processed\features\Radio_Canada_Big_600italic.npz,52,ok,
Radio_Canada_Big_700italic,C:\Users\angel\OneDrive\Desktop\Kern\data\processed\features\Radio_Canada_Big_700italic.npz,52,ok,
Almendra_regular,C:\Users\angel\OneDrive\Desktop\Kern\data\processed\features\Almendra_regular.npz,52,ok,
Almendra_italic,C:\Users\angel\OneDrive\Desktop\Kern\data\processed\features\Almendra_italic.npz,52,ok,
Almendra_700,C:\Users\angel\OneDrive\Desktop\Kern\data\processed\features\Almendra_700.npz,52,ok,
Almendra_700italic,C:\Users\angel\OneDrive\Desktop\Kern\data\processed\features\Almendra_700italic.npz,52,ok,
Afacad_Flux_100,C:\Users\angel\OneDrive\Desktop\Kern\data\processed\features\Afacad_Flux_100.npz,52,ok,
Afacad_Flux_200,C:\Users\angel\OneDrive\Desktop\Kern\data\processed\features\Afacad_Flux_200.npz,52,ok,
Afacad_Flux_300,C:\Users\angel\OneDrive\Desktop\Kern\data\processed\features\Afacad_Flux_300.npz,52,ok,
Afacad_Flux_regular,C:\Users\angel\OneDrive\Desktop\Kern\data\processed\features\Afacad_Flux_regular.npz,52,ok,
Afacad_Flux_500,C:\Users\angel\OneDrive\Desktop\Kern\data\processed\features\Afacad_Flux_500.npz,52,ok,
Afacad_Flux_600,C:\Users\angel\OneDrive\Desktop\Kern\data\processed\features\Afacad_Flux_600.npz,52,ok,
Afacad_Flux_700,C:\Users\angel\OneDrive\Desktop\Kern\data\processed\features\Afacad_Flux_700.npz,52,ok,
Afacad_Flux_800,C:\Users\angel\OneDrive\Desktop\Kern\data\processed\features\Afacad_Flux_800.npz,52,ok,
Afacad_Flux_900,C:\Users\angel\OneDrive\Desktop\Kern\data\processed\features\Afacad_Flux_900.npz,52,ok,
Ibarra_Real_Nova_regular,C:\Users\angel\OneDrive\Desktop\Kern\data\processed\features\Ibarra_Real_Nova_regular.npz,52,ok,
Ibarra_Real_Nova_500,C:\Users\angel\OneDrive\Desktop\Kern\data\processed\features\Ibarra_Real_Nova_500.npz,52,ok,
Ibarra_Real_Nova_600,C:\Users\angel\OneDrive\Desktop\Kern\data\processed\features\Ibarra_Real_Nova_600.npz,52,ok,
Ibarra_Real_Nova_700,C:\Users\angel\OneDrive\Desktop\Kern\data\processed\features\Ibarra_Real_Nova_700.npz,52,ok,
Ibarra_Real_Nova_italic,C:\Users\angel\OneDrive\Desktop\Kern\data\processed\features\Ibarra_Real_Nova_italic.npz,52,ok,
Ibarra_Real_Nova_500italic,C:\Users\angel\OneDrive\Desktop\Kern\data\processed\features\Ibarra_Real_Nova_500italic.npz,52,ok,
Ibarra_Real_Nova_600italic,C:\Users\angel\OneDrive\Desktop\Kern\data\processed\features\Ibarra_Real_Nova_600italic.npz,52,ok,
Ibarra_Real_Nova_700italic,C:\Users\angel\OneDrive\Desktop\Kern\data\processed\features\Ibarra_Real_Nova_700italic.npz,52,ok,
Goudy_Bookletter_1911_regular,C:\Users\angel\OneDrive\Desktop\Kern\data\processed\features\Goudy_Bookletter_1911_regular.npz,52,ok,
Hina_Mincho_regular,C:\Users\angel\OneDrive\Desktop\Kern\data\processed\features\Hina_Mincho_regular.npz,52,ok,
Chonburi_regular,C:\Users\angel\OneDrive\Desktop\Kern\data\processed\features\Chonburi_regular.npz,52,ok,
Special_Gothic_Expanded_One_regular,C:\Users\angel\OneDrive\Desktop\Kern\data\processed\features\Special_Gothic_Expanded_One_regular.npz,52,ok,
BIZ_UDPMincho_regular,C:\Users\angel\OneDrive\Desktop\Kern\data\processed\features\BIZ_UDPMincho_regular.npz,52,ok,
BIZ_UDPMincho_700,C:\Users\angel\OneDrive\Desktop\Kern\data\processed\features\BIZ_UDPMincho_700.npz,52,ok,
Silkscreen_regular,C:\Users\angel\OneDrive\Desktop\Kern\data\processed\features\Silkscreen_regular.npz,52,ok,
Silkscreen_700,C:\Users\angel\OneDrive\Desktop\Kern\data\processed\features\Silkscreen_700.npz,52,ok,
Sarina_regular,C:\Users\angel\OneDrive\Desktop\Kern\data\processed\features\Sarina_regular.npz,52,ok,
Schoolbell_regular,C:\Users\angel\OneDrive\Desktop\Kern\data\processed\features\Schoolbell_regular.npz,52,ok,
Noto_Serif_Georgian_100,C:\Users\angel\OneDrive\Desktop\Kern\data\processed\features\Noto_Serif_Georgian_100.npz,52,ok,
Noto_Serif_Georgian_200,C:\Users\angel\OneDrive\Desktop\Kern\data\processed\features\Noto_Serif_Georgian_200.npz,52,ok,
Noto_Serif_Georgian_300,C:\Users\angel\OneDrive\Desktop\Kern\data\processed\features\Noto_Serif_Georgian_300.npz,52,ok,
Noto_Serif_Georgian_regular,C:\Users\angel\OneDrive\Desktop\Kern\data\processed\features\Noto_Serif_Georgian_regular.npz,52,ok,
Noto_Serif_Georgian_500,C:\Users\angel\OneDrive\Desktop\Kern\data\processed\features\Noto_Serif_Georgian_500.npz,52,ok,
Noto_Serif_Georgian_600,C:\Users\angel\OneDrive\Desktop\Kern\data\processed\features\Noto_Serif_Georgian_600.npz,52,ok,
Noto_Serif_Georgian_700,C:\Users\angel\OneDrive\Desktop\Kern\data\processed\features\Noto_Serif_Georgian_700.npz,52,ok,
Noto_Serif_Georgian_800,C:\Users\angel\OneDrive\Desktop\Kern\data\processed\features\Noto_Serif_Georgian_800.npz,52,ok,
Noto_Serif_Georgian_900,C:\Users\angel\OneDrive\Desktop\Kern\data\processed\features\Noto_Serif_Georgian_900.npz,52,ok,
Sniglet_regular,C:\Users\angel\OneDrive\Desktop\Kern\data\processed\features\Sniglet_regular.npz,52,ok,
Sniglet_800,C:\Users\angel\OneDrive\Desktop\Kern\data\processed\features\Sniglet_800.npz,52,ok,
Fondamento_regular,C:\Users\angel\OneDrive\Desktop\Kern\data\processed\features\Fondamento_regular.npz,52,ok,
Fondamento_italic,C:\Users\angel\OneDrive\Desktop\Kern\data\processed\features\Fondamento_italic.npz,52,ok,
Calligraffitti_regular,C:\Users\angel\OneDrive\Desktop\Kern\data\processed\features\Calligraffitti_regular.npz,52,ok,
Arbutus_Slab_regular,C:\Users\angel\OneDrive\Desktop\Kern\data\processed\features\Arbutus_Slab_regular.npz,52,ok,
Original_Surfer_regular,C:\Users\angel\OneDrive\Desktop\Kern\data\processed\features\Original_Surfer_regular.npz,52,ok,
Seaweed_Script_regular,C:\Users\angel\OneDrive\Desktop\Kern\data\processed\features\Seaweed_Script_regular.npz,52,ok,
Zalando_Sans_200,C:\Users\angel\OneDrive\Desktop\Kern\data\processed\features\Zalando_Sans_200.npz,52,ok,
Zalando_Sans_300,C:\Users\angel\OneDrive\Desktop\Kern\data\processed\features\Zalando_Sans_300.npz,52,ok,
Zalando_Sans_regular,C:\Users\angel\OneDrive\Desktop\Kern\data\processed\features\Zalando_Sans_regular.npz,52,ok,
Zalando_Sans_500,C:\Users\angel\OneDrive\Desktop\Kern\data\processed\features\Zalando_Sans_500.npz,52,ok,
Zalando_Sans_600,C:\Users\angel\OneDrive\Desktop\Kern\data\processed\features\Zalando_Sans_600.npz,52,ok,
Zalando_Sans_700,C:\Users\angel\OneDrive\Desktop\Kern\data\processed\features\Zalando_Sans_700.npz,52,ok,
Zalando_Sans_800,C:\Users\angel\OneDrive\Desktop\Kern\data\processed\features\Zalando_Sans_800.npz,52,ok,
Zalando_Sans_900,C:\Users\angel\OneDrive\Desktop\Kern\data\processed\features\Zalando_Sans_900.npz,52,ok,
Zalando_Sans_200italic,C:\Users\angel\OneDrive\Desktop\Kern\data\processed\features\Zalando_Sans_200italic.npz,52,ok,
Zalando_Sans_300italic,C:\Users\angel\OneDrive\Desktop\Kern\data\processed\features\Zalando_Sans_300italic.npz,52,ok,
Zalando_Sans_italic,C:\Users\angel\OneDrive\Desktop\Kern\data\processed\features\Zalando_Sans_italic.npz,52,ok,
Zalando_Sans_500italic,C:\Users\angel\OneDrive\Desktop\Kern\data\processed\features\Zalando_Sans_500italic.npz,52,ok,
Zalando_Sans_600italic,C:\Users\angel\OneDrive\Desktop\Kern\data\processed\features\Zalando_Sans_600italic.npz,52,ok,
Zalando_Sans_700italic,C:\Users\angel\OneDrive\Desktop\Kern\data\processed\features\Zalando_Sans_700italic.npz,52,ok,
Zalando_Sans_800italic,C:\Users\angel\OneDrive\Desktop\Kern\data\processed\features\Zalando_Sans_800italic.npz,52,ok,
Zalando_Sans_900italic,C:\Users\angel\OneDrive\Desktop\Kern\data\processed\features\Zalando_Sans_900italic.npz,52,ok,
Bellota_Text_300,C:\Users\angel\OneDrive\Desktop\Kern\data\processed\features\Bellota_Text_300.npz,52,ok,
Bellota_Text_300italic,C:\Users\angel\OneDrive\Desktop\Kern\data\processed\features\Bellota_Text_300italic.npz,52,ok,
Bellota_Text_regular,C:\Users\angel\OneDrive\Desktop\Kern\data\processed\features\Bellota_Text_regular.npz,52,ok,
Bellota_Text_italic,C:\Users\angel\OneDrive\Desktop\Kern\data\processed\features\Bellota_Text_italic.npz,52,ok,
Bellota_Text_700,C:\Users\angel\OneDrive\Desktop\Kern\data\processed\features\Bellota_Text_700.npz,52,ok,
Bellota_Text_700italic,C:\Users\angel\OneDrive\Desktop\Kern\data\processed\features\Bellota_Text_700italic.npz,52,ok,
ZCOOL_XiaoWei_regular,C:\Users\angel\OneDrive\Desktop\Kern\data\processed\features\ZCOOL_XiaoWei_regular.npz,52,ok,
BioRhyme_200,C:\Users\angel\OneDrive\Desktop\Kern\data\processed\features\BioRhyme_200.npz,52,ok,
BioRhyme_300,C:\Users\angel\OneDrive\Desktop\Kern\data\processed\features\BioRhyme_300.npz,52,ok,
BioRhyme_regular,C:\Users\angel\OneDrive\Desktop\Kern\data\processed\features\BioRhyme_regular.npz,52,ok,
BioRhyme_500,C:\Users\angel\OneDrive\Desktop\Kern\data\processed\features\BioRhyme_500.npz,52,ok,
BioRhyme_600,C:\Users\angel\OneDrive\Desktop\Kern\data\processed\features\BioRhyme_600.npz,52,ok,
BioRhyme_700,C:\Users\angel\OneDrive\Desktop\Kern\data\processed\features\BioRhyme_700.npz,52,ok,
BioRhyme_800,C:\Users\angel\OneDrive\Desktop\Kern\data\processed\features\BioRhyme_800.npz,52,ok,
Coming_Soon_regular,C:\Users\angel\OneDrive\Desktop\Kern\data\processed\features\Coming_Soon_regular.npz,52,ok,
Honk_regular,C:\Users\angel\OneDrive\Desktop\Kern\data\processed\features\Honk_regular.npz,52,ok,
Qwitcher_Grypen_regular,C:\Users\angel\OneDrive\Desktop\Kern\data\processed\features\Qwitcher_Grypen_regular.npz,52,ok,
Qwitcher_Grypen_700,C:\Users\angel\OneDrive\Desktop\Kern\data\processed\features\Qwitcher_Grypen_700.npz,52,ok,
Over_the_Rainbow_regular,C:\Users\angel\OneDrive\Desktop\Kern\data\processed\features\Over_the_Rainbow_regular.npz,52,ok,
ZCOOL_KuaiLe_regular,C:\Users\angel\OneDrive\Desktop\Kern\data\processed\features\ZCOOL_KuaiLe_regular.npz,52,ok,
Delius_Unicase_regular,C:\Users\angel\OneDrive\Desktop\Kern\data\processed\features\Delius_Unicase_regular.npz,52,ok,
Delius_Unicase_700,C:\Users\angel\OneDrive\Desktop\Kern\data\processed\features\Delius_Unicase_700.npz,52,ok,
Yusei_Magic_regular,C:\Users\angel\OneDrive\Desktop\Kern\data\processed\features\Yusei_Magic_regular.npz,52,ok,
IBM_Plex_Sans_Hebrew_100,C:\Users\angel\OneDrive\Desktop\Kern\data\processed\features\IBM_Plex_Sans_Hebrew_100.npz,52,ok,
IBM_Plex_Sans_Hebrew_200,C:\Users\angel\OneDrive\Desktop\Kern\data\processed\features\IBM_Plex_Sans_Hebrew_200.npz,52,ok,
IBM_Plex_Sans_Hebrew_300,C:\Users\angel\OneDrive\Desktop\Kern\data\processed\features\IBM_Plex_Sans_Hebrew_300.npz,52,ok,
IBM_Plex_Sans_Hebrew_regular,C:\Users\angel\OneDrive\Desktop\Kern\data\processed\features\IBM_Plex_Sans_Hebrew_regular.npz,52,ok,
IBM_Plex_Sans_Hebrew_500,C:\Users\angel\OneDrive\Desktop\Kern\data\processed\features\IBM_Plex_Sans_Hebrew_500.npz,52,ok,
IBM_Plex_Sans_Hebrew_600,C:\Users\angel\OneDrive\Desktop\Kern\data\processed\features\IBM_Plex_Sans_Hebrew_600.npz,52,ok,
IBM_Plex_Sans_Hebrew_700,C:\Users\angel\OneDrive\Desktop\Kern\data\processed\features\IBM_Plex_Sans_Hebrew_700.npz,52,ok,
Halant_300,C:\Users\angel\OneDrive\Desktop\Kern\data\processed\features\Halant_300.npz,52,ok,
Halant_regular,C:\Users\angel\OneDrive\Desktop\Kern\data\processed\features\Halant_regular.npz,52,ok,
Halant_500,C:\Users\angel\OneDrive\Desktop\Kern\data\processed\features\Halant_500.npz,52,ok,
Halant_600,C:\Users\angel\OneDrive\Desktop\Kern\data\processed\features\Halant_600.npz,52,ok,
Halant_700,C:\Users\angel\OneDrive\Desktop\Kern\data\processed\features\Halant_700.npz,52,ok,
Zen_Dots_regular,C:\Users\angel\OneDrive\Desktop\Kern\data\processed\features\Zen_Dots_regular.npz,52,ok,
Noto_Sans_Oriya_100,C:\Users\angel\OneDrive\Desktop\Kern\data\processed\features\Noto_Sans_Oriya_100.npz,52,ok,
Noto_Sans_Oriya_200,C:\Users\angel\OneDrive\Desktop\Kern\data\processed\features\Noto_Sans_Oriya_200.npz,52,ok,
Noto_Sans_Oriya_300,C:\Users\angel\OneDrive\Desktop\Kern\data\processed\features\Noto_Sans_Oriya_300.npz,52,ok,
Noto_Sans_Oriya_regular,C:\Users\angel\OneDrive\Desktop\Kern\data\processed\features\Noto_Sans_Oriya_regular.npz,52,ok,
Noto_Sans_Oriya_500,C:\Users\angel\OneDrive\Desktop\Kern\data\processed\features\Noto_Sans_Oriya_500.npz,52,ok,
Noto_Sans_Oriya_600,C:\Users\angel\OneDrive\Desktop\Kern\data\processed\features\Noto_Sans_Oriya_600.npz,52,ok,
Noto_Sans_Oriya_700,C:\Users\angel\OneDrive\Desktop\Kern\data\processed\features\Noto_Sans_Oriya_700.npz,52,ok,
Noto_Sans_Oriya_800,C:\Users\angel\OneDrive\Desktop\Kern\data\processed\features\Noto_Sans_Oriya_800.npz,52,ok,
Noto_Sans_Oriya_900,C:\Users\angel\OneDrive\Desktop\Kern\data\processed\features\Noto_Sans_Oriya_900.npz,52,ok,
Noto_Serif_Hebrew_100,C:\Users\angel\OneDrive\Desktop\Kern\data\processed\features\Noto_Serif_Hebrew_100.npz,52,ok,
Noto_Serif_Hebrew_200,C:\Users\angel\OneDrive\Desktop\Kern\data\processed\features\Noto_Serif_Hebrew_200.npz,52,ok,
Noto_Serif_Hebrew_300,C:\Users\angel\OneDrive\Desktop\Kern\data\processed\features\Noto_Serif_Hebrew_300.npz,52,ok,
Noto_Serif_Hebrew_regular,C:\Users\angel\OneDrive\Desktop\Kern\data\processed\features\Noto_Serif_Hebrew_regular.npz,52,ok,
Noto_Serif_Hebrew_500,C:\Users\angel\OneDrive\Desktop\Kern\data\processed\features\Noto_Serif_Hebrew_500.npz,52,ok,
Noto_Serif_Hebrew_600,C:\Users\angel\OneDrive\Desktop\Kern\data\processed\features\Noto_Serif_Hebrew_600.npz,52,ok,
Noto_Serif_Hebrew_700,C:\Users\angel\OneDrive\Desktop\Kern\data\processed\features\Noto_Serif_Hebrew_700.npz,52,ok,
Noto_Serif_Hebrew_800,C:\Users\angel\OneDrive\Desktop\Kern\data\processed\features\Noto_Serif_Hebrew_800.npz,52,ok,
Noto_Serif_Hebrew_900,C:\Users\angel\OneDrive\Desktop\Kern\data\processed\features\Noto_Serif_Hebrew_900.npz,52,ok,
Average_Sans_regular,C:\Users\angel\OneDrive\Desktop\Kern\data\processed\features\Average_Sans_regular.npz,52,ok,
Zalando_Sans_Expanded_200,C:\Users\angel\OneDrive\Desktop\Kern\data\processed\features\Zalando_Sans_Expanded_200.npz,52,ok,
Zalando_Sans_Expanded_300,C:\Users\angel\OneDrive\Desktop\Kern\data\processed\features\Zalando_Sans_Expanded_300.npz,52,ok,
Zalando_Sans_Expanded_regular,C:\Users\angel\OneDrive\Desktop\Kern\data\processed\features\Zalando_Sans_Expanded_regular.npz,52,ok,
Zalando_Sans_Expanded_500,C:\Users\angel\OneDrive\Desktop\Kern\data\processed\features\Zalando_Sans_Expanded_500.npz,52,ok,
Zalando_Sans_Expanded_600,C:\Users\angel\OneDrive\Desktop\Kern\data\processed\features\Zalando_Sans_Expanded_600.npz,52,ok,
Zalando_Sans_Expanded_700,C:\Users\angel\OneDrive\Desktop\Kern\data\processed\features\Zalando_Sans_Expanded_700.npz,52,ok,
Zalando_Sans_Expanded_800,C:\Users\angel\OneDrive\Desktop\Kern\data\processed\features\Zalando_Sans_Expanded_800.npz,52,ok,
Zalando_Sans_Expanded_900,C:\Users\angel\OneDrive\Desktop\Kern\data\processed\features\Zalando_Sans_Expanded_900.npz,52,ok,
Zalando_Sans_Expanded_200italic,C:\Users\angel\OneDrive\Desktop\Kern\data\processed\features\Zalando_Sans_Expanded_200italic.npz,52,ok,
Zalando_Sans_Expanded_300italic,C:\Users\angel\OneDrive\Desktop\Kern\data\processed\features\Zalando_Sans_Expanded_300italic.npz,52,ok,
Zalando_Sans_Expanded_italic,C:\Users\angel\OneDrive\Desktop\Kern\data\processed\features\Zalando_Sans_Expanded_italic.npz,52,ok,
Zalando_Sans_Expanded_500italic,C:\Users\angel\OneDrive\Desktop\Kern\data\processed\features\Zalando_Sans_Expanded_500italic.npz,52,ok,
Zalando_Sans_Expanded_600italic,C:\Users\angel\OneDrive\Desktop\Kern\data\processed\features\Zalando_Sans_Expanded_600italic.npz,52,ok,
Zalando_Sans_Expanded_700italic,C:\Users\angel\OneDrive\Desktop\Kern\data\processed\features\Zalando_Sans_Expanded_700italic.npz,52,ok,
Zalando_Sans_Expanded_800italic,C:\Users\angel\OneDrive\Desktop\Kern\data\processed\features\Zalando_Sans_Expanded_800italic.npz,52,ok,
Zalando_Sans_Expanded_900italic,C:\Users\angel\OneDrive\Desktop\Kern\data\processed\features\Zalando_Sans_Expanded_900italic.npz,52,ok,
Macondo_regular,C:\Users\angel\OneDrive\Desktop\Kern\data\processed\features\Macondo_regular.npz,52,ok,
Cal_Sans_regular,C:\Users\angel\OneDrive\Desktop\Kern\data\processed\features\Cal_Sans_regular.npz,52,ok,
Rosario_300,C:\Users\angel\OneDrive\Desktop\Kern\data\processed\features\Rosario_300.npz,52,ok,
Rosario_regular,C:\Users\angel\OneDrive\Desktop\Kern\data\processed\features\Rosario_regular.npz,52,ok,
Rosario_500,C:\Users\angel\OneDrive\Desktop\Kern\data\processed\features\Rosario_500.npz,52,ok,
Rosario_600,C:\Users\angel\OneDrive\Desktop\Kern\data\processed\features\Rosario_600.npz,52,ok,
Rosario_700,C:\Users\angel\OneDrive\Desktop\Kern\data\processed\features\Rosario_700.npz,52,ok,
Rosario_300italic,C:\Users\angel\OneDrive\Desktop\Kern\data\processed\features\Rosario_300italic.npz,52,ok,
Rosario_italic,C:\Users\angel\OneDrive\Desktop\Kern\data\processed\features\Rosario_italic.npz,52,ok,
Rosario_500italic,C:\Users\angel\OneDrive\Desktop\Kern\data\processed\features\Rosario_500italic.npz,52,ok,
Rosario_600italic,C:\Users\angel\OneDrive\Desktop\Kern\data\processed\features\Rosario_600italic.npz,52,ok,
Rosario_700italic,C:\Users\angel\OneDrive\Desktop\Kern\data\processed\features\Rosario_700italic.npz,52,ok,
Sigmar_One_regular,C:\Users\angel\OneDrive\Desktop\Kern\data\processed\features\Sigmar_One_regular.npz,52,ok,
Allerta_regular,C:\Users\angel\OneDrive\Desktop\Kern\data\processed\features\Allerta_regular.npz,52,ok,
Noto_Sans_Warang_Citi_regular,C:\Users\angel\OneDrive\Desktop\Kern\data\processed\features\Noto_Sans_Warang_Citi_regular.npz,52,ok,
Monsieur_La_Doulaise_regular,C:\Users\angel\OneDrive\Desktop\Kern\data\processed\features\Monsieur_La_Doulaise_regular.npz,52,ok,
Noto_Serif_Devanagari_100,C:\Users\angel\OneDrive\Desktop\Kern\data\processed\features\Noto_Serif_Devanagari_100.npz,52,ok,
Noto_Serif_Devanagari_200,C:\Users\angel\OneDrive\Desktop\Kern\data\processed\features\Noto_Serif_Devanagari_200.npz,52,ok,
Noto_Serif_Devanagari_300,C:\Users\angel\OneDrive\Desktop\Kern\data\processed\features\Noto_Serif_Devanagari_300.npz,52,ok,
Noto_Serif_Devanagari_regular,C:\Users\angel\OneDrive\Desktop\Kern\data\processed\features\Noto_Serif_Devanagari_regular.npz,52,ok,
Noto_Serif_Devanagari_500,C:\Users\angel\OneDrive\Desktop\Kern\data\processed\features\Noto_Serif_Devanagari_500.npz,52,ok,
Noto_Serif_Devanagari_600,C:\Users\angel\OneDrive\Desktop\Kern\data\processed\features\Noto_Serif_Devanagari_600.npz,52,ok,
Noto_Serif_Devanagari_700,C:\Users\angel\OneDrive\Desktop\Kern\data\processed\features\Noto_Serif_Devanagari_700.npz,52,ok,
Noto_Serif_Devanagari_800,C:\Users\angel\OneDrive\Desktop\Kern\data\processed\features\Noto_Serif_Devanagari_800.npz,52,ok,
Noto_Serif_Devanagari_900,C:\Users\angel\OneDrive\Desktop\Kern\data\processed\features\Noto_Serif_Devanagari_900.npz,52,ok,
Agbalumo_regular,C:\Users\angel\OneDrive\Desktop\Kern\data\processed\features\Agbalumo_regular.npz,52,ok,
Turret_Road_200,C:\Users\angel\OneDrive\Desktop\Kern\data\processed\features\Turret_Road_200.npz,52,ok,
Turret_Road_300,C:\Users\angel\OneDrive\Desktop\Kern\data\processed\features\Turret_Road_300.npz,52,ok,
Turret_Road_regular,C:\Users\angel\OneDrive\Desktop\Kern\data\processed\features\Turret_Road_regular.npz,52,ok,
Turret_Road_500,C:\Users\angel\OneDrive\Desktop\Kern\data\processed\features\Turret_Road_500.npz,52,ok,
Turret_Road_700,C:\Users\angel\OneDrive\Desktop\Kern\data\processed\features\Turret_Road_700.npz,52,ok,
Turret_Road_800,C:\Users\angel\OneDrive\Desktop\Kern\data\processed\features\Turret_Road_800.npz,52,ok,
Love_Ya_Like_A_Sister_regular,C:\Users\angel\OneDrive\Desktop\Kern\data\processed\features\Love_Ya_Like_A_Sister_regular.npz,52,ok,
Fuzzy_Bubbles_regular,C:\Users\angel\OneDrive\Desktop\Kern\data\processed\features\Fuzzy_Bubbles_regular.npz,52,ok,
Fuzzy_Bubbles_700,C:\Users\angel\OneDrive\Desktop\Kern\data\processed\features\Fuzzy_Bubbles_700.npz,52,ok,
Baloo_Thambi_2_regular,C:\Users\angel\OneDrive\Desktop\Kern\data\processed\features\Baloo_Thambi_2_regular.npz,52,ok,
Baloo_Thambi_2_500,C:\Users\angel\OneDrive\Desktop\Kern\data\processed\features\Baloo_Thambi_2_500.npz,52,ok,
Baloo_Thambi_2_600,C:\Users\angel\OneDrive\Desktop\Kern\data\processed\features\Baloo_Thambi_2_600.npz,52,ok,
Baloo_Thambi_2_700,C:\Users\angel\OneDrive\Desktop\Kern\data\processed\features\Baloo_Thambi_2_700.npz,52,ok,
Baloo_Thambi_2_800,C:\Users\angel\OneDrive\Desktop\Kern\data\processed\features\Baloo_Thambi_2_800.npz,52,ok,
Inria_Sans_300,C:\Users\angel\OneDrive\Desktop\Kern\data\processed\features\Inria_Sans_300.npz,52,ok,
Inria_Sans_300italic,C:\Users\angel\OneDrive\Desktop\Kern\data\processed\features\Inria_Sans_300italic.npz,52,ok,
Inria_Sans_regular,C:\Users\angel\OneDrive\Desktop\Kern\data\processed\features\Inria_Sans_regular.npz,52,ok,
Inria_Sans_italic,C:\Users\angel\OneDrive\Desktop\Kern\data\processed\features\Inria_Sans_italic.npz,52,ok,
Inria_Sans_700,C:\Users\angel\OneDrive\Desktop\Kern\data\processed\features\Inria_Sans_700.npz,52,ok,
Inria_Sans_700italic,C:\Users\angel\OneDrive\Desktop\Kern\data\processed\features\Inria_Sans_700italic.npz,52,ok,
Megrim_regular,C:\Users\angel\OneDrive\Desktop\Kern\data\processed\features\Megrim_regular.npz,52,ok,
Vujahday_Script_regular,C:\Users\angel\OneDrive\Desktop\Kern\data\processed\features\Vujahday_Script_regular.npz,52,ok,
Maitree_200,C:\Users\angel\OneDrive\Desktop\Kern\data\processed\features\Maitree_200.npz,52,ok,
Maitree_300,C:\Users\angel\OneDrive\Desktop\Kern\data\processed\features\Maitree_300.npz,52,ok,
Maitree_regular,C:\Users\angel\OneDrive\Desktop\Kern\data\processed\features\Maitree_regular.npz,52,ok,
Maitree_500,C:\Users\angel\OneDrive\Desktop\Kern\data\processed\features\Maitree_500.npz,52,ok,
Maitree_600,C:\Users\angel\OneDrive\Desktop\Kern\data\processed\features\Maitree_600.npz,52,ok,
Maitree_700,C:\Users\angel\OneDrive\Desktop\Kern\data\processed\features\Maitree_700.npz,52,ok,
Noto_Sans_Armenian_100,C:\Users\angel\OneDrive\Desktop\Kern\data\processed\features\Noto_Sans_Armenian_100.npz,52,ok,
Noto_Sans_Armenian_200,C:\Users\angel\OneDrive\Desktop\Kern\data\processed\features\Noto_Sans_Armenian_200.npz,52,ok,
Noto_Sans_Armenian_300,C:\Users\angel\OneDrive\Desktop\Kern\data\processed\features\Noto_Sans_Armenian_300.npz,52,ok,
Noto_Sans_Armenian_regular,C:\Users\angel\OneDrive\Desktop\Kern\data\processed\features\Noto_Sans_Armenian_regular.npz,52,ok,
Noto_Sans_Armenian_500,C:\Users\angel\OneDrive\Desktop\Kern\data\processed\features\Noto_Sans_Armenian_500.npz,52,ok,
Noto_Sans_Armenian_600,C:\Users\angel\OneDrive\Desktop\Kern\data\processed\features\Noto_Sans_Armenian_600.npz,52,ok,
Noto_Sans_Armenian_700,C:\Users\angel\OneDrive\Desktop\Kern\data\processed\features\Noto_Sans_Armenian_700.npz,52,ok,
Noto_Sans_Armenian_800,C:\Users\angel\OneDrive\Desktop\Kern\data\processed\features\Noto_Sans_Armenian_800.npz,52,ok,
Noto_Sans_Armenian_900,C:\Users\angel\OneDrive\Desktop\Kern\data\processed\features\Noto_Sans_Armenian_900.npz,52,ok,
Waiting_for_the_Sunrise_regular,C:\Users\angel\OneDrive\Desktop\Kern\data\processed\features\Waiting_for_the_Sunrise_regular.npz,52,ok,
Kantumruy_Pro_100,C:\Users\angel\OneDrive\Desktop\Kern\data\processed\features\Kantumruy_Pro_100.npz,52,ok,
Kantumruy_Pro_200,C:\Users\angel\OneDrive\Desktop\Kern\data\processed\features\Kantumruy_Pro_200.npz,52,ok,
Kantumruy_Pro_300,C:\Users\angel\OneDrive\Desktop\Kern\data\processed\features\Kantumruy_Pro_300.npz,52,ok,
Kantumruy_Pro_regular,C:\Users\angel\OneDrive\Desktop\Kern\data\processed\features\Kantumruy_Pro_regular.npz,52,ok,
Kantumruy_Pro_500,C:\Users\angel\OneDrive\Desktop\Kern\data\processed\features\Kantumruy_Pro_500.npz,52,ok,
Kantumruy_Pro_600,C:\Users\angel\OneDrive\Desktop\Kern\data\processed\features\Kantumruy_Pro_600.npz,52,ok,
Kantumruy_Pro_700,C:\Users\angel\OneDrive\Desktop\Kern\data\processed\features\Kantumruy_Pro_700.npz,52,ok,
Kantumruy_Pro_100italic,C:\Users\angel\OneDrive\Desktop\Kern\data\processed\features\Kantumruy_Pro_100italic.npz,52,ok,
Kantumruy_Pro_200italic,C:\Users\angel\OneDrive\Desktop\Kern\data\processed\features\Kantumruy_Pro_200italic.npz,52,ok,
Kantumruy_Pro_300italic,C:\Users\angel\OneDrive\Desktop\Kern\data\processed\features\Kantumruy_Pro_300italic.npz,52,ok,
Kantumruy_Pro_italic,C:\Users\angel\OneDrive\Desktop\Kern\data\processed\features\Kantumruy_Pro_italic.npz,52,ok,
Kantumruy_Pro_500italic,C:\Users\angel\OneDrive\Desktop\Kern\data\processed\features\Kantumruy_Pro_500italic.npz,52,ok,
Kantumruy_Pro_600italic,C:\Users\angel\OneDrive\Desktop\Kern\data\processed\features\Kantumruy_Pro_600italic.npz,52,ok,
Kantumruy_Pro_700italic,C:\Users\angel\OneDrive\Desktop\Kern\data\processed\features\Kantumruy_Pro_700italic.npz,52,ok,
Tilt_Neon_regular,C:\Users\angel\OneDrive\Desktop\Kern\data\processed\features\Tilt_Neon_regular.npz,52,ok,
Amiko_regular,C:\Users\angel\OneDrive\Desktop\Kern\data\processed\features\Amiko_regular.npz,52,ok,
Amiko_600,C:\Users\angel\OneDrive\Desktop\Kern\data\processed\features\Amiko_600.npz,52,ok,
Amiko_700,C:\Users\angel\OneDrive\Desktop\Kern\data\processed\features\Amiko_700.npz,52,ok,
Yesteryear_regular,C:\Users\angel\OneDrive\Desktop\Kern\data\processed\features\Yesteryear_regular.npz,52,ok,
Anybody_100,C:\Users\angel\OneDrive\Desktop\Kern\data\processed\features\Anybody_100.npz,52,ok,
Anybody_200,C:\Users\angel\OneDrive\Desktop\Kern\data\processed\features\Anybody_200.npz,52,ok,
Anybody_300,C:\Users\angel\OneDrive\Desktop\Kern\data\processed\features\Anybody_300.npz,52,ok,
Anybody_regular,C:\Users\angel\OneDrive\Desktop\Kern\data\processed\features\Anybody_regular.npz,52,ok,
Anybody_500,C:\Users\angel\OneDrive\Desktop\Kern\data\processed\features\Anybody_500.npz,52,ok,
Anybody_600,C:\Users\angel\OneDrive\Desktop\Kern\data\processed\features\Anybody_600.npz,52,ok,
Anybody_700,C:\Users\angel\OneDrive\Desktop\Kern\data\processed\features\Anybody_700.npz,52,ok,
Anybody_800,C:\Users\angel\OneDrive\Desktop\Kern\data\processed\features\Anybody_800.npz,52,ok,
Anybody_900,C:\Users\angel\OneDrive\Desktop\Kern\data\processed\features\Anybody_900.npz,52,ok,
Anybody_100italic,C:\Users\angel\OneDrive\Desktop\Kern\data\processed\features\Anybody_100italic.npz,52,ok,
Anybody_200italic,C:\Users\angel\OneDrive\Desktop\Kern\data\processed\features\Anybody_200italic.npz,52,ok,
Anybody_300italic,C:\Users\angel\OneDrive\Desktop\Kern\data\processed\features\Anybody_300italic.npz,52,ok,
Anybody_italic,C:\Users\angel\OneDrive\Desktop\Kern\data\processed\features\Anybody_italic.npz,52,ok,
Anybody_500italic,C:\Users\angel\OneDrive\Desktop\Kern\data\processed\features\Anybody_500italic.npz,52,ok,
Anybody_600italic,C:\Users\angel\OneDrive\Desktop\Kern\data\processed\features\Anybody_600italic.npz,52,ok,
Anybody_700italic,C:\Users\angel\OneDrive\Desktop\Kern\data\processed\features\Anybody_700italic.npz,52,ok,
Anybody_800italic,C:\Users\angel\OneDrive\Desktop\Kern\data\processed\features\Anybody_800italic.npz,52,ok,
Anybody_900italic,C:\Users\angel\OneDrive\Desktop\Kern\data\processed\features\Anybody_900italic.npz,52,ok,
Bokor_regular,C:\Users\angel\OneDrive\Desktop\Kern\data\processed\features\Bokor_regular.npz,52,ok,
Poetsen_One_regular,C:\Users\angel\OneDrive\Desktop\Kern\data\processed\features\Poetsen_One_regular.npz,52,ok,
Hedvig_Letters_Serif_regular,C:\Users\angel\OneDrive\Desktop\Kern\data\processed\features\Hedvig_Letters_Serif_regular.npz,52,ok,
Recursive_300,C:\Users\angel\OneDrive\Desktop\Kern\data\processed\features\Recursive_300.npz,52,ok,
Recursive_regular,C:\Users\angel\OneDrive\Desktop\Kern\data\processed\features\Recursive_regular.npz,52,ok,
Recursive_500,C:\Users\angel\OneDrive\Desktop\Kern\data\processed\features\Recursive_500.npz,52,ok,
Recursive_600,C:\Users\angel\OneDrive\Desktop\Kern\data\processed\features\Recursive_600.npz,52,ok,
Recursive_700,C:\Users\angel\OneDrive\Desktop\Kern\data\processed\features\Recursive_700.npz,52,ok,
Recursive_800,C:\Users\angel\OneDrive\Desktop\Kern\data\processed\features\Recursive_800.npz,52,ok,
Recursive_900,C:\Users\angel\OneDrive\Desktop\Kern\data\processed\features\Recursive_900.npz,52,ok,
Bentham_regular,C:\Users\angel\OneDrive\Desktop\Kern\data\processed\features\Bentham_regular.npz,52,ok,
Meddon_regular,C:\Users\angel\OneDrive\Desktop\Kern\data\processed\features\Meddon_regular.npz,52,ok,
Marvel_regular,C:\Users\angel\OneDrive\Desktop\Kern\data\processed\features\Marvel_regular.npz,52,ok,
Marvel_italic,C:\Users\angel\OneDrive\Desktop\Kern\data\processed\features\Marvel_italic.npz,52,ok,
Marvel_700,C:\Users\angel\OneDrive\Desktop\Kern\data\processed\features\Marvel_700.npz,52,ok,
Marvel_700italic,C:\Users\angel\OneDrive\Desktop\Kern\data\processed\features\Marvel_700italic.npz,52,ok,
Magra_regular,C:\Users\angel\OneDrive\Desktop\Kern\data\processed\features\Magra_regular.npz,52,ok,
Magra_700,C:\Users\angel\OneDrive\Desktop\Kern\data\processed\features\Magra_700.npz,52,ok,
Hurricane_regular,C:\Users\angel\OneDrive\Desktop\Kern\data\processed\features\Hurricane_regular.npz,52,ok,
IM_Fell_English_SC_regular,C:\Users\angel\OneDrive\Desktop\Kern\data\processed\features\IM_Fell_English_SC_regular.npz,52,ok,
Chiron_GoRound_TC_200,C:\Users\angel\OneDrive\Desktop\Kern\data\processed\features\Chiron_GoRound_TC_200.npz,52,ok,
Chiron_GoRound_TC_300,C:\Users\angel\OneDrive\Desktop\Kern\data\processed\features\Chiron_GoRound_TC_300.npz,52,ok,
Chiron_GoRound_TC_regular,C:\Users\angel\OneDrive\Desktop\Kern\data\processed\features\Chiron_GoRound_TC_regular.npz,52,ok,
Chiron_GoRound_TC_500,C:\Users\angel\OneDrive\Desktop\Kern\data\processed\features\Chiron_GoRound_TC_500.npz,52,ok,
Chiron_GoRound_TC_600,C:\Users\angel\OneDrive\Desktop\Kern\data\processed\features\Chiron_GoRound_TC_600.npz,52,ok,
Chiron_GoRound_TC_700,C:\Users\angel\OneDrive\Desktop\Kern\data\processed\features\Chiron_GoRound_TC_700.npz,52,ok,
Chiron_GoRound_TC_800,C:\Users\angel\OneDrive\Desktop\Kern\data\processed\features\Chiron_GoRound_TC_800.npz,52,ok,
Chiron_GoRound_TC_900,C:\Users\angel\OneDrive\Desktop\Kern\data\processed\features\Chiron_GoRound_TC_900.npz,52,ok,
Overlock_regular,C:\Users\angel\OneDrive\Desktop\Kern\data\processed\features\Overlock_regular.npz,52,ok,
Overlock_italic,C:\Users\angel\OneDrive\Desktop\Kern\data\processed\features\Overlock_italic.npz,52,ok,
Overlock_700,C:\Users\angel\OneDrive\Desktop\Kern\data\processed\features\Overlock_700.npz,52,ok,
Overlock_700italic,C:\Users\angel\OneDrive\Desktop\Kern\data\processed\features\Overlock_700italic.npz,52,ok,
Overlock_900,C:\Users\angel\OneDrive\Desktop\Kern\data\processed\features\Overlock_900.npz,52,ok,
Overlock_900italic,C:\Users\angel\OneDrive\Desktop\Kern\data\processed\features\Overlock_900italic.npz,52,ok,
Flow_Circular_regular,C:\Users\angel\OneDrive\Desktop\Kern\data\processed\features\Flow_Circular_regular.npz,52,ok,
MedievalSharp_regular,C:\Users\angel\OneDrive\Desktop\Kern\data\processed\features\MedievalSharp_regular.npz,52,ok,
Bayon_regular,C:\Users\angel\OneDrive\Desktop\Kern\data\processed\features\Bayon_regular.npz,52,ok,
Meow_Script_regular,C:\Users\angel\OneDrive\Desktop\Kern\data\processed\features\Meow_Script_regular.npz,52,ok,
Corinthia_regular,C:\Users\angel\OneDrive\Desktop\Kern\data\processed\features\Corinthia_regular.npz,52,ok,
Corinthia_700,C:\Users\angel\OneDrive\Desktop\Kern\data\processed\features\Corinthia_700.npz,52,ok,
Zain_200,C:\Users\angel\OneDrive\Desktop\Kern\data\processed\features\Zain_200.npz,52,ok,
Zain_300,C:\Users\angel\OneDrive\Desktop\Kern\data\processed\features\Zain_300.npz,52,ok,
Zain_300italic,C:\Users\angel\OneDrive\Desktop\Kern\data\processed\features\Zain_300italic.npz,52,ok,
Zain_regular,C:\Users\angel\OneDrive\Desktop\Kern\data\processed\features\Zain_regular.npz,52,ok,
Zain_italic,C:\Users\angel\OneDrive\Desktop\Kern\data\processed\features\Zain_italic.npz,52,ok,
Zain_700,C:\Users\angel\OneDrive\Desktop\Kern\data\processed\features\Zain_700.npz,52,ok,
Zain_800,C:\Users\angel\OneDrive\Desktop\Kern\data\processed\features\Zain_800.npz,52,ok,
Zain_900,C:\Users\angel\OneDrive\Desktop\Kern\data\processed\features\Zain_900.npz,52,ok,
Koulen_regular,C:\Users\angel\OneDrive\Desktop\Kern\data\processed\features\Koulen_regular.npz,52,ok,
Zalando_Sans_SemiExpanded_200,C:\Users\angel\OneDrive\Desktop\Kern\data\processed\features\Zalando_Sans_SemiExpanded_200.npz,52,ok,
Zalando_Sans_SemiExpanded_300,C:\Users\angel\OneDrive\Desktop\Kern\data\processed\features\Zalando_Sans_SemiExpanded_300.npz,52,ok,
Zalando_Sans_SemiExpanded_regular,C:\Users\angel\OneDrive\Desktop\Kern\data\processed\features\Zalando_Sans_SemiExpanded_regular.npz,52,ok,
Zalando_Sans_SemiExpanded_500,C:\Users\angel\OneDrive\Desktop\Kern\data\processed\features\Zalando_Sans_SemiExpanded_500.npz,52,ok,
Zalando_Sans_SemiExpanded_600,C:\Users\angel\OneDrive\Desktop\Kern\data\processed\features\Zalando_Sans_SemiExpanded_600.npz,52,ok,
Zalando_Sans_SemiExpanded_700,C:\Users\angel\OneDrive\Desktop\Kern\data\processed\features\Zalando_Sans_SemiExpanded_700.npz,52,ok,
Zalando_Sans_SemiExpanded_800,C:\Users\angel\OneDrive\Desktop\Kern\data\processed\features\Zalando_Sans_SemiExpanded_800.npz,52,ok,
Zalando_Sans_SemiExpanded_900,C:\Users\angel\OneDrive\Desktop\Kern\data\processed\features\Zalando_Sans_SemiExpanded_900.npz,52,ok,
Zalando_Sans_SemiExpanded_200italic,C:\Users\angel\OneDrive\Desktop\Kern\data\processed\features\Zalando_Sans_SemiExpanded_200italic.npz,52,ok,
Zalando_Sans_SemiExpanded_300italic,C:\Users\angel\OneDrive\Desktop\Kern\data\processed\features\Zalando_Sans_SemiExpanded_300italic.npz,52,ok,
Zalando_Sans_SemiExpanded_italic,C:\Users\angel\OneDrive\Desktop\Kern\data\processed\features\Zalando_Sans_SemiExpanded_italic.npz,52,ok,
Zalando_Sans_SemiExpanded_500italic,C:\Users\angel\OneDrive\Desktop\Kern\data\processed\features\Zalando_Sans_SemiExpanded_500italic.npz,52,ok,
Zalando_Sans_SemiExpanded_600italic,C:\Users\angel\OneDrive\Desktop\Kern\data\processed\features\Zalando_Sans_SemiExpanded_600italic.npz,52,ok,
Zalando_Sans_SemiExpanded_700italic,C:\Users\angel\OneDrive\Desktop\Kern\data\processed\features\Zalando_Sans_SemiExpanded_700italic.npz,52,ok,
Zalando_Sans_SemiExpanded_800italic,C:\Users\angel\OneDrive\Desktop\Kern\data\processed\features\Zalando_Sans_SemiExpanded_800italic.npz,52,ok,
Zalando_Sans_SemiExpanded_900italic,C:\Users\angel\OneDrive\Desktop\Kern\data\processed\features\Zalando_Sans_SemiExpanded_900italic.npz,52,ok,
Mouse_Memoirs_regular,C:\Users\angel\OneDrive\Desktop\Kern\data\processed\features\Mouse_Memoirs_regular.npz,52,ok,
Tiro_Devanagari_Hindi_regular,C:\Users\angel\OneDrive\Desktop\Kern\data\processed\features\Tiro_Devanagari_Hindi_regular.npz,52,ok,
Tiro_Devanagari_Hindi_italic,C:\Users\angel\OneDrive\Desktop\Kern\data\processed\features\Tiro_Devanagari_Hindi_italic.npz,52,ok,
Hanuman_100,C:\Users\angel\OneDrive\Desktop\Kern\data\processed\features\Hanuman_100.npz,52,ok,
Hanuman_200,C:\Users\angel\OneDrive\Desktop\Kern\data\processed\features\Hanuman_200.npz,52,ok,
Hanuman_300,C:\Users\angel\OneDrive\Desktop\Kern\data\processed\features\Hanuman_300.npz,52,ok,
Hanuman_regular,C:\Users\angel\OneDrive\Desktop\Kern\data\processed\features\Hanuman_regular.npz,52,ok,
Hanuman_500,C:\Users\angel\OneDrive\Desktop\Kern\data\processed\features\Hanuman_500.npz,52,ok,
Hanuman_600,C:\Users\angel\OneDrive\Desktop\Kern\data\processed\features\Hanuman_600.npz,52,ok,
Hanuman_700,C:\Users\angel\OneDrive\Desktop\Kern\data\processed\features\Hanuman_700.npz,52,ok,
Hanuman_800,C:\Users\angel\OneDrive\Desktop\Kern\data\processed\features\Hanuman_800.npz,52,ok,
Hanuman_900,C:\Users\angel\OneDrive\Desktop\Kern\data\processed\features\Hanuman_900.npz,52,ok,
ZCOOL_QingKe_HuangYou_regular,C:\Users\angel\OneDrive\Desktop\Kern\data\processed\features\ZCOOL_QingKe_HuangYou_regular.npz,52,ok,
Playpen_Sans_100,C:\Users\angel\OneDrive\Desktop\Kern\data\processed\features\Playpen_Sans_100.npz,52,ok,
Playpen_Sans_200,C:\Users\angel\OneDrive\Desktop\Kern\data\processed\features\Playpen_Sans_200.npz,52,ok,
Playpen_Sans_300,C:\Users\angel\OneDrive\Desktop\Kern\data\processed\features\Playpen_Sans_300.npz,52,ok,
Playpen_Sans_regular,C:\Users\angel\OneDrive\Desktop\Kern\data\processed\features\Playpen_Sans_regular.npz,52,ok,
Playpen_Sans_500,C:\Users\angel\OneDrive\Desktop\Kern\data\processed\features\Playpen_Sans_500.npz,52,ok,
Playpen_Sans_600,C:\Users\angel\OneDrive\Desktop\Kern\data\processed\features\Playpen_Sans_600.npz,52,ok,
Playpen_Sans_700,C:\Users\angel\OneDrive\Desktop\Kern\data\processed\features\Playpen_Sans_700.npz,52,ok,
Playpen_Sans_800,C:\Users\angel\OneDrive\Desktop\Kern\data\processed\features\Playpen_Sans_800.npz,52,ok,
Scada_regular,C:\Users\angel\OneDrive\Desktop\Kern\data\processed\features\Scada_regular.npz,52,ok,
Scada_italic,C:\Users\angel\OneDrive\Desktop\Kern\data\processed\features\Scada_italic.npz,52,ok,
Scada_700,C:\Users\angel\OneDrive\Desktop\Kern\data\processed\features\Scada_700.npz,52,ok,
Scada_700italic,C:\Users\angel\OneDrive\Desktop\Kern\data\processed\features\Scada_700italic.npz,52,ok,
Mountains_of_Christmas_regular,C:\Users\angel\OneDrive\Desktop\Kern\data\processed\features\Mountains_of_Christmas_regular.npz,52,ok,
Mountains_of_Christmas_700,C:\Users\angel\OneDrive\Desktop\Kern\data\processed\features\Mountains_of_Christmas_700.npz,52,ok,
Zen_Antique_regular,C:\Users\angel\OneDrive\Desktop\Kern\data\processed\features\Zen_Antique_regular.npz,52,ok,
Irish_Grover_regular,C:\Users\angel\OneDrive\Desktop\Kern\data\processed\features\Irish_Grover_regular.npz,52,ok,
Mansalva_regular,C:\Users\angel\OneDrive\Desktop\Kern\data\processed\features\Mansalva_regular.npz,52,ok,
Rochester_regular,C:\Users\angel\OneDrive\Desktop\Kern\data\processed\features\Rochester_regular.npz,52,ok,
Metamorphous_regular,C:\Users\angel\OneDrive\Desktop\Kern\data\processed\features\Metamorphous_regular.npz,52,ok,
Bubblegum_Sans_regular,C:\Users\angel\OneDrive\Desktop\Kern\data\processed\features\Bubblegum_Sans_regular.npz,52,ok,
Copse_regular,C:\Users\angel\OneDrive\Desktop\Kern\data\processed\features\Copse_regular.npz,52,ok,
Red_Rose_300,C:\Users\angel\OneDrive\Desktop\Kern\data\processed\features\Red_Rose_300.npz,52,ok,
Red_Rose_regular,C:\Users\angel\OneDrive\Desktop\Kern\data\processed\features\Red_Rose_regular.npz,52,ok,
Red_Rose_500,C:\Users\angel\OneDrive\Desktop\Kern\data\processed\features\Red_Rose_500.npz,52,ok,
Red_Rose_600,C:\Users\angel\OneDrive\Desktop\Kern\data\processed\features\Red_Rose_600.npz,52,ok,
Red_Rose_700,C:\Users\angel\OneDrive\Desktop\Kern\data\processed\features\Red_Rose_700.npz,52,ok,
Hahmlet_100,C:\Users\angel\OneDrive\Desktop\Kern\data\processed\features\Hahmlet_100.npz,52,ok,
Hahmlet_200,C:\Users\angel\OneDrive\Desktop\Kern\data\processed\features\Hahmlet_200.npz,52,ok,
Hahmlet_300,C:\Users\angel\OneDrive\Desktop\Kern\data\processed\features\Hahmlet_300.npz,52,ok,
Hahmlet_regular,C:\Users\angel\OneDrive\Desktop\Kern\data\processed\features\Hahmlet_regular.npz,52,ok,
Hahmlet_500,C:\Users\angel\OneDrive\Desktop\Kern\data\processed\features\Hahmlet_500.npz,52,ok,
Hahmlet_600,C:\Users\angel\OneDrive\Desktop\Kern\data\processed\features\Hahmlet_600.npz,52,ok,
Hahmlet_700,C:\Users\angel\OneDrive\Desktop\Kern\data\processed\features\Hahmlet_700.npz,52,ok,
Hahmlet_800,C:\Users\angel\OneDrive\Desktop\Kern\data\processed\features\Hahmlet_800.npz,52,ok,
Hahmlet_900,C:\Users\angel\OneDrive\Desktop\Kern\data\processed\features\Hahmlet_900.npz,52,ok,
Marmelad_regular,C:\Users\angel\OneDrive\Desktop\Kern\data\processed\features\Marmelad_regular.npz,52,ok,
Farro_300,C:\Users\angel\OneDrive\Desktop\Kern\data\processed\features\Farro_300.npz,52,ok,
Farro_regular,C:\Users\angel\OneDrive\Desktop\Kern\data\processed\features\Farro_regular.npz,52,ok,
Farro_500,C:\Users\angel\OneDrive\Desktop\Kern\data\processed\features\Farro_500.npz,52,ok,
Farro_700,C:\Users\angel\OneDrive\Desktop\Kern\data\processed\features\Farro_700.npz,52,ok,
Rakkas_regular,C:\Users\angel\OneDrive\Desktop\Kern\data\processed\features\Rakkas_regular.npz,52,ok,
David_Libre_regular,C:\Users\angel\OneDrive\Desktop\Kern\data\processed\features\David_Libre_regular.npz,52,ok,
David_Libre_500,C:\Users\angel\OneDrive\Desktop\Kern\data\processed\features\David_Libre_500.npz,52,ok,
David_Libre_700,C:\Users\angel\OneDrive\Desktop\Kern\data\processed\features\David_Libre_700.npz,52,ok,
Kadwa_regular,C:\Users\angel\OneDrive\Desktop\Kern\data\processed\features\Kadwa_regular.npz,52,ok,
Kadwa_700,C:\Users\angel\OneDrive\Desktop\Kern\data\processed\features\Kadwa_700.npz,52,ok,
Rouge_Script_regular,C:\Users\angel\OneDrive\Desktop\Kern\data\processed\features\Rouge_Script_regular.npz,52,ok,
Prosto_One_regular,C:\Users\angel\OneDrive\Desktop\Kern\data\processed\features\Prosto_One_regular.npz,52,ok,
Manjari_100,C:\Users\angel\OneDrive\Desktop\Kern\data\processed\features\Manjari_100.npz,52,ok,
Manjari_regular,C:\Users\angel\OneDrive\Desktop\Kern\data\processed\features\Manjari_regular.npz,52,ok,
Manjari_700,C:\Users\angel\OneDrive\Desktop\Kern\data\processed\features\Manjari_700.npz,52,ok,
Nova_Square_regular,C:\Users\angel\OneDrive\Desktop\Kern\data\processed\features\Nova_Square_regular.npz,52,ok,
KoHo_200,C:\Users\angel\OneDrive\Desktop\Kern\data\processed\features\KoHo_200.npz,52,ok,
KoHo_200italic,C:\Users\angel\OneDrive\Desktop\Kern\data\processed\features\KoHo_200italic.npz,52,ok,
KoHo_300,C:\Users\angel\OneDrive\Desktop\Kern\data\processed\features\KoHo_300.npz,52,ok,
KoHo_300italic,C:\Users\angel\OneDrive\Desktop\Kern\data\processed\features\KoHo_300italic.npz,52,ok,
KoHo_regular,C:\Users\angel\OneDrive\Desktop\Kern\data\processed\features\KoHo_regular.npz,52,ok,
KoHo_italic,C:\Users\angel\OneDrive\Desktop\Kern\data\processed\features\KoHo_italic.npz,52,ok,
KoHo_500,C:\Users\angel\OneDrive\Desktop\Kern\data\processed\features\KoHo_500.npz,52,ok,
KoHo_500italic,C:\Users\angel\OneDrive\Desktop\Kern\data\processed\features\KoHo_500italic.npz,52,ok,
KoHo_600,C:\Users\angel\OneDrive\Desktop\Kern\data\processed\features\KoHo_600.npz,52,ok,
KoHo_600italic,C:\Users\angel\OneDrive\Desktop\Kern\data\processed\features\KoHo_600italic.npz,52,ok,
KoHo_700,C:\Users\angel\OneDrive\Desktop\Kern\data\processed\features\KoHo_700.npz,52,ok,
KoHo_700italic,C:\Users\angel\OneDrive\Desktop\Kern\data\processed\features\KoHo_700italic.npz,52,ok,
Noto_Sans_Thai_Looped_100,C:\Users\angel\OneDrive\Desktop\Kern\data\processed\features\Noto_Sans_Thai_Looped_100.npz,52,ok,
Noto_Sans_Thai_Looped_200,C:\Users\angel\OneDrive\Desktop\Kern\data\processed\features\Noto_Sans_Thai_Looped_200.npz,52,ok,
Noto_Sans_Thai_Looped_300,C:\Users\angel\OneDrive\Desktop\Kern\data\processed\features\Noto_Sans_Thai_Looped_300.npz,52,ok,
Noto_Sans_Thai_Looped_regular,C:\Users\angel\OneDrive\Desktop\Kern\data\processed\features\Noto_Sans_Thai_Looped_regular.npz,52,ok,
Noto_Sans_Thai_Looped_500,C:\Users\angel\OneDrive\Desktop\Kern\data\processed\features\Noto_Sans_Thai_Looped_500.npz,52,ok,
Noto_Sans_Thai_Looped_600,C:\Users\angel\OneDrive\Desktop\Kern\data\processed\features\Noto_Sans_Thai_Looped_600.npz,52,ok,
Noto_Sans_Thai_Looped_700,C:\Users\angel\OneDrive\Desktop\Kern\data\processed\features\Noto_Sans_Thai_Looped_700.npz,52,ok,
Noto_Sans_Thai_Looped_800,C:\Users\angel\OneDrive\Desktop\Kern\data\processed\features\Noto_Sans_Thai_Looped_800.npz,52,ok,
Noto_Sans_Thai_Looped_900,C:\Users\angel\OneDrive\Desktop\Kern\data\processed\features\Noto_Sans_Thai_Looped_900.npz,52,ok,
Boldonse_regular,C:\Users\angel\OneDrive\Desktop\Kern\data\processed\features\Boldonse_regular.npz,52,ok,
Supermercado_One_regular,C:\Users\angel\OneDrive\Desktop\Kern\data\processed\features\Supermercado_One_regular.npz,52,ok,
Gowun_Dodum_regular,C:\Users\angel\OneDrive\Desktop\Kern\data\processed\features\Gowun_Dodum_regular.npz,52,ok,
Bungee_Spice_regular,C:\Users\angel\OneDrive\Desktop\Kern\data\processed\features\Bungee_Spice_regular.npz,52,ok,
B612_regular,C:\Users\angel\OneDrive\Desktop\Kern\data\processed\features\B612_regular.npz,52,ok,
B612_italic,C:\Users\angel\OneDrive\Desktop\Kern\data\processed\features\B612_italic.npz,52,ok,
B612_700,C:\Users\angel\OneDrive\Desktop\Kern\data\processed\features\B612_700.npz,52,ok,
B612_700italic,C:\Users\angel\OneDrive\Desktop\Kern\data\processed\features\B612_700italic.npz,52,ok,
Gabriela_regular,C:\Users\angel\OneDrive\Desktop\Kern\data\processed\features\Gabriela_regular.npz,52,ok,
Bungee_Inline_regular,C:\Users\angel\OneDrive\Desktop\Kern\data\processed\features\Bungee_Inline_regular.npz,52,ok,
Asar_regular,C:\Users\angel\OneDrive\Desktop\Kern\data\processed\features\Asar_regular.npz,52,ok,
Baloo_Chettan_2_regular,C:\Users\angel\OneDrive\Desktop\Kern\data\processed\features\Baloo_Chettan_2_regular.npz,52,ok,
Baloo_Chettan_2_500,C:\Users\angel\OneDrive\Desktop\Kern\data\processed\features\Baloo_Chettan_2_500.npz,52,ok,
Baloo_Chettan_2_600,C:\Users\angel\OneDrive\Desktop\Kern\data\processed\features\Baloo_Chettan_2_600.npz,52,ok,
Baloo_Chettan_2_700,C:\Users\angel\OneDrive\Desktop\Kern\data\processed\features\Baloo_Chettan_2_700.npz,52,ok,
Baloo_Chettan_2_800,C:\Users\angel\OneDrive\Desktop\Kern\data\processed\features\Baloo_Chettan_2_800.npz,52,ok,
Baloo_Tamma_2_regular,C:\Users\angel\OneDrive\Desktop\Kern\data\processed\features\Baloo_Tamma_2_regular.npz,52,ok,
Baloo_Tamma_2_500,C:\Users\angel\OneDrive\Desktop\Kern\data\processed\features\Baloo_Tamma_2_500.npz,52,ok,
Baloo_Tamma_2_600,C:\Users\angel\OneDrive\Desktop\Kern\data\processed\features\Baloo_Tamma_2_600.npz,52,ok,
Baloo_Tamma_2_700,C:\Users\angel\OneDrive\Desktop\Kern\data\processed\features\Baloo_Tamma_2_700.npz,52,ok,
Baloo_Tamma_2_800,C:\Users\angel\OneDrive\Desktop\Kern\data\processed\features\Baloo_Tamma_2_800.npz,52,ok,
Qwigley_regular,C:\Users\angel\OneDrive\Desktop\Kern\data\processed\features\Qwigley_regular.npz,52,ok,
Vesper_Libre_regular,C:\Users\angel\OneDrive\Desktop\Kern\data\processed\features\Vesper_Libre_regular.npz,52,ok,
Vesper_Libre_500,C:\Users\angel\OneDrive\Desktop\Kern\data\processed\features\Vesper_Libre_500.npz,52,ok,
Vesper_Libre_700,C:\Users\angel\OneDrive\Desktop\Kern\data\processed\features\Vesper_Libre_700.npz,52,ok,
Vesper_Libre_900,C:\Users\angel\OneDrive\Desktop\Kern\data\processed\features\Vesper_Libre_900.npz,52,ok,
Birthstone_regular,C:\Users\angel\OneDrive\Desktop\Kern\data\processed\features\Birthstone_regular.npz,52,ok,
Give_You_Glory_regular,C:\Users\angel\OneDrive\Desktop\Kern\data\processed\features\Give_You_Glory_regular.npz,52,ok,
Baloo_Bhaijaan_2_regular,C:\Users\angel\OneDrive\Desktop\Kern\data\processed\features\Baloo_Bhaijaan_2_regular.npz,52,ok,
Baloo_Bhaijaan_2_500,C:\Users\angel\OneDrive\Desktop\Kern\data\processed\features\Baloo_Bhaijaan_2_500.npz,52,ok,
Baloo_Bhaijaan_2_600,C:\Users\angel\OneDrive\Desktop\Kern\data\processed\features\Baloo_Bhaijaan_2_600.npz,52,ok,
Baloo_Bhaijaan_2_700,C:\Users\angel\OneDrive\Desktop\Kern\data\processed\features\Baloo_Bhaijaan_2_700.npz,52,ok,
Baloo_Bhaijaan_2_800,C:\Users\angel\OneDrive\Desktop\Kern\data\processed\features\Baloo_Bhaijaan_2_800.npz,52,ok,
Scheherazade_New_regular,C:\Users\angel\OneDrive\Desktop\Kern\data\processed\features\Scheherazade_New_regular.npz,52,ok,
Scheherazade_New_500,C:\Users\angel\OneDrive\Desktop\Kern\data\processed\features\Scheherazade_New_500.npz,52,ok,
Scheherazade_New_600,C:\Users\angel\OneDrive\Desktop\Kern\data\processed\features\Scheherazade_New_600.npz,52,ok,
Scheherazade_New_700,C:\Users\angel\OneDrive\Desktop\Kern\data\processed\features\Scheherazade_New_700.npz,52,ok,
Akatab_regular,C:\Users\angel\OneDrive\Desktop\Kern\data\processed\features\Akatab_regular.npz,52,ok,
Akatab_500,C:\Users\angel\OneDrive\Desktop\Kern\data\processed\features\Akatab_500.npz,52,ok,
Akatab_600,C:\Users\angel\OneDrive\Desktop\Kern\data\processed\features\Akatab_600.npz,52,ok,
Akatab_700,C:\Users\angel\OneDrive\Desktop\Kern\data\processed\features\Akatab_700.npz,52,ok,
Akatab_800,C:\Users\angel\OneDrive\Desktop\Kern\data\processed\features\Akatab_800.npz,52,ok,
Akatab_900,C:\Users\angel\OneDrive\Desktop\Kern\data\processed\features\Akatab_900.npz,52,ok,
Miriam_Libre_regular,C:\Users\angel\OneDrive\Desktop\Kern\data\processed\features\Miriam_Libre_regular.npz,52,ok,
Miriam_Libre_500,C:\Users\angel\OneDrive\Desktop\Kern\data\processed\features\Miriam_Libre_500.npz,52,ok,
Miriam_Libre_600,C:\Users\angel\OneDrive\Desktop\Kern\data\processed\features\Miriam_Libre_600.npz,52,ok,
Miriam_Libre_700,C:\Users\angel\OneDrive\Desktop\Kern\data\processed\features\Miriam_Libre_700.npz,52,ok,
Ruslan_Display_regular,C:\Users\angel\OneDrive\Desktop\Kern\data\processed\features\Ruslan_Display_regular.npz,52,ok,
Kaisei_Opti_regular,C:\Users\angel\OneDrive\Desktop\Kern\data\processed\features\Kaisei_Opti_regular.npz,52,ok,
Kaisei_Opti_500,C:\Users\angel\OneDrive\Desktop\Kern\data\processed\features\Kaisei_Opti_500.npz,52,ok,
Kaisei_Opti_700,C:\Users\angel\OneDrive\Desktop\Kern\data\processed\features\Kaisei_Opti_700.npz,52,ok,
Oleo_Script_Swash_Caps_regular,C:\Users\angel\OneDrive\Desktop\Kern\data\processed\features\Oleo_Script_Swash_Caps_regular.npz,52,ok,
Oleo_Script_Swash_Caps_700,C:\Users\angel\OneDrive\Desktop\Kern\data\processed\features\Oleo_Script_Swash_Caps_700.npz,52,ok,
Battambang_100,C:\Users\angel\OneDrive\Desktop\Kern\data\processed\features\Battambang_100.npz,52,ok,
Battambang_300,C:\Users\angel\OneDrive\Desktop\Kern\data\processed\features\Battambang_300.npz,52,ok,
Battambang_regular,C:\Users\angel\OneDrive\Desktop\Kern\data\processed\features\Battambang_regular.npz,52,ok,
Battambang_700,C:\Users\angel\OneDrive\Desktop\Kern\data\processed\features\Battambang_700.npz,52,ok,
Battambang_900,C:\Users\angel\OneDrive\Desktop\Kern\data\processed\features\Battambang_900.npz,52,ok,
Rambla_regular,C:\Users\angel\OneDrive\Desktop\Kern\data\processed\features\Rambla_regular.npz,52,ok,
Rambla_italic,C:\Users\angel\OneDrive\Desktop\Kern\data\processed\features\Rambla_italic.npz,52,ok,
Rambla_700,C:\Users\angel\OneDrive\Desktop\Kern\data\processed\features\Rambla_700.npz,52,ok,
Rambla_700italic,C:\Users\angel\OneDrive\Desktop\Kern\data\processed\features\Rambla_700italic.npz,52,ok,
Aguafina_Script_regular,C:\Users\angel\OneDrive\Desktop\Kern\data\processed\features\Aguafina_Script_regular.npz,52,ok,
Rasa_300,C:\Users\angel\OneDrive\Desktop\Kern\data\processed\features\Rasa_300.npz,52,ok,
Rasa_regular,C:\Users\angel\OneDrive\Desktop\Kern\data\processed\features\Rasa_regular.npz,52,ok,
Rasa_500,C:\Users\angel\OneDrive\Desktop\Kern\data\processed\features\Rasa_500.npz,52,ok,
Rasa_600,C:\Users\angel\OneDrive\Desktop\Kern\data\processed\features\Rasa_600.npz,52,ok,
Rasa_700,C:\Users\angel\OneDrive\Desktop\Kern\data\processed\features\Rasa_700.npz,52,ok,
Rasa_300italic,C:\Users\angel\OneDrive\Desktop\Kern\data\processed\features\Rasa_300italic.npz,52,ok,
Rasa_italic,C:\Users\angel\OneDrive\Desktop\Kern\data\processed\features\Rasa_italic.npz,52,ok,
Rasa_500italic,C:\Users\angel\OneDrive\Desktop\Kern\data\processed\features\Rasa_500italic.npz,52,ok,
Rasa_600italic,C:\Users\angel\OneDrive\Desktop\Kern\data\processed\features\Rasa_600italic.npz,52,ok,
Rasa_700italic,C:\Users\angel\OneDrive\Desktop\Kern\data\processed\features\Rasa_700italic.npz,52,ok,
Jockey_One_regular,C:\Users\angel\OneDrive\Desktop\Kern\data\processed\features\Jockey_One_regular.npz,52,ok,
Croissant_One_regular,C:\Users\angel\OneDrive\Desktop\Kern\data\processed\features\Croissant_One_regular.npz,52,ok,
Teachers_regular,C:\Users\angel\OneDrive\Desktop\Kern\data\processed\features\Teachers_regular.npz,52,ok,
Teachers_500,C:\Users\angel\OneDrive\Desktop\Kern\data\processed\features\Teachers_500.npz,52,ok,
Teachers_600,C:\Users\angel\OneDrive\Desktop\Kern\data\processed\features\Teachers_600.npz,52,ok,
Teachers_700,C:\Users\angel\OneDrive\Desktop\Kern\data\processed\features\Teachers_700.npz,52,ok,
Teachers_800,C:\Users\angel\OneDrive\Desktop\Kern\data\processed\features\Teachers_800.npz,52,ok,
Teachers_italic,C:\Users\angel\OneDrive\Desktop\Kern\data\processed\features\Teachers_italic.npz,52,ok,
Teachers_500italic,C:\Users\angel\OneDrive\Desktop\Kern\data\processed\features\Teachers_500italic.npz,52,ok,
Teachers_600italic,C:\Users\angel\OneDrive\Desktop\Kern\data\processed\features\Teachers_600italic.npz,52,ok,
Teachers_700italic,C:\Users\angel\OneDrive\Desktop\Kern\data\processed\features\Teachers_700italic.npz,52,ok,
Teachers_800italic,C:\Users\angel\OneDrive\Desktop\Kern\data\processed\features\Teachers_800italic.npz,52,ok,
Noto_Sans_Ol_Chiki_regular,C:\Users\angel\OneDrive\Desktop\Kern\data\processed\features\Noto_Sans_Ol_Chiki_regular.npz,52,ok,
Noto_Sans_Ol_Chiki_500,C:\Users\angel\OneDrive\Desktop\Kern\data\processed\features\Noto_Sans_Ol_Chiki_500.npz,52,ok,
Noto_Sans_Ol_Chiki_600,C:\Users\angel\OneDrive\Desktop\Kern\data\processed\features\Noto_Sans_Ol_Chiki_600.npz,52,ok,
Noto_Sans_Ol_Chiki_700,C:\Users\angel\OneDrive\Desktop\Kern\data\processed\features\Noto_Sans_Ol_Chiki_700.npz,52,ok,
Platypi_300,C:\Users\angel\OneDrive\Desktop\Kern\data\processed\features\Platypi_300.npz,52,ok,
Platypi_regular,C:\Users\angel\OneDrive\Desktop\Kern\data\processed\features\Platypi_regular.npz,52,ok,
Platypi_500,C:\Users\angel\OneDrive\Desktop\Kern\data\processed\features\Platypi_500.npz,52,ok,
Platypi_600,C:\Users\angel\OneDrive\Desktop\Kern\data\processed\features\Platypi_600.npz,52,ok,
Platypi_700,C:\Users\angel\OneDrive\Desktop\Kern\data\processed\features\Platypi_700.npz,52,ok,
Platypi_800,C:\Users\angel\OneDrive\Desktop\Kern\data\processed\features\Platypi_800.npz,52,ok,
Platypi_300italic,C:\Users\angel\OneDrive\Desktop\Kern\data\processed\features\Platypi_300italic.npz,52,ok,
Platypi_italic,C:\Users\angel\OneDrive\Desktop\Kern\data\processed\features\Platypi_italic.npz,52,ok,
Platypi_500italic,C:\Users\angel\OneDrive\Desktop\Kern\data\processed\features\Platypi_500italic.npz,52,ok,
Platypi_600italic,C:\Users\angel\OneDrive\Desktop\Kern\data\processed\features\Platypi_600italic.npz,52,ok,
Platypi_700italic,C:\Users\angel\OneDrive\Desktop\Kern\data\processed\features\Platypi_700italic.npz,52,ok,
Platypi_800italic,C:\Users\angel\OneDrive\Desktop\Kern\data\processed\features\Platypi_800italic.npz,52,ok,
TikTok_Sans_300,C:\Users\angel\OneDrive\Desktop\Kern\data\processed\features\TikTok_Sans_300.npz,52,ok,
TikTok_Sans_regular,C:\Users\angel\OneDrive\Desktop\Kern\data\processed\features\TikTok_Sans_regular.npz,52,ok,
TikTok_Sans_500,C:\Users\angel\OneDrive\Desktop\Kern\data\processed\features\TikTok_Sans_500.npz,52,ok,
TikTok_Sans_600,C:\Users\angel\OneDrive\Desktop\Kern\data\processed\features\TikTok_Sans_600.npz,52,ok,
TikTok_Sans_700,C:\Users\angel\OneDrive\Desktop\Kern\data\processed\features\TikTok_Sans_700.npz,52,ok,
TikTok_Sans_800,C:\Users\angel\OneDrive\Desktop\Kern\data\processed\features\TikTok_Sans_800.npz,52,ok,
TikTok_Sans_900,C:\Users\angel\OneDrive\Desktop\Kern\data\processed\features\TikTok_Sans_900.npz,52,ok,
Mr_De_Haviland_regular,C:\Users\angel\OneDrive\Desktop\Kern\data\processed\features\Mr_De_Haviland_regular.npz,52,ok,
Kurale_regular,C:\Users\angel\OneDrive\Desktop\Kern\data\processed\features\Kurale_regular.npz,52,ok,
Slackey_regular,C:\Users\angel\OneDrive\Desktop\Kern\data\processed\features\Slackey_regular.npz,52,ok,
Vibur_regular,C:\Users\angel\OneDrive\Desktop\Kern\data\processed\features\Vibur_regular.npz,52,ok,
Average_regular,C:\Users\angel\OneDrive\Desktop\Kern\data\processed\features\Average_regular.npz,52,ok,
Coustard_regular,C:\Users\angel\OneDrive\Desktop\Kern\data\processed\features\Coustard_regular.npz,52,ok,
Coustard_900,C:\Users\angel\OneDrive\Desktop\Kern\data\processed\features\Coustard_900.npz,52,ok,
Carrois_Gothic_regular,C:\Users\angel\OneDrive\Desktop\Kern\data\processed\features\Carrois_Gothic_regular.npz,52,ok,
Asul_regular,C:\Users\angel\OneDrive\Desktop\Kern\data\processed\features\Asul_regular.npz,52,ok,
Asul_700,C:\Users\angel\OneDrive\Desktop\Kern\data\processed\features\Asul_700.npz,52,ok,
Yuji_Syuku_regular,C:\Users\angel\OneDrive\Desktop\Kern\data\processed\features\Yuji_Syuku_regular.npz,52,ok,
Shantell_Sans_300,C:\Users\angel\OneDrive\Desktop\Kern\data\processed\features\Shantell_Sans_300.npz,52,ok,
Shantell_Sans_regular,C:\Users\angel\OneDrive\Desktop\Kern\data\processed\features\Shantell_Sans_regular.npz,52,ok,
Shantell_Sans_500,C:\Users\angel\OneDrive\Desktop\Kern\data\processed\features\Shantell_Sans_500.npz,52,ok,
Shantell_Sans_600,C:\Users\angel\OneDrive\Desktop\Kern\data\processed\features\Shantell_Sans_600.npz,52,ok,
Shantell_Sans_700,C:\Users\angel\OneDrive\Desktop\Kern\data\processed\features\Shantell_Sans_700.npz,52,ok,
Shantell_Sans_800,C:\Users\angel\OneDrive\Desktop\Kern\data\processed\features\Shantell_Sans_800.npz,52,ok,
Shantell_Sans_300italic,C:\Users\angel\OneDrive\Desktop\Kern\data\processed\features\Shantell_Sans_300italic.npz,52,ok,
Shantell_Sans_italic,C:\Users\angel\OneDrive\Desktop\Kern\data\processed\features\Shantell_Sans_italic.npz,52,ok,
Shantell_Sans_500italic,C:\Users\angel\OneDrive\Desktop\Kern\data\processed\features\Shantell_Sans_500italic.npz,52,ok,
Shantell_Sans_600italic,C:\Users\angel\OneDrive\Desktop\Kern\data\processed\features\Shantell_Sans_600italic.npz,52,ok,
Shantell_Sans_700italic,C:\Users\angel\OneDrive\Desktop\Kern\data\processed\features\Shantell_Sans_700italic.npz,52,ok,
Shantell_Sans_800italic,C:\Users\angel\OneDrive\Desktop\Kern\data\processed\features\Shantell_Sans_800italic.npz,52,ok,
Inclusive_Sans_300,C:\Users\angel\OneDrive\Desktop\Kern\data\processed\features\Inclusive_Sans_300.npz,52,ok,
Inclusive_Sans_regular,C:\Users\angel\OneDrive\Desktop\Kern\data\processed\features\Inclusive_Sans_regular.npz,52,ok,
Inclusive_Sans_500,C:\Users\angel\OneDrive\Desktop\Kern\data\processed\features\Inclusive_Sans_500.npz,52,ok,
Inclusive_Sans_600,C:\Users\angel\OneDrive\Desktop\Kern\data\processed\features\Inclusive_Sans_600.npz,52,ok,
Inclusive_Sans_700,C:\Users\angel\OneDrive\Desktop\Kern\data\processed\features\Inclusive_Sans_700.npz,52,ok,
Inclusive_Sans_300italic,C:\Users\angel\OneDrive\Desktop\Kern\data\processed\features\Inclusive_Sans_300italic.npz,52,ok,
Inclusive_Sans_italic,C:\Users\angel\OneDrive\Desktop\Kern\data\processed\features\Inclusive_Sans_italic.npz,52,ok,
Inclusive_Sans_500italic,C:\Users\angel\OneDrive\Desktop\Kern\data\processed\features\Inclusive_Sans_500italic.npz,52,ok,
Inclusive_Sans_600italic,C:\Users\angel\OneDrive\Desktop\Kern\data\processed\features\Inclusive_Sans_600italic.npz,52,ok,
Inclusive_Sans_700italic,C:\Users\angel\OneDrive\Desktop\Kern\data\processed\features\Inclusive_Sans_700italic.npz,52,ok,
Beth_Ellen_regular,C:\Users\angel\OneDrive\Desktop\Kern\data\processed\features\Beth_Ellen_regular.npz,52,ok,
IM_Fell_DW_Pica_regular,C:\Users\angel\OneDrive\Desktop\Kern\data\processed\features\IM_Fell_DW_Pica_regular.npz,52,ok,
IM_Fell_DW_Pica_italic,C:\Users\angel\OneDrive\Desktop\Kern\data\processed\features\IM_Fell_DW_Pica_italic.npz,52,ok,
Quando_regular,C:\Users\angel\OneDrive\Desktop\Kern\data\processed\features\Quando_regular.npz,52,ok,
Sue_Ellen_Francisco_regular,C:\Users\angel\OneDrive\Desktop\Kern\data\processed\features\Sue_Ellen_Francisco_regular.npz,52,ok,
Reddit_Sans_Condensed_200,C:\Users\angel\OneDrive\Desktop\Kern\data\processed\features\Reddit_Sans_Condensed_200.npz,52,ok,
Reddit_Sans_Condensed_300,C:\Users\angel\OneDrive\Desktop\Kern\data\processed\features\Reddit_Sans_Condensed_300.npz,52,ok,
Reddit_Sans_Condensed_regular,C:\Users\angel\OneDrive\Desktop\Kern\data\processed\features\Reddit_Sans_Condensed_regular.npz,52,ok,
Reddit_Sans_Condensed_500,C:\Users\angel\OneDrive\Desktop\Kern\data\processed\features\Reddit_Sans_Condensed_500.npz,52,ok,
Reddit_Sans_Condensed_600,C:\Users\angel\OneDrive\Desktop\Kern\data\processed\features\Reddit_Sans_Condensed_600.npz,52,ok,
Reddit_Sans_Condensed_700,C:\Users\angel\OneDrive\Desktop\Kern\data\processed\features\Reddit_Sans_Condensed_700.npz,52,ok,
Reddit_Sans_Condensed_800,C:\Users\angel\OneDrive\Desktop\Kern\data\processed\features\Reddit_Sans_Condensed_800.npz,52,ok,
Reddit_Sans_Condensed_900,C:\Users\angel\OneDrive\Desktop\Kern\data\processed\features\Reddit_Sans_Condensed_900.npz,52,ok,
Cherry_Bomb_One_regular,C:\Users\angel\OneDrive\Desktop\Kern\data\processed\features\Cherry_Bomb_One_regular.npz,52,ok,
Kodchasan_200,C:\Users\angel\OneDrive\Desktop\Kern\data\processed\features\Kodchasan_200.npz,52,ok,
Kodchasan_200italic,C:\Users\angel\OneDrive\Desktop\Kern\data\processed\features\Kodchasan_200italic.npz,52,ok,
Kodchasan_300,C:\Users\angel\OneDrive\Desktop\Kern\data\processed\features\Kodchasan_300.npz,52,ok,
Kodchasan_300italic,C:\Users\angel\OneDrive\Desktop\Kern\data\processed\features\Kodchasan_300italic.npz,52,ok,
Kodchasan_regular,C:\Users\angel\OneDrive\Desktop\Kern\data\processed\features\Kodchasan_regular.npz,52,ok,
Kodchasan_italic,C:\Users\angel\OneDrive\Desktop\Kern\data\processed\features\Kodchasan_italic.npz,52,ok,
Kodchasan_500,C:\Users\angel\OneDrive\Desktop\Kern\data\processed\features\Kodchasan_500.npz,52,ok,
Kodchasan_500italic,C:\Users\angel\OneDrive\Desktop\Kern\data\processed\features\Kodchasan_500italic.npz,52,ok,
Kodchasan_600,C:\Users\angel\OneDrive\Desktop\Kern\data\processed\features\Kodchasan_600.npz,52,ok,
Kodchasan_600italic,C:\Users\angel\OneDrive\Desktop\Kern\data\processed\features\Kodchasan_600italic.npz,52,ok,
Kodchasan_700,C:\Users\angel\OneDrive\Desktop\Kern\data\processed\features\Kodchasan_700.npz,52,ok,
Kodchasan_700italic,C:\Users\angel\OneDrive\Desktop\Kern\data\processed\features\Kodchasan_700italic.npz,52,ok,
Gaegu_300,C:\Users\angel\OneDrive\Desktop\Kern\data\processed\features\Gaegu_300.npz,52,ok,
Gaegu_regular,C:\Users\angel\OneDrive\Desktop\Kern\data\processed\features\Gaegu_regular.npz,52,ok,
Gaegu_700,C:\Users\angel\OneDrive\Desktop\Kern\data\processed\features\Gaegu_700.npz,52,ok,
Slabo_13px_regular,C:\Users\angel\OneDrive\Desktop\Kern\data\processed\features\Slabo_13px_regular.npz,52,ok,
Aref_Ruqaa_regular,C:\Users\angel\OneDrive\Desktop\Kern\data\processed\features\Aref_Ruqaa_regular.npz,52,ok,
Aref_Ruqaa_700,C:\Users\angel\OneDrive\Desktop\Kern\data\processed\features\Aref_Ruqaa_700.npz,52,ok,
Baloo_Bhai_2_regular,C:\Users\angel\OneDrive\Desktop\Kern\data\processed\features\Baloo_Bhai_2_regular.npz,52,ok,
Baloo_Bhai_2_500,C:\Users\angel\OneDrive\Desktop\Kern\data\processed\features\Baloo_Bhai_2_500.npz,52,ok,
Baloo_Bhai_2_600,C:\Users\angel\OneDrive\Desktop\Kern\data\processed\features\Baloo_Bhai_2_600.npz,52,ok,
Baloo_Bhai_2_700,C:\Users\angel\OneDrive\Desktop\Kern\data\processed\features\Baloo_Bhai_2_700.npz,52,ok,
Baloo_Bhai_2_800,C:\Users\angel\OneDrive\Desktop\Kern\data\processed\features\Baloo_Bhai_2_800.npz,52,ok,
Spectral_SC_200,C:\Users\angel\OneDrive\Desktop\Kern\data\processed\features\Spectral_SC_200.npz,52,ok,
Spectral_SC_200italic,C:\Users\angel\OneDrive\Desktop\Kern\data\processed\features\Spectral_SC_200italic.npz,52,ok,
Spectral_SC_300,C:\Users\angel\OneDrive\Desktop\Kern\data\processed\features\Spectral_SC_300.npz,52,ok,
Spectral_SC_300italic,C:\Users\angel\OneDrive\Desktop\Kern\data\processed\features\Spectral_SC_300italic.npz,52,ok,
Spectral_SC_regular,C:\Users\angel\OneDrive\Desktop\Kern\data\processed\features\Spectral_SC_regular.npz,52,ok,
Spectral_SC_italic,C:\Users\angel\OneDrive\Desktop\Kern\data\processed\features\Spectral_SC_italic.npz,52,ok,
Spectral_SC_500,C:\Users\angel\OneDrive\Desktop\Kern\data\processed\features\Spectral_SC_500.npz,52,ok,
Spectral_SC_500italic,C:\Users\angel\OneDrive\Desktop\Kern\data\processed\features\Spectral_SC_500italic.npz,52,ok,
Spectral_SC_600,C:\Users\angel\OneDrive\Desktop\Kern\data\processed\features\Spectral_SC_600.npz,52,ok,
Spectral_SC_600italic,C:\Users\angel\OneDrive\Desktop\Kern\data\processed\features\Spectral_SC_600italic.npz,52,ok,
Spectral_SC_700,C:\Users\angel\OneDrive\Desktop\Kern\data\processed\features\Spectral_SC_700.npz,52,ok,
Spectral_SC_700italic,C:\Users\angel\OneDrive\Desktop\Kern\data\processed\features\Spectral_SC_700italic.npz,52,ok,
Spectral_SC_800,C:\Users\angel\OneDrive\Desktop\Kern\data\processed\features\Spectral_SC_800.npz,52,ok,
Spectral_SC_800italic,C:\Users\angel\OneDrive\Desktop\Kern\data\processed\features\Spectral_SC_800italic.npz,52,ok,
Voltaire_regular,C:\Users\angel\OneDrive\Desktop\Kern\data\processed\features\Voltaire_regular.npz,52,ok,
Alike_regular,C:\Users\angel\OneDrive\Desktop\Kern\data\processed\features\Alike_regular.npz,52,ok,
Fauna_One_regular,C:\Users\angel\OneDrive\Desktop\Kern\data\processed\features\Fauna_One_regular.npz,52,ok,
Finger_Paint_regular,C:\Users\angel\OneDrive\Desktop\Kern\data\processed\features\Finger_Paint_regular.npz,52,ok,
Cambay_regular,C:\Users\angel\OneDrive\Desktop\Kern\data\processed\features\Cambay_regular.npz,52,ok,
Cambay_italic,C:\Users\angel\OneDrive\Desktop\Kern\data\processed\features\Cambay_italic.npz,52,ok,
Cambay_700,C:\Users\angel\OneDrive\Desktop\Kern\data\processed\features\Cambay_700.npz,52,ok,
Cambay_700italic,C:\Users\angel\OneDrive\Desktop\Kern\data\processed\features\Cambay_700italic.npz,52,ok,
Sunflower_300,C:\Users\angel\OneDrive\Desktop\Kern\data\processed\features\Sunflower_300.npz,52,ok,
Sunflower_500,C:\Users\angel\OneDrive\Desktop\Kern\data\processed\features\Sunflower_500.npz,52,ok,
Sunflower_700,C:\Users\angel\OneDrive\Desktop\Kern\data\processed\features\Sunflower_700.npz,52,ok,
Trocchi_regular,C:\Users\angel\OneDrive\Desktop\Kern\data\processed\features\Trocchi_regular.npz,52,ok,
Rubik_Dirt_regular,C:\Users\angel\OneDrive\Desktop\Kern\data\processed\features\Rubik_Dirt_regular.npz,52,ok,
Gurajada_regular,C:\Users\angel\OneDrive\Desktop\Kern\data\processed\features\Gurajada_regular.npz,52,ok,
Bungee_Shade_regular,C:\Users\angel\OneDrive\Desktop\Kern\data\processed\features\Bungee_Shade_regular.npz,52,ok,
Galada_regular,C:\Users\angel\OneDrive\Desktop\Kern\data\processed\features\Galada_regular.npz,52,ok,
Contrail_One_regular,C:\Users\angel\OneDrive\Desktop\Kern\data\processed\features\Contrail_One_regular.npz,52,ok,
Sansita_Swashed_300,C:\Users\angel\OneDrive\Desktop\Kern\data\processed\features\Sansita_Swashed_300.npz,52,ok,
Sansita_Swashed_regular,C:\Users\angel\OneDrive\Desktop\Kern\data\processed\features\Sansita_Swashed_regular.npz,52,ok,
Sansita_Swashed_500,C:\Users\angel\OneDrive\Desktop\Kern\data\processed\features\Sansita_Swashed_500.npz,52,ok,
Sansita_Swashed_600,C:\Users\angel\OneDrive\Desktop\Kern\data\processed\features\Sansita_Swashed_600.npz,52,ok,
Sansita_Swashed_700,C:\Users\angel\OneDrive\Desktop\Kern\data\processed\features\Sansita_Swashed_700.npz,52,ok,
Sansita_Swashed_800,C:\Users\angel\OneDrive\Desktop\Kern\data\processed\features\Sansita_Swashed_800.npz,52,ok,
Sansita_Swashed_900,C:\Users\angel\OneDrive\Desktop\Kern\data\processed\features\Sansita_Swashed_900.npz,52,ok,
Bilbo_Swash_Caps_regular,C:\Users\angel\OneDrive\Desktop\Kern\data\processed\features\Bilbo_Swash_Caps_regular.npz,52,ok,
Walter_Turncoat_regular,C:\Users\angel\OneDrive\Desktop\Kern\data\processed\features\Walter_Turncoat_regular.npz,52,ok,
Gotu_regular,C:\Users\angel\OneDrive\Desktop\Kern\data\processed\features\Gotu_regular.npz,52,ok,
Inknut_Antiqua_300,C:\Users\angel\OneDrive\Desktop\Kern\data\processed\features\Inknut_Antiqua_300.npz,52,ok,
Inknut_Antiqua_regular,C:\Users\angel\OneDrive\Desktop\Kern\data\processed\features\Inknut_Antiqua_regular.npz,52,ok,
Inknut_Antiqua_500,C:\Users\angel\OneDrive\Desktop\Kern\data\processed\features\Inknut_Antiqua_500.npz,52,ok,
Inknut_Antiqua_600,C:\Users\angel\OneDrive\Desktop\Kern\data\processed\features\Inknut_Antiqua_600.npz,52,ok,
Inknut_Antiqua_700,C:\Users\angel\OneDrive\Desktop\Kern\data\processed\features\Inknut_Antiqua_700.npz,52,ok,
Inknut_Antiqua_800,C:\Users\angel\OneDrive\Desktop\Kern\data\processed\features\Inknut_Antiqua_800.npz,52,ok,
Inknut_Antiqua_900,C:\Users\angel\OneDrive\Desktop\Kern\data\processed\features\Inknut_Antiqua_900.npz,52,ok,
Mukta_Mahee_200,C:\Users\angel\OneDrive\Desktop\Kern\data\processed\features\Mukta_Mahee_200.npz,52,ok,
Mukta_Mahee_300,C:\Users\angel\OneDrive\Desktop\Kern\data\processed\features\Mukta_Mahee_300.npz,52,ok,
Mukta_Mahee_regular,C:\Users\angel\OneDrive\Desktop\Kern\data\processed\features\Mukta_Mahee_regular.npz,52,ok,
Mukta_Mahee_500,C:\Users\angel\OneDrive\Desktop\Kern\data\processed\features\Mukta_Mahee_500.npz,52,ok,
Mukta_Mahee_600,C:\Users\angel\OneDrive\Desktop\Kern\data\processed\features\Mukta_Mahee_600.npz,52,ok,
Mukta_Mahee_700,C:\Users\angel\OneDrive\Desktop\Kern\data\processed\features\Mukta_Mahee_700.npz,52,ok,
Mukta_Mahee_800,C:\Users\angel\OneDrive\Desktop\Kern\data\processed\features\Mukta_Mahee_800.npz,52,ok,
Della_Respira_regular,C:\Users\angel\OneDrive\Desktop\Kern\data\processed\features\Della_Respira_regular.npz,52,ok,
Jaldi_regular,C:\Users\angel\OneDrive\Desktop\Kern\data\processed\features\Jaldi_regular.npz,52,ok,
Jaldi_700,C:\Users\angel\OneDrive\Desktop\Kern\data\processed\features\Jaldi_700.npz,52,ok,
Square_Peg_regular,C:\Users\angel\OneDrive\Desktop\Kern\data\processed\features\Square_Peg_regular.npz,52,ok,
Rubik_Doodle_Shadow_regular,C:\Users\angel\OneDrive\Desktop\Kern\data\processed\features\Rubik_Doodle_Shadow_regular.npz,52,ok,
Tienne_regular,C:\Users\angel\OneDrive\Desktop\Kern\data\processed\features\Tienne_regular.npz,52,ok,
Tienne_700,C:\Users\angel\OneDrive\Desktop\Kern\data\processed\features\Tienne_700.npz,52,ok,
Tienne_900,C:\Users\angel\OneDrive\Desktop\Kern\data\processed\features\Tienne_900.npz,52,ok,
Comic_Relief_regular,C:\Users\angel\OneDrive\Desktop\Kern\data\processed\features\Comic_Relief_regular.npz,52,ok,
Comic_Relief_700,C:\Users\angel\OneDrive\Desktop\Kern\data\processed\features\Comic_Relief_700.npz,52,ok,
Padauk_regular,C:\Users\angel\OneDrive\Desktop\Kern\data\processed\features\Padauk_regular.npz,52,ok,
Padauk_700,C:\Users\angel\OneDrive\Desktop\Kern\data\processed\features\Padauk_700.npz,52,ok,
Viaoda_Libre_regular,C:\Users\angel\OneDrive\Desktop\Kern\data\processed\features\Viaoda_Libre_regular.npz,52,ok,
Fontdiner_Swanky_regular,C:\Users\angel\OneDrive\Desktop\Kern\data\processed\features\Fontdiner_Swanky_regular.npz,52,ok,
Sail_regular,C:\Users\angel\OneDrive\Desktop\Kern\data\processed\features\Sail_regular.npz,52,ok,
Piazzolla_100,C:\Users\angel\OneDrive\Desktop\Kern\data\processed\features\Piazzolla_100.npz,52,ok,
Piazzolla_200,C:\Users\angel\OneDrive\Desktop\Kern\data\processed\features\Piazzolla_200.npz,52,ok,
Piazzolla_300,C:\Users\angel\OneDrive\Desktop\Kern\data\processed\features\Piazzolla_300.npz,52,ok,
Piazzolla_regular,C:\Users\angel\OneDrive\Desktop\Kern\data\processed\features\Piazzolla_regular.npz,52,ok,
Piazzolla_500,C:\Users\angel\OneDrive\Desktop\Kern\data\processed\features\Piazzolla_500.npz,52,ok,
Piazzolla_600,C:\Users\angel\OneDrive\Desktop\Kern\data\processed\features\Piazzolla_600.npz,52,ok,
Piazzolla_700,C:\Users\angel\OneDrive\Desktop\Kern\data\processed\features\Piazzolla_700.npz,52,ok,
Piazzolla_800,C:\Users\angel\OneDrive\Desktop\Kern\data\processed\features\Piazzolla_800.npz,52,ok,
Piazzolla_900,C:\Users\angel\OneDrive\Desktop\Kern\data\processed\features\Piazzolla_900.npz,52,ok,
Piazzolla_100italic,C:\Users\angel\OneDrive\Desktop\Kern\data\processed\features\Piazzolla_100italic.npz,52,ok,
Piazzolla_200italic,C:\Users\angel\OneDrive\Desktop\Kern\data\processed\features\Piazzolla_200italic.npz,52,ok,
Piazzolla_300italic,C:\Users\angel\OneDrive\Desktop\Kern\data\processed\features\Piazzolla_300italic.npz,52,ok,
Piazzolla_italic,C:\Users\angel\OneDrive\Desktop\Kern\data\processed\features\Piazzolla_italic.npz,52,ok,
Piazzolla_500italic,C:\Users\angel\OneDrive\Desktop\Kern\data\processed\features\Piazzolla_500italic.npz,52,ok,
Piazzolla_600italic,C:\Users\angel\OneDrive\Desktop\Kern\data\processed\features\Piazzolla_600italic.npz,52,ok,
Piazzolla_700italic,C:\Users\angel\OneDrive\Desktop\Kern\data\processed\features\Piazzolla_700italic.npz,52,ok,
Piazzolla_800italic,C:\Users\angel\OneDrive\Desktop\Kern\data\processed\features\Piazzolla_800italic.npz,52,ok,
Piazzolla_900italic,C:\Users\angel\OneDrive\Desktop\Kern\data\processed\features\Piazzolla_900italic.npz,52,ok,
Vast_Shadow_regular,C:\Users\angel\OneDrive\Desktop\Kern\data\processed\features\Vast_Shadow_regular.npz,52,ok,
Poly_regular,C:\Users\angel\OneDrive\Desktop\Kern\data\processed\features\Poly_regular.npz,52,ok,
Poly_italic,C:\Users\angel\OneDrive\Desktop\Kern\data\processed\features\Poly_italic.npz,52,ok,
Zen_Kurenaido_regular,C:\Users\angel\OneDrive\Desktop\Kern\data\processed\features\Zen_Kurenaido_regular.npz,52,ok,
SUSE_100,C:\Users\angel\OneDrive\Desktop\Kern\data\processed\features\SUSE_100.npz,52,ok,
SUSE_200,C:\Users\angel\OneDrive\Desktop\Kern\data\processed\features\SUSE_200.npz,52,ok,
SUSE_300,C:\Users\angel\OneDrive\Desktop\Kern\data\processed\features\SUSE_300.npz,52,ok,
SUSE_regular,C:\Users\angel\OneDrive\Desktop\Kern\data\processed\features\SUSE_regular.npz,52,ok,
SUSE_500,C:\Users\angel\OneDrive\Desktop\Kern\data\processed\features\SUSE_500.npz,52,ok,
SUSE_600,C:\Users\angel\OneDrive\Desktop\Kern\data\processed\features\SUSE_600.npz,52,ok,
SUSE_700,C:\Users\angel\OneDrive\Desktop\Kern\data\processed\features\SUSE_700.npz,52,ok,
SUSE_800,C:\Users\angel\OneDrive\Desktop\Kern\data\processed\features\SUSE_800.npz,52,ok,
SUSE_900,C:\Users\angel\OneDrive\Desktop\Kern\data\processed\features\SUSE_900.npz,52,ok,
SUSE_100italic,C:\Users\angel\OneDrive\Desktop\Kern\data\processed\features\SUSE_100italic.npz,52,ok,
SUSE_200italic,C:\Users\angel\OneDrive\Desktop\Kern\data\processed\features\SUSE_200italic.npz,52,ok,
SUSE_300italic,C:\Users\angel\OneDrive\Desktop\Kern\data\processed\features\SUSE_300italic.npz,52,ok,
SUSE_italic,C:\Users\angel\OneDrive\Desktop\Kern\data\processed\features\SUSE_italic.npz,52,ok,
SUSE_500italic,C:\Users\angel\OneDrive\Desktop\Kern\data\processed\features\SUSE_500italic.npz,52,ok,
SUSE_600italic,C:\Users\angel\OneDrive\Desktop\Kern\data\processed\features\SUSE_600italic.npz,52,ok,
SUSE_700italic,C:\Users\angel\OneDrive\Desktop\Kern\data\processed\features\SUSE_700italic.npz,52,ok,
SUSE_800italic,C:\Users\angel\OneDrive\Desktop\Kern\data\processed\features\SUSE_800italic.npz,52,ok,
SUSE_900italic,C:\Users\angel\OneDrive\Desktop\Kern\data\processed\features\SUSE_900italic.npz,52,ok,
Mukta_Vaani_200,C:\Users\angel\OneDrive\Desktop\Kern\data\processed\features\Mukta_Vaani_200.npz,52,ok,
Mukta_Vaani_300,C:\Users\angel\OneDrive\Desktop\Kern\data\processed\features\Mukta_Vaani_300.npz,52,ok,
Mukta_Vaani_regular,C:\Users\angel\OneDrive\Desktop\Kern\data\processed\features\Mukta_Vaani_regular.npz,52,ok,
Mukta_Vaani_500,C:\Users\angel\OneDrive\Desktop\Kern\data\processed\features\Mukta_Vaani_500.npz,52,ok,
Mukta_Vaani_600,C:\Users\angel\OneDrive\Desktop\Kern\data\processed\features\Mukta_Vaani_600.npz,52,ok,
Mukta_Vaani_700,C:\Users\angel\OneDrive\Desktop\Kern\data\processed\features\Mukta_Vaani_700.npz,52,ok,
Mukta_Vaani_800,C:\Users\angel\OneDrive\Desktop\Kern\data\processed\features\Mukta_Vaani_800.npz,52,ok,
Averia_Sans_Libre_300,C:\Users\angel\OneDrive\Desktop\Kern\data\processed\features\Averia_Sans_Libre_300.npz,52,ok,
Averia_Sans_Libre_300italic,C:\Users\angel\OneDrive\Desktop\Kern\data\processed\features\Averia_Sans_Libre_300italic.npz,52,ok,
Averia_Sans_Libre_regular,C:\Users\angel\OneDrive\Desktop\Kern\data\processed\features\Averia_Sans_Libre_regular.npz,52,ok,
Averia_Sans_Libre_italic,C:\Users\angel\OneDrive\Desktop\Kern\data\processed\features\Averia_Sans_Libre_italic.npz,52,ok,
Averia_Sans_Libre_700,C:\Users\angel\OneDrive\Desktop\Kern\data\processed\features\Averia_Sans_Libre_700.npz,52,ok,
Averia_Sans_Libre_700italic,C:\Users\angel\OneDrive\Desktop\Kern\data\processed\features\Averia_Sans_Libre_700italic.npz,52,ok,
Sansation_300,C:\Users\angel\OneDrive\Desktop\Kern\data\processed\features\Sansation_300.npz,52,ok,
Sansation_300italic,C:\Users\angel\OneDrive\Desktop\Kern\data\processed\features\Sansation_300italic.npz,52,ok,
Sansation_regular,C:\Users\angel\OneDrive\Desktop\Kern\data\processed\features\Sansation_regular.npz,52,ok,
Sansation_italic,C:\Users\angel\OneDrive\Desktop\Kern\data\processed\features\Sansation_italic.npz,52,ok,
Sansation_700,C:\Users\angel\OneDrive\Desktop\Kern\data\processed\features\Sansation_700.npz,52,ok,
Sansation_700italic,C:\Users\angel\OneDrive\Desktop\Kern\data\processed\features\Sansation_700italic.npz,52,ok,
Expletus_Sans_regular,C:\Users\angel\OneDrive\Desktop\Kern\data\processed\features\Expletus_Sans_regular.npz,52,ok,
Expletus_Sans_500,C:\Users\angel\OneDrive\Desktop\Kern\data\processed\features\Expletus_Sans_500.npz,52,ok,
Expletus_Sans_600,C:\Users\angel\OneDrive\Desktop\Kern\data\processed\features\Expletus_Sans_600.npz,52,ok,
Expletus_Sans_700,C:\Users\angel\OneDrive\Desktop\Kern\data\processed\features\Expletus_Sans_700.npz,52,ok,
Expletus_Sans_italic,C:\Users\angel\OneDrive\Desktop\Kern\data\processed\features\Expletus_Sans_italic.npz,52,ok,
Expletus_Sans_500italic,C:\Users\angel\OneDrive\Desktop\Kern\data\processed\features\Expletus_Sans_500italic.npz,52,ok,
Expletus_Sans_600italic,C:\Users\angel\OneDrive\Desktop\Kern\data\processed\features\Expletus_Sans_600italic.npz,52,ok,
Expletus_Sans_700italic,C:\Users\angel\OneDrive\Desktop\Kern\data\processed\features\Expletus_Sans_700italic.npz,52,ok,
Noto_Serif_Khojki_regular,C:\Users\angel\OneDrive\Desktop\Kern\data\processed\features\Noto_Serif_Khojki_regular.npz,52,ok,
Noto_Serif_Khojki_500,C:\Users\angel\OneDrive\Desktop\Kern\data\processed\features\Noto_Serif_Khojki_500.npz,52,ok,
Noto_Serif_Khojki_600,C:\Users\angel\OneDrive\Desktop\Kern\data\processed\features\Noto_Serif_Khojki_600.npz,52,ok,
Noto_Serif_Khojki_700,C:\Users\angel\OneDrive\Desktop\Kern\data\processed\features\Noto_Serif_Khojki_700.npz,52,ok,
Euphoria_Script_regular,C:\Users\angel\OneDrive\Desktop\Kern\data\processed\features\Euphoria_Script_regular.npz,52,ok,
Crafty_Girls_regular,C:\Users\angel\OneDrive\Desktop\Kern\data\processed\features\Crafty_Girls_regular.npz,52,ok,
IM_Fell_Double_Pica_regular,C:\Users\angel\OneDrive\Desktop\Kern\data\processed\features\IM_Fell_Double_Pica_regular.npz,52,ok,
IM_Fell_Double_Pica_italic,C:\Users\angel\OneDrive\Desktop\Kern\data\processed\features\IM_Fell_Double_Pica_italic.npz,52,ok,
Happy_Monkey_regular,C:\Users\angel\OneDrive\Desktop\Kern\data\processed\features\Happy_Monkey_regular.npz,52,ok,
Delicious_Handrawn_regular,C:\Users\angel\OneDrive\Desktop\Kern\data\processed\features\Delicious_Handrawn_regular.npz,52,ok,
Tenali_Ramakrishna_regular,C:\Users\angel\OneDrive\Desktop\Kern\data\processed\features\Tenali_Ramakrishna_regular.npz,52,ok,
Amarante_regular,C:\Users\angel\OneDrive\Desktop\Kern\data\processed\features\Amarante_regular.npz,52,ok,
Kalnia_100,C:\Users\angel\OneDrive\Desktop\Kern\data\processed\features\Kalnia_100.npz,52,ok,
Kalnia_200,C:\Users\angel\OneDrive\Desktop\Kern\data\processed\features\Kalnia_200.npz,52,ok,
Kalnia_300,C:\Users\angel\OneDrive\Desktop\Kern\data\processed\features\Kalnia_300.npz,52,ok,
Kalnia_regular,C:\Users\angel\OneDrive\Desktop\Kern\data\processed\features\Kalnia_regular.npz,52,ok,
Kalnia_500,C:\Users\angel\OneDrive\Desktop\Kern\data\processed\features\Kalnia_500.npz,52,ok,
Kalnia_600,C:\Users\angel\OneDrive\Desktop\Kern\data\processed\features\Kalnia_600.npz,52,ok,
Kalnia_700,C:\Users\angel\OneDrive\Desktop\Kern\data\processed\features\Kalnia_700.npz,52,ok,
Allan_regular,C:\Users\angel\OneDrive\Desktop\Kern\data\processed\features\Allan_regular.npz,52,ok,
Allan_700,C:\Users\angel\OneDrive\Desktop\Kern\data\processed\features\Allan_700.npz,52,ok,
Mallanna_regular,C:\Users\angel\OneDrive\Desktop\Kern\data\processed\features\Mallanna_regular.npz,52,ok,
Vollkorn_SC_regular,C:\Users\angel\OneDrive\Desktop\Kern\data\processed\features\Vollkorn_SC_regular.npz,52,ok,
Vollkorn_SC_600,C:\Users\angel\OneDrive\Desktop\Kern\data\processed\features\Vollkorn_SC_600.npz,52,ok,
Vollkorn_SC_700,C:\Users\angel\OneDrive\Desktop\Kern\data\processed\features\Vollkorn_SC_700.npz,52,ok,
Vollkorn_SC_900,C:\Users\angel\OneDrive\Desktop\Kern\data\processed\features\Vollkorn_SC_900.npz,52,ok,
Doppio_One_regular,C:\Users\angel\OneDrive\Desktop\Kern\data\processed\features\Doppio_One_regular.npz,52,ok,
Arima_100,C:\Users\angel\OneDrive\Desktop\Kern\data\processed\features\Arima_100.npz,52,ok,
Arima_200,C:\Users\angel\OneDrive\Desktop\Kern\data\processed\features\Arima_200.npz,52,ok,
Arima_300,C:\Users\angel\OneDrive\Desktop\Kern\data\processed\features\Arima_300.npz,52,ok,
Arima_regular,C:\Users\angel\OneDrive\Desktop\Kern\data\processed\features\Arima_regular.npz,52,ok,
Arima_500,C:\Users\angel\OneDrive\Desktop\Kern\data\processed\features\Arima_500.npz,52,ok,
Arima_600,C:\Users\angel\OneDrive\Desktop\Kern\data\processed\features\Arima_600.npz,52,ok,
Arima_700,C:\Users\angel\OneDrive\Desktop\Kern\data\processed\features\Arima_700.npz,52,ok,
Licorice_regular,C:\Users\angel\OneDrive\Desktop\Kern\data\processed\features\Licorice_regular.npz,52,ok,
Denk_One_regular,C:\Users\angel\OneDrive\Desktop\Kern\data\processed\features\Denk_One_regular.npz,52,ok,
Coiny_regular,C:\Users\angel\OneDrive\Desktop\Kern\data\processed\features\Coiny_regular.npz,52,ok,
Bigshot_One_regular,C:\Users\angel\OneDrive\Desktop\Kern\data\processed\features\Bigshot_One_regular.npz,52,ok,
Molengo_regular,C:\Users\angel\OneDrive\Desktop\Kern\data\processed\features\Molengo_regular.npz,52,ok,
League_Script_regular,C:\Users\angel\OneDrive\Desktop\Kern\data\processed\features\League_Script_regular.npz,52,ok,
Fanwood_Text_regular,C:\Users\angel\OneDrive\Desktop\Kern\data\processed\features\Fanwood_Text_regular.npz,52,ok,
Fanwood_Text_italic,C:\Users\angel\OneDrive\Desktop\Kern\data\processed\features\Fanwood_Text_italic.npz,52,ok,
Antic_regular,C:\Users\angel\OneDrive\Desktop\Kern\data\processed\features\Antic_regular.npz,52,ok,
Buenard_regular,C:\Users\angel\OneDrive\Desktop\Kern\data\processed\features\Buenard_regular.npz,52,ok,
Buenard_500,C:\Users\angel\OneDrive\Desktop\Kern\data\processed\features\Buenard_500.npz,52,ok,
Buenard_600,C:\Users\angel\OneDrive\Desktop\Kern\data\processed\features\Buenard_600.npz,52,ok,
Buenard_700,C:\Users\angel\OneDrive\Desktop\Kern\data\processed\features\Buenard_700.npz,52,ok,
MonteCarlo_regular,C:\Users\angel\OneDrive\Desktop\Kern\data\processed\features\MonteCarlo_regular.npz,52,ok,
Gamja_Flower_regular,C:\Users\angel\OneDrive\Desktop\Kern\data\processed\features\Gamja_Flower_regular.npz,52,ok,
Jomhuria_regular,C:\Users\angel\OneDrive\Desktop\Kern\data\processed\features\Jomhuria_regular.npz,52,ok,
Noto_Sans_Lao_100,C:\Users\angel\OneDrive\Desktop\Kern\data\processed\features\Noto_Sans_Lao_100.npz,52,ok,
Noto_Sans_Lao_200,C:\Users\angel\OneDrive\Desktop\Kern\data\processed\features\Noto_Sans_Lao_200.npz,52,ok,
Noto_Sans_Lao_300,C:\Users\angel\OneDrive\Desktop\Kern\data\processed\features\Noto_Sans_Lao_300.npz,52,ok,
Noto_Sans_Lao_regular,C:\Users\angel\OneDrive\Desktop\Kern\data\processed\features\Noto_Sans_Lao_regular.npz,52,ok,
Noto_Sans_Lao_500,C:\Users\angel\OneDrive\Desktop\Kern\data\processed\features\Noto_Sans_Lao_500.npz,52,ok,
Noto_Sans_Lao_600,C:\Users\angel\OneDrive\Desktop\Kern\data\processed\features\Noto_Sans_Lao_600.npz,52,ok,
Noto_Sans_Lao_700,C:\Users\angel\OneDrive\Desktop\Kern\data\processed\features\Noto_Sans_Lao_700.npz,52,ok,
Noto_Sans_Lao_800,C:\Users\angel\OneDrive\Desktop\Kern\data\processed\features\Noto_Sans_Lao_800.npz,52,ok,
Noto_Sans_Lao_900,C:\Users\angel\OneDrive\Desktop\Kern\data\processed\features\Noto_Sans_Lao_900.npz,52,ok,
Grape_Nuts_regular,C:\Users\angel\OneDrive\Desktop\Kern\data\processed\features\Grape_Nuts_regular.npz,52,ok,
Thasadith_regular,C:\Users\angel\OneDrive\Desktop\Kern\data\processed\features\Thasadith_regular.npz,52,ok,
Thasadith_italic,C:\Users\angel\OneDrive\Desktop\Kern\data\processed\features\Thasadith_italic.npz,52,ok,
Thasadith_700,C:\Users\angel\OneDrive\Desktop\Kern\data\processed\features\Thasadith_700.npz,52,ok,
Thasadith_700italic,C:\Users\angel\OneDrive\Desktop\Kern\data\processed\features\Thasadith_700italic.npz,52,ok,
Charmonman_regular,C:\Users\angel\OneDrive\Desktop\Kern\data\processed\features\Charmonman_regular.npz,52,ok,
Charmonman_700,C:\Users\angel\OneDrive\Desktop\Kern\data\processed\features\Charmonman_700.npz,52,ok,
Redressed_regular,C:\Users\angel\OneDrive\Desktop\Kern\data\processed\features\Redressed_regular.npz,52,ok,
Prociono_regular,C:\Users\angel\OneDrive\Desktop\Kern\data\processed\features\Prociono_regular.npz,52,ok,
Brawler_regular,C:\Users\angel\OneDrive\Desktop\Kern\data\processed\features\Brawler_regular.npz,52,ok,
Brawler_700,C:\Users\angel\OneDrive\Desktop\Kern\data\processed\features\Brawler_700.npz,52,ok,
Montez_regular,C:\Users\angel\OneDrive\Desktop\Kern\data\processed\features\Montez_regular.npz,52,ok,
The_Girl_Next_Door_regular,C:\Users\angel\OneDrive\Desktop\Kern\data\processed\features\The_Girl_Next_Door_regular.npz,52,ok,
Zen_Antique_Soft_regular,C:\Users\angel\OneDrive\Desktop\Kern\data\processed\features\Zen_Antique_Soft_regular.npz,52,ok,
Kelly_Slab_regular,C:\Users\angel\OneDrive\Desktop\Kern\data\processed\features\Kelly_Slab_regular.npz,52,ok,
Mohave_300,C:\Users\angel\OneDrive\Desktop\Kern\data\processed\features\Mohave_300.npz,52,ok,
Mohave_regular,C:\Users\angel\OneDrive\Desktop\Kern\data\processed\features\Mohave_regular.npz,52,ok,
Mohave_500,C:\Users\angel\OneDrive\Desktop\Kern\data\processed\features\Mohave_500.npz,52,ok,
Mohave_600,C:\Users\angel\OneDrive\Desktop\Kern\data\processed\features\Mohave_600.npz,52,ok,
Mohave_700,C:\Users\angel\OneDrive\Desktop\Kern\data\processed\features\Mohave_700.npz,52,ok,
Mohave_300italic,C:\Users\angel\OneDrive\Desktop\Kern\data\processed\features\Mohave_300italic.npz,52,ok,
Mohave_italic,C:\Users\angel\OneDrive\Desktop\Kern\data\processed\features\Mohave_italic.npz,52,ok,
Mohave_500italic,C:\Users\angel\OneDrive\Desktop\Kern\data\processed\features\Mohave_500italic.npz,52,ok,
Mohave_600italic,C:\Users\angel\OneDrive\Desktop\Kern\data\processed\features\Mohave_600italic.npz,52,ok,
Mohave_700italic,C:\Users\angel\OneDrive\Desktop\Kern\data\processed\features\Mohave_700italic.npz,52,ok,
Asset_regular,C:\Users\angel\OneDrive\Desktop\Kern\data\processed\features\Asset_regular.npz,52,ok,
Artifika_regular,C:\Users\angel\OneDrive\Desktop\Kern\data\processed\features\Artifika_regular.npz,52,ok,
Cutive_regular,C:\Users\angel\OneDrive\Desktop\Kern\data\processed\features\Cutive_regular.npz,52,ok,
Moon_Dance_regular,C:\Users\angel\OneDrive\Desktop\Kern\data\processed\features\Moon_Dance_regular.npz,52,ok,
Numans_regular,C:\Users\angel\OneDrive\Desktop\Kern\data\processed\features\Numans_regular.npz,52,ok,
Anek_Malayalam_100,C:\Users\angel\OneDrive\Desktop\Kern\data\processed\features\Anek_Malayalam_100.npz,52,ok,
Anek_Malayalam_200,C:\Users\angel\OneDrive\Desktop\Kern\data\processed\features\Anek_Malayalam_200.npz,52,ok,
Anek_Malayalam_300,C:\Users\angel\OneDrive\Desktop\Kern\data\processed\features\Anek_Malayalam_300.npz,52,ok,
Anek_Malayalam_regular,C:\Users\angel\OneDrive\Desktop\Kern\data\processed\features\Anek_Malayalam_regular.npz,52,ok,
Anek_Malayalam_500,C:\Users\angel\OneDrive\Desktop\Kern\data\processed\features\Anek_Malayalam_500.npz,52,ok,
Anek_Malayalam_600,C:\Users\angel\OneDrive\Desktop\Kern\data\processed\features\Anek_Malayalam_600.npz,52,ok,
Anek_Malayalam_700,C:\Users\angel\OneDrive\Desktop\Kern\data\processed\features\Anek_Malayalam_700.npz,52,ok,
Anek_Malayalam_800,C:\Users\angel\OneDrive\Desktop\Kern\data\processed\features\Anek_Malayalam_800.npz,52,ok,
Waterfall_regular,C:\Users\angel\OneDrive\Desktop\Kern\data\processed\features\Waterfall_regular.npz,52,ok,
Noto_Serif_Thai_100,C:\Users\angel\OneDrive\Desktop\Kern\data\processed\features\Noto_Serif_Thai_100.npz,52,ok,
Noto_Serif_Thai_200,C:\Users\angel\OneDrive\Desktop\Kern\data\processed\features\Noto_Serif_Thai_200.npz,52,ok,
Noto_Serif_Thai_300,C:\Users\angel\OneDrive\Desktop\Kern\data\processed\features\Noto_Serif_Thai_300.npz,52,ok,
Noto_Serif_Thai_regular,C:\Users\angel\OneDrive\Desktop\Kern\data\processed\features\Noto_Serif_Thai_regular.npz,52,ok,
Noto_Serif_Thai_500,C:\Users\angel\OneDrive\Desktop\Kern\data\processed\features\Noto_Serif_Thai_500.npz,52,ok,
Noto_Serif_Thai_600,C:\Users\angel\OneDrive\Desktop\Kern\data\processed\features\Noto_Serif_Thai_600.npz,52,ok,
Noto_Serif_Thai_700,C:\Users\angel\OneDrive\Desktop\Kern\data\processed\features\Noto_Serif_Thai_700.npz,52,ok,
Noto_Serif_Thai_800,C:\Users\angel\OneDrive\Desktop\Kern\data\processed\features\Noto_Serif_Thai_800.npz,52,ok,
Noto_Serif_Thai_900,C:\Users\angel\OneDrive\Desktop\Kern\data\processed\features\Noto_Serif_Thai_900.npz,52,ok,
Rubik_Glitch_regular,C:\Users\angel\OneDrive\Desktop\Kern\data\processed\features\Rubik_Glitch_regular.npz,52,ok,
Capriola_regular,C:\Users\angel\OneDrive\Desktop\Kern\data\processed\features\Capriola_regular.npz,52,ok,
Pompiere_regular,C:\Users\angel\OneDrive\Desktop\Kern\data\processed\features\Pompiere_regular.npz,52,ok,
Orelega_One_regular,C:\Users\angel\OneDrive\Desktop\Kern\data\processed\features\Orelega_One_regular.npz,52,ok,
Patrick_Hand_SC_regular,C:\Users\angel\OneDrive\Desktop\Kern\data\processed\features\Patrick_Hand_SC_regular.npz,52,ok,
Cambo_regular,C:\Users\angel\OneDrive\Desktop\Kern\data\processed\features\Cambo_regular.npz,52,ok,
Codystar_300,C:\Users\angel\OneDrive\Desktop\Kern\data\processed\features\Codystar_300.npz,52,ok,
Codystar_regular,C:\Users\angel\OneDrive\Desktop\Kern\data\processed\features\Codystar_regular.npz,52,ok,
Unkempt_regular,C:\Users\angel\OneDrive\Desktop\Kern\data\processed\features\Unkempt_regular.npz,52,ok,
Unkempt_700,C:\Users\angel\OneDrive\Desktop\Kern\data\processed\features\Unkempt_700.npz,52,ok,
Shippori_Antique_regular,C:\Users\angel\OneDrive\Desktop\Kern\data\processed\features\Shippori_Antique_regular.npz,52,ok,
Nata_Sans_100,C:\Users\angel\OneDrive\Desktop\Kern\data\processed\features\Nata_Sans_100.npz,52,ok,
Nata_Sans_200,C:\Users\angel\OneDrive\Desktop\Kern\data\processed\features\Nata_Sans_200.npz,52,ok,
Nata_Sans_300,C:\Users\angel\OneDrive\Desktop\Kern\data\processed\features\Nata_Sans_300.npz,52,ok,
Nata_Sans_regular,C:\Users\angel\OneDrive\Desktop\Kern\data\processed\features\Nata_Sans_regular.npz,52,ok,
Nata_Sans_500,C:\Users\angel\OneDrive\Desktop\Kern\data\processed\features\Nata_Sans_500.npz,52,ok,
Nata_Sans_600,C:\Users\angel\OneDrive\Desktop\Kern\data\processed\features\Nata_Sans_600.npz,52,ok,
Nata_Sans_700,C:\Users\angel\OneDrive\Desktop\Kern\data\processed\features\Nata_Sans_700.npz,52,ok,
Nata_Sans_800,C:\Users\angel\OneDrive\Desktop\Kern\data\processed\features\Nata_Sans_800.npz,52,ok,
Nata_Sans_900,C:\Users\angel\OneDrive\Desktop\Kern\data\processed\features\Nata_Sans_900.npz,52,ok,
Kablammo_regular,C:\Users\angel\OneDrive\Desktop\Kern\data\processed\features\Kablammo_regular.npz,52,ok,
Aladin_regular,C:\Users\angel\OneDrive\Desktop\Kern\data\processed\features\Aladin_regular.npz,52,ok,
Noto_Sans_Symbols_2_regular,C:\Users\angel\OneDrive\Desktop\Kern\data\processed\features\Noto_Sans_Symbols_2_regular.npz,52,ok,
Cherry_Cream_Soda_regular,C:\Users\angel\OneDrive\Desktop\Kern\data\processed\features\Cherry_Cream_Soda_regular.npz,52,ok,
Inder_regular,C:\Users\angel\OneDrive\Desktop\Kern\data\processed\features\Inder_regular.npz,52,ok,
McLaren_regular,C:\Users\angel\OneDrive\Desktop\Kern\data\processed\features\McLaren_regular.npz,52,ok,
Aoboshi_One_regular,C:\Users\angel\OneDrive\Desktop\Kern\data\processed\features\Aoboshi_One_regular.npz,52,ok,
Kranky_regular,C:\Users\angel\OneDrive\Desktop\Kern\data\processed\features\Kranky_regular.npz,52,ok,
Sunshiney_regular,C:\Users\angel\OneDrive\Desktop\Kern\data\processed\features\Sunshiney_regular.npz,52,ok,
Chathura_100,C:\Users\angel\OneDrive\Desktop\Kern\data\processed\features\Chathura_100.npz,52,ok,
Chathura_300,C:\Users\angel\OneDrive\Desktop\Kern\data\processed\features\Chathura_300.npz,52,ok,
Chathura_regular,C:\Users\angel\OneDrive\Desktop\Kern\data\processed\features\Chathura_regular.npz,52,ok,
Chathura_700,C:\Users\angel\OneDrive\Desktop\Kern\data\processed\features\Chathura_700.npz,52,ok,
Chathura_800,C:\Users\angel\OneDrive\Desktop\Kern\data\processed\features\Chathura_800.npz,52,ok,
Henny_Penny_regular,C:\Users\angel\OneDrive\Desktop\Kern\data\processed\features\Henny_Penny_regular.npz,52,ok,
Carattere_regular,C:\Users\angel\OneDrive\Desktop\Kern\data\processed\features\Carattere_regular.npz,52,ok,
Ysabeau_Office_100,C:\Users\angel\OneDrive\Desktop\Kern\data\processed\features\Ysabeau_Office_100.npz,52,ok,
Ysabeau_Office_200,C:\Users\angel\OneDrive\Desktop\Kern\data\processed\features\Ysabeau_Office_200.npz,52,ok,
Ysabeau_Office_300,C:\Users\angel\OneDrive\Desktop\Kern\data\processed\features\Ysabeau_Office_300.npz,52,ok,
Ysabeau_Office_regular,C:\Users\angel\OneDrive\Desktop\Kern\data\processed\features\Ysabeau_Office_regular.npz,52,ok,
Ysabeau_Office_500,C:\Users\angel\OneDrive\Desktop\Kern\data\processed\features\Ysabeau_Office_500.npz,52,ok,
Ysabeau_Office_600,C:\Users\angel\OneDrive\Desktop\Kern\data\processed\features\Ysabeau_Office_600.npz,52,ok,
Ysabeau_Office_700,C:\Users\angel\OneDrive\Desktop\Kern\data\processed\features\Ysabeau_Office_700.npz,52,ok,
Ysabeau_Office_800,C:\Users\angel\OneDrive\Desktop\Kern\data\processed\features\Ysabeau_Office_800.npz,52,ok,
Ysabeau_Office_900,C:\Users\angel\OneDrive\Desktop\Kern\data\processed\features\Ysabeau_Office_900.npz,52,ok,
Ysabeau_Office_100italic,C:\Users\angel\OneDrive\Desktop\Kern\data\processed\features\Ysabeau_Office_100italic.npz,52,ok,
Ysabeau_Office_200italic,C:\Users\angel\OneDrive\Desktop\Kern\data\processed\features\Ysabeau_Office_200italic.npz,52,ok,
Ysabeau_Office_300italic,C:\Users\angel\OneDrive\Desktop\Kern\data\processed\features\Ysabeau_Office_300italic.npz,52,ok,
Ysabeau_Office_italic,C:\Users\angel\OneDrive\Desktop\Kern\data\processed\features\Ysabeau_Office_italic.npz,52,ok,
Ysabeau_Office_500italic,C:\Users\angel\OneDrive\Desktop\Kern\data\processed\features\Ysabeau_Office_500italic.npz,52,ok,
Ysabeau_Office_600italic,C:\Users\angel\OneDrive\Desktop\Kern\data\processed\features\Ysabeau_Office_600italic.npz,52,ok,
Ysabeau_Office_700italic,C:\Users\angel\OneDrive\Desktop\Kern\data\processed\features\Ysabeau_Office_700italic.npz,52,ok,
Ysabeau_Office_800italic,C:\Users\angel\OneDrive\Desktop\Kern\data\processed\features\Ysabeau_Office_800italic.npz,52,ok,
Ysabeau_Office_900italic,C:\Users\angel\OneDrive\Desktop\Kern\data\processed\features\Ysabeau_Office_900italic.npz,52,ok,
Shojumaru_regular,C:\Users\angel\OneDrive\Desktop\Kern\data\processed\features\Shojumaru_regular.npz,52,ok,
Meie_Script_regular,C:\Users\angel\OneDrive\Desktop\Kern\data\processed\features\Meie_Script_regular.npz,52,ok,
STIX_Two_Math_regular,C:\Users\angel\OneDrive\Desktop\Kern\data\processed\features\STIX_Two_Math_regular.npz,52,ok,
Stick_No_Bills_200,C:\Users\angel\OneDrive\Desktop\Kern\data\processed\features\Stick_No_Bills_200.npz,52,ok,
Stick_No_Bills_300,C:\Users\angel\OneDrive\Desktop\Kern\data\processed\features\Stick_No_Bills_300.npz,52,ok,
Stick_No_Bills_regular,C:\Users\angel\OneDrive\Desktop\Kern\data\processed\features\Stick_No_Bills_regular.npz,52,ok,
Stick_No_Bills_500,C:\Users\angel\OneDrive\Desktop\Kern\data\processed\features\Stick_No_Bills_500.npz,52,ok,
Stick_No_Bills_600,C:\Users\angel\OneDrive\Desktop\Kern\data\processed\features\Stick_No_Bills_600.npz,52,ok,
Stick_No_Bills_700,C:\Users\angel\OneDrive\Desktop\Kern\data\processed\features\Stick_No_Bills_700.npz,52,ok,
Stick_No_Bills_800,C:\Users\angel\OneDrive\Desktop\Kern\data\processed\features\Stick_No_Bills_800.npz,52,ok,
Train_One_regular,C:\Users\angel\OneDrive\Desktop\Kern\data\processed\features\Train_One_regular.npz,52,ok,
Agdasima_regular,C:\Users\angel\OneDrive\Desktop\Kern\data\processed\features\Agdasima_regular.npz,52,ok,
Agdasima_700,C:\Users\angel\OneDrive\Desktop\Kern\data\processed\features\Agdasima_700.npz,52,ok,
Freehand_regular,C:\Users\angel\OneDrive\Desktop\Kern\data\processed\features\Freehand_regular.npz,52,ok,
Elsie_regular,C:\Users\angel\OneDrive\Desktop\Kern\data\processed\features\Elsie_regular.npz,52,ok,
Elsie_900,C:\Users\angel\OneDrive\Desktop\Kern\data\processed\features\Elsie_900.npz,52,ok,
Iceberg_regular,C:\Users\angel\OneDrive\Desktop\Kern\data\processed\features\Iceberg_regular.npz,52,ok,
Frijole_regular,C:\Users\angel\OneDrive\Desktop\Kern\data\processed\features\Frijole_regular.npz,52,ok,
Kufam_regular,C:\Users\angel\OneDrive\Desktop\Kern\data\processed\features\Kufam_regular.npz,52,ok,
Kufam_500,C:\Users\angel\OneDrive\Desktop\Kern\data\processed\features\Kufam_500.npz,52,ok,
Kufam_600,C:\Users\angel\OneDrive\Desktop\Kern\data\processed\features\Kufam_600.npz,52,ok,
Kufam_700,C:\Users\angel\OneDrive\Desktop\Kern\data\processed\features\Kufam_700.npz,52,ok,
Kufam_800,C:\Users\angel\OneDrive\Desktop\Kern\data\processed\features\Kufam_800.npz,52,ok,
Kufam_900,C:\Users\angel\OneDrive\Desktop\Kern\data\processed\features\Kufam_900.npz,52,ok,
Kufam_italic,C:\Users\angel\OneDrive\Desktop\Kern\data\processed\features\Kufam_italic.npz,52,ok,
Kufam_500italic,C:\Users\angel\OneDrive\Desktop\Kern\data\processed\features\Kufam_500italic.npz,52,ok,
Kufam_600italic,C:\Users\angel\OneDrive\Desktop\Kern\data\processed\features\Kufam_600italic.npz,52,ok,
Kufam_700italic,C:\Users\angel\OneDrive\Desktop\Kern\data\processed\features\Kufam_700italic.npz,52,ok,
Kufam_800italic,C:\Users\angel\OneDrive\Desktop\Kern\data\processed\features\Kufam_800italic.npz,52,ok,
Kufam_900italic,C:\Users\angel\OneDrive\Desktop\Kern\data\processed\features\Kufam_900italic.npz,52,ok,
Just_Me_Again_Down_Here_regular,C:\Users\angel\OneDrive\Desktop\Kern\data\processed\features\Just_Me_Again_Down_Here_regular.npz,52,ok,
Noto_Serif_HK_200,C:\Users\angel\OneDrive\Desktop\Kern\data\processed\features\Noto_Serif_HK_200.npz,52,ok,
Noto_Serif_HK_300,C:\Users\angel\OneDrive\Desktop\Kern\data\processed\features\Noto_Serif_HK_300.npz,52,ok,
Noto_Serif_HK_regular,C:\Users\angel\OneDrive\Desktop\Kern\data\processed\features\Noto_Serif_HK_regular.npz,52,ok,
Noto_Serif_HK_500,C:\Users\angel\OneDrive\Desktop\Kern\data\processed\features\Noto_Serif_HK_500.npz,52,ok,
Noto_Serif_HK_600,C:\Users\angel\OneDrive\Desktop\Kern\data\processed\features\Noto_Serif_HK_600.npz,52,ok,
Noto_Serif_HK_700,C:\Users\angel\OneDrive\Desktop\Kern\data\processed\features\Noto_Serif_HK_700.npz,52,ok,
Noto_Serif_HK_800,C:\Users\angel\OneDrive\Desktop\Kern\data\processed\features\Noto_Serif_HK_800.npz,52,ok,
Noto_Serif_HK_900,C:\Users\angel\OneDrive\Desktop\Kern\data\processed\features\Noto_Serif_HK_900.npz,52,ok,
Oregano_regular,C:\Users\angel\OneDrive\Desktop\Kern\data\processed\features\Oregano_regular.npz,52,ok,
Oregano_italic,C:\Users\angel\OneDrive\Desktop\Kern\data\processed\features\Oregano_italic.npz,52,ok,
New_Rocker_regular,C:\Users\angel\OneDrive\Desktop\Kern\data\processed\features\New_Rocker_regular.npz,52,ok,
Atma_300,C:\Users\angel\OneDrive\Desktop\Kern\data\processed\features\Atma_300.npz,52,ok,
Atma_regular,C:\Users\angel\OneDrive\Desktop\Kern\data\processed\features\Atma_regular.npz,52,ok,
Atma_500,C:\Users\angel\OneDrive\Desktop\Kern\data\processed\features\Atma_500.npz,52,ok,
Atma_600,C:\Users\angel\OneDrive\Desktop\Kern\data\processed\features\Atma_600.npz,52,ok,
Atma_700,C:\Users\angel\OneDrive\Desktop\Kern\data\processed\features\Atma_700.npz,52,ok,
Road_Rage_regular,C:\Users\angel\OneDrive\Desktop\Kern\data\processed\features\Road_Rage_regular.npz,52,ok,
Imprima_regular,C:\Users\angel\OneDrive\Desktop\Kern\data\processed\features\Imprima_regular.npz,52,ok,
Song_Myung_regular,C:\Users\angel\OneDrive\Desktop\Kern\data\processed\features\Song_Myung_regular.npz,52,ok,
Lily_Script_One_regular,C:\Users\angel\OneDrive\Desktop\Kern\data\processed\features\Lily_Script_One_regular.npz,52,ok,
Julee_regular,C:\Users\angel\OneDrive\Desktop\Kern\data\processed\features\Julee_regular.npz,52,ok,
Holtwood_One_SC_regular,C:\Users\angel\OneDrive\Desktop\Kern\data\processed\features\Holtwood_One_SC_regular.npz,52,ok,
Wire_One_regular,C:\Users\angel\OneDrive\Desktop\Kern\data\processed\features\Wire_One_regular.npz,52,ok,
Madimi_One_regular,C:\Users\angel\OneDrive\Desktop\Kern\data\processed\features\Madimi_One_regular.npz,52,ok,
Dynalight_regular,C:\Users\angel\OneDrive\Desktop\Kern\data\processed\features\Dynalight_regular.npz,52,ok,
Rubik_Bubbles_regular,C:\Users\angel\OneDrive\Desktop\Kern\data\processed\features\Rubik_Bubbles_regular.npz,52,ok,
Gluten_100,C:\Users\angel\OneDrive\Desktop\Kern\data\processed\features\Gluten_100.npz,52,ok,
Gluten_200,C:\Users\angel\OneDrive\Desktop\Kern\data\processed\features\Gluten_200.npz,52,ok,
Gluten_300,C:\Users\angel\OneDrive\Desktop\Kern\data\processed\features\Gluten_300.npz,52,ok,
Gluten_regular,C:\Users\angel\OneDrive\Desktop\Kern\data\processed\features\Gluten_regular.npz,52,ok,
Gluten_500,C:\Users\angel\OneDrive\Desktop\Kern\data\processed\features\Gluten_500.npz,52,ok,
Gluten_600,C:\Users\angel\OneDrive\Desktop\Kern\data\processed\features\Gluten_600.npz,52,ok,
Gluten_700,C:\Users\angel\OneDrive\Desktop\Kern\data\processed\features\Gluten_700.npz,52,ok,
Gluten_800,C:\Users\angel\OneDrive\Desktop\Kern\data\processed\features\Gluten_800.npz,52,ok,
Gluten_900,C:\Users\angel\OneDrive\Desktop\Kern\data\processed\features\Gluten_900.npz,52,ok,
Puritan_regular,C:\Users\angel\OneDrive\Desktop\Kern\data\processed\features\Puritan_regular.npz,52,ok,
Puritan_italic,C:\Users\angel\OneDrive\Desktop\Kern\data\processed\features\Puritan_italic.npz,52,ok,
Puritan_700,C:\Users\angel\OneDrive\Desktop\Kern\data\processed\features\Puritan_700.npz,52,ok,
Puritan_700italic,C:\Users\angel\OneDrive\Desktop\Kern\data\processed\features\Puritan_700italic.npz,52,ok,
Modak_regular,C:\Users\angel\OneDrive\Desktop\Kern\data\processed\features\Modak_regular.npz,52,ok,
Protest_Riot_regular,C:\Users\angel\OneDrive\Desktop\Kern\data\processed\features\Protest_Riot_regular.npz,52,ok,
Bakbak_One_regular,C:\Users\angel\OneDrive\Desktop\Kern\data\processed\features\Bakbak_One_regular.npz,52,ok,
Voces_regular,C:\Users\angel\OneDrive\Desktop\Kern\data\processed\features\Voces_regular.npz,52,ok,
Solway_300,C:\Users\angel\OneDrive\Desktop\Kern\data\processed\features\Solway_300.npz,52,ok,
Solway_regular,C:\Users\angel\OneDrive\Desktop\Kern\data\processed\features\Solway_regular.npz,52,ok,
Solway_500,C:\Users\angel\OneDrive\Desktop\Kern\data\processed\features\Solway_500.npz,52,ok,
Solway_700,C:\Users\angel\OneDrive\Desktop\Kern\data\processed\features\Solway_700.npz,52,ok,
Solway_800,C:\Users\angel\OneDrive\Desktop\Kern\data\processed\features\Solway_800.npz,52,ok,
Metal_Mania_regular,C:\Users\angel\OneDrive\Desktop\Kern\data\processed\features\Metal_Mania_regular.npz,52,ok,
Balthazar_regular,C:\Users\angel\OneDrive\Desktop\Kern\data\processed\features\Balthazar_regular.npz,52,ok,
Abyssinica_SIL_regular,C:\Users\angel\OneDrive\Desktop\Kern\data\processed\features\Abyssinica_SIL_regular.npz,52,ok,
Trade_Winds_regular,C:\Users\angel\OneDrive\Desktop\Kern\data\processed\features\Trade_Winds_regular.npz,52,ok,
Asta_Sans_300,C:\Users\angel\OneDrive\Desktop\Kern\data\processed\features\Asta_Sans_300.npz,52,ok,
Asta_Sans_regular,C:\Users\angel\OneDrive\Desktop\Kern\data\processed\features\Asta_Sans_regular.npz,52,ok,
Asta_Sans_500,C:\Users\angel\OneDrive\Desktop\Kern\data\processed\features\Asta_Sans_500.npz,52,ok,
Asta_Sans_600,C:\Users\angel\OneDrive\Desktop\Kern\data\processed\features\Asta_Sans_600.npz,52,ok,
Asta_Sans_700,C:\Users\angel\OneDrive\Desktop\Kern\data\processed\features\Asta_Sans_700.npz,52,ok,
Asta_Sans_800,C:\Users\angel\OneDrive\Desktop\Kern\data\processed\features\Asta_Sans_800.npz,52,ok,
Reggae_One_regular,C:\Users\angel\OneDrive\Desktop\Kern\data\processed\features\Reggae_One_regular.npz,52,ok,
Moul_regular,C:\Users\angel\OneDrive\Desktop\Kern\data\processed\features\Moul_regular.npz,52,ok,
Anta_regular,C:\Users\angel\OneDrive\Desktop\Kern\data\processed\features\Anta_regular.npz,52,ok,
Nokora_100,C:\Users\angel\OneDrive\Desktop\Kern\data\processed\features\Nokora_100.npz,52,ok,
Nokora_200,C:\Users\angel\OneDrive\Desktop\Kern\data\processed\features\Nokora_200.npz,52,ok,
Nokora_300,C:\Users\angel\OneDrive\Desktop\Kern\data\processed\features\Nokora_300.npz,52,ok,
Nokora_regular,C:\Users\angel\OneDrive\Desktop\Kern\data\processed\features\Nokora_regular.npz,52,ok,
Nokora_500,C:\Users\angel\OneDrive\Desktop\Kern\data\processed\features\Nokora_500.npz,52,ok,
Nokora_600,C:\Users\angel\OneDrive\Desktop\Kern\data\processed\features\Nokora_600.npz,52,ok,
Nokora_700,C:\Users\angel\OneDrive\Desktop\Kern\data\processed\features\Nokora_700.npz,52,ok,
Nokora_800,C:\Users\angel\OneDrive\Desktop\Kern\data\processed\features\Nokora_800.npz,52,ok,
Nokora_900,C:\Users\angel\OneDrive\Desktop\Kern\data\processed\features\Nokora_900.npz,52,ok,
Arya_regular,C:\Users\angel\OneDrive\Desktop\Kern\data\processed\features\Arya_regular.npz,52,ok,
Arya_700,C:\Users\angel\OneDrive\Desktop\Kern\data\processed\features\Arya_700.npz,52,ok,
Modern_Antiqua_regular,C:\Users\angel\OneDrive\Desktop\Kern\data\processed\features\Modern_Antiqua_regular.npz,52,ok,
Nosifer_regular,C:\Users\angel\OneDrive\Desktop\Kern\data\processed\features\Nosifer_regular.npz,52,ok,
Swanky_and_Moo_Moo_regular,C:\Users\angel\OneDrive\Desktop\Kern\data\processed\features\Swanky_and_Moo_Moo_regular.npz,52,ok,
Mako_regular,C:\Users\angel\OneDrive\Desktop\Kern\data\processed\features\Mako_regular.npz,52,ok,
Suranna_regular,C:\Users\angel\OneDrive\Desktop\Kern\data\processed\features\Suranna_regular.npz,52,ok,
Nova_Round_regular,C:\Users\angel\OneDrive\Desktop\Kern\data\processed\features\Nova_Round_regular.npz,52,ok,
Goblin_One_regular,C:\Users\angel\OneDrive\Desktop\Kern\data\processed\features\Goblin_One_regular.npz,52,ok,
Bitcount_Grid_Double_100,C:\Users\angel\OneDrive\Desktop\Kern\data\processed\features\Bitcount_Grid_Double_100.npz,52,ok,
Bitcount_Grid_Double_200,C:\Users\angel\OneDrive\Desktop\Kern\data\processed\features\Bitcount_Grid_Double_200.npz,52,ok,
Bitcount_Grid_Double_300,C:\Users\angel\OneDrive\Desktop\Kern\data\processed\features\Bitcount_Grid_Double_300.npz,52,ok,
Bitcount_Grid_Double_regular,C:\Users\angel\OneDrive\Desktop\Kern\data\processed\features\Bitcount_Grid_Double_regular.npz,52,ok,
Bitcount_Grid_Double_500,C:\Users\angel\OneDrive\Desktop\Kern\data\processed\features\Bitcount_Grid_Double_500.npz,52,ok,
Bitcount_Grid_Double_600,C:\Users\angel\OneDrive\Desktop\Kern\data\processed\features\Bitcount_Grid_Double_600.npz,52,ok,
Bitcount_Grid_Double_700,C:\Users\angel\OneDrive\Desktop\Kern\data\processed\features\Bitcount_Grid_Double_700.npz,52,ok,
Bitcount_Grid_Double_800,C:\Users\angel\OneDrive\Desktop\Kern\data\processed\features\Bitcount_Grid_Double_800.npz,52,ok,
Bitcount_Grid_Double_900,C:\Users\angel\OneDrive\Desktop\Kern\data\processed\features\Bitcount_Grid_Double_900.npz,52,ok,
Esteban_regular,C:\Users\angel\OneDrive\Desktop\Kern\data\processed\features\Esteban_regular.npz,52,ok,
Baloo_Paaji_2_regular,C:\Users\angel\OneDrive\Desktop\Kern\data\processed\features\Baloo_Paaji_2_regular.npz,52,ok,
Baloo_Paaji_2_500,C:\Users\angel\OneDrive\Desktop\Kern\data\processed\features\Baloo_Paaji_2_500.npz,52,ok,
Baloo_Paaji_2_600,C:\Users\angel\OneDrive\Desktop\Kern\data\processed\features\Baloo_Paaji_2_600.npz,52,ok,
Baloo_Paaji_2_700,C:\Users\angel\OneDrive\Desktop\Kern\data\processed\features\Baloo_Paaji_2_700.npz,52,ok,
Baloo_Paaji_2_800,C:\Users\angel\OneDrive\Desktop\Kern\data\processed\features\Baloo_Paaji_2_800.npz,52,ok,
Odibee_Sans_regular,C:\Users\angel\OneDrive\Desktop\Kern\data\processed\features\Odibee_Sans_regular.npz,52,ok,
IM_Fell_Double_Pica_SC_regular,C:\Users\angel\OneDrive\Desktop\Kern\data\processed\features\IM_Fell_Double_Pica_SC_regular.npz,52,ok,
Port_Lligat_Sans_regular,C:\Users\angel\OneDrive\Desktop\Kern\data\processed\features\Port_Lligat_Sans_regular.npz,52,ok,
Sedgwick_Ave_regular,C:\Users\angel\OneDrive\Desktop\Kern\data\processed\features\Sedgwick_Ave_regular.npz,52,ok,
Loved_by_the_King_regular,C:\Users\angel\OneDrive\Desktop\Kern\data\processed\features\Loved_by_the_King_regular.npz,52,ok,
Salsa_regular,C:\Users\angel\OneDrive\Desktop\Kern\data\processed\features\Salsa_regular.npz,52,ok,
Shanti_regular,C:\Users\angel\OneDrive\Desktop\Kern\data\processed\features\Shanti_regular.npz,52,ok,
Federo_regular,C:\Users\angel\OneDrive\Desktop\Kern\data\processed\features\Federo_regular.npz,52,ok,
NTR_regular,C:\Users\angel\OneDrive\Desktop\Kern\data\processed\features\NTR_regular.npz,52,ok,
Wendy_One_regular,C:\Users\angel\OneDrive\Desktop\Kern\data\processed\features\Wendy_One_regular.npz,52,ok,
Alike_Angular_regular,C:\Users\angel\OneDrive\Desktop\Kern\data\processed\features\Alike_Angular_regular.npz,52,ok,
Ribeye_regular,C:\Users\angel\OneDrive\Desktop\Kern\data\processed\features\Ribeye_regular.npz,52,ok,
Crushed_regular,C:\Users\angel\OneDrive\Desktop\Kern\data\processed\features\Crushed_regular.npz,52,ok,
Clicker_Script_regular,C:\Users\angel\OneDrive\Desktop\Kern\data\processed\features\Clicker_Script_regular.npz,52,ok,
The_Nautigal_regular,C:\Users\angel\OneDrive\Desktop\Kern\data\processed\features\The_Nautigal_regular.npz,52,ok,
The_Nautigal_700,C:\Users\angel\OneDrive\Desktop\Kern\data\processed\features\The_Nautigal_700.npz,52,ok,
Sancreek_regular,C:\Users\angel\OneDrive\Desktop\Kern\data\processed\features\Sancreek_regular.npz,52,ok,
Kaisei_Tokumin_regular,C:\Users\angel\OneDrive\Desktop\Kern\data\processed\features\Kaisei_Tokumin_regular.npz,52,ok,
Kaisei_Tokumin_500,C:\Users\angel\OneDrive\Desktop\Kern\data\processed\features\Kaisei_Tokumin_500.npz,52,ok,
Kaisei_Tokumin_700,C:\Users\angel\OneDrive\Desktop\Kern\data\processed\features\Kaisei_Tokumin_700.npz,52,ok,
Kaisei_Tokumin_800,C:\Users\angel\OneDrive\Desktop\Kern\data\processed\features\Kaisei_Tokumin_800.npz,52,ok,
Bellota_300,C:\Users\angel\OneDrive\Desktop\Kern\data\processed\features\Bellota_300.npz,52,ok,
Bellota_300italic,C:\Users\angel\OneDrive\Desktop\Kern\data\processed\features\Bellota_300italic.npz,52,ok,
Bellota_regular,C:\Users\angel\OneDrive\Desktop\Kern\data\processed\features\Bellota_regular.npz,52,ok,
Bellota_italic,C:\Users\angel\OneDrive\Desktop\Kern\data\processed\features\Bellota_italic.npz,52,ok,
Bellota_700,C:\Users\angel\OneDrive\Desktop\Kern\data\processed\features\Bellota_700.npz,52,ok,
Bellota_700italic,C:\Users\angel\OneDrive\Desktop\Kern\data\processed\features\Bellota_700italic.npz,52,ok,
Sour_Gummy_100,C:\Users\angel\OneDrive\Desktop\Kern\data\processed\features\Sour_Gummy_100.npz,52,ok,
Sour_Gummy_200,C:\Users\angel\OneDrive\Desktop\Kern\data\processed\features\Sour_Gummy_200.npz,52,ok,
Sour_Gummy_300,C:\Users\angel\OneDrive\Desktop\Kern\data\processed\features\Sour_Gummy_300.npz,52,ok,
Sour_Gummy_regular,C:\Users\angel\OneDrive\Desktop\Kern\data\processed\features\Sour_Gummy_regular.npz,52,ok,
Sour_Gummy_500,C:\Users\angel\OneDrive\Desktop\Kern\data\processed\features\Sour_Gummy_500.npz,52,ok,
Sour_Gummy_600,C:\Users\angel\OneDrive\Desktop\Kern\data\processed\features\Sour_Gummy_600.npz,52,ok,
Sour_Gummy_700,C:\Users\angel\OneDrive\Desktop\Kern\data\processed\features\Sour_Gummy_700.npz,52,ok,
Sour_Gummy_800,C:\Users\angel\OneDrive\Desktop\Kern\data\processed\features\Sour_Gummy_800.npz,52,ok,
Sour_Gummy_900,C:\Users\angel\OneDrive\Desktop\Kern\data\processed\features\Sour_Gummy_900.npz,52,ok,
Sour_Gummy_100italic,C:\Users\angel\OneDrive\Desktop\Kern\data\processed\features\Sour_Gummy_100italic.npz,52,ok,
Sour_Gummy_200italic,C:\Users\angel\OneDrive\Desktop\Kern\data\processed\features\Sour_Gummy_200italic.npz,52,ok,
Sour_Gummy_300italic,C:\Users\angel\OneDrive\Desktop\Kern\data\processed\features\Sour_Gummy_300italic.npz,52,ok,
Sour_Gummy_italic,C:\Users\angel\OneDrive\Desktop\Kern\data\processed\features\Sour_Gummy_italic.npz,52,ok,
Sour_Gummy_500italic,C:\Users\angel\OneDrive\Desktop\Kern\data\processed\features\Sour_Gummy_500italic.npz,52,ok,
Sour_Gummy_600italic,C:\Users\angel\OneDrive\Desktop\Kern\data\processed\features\Sour_Gummy_600italic.npz,52,ok,
Sour_Gummy_700italic,C:\Users\angel\OneDrive\Desktop\Kern\data\processed\features\Sour_Gummy_700italic.npz,52,ok,
Sour_Gummy_800italic,C:\Users\angel\OneDrive\Desktop\Kern\data\processed\features\Sour_Gummy_800italic.npz,52,ok,
Sour_Gummy_900italic,C:\Users\angel\OneDrive\Desktop\Kern\data\processed\features\Sour_Gummy_900italic.npz,52,ok,
Edu_SA_Beginner_regular,C:\Users\angel\OneDrive\Desktop\Kern\data\processed\features\Edu_SA_Beginner_regular.npz,52,ok,
Edu_SA_Beginner_500,C:\Users\angel\OneDrive\Desktop\Kern\data\processed\features\Edu_SA_Beginner_500.npz,52,ok,
Edu_SA_Beginner_600,C:\Users\angel\OneDrive\Desktop\Kern\data\processed\features\Edu_SA_Beginner_600.npz,52,ok,
Edu_SA_Beginner_700,C:\Users\angel\OneDrive\Desktop\Kern\data\processed\features\Edu_SA_Beginner_700.npz,52,ok,
Anaheim_regular,C:\Users\angel\OneDrive\Desktop\Kern\data\processed\features\Anaheim_regular.npz,52,ok,
Anaheim_500,C:\Users\angel\OneDrive\Desktop\Kern\data\processed\features\Anaheim_500.npz,52,ok,
Anaheim_600,C:\Users\angel\OneDrive\Desktop\Kern\data\processed\features\Anaheim_600.npz,52,ok,
Anaheim_700,C:\Users\angel\OneDrive\Desktop\Kern\data\processed\features\Anaheim_700.npz,52,ok,
Anaheim_800,C:\Users\angel\OneDrive\Desktop\Kern\data\processed\features\Anaheim_800.npz,52,ok,
Cherry_Swash_regular,C:\Users\angel\OneDrive\Desktop\Kern\data\processed\features\Cherry_Swash_regular.npz,52,ok,
Cherry_Swash_700,C:\Users\angel\OneDrive\Desktop\Kern\data\processed\features\Cherry_Swash_700.npz,52,ok,
Protest_Strike_regular,C:\Users\angel\OneDrive\Desktop\Kern\data\processed\features\Protest_Strike_regular.npz,52,ok,
Habibi_regular,C:\Users\angel\OneDrive\Desktop\Kern\data\processed\features\Habibi_regular.npz,52,ok,
IM_Fell_DW_Pica_SC_regular,C:\Users\angel\OneDrive\Desktop\Kern\data\processed\features\IM_Fell_DW_Pica_SC_regular.npz,52,ok,
Ledger_regular,C:\Users\angel\OneDrive\Desktop\Kern\data\processed\features\Ledger_regular.npz,52,ok,
Fresca_regular,C:\Users\angel\OneDrive\Desktop\Kern\data\processed\features\Fresca_regular.npz,52,ok,
Bagel_Fat_One_regular,C:\Users\angel\OneDrive\Desktop\Kern\data\processed\features\Bagel_Fat_One_regular.npz,52,ok,
Bonheur_Royale_regular,C:\Users\angel\OneDrive\Desktop\Kern\data\processed\features\Bonheur_Royale_regular.npz,52,ok,
Mina_regular,C:\Users\angel\OneDrive\Desktop\Kern\data\processed\features\Mina_regular.npz,52,ok,
Mina_700,C:\Users\angel\OneDrive\Desktop\Kern\data\processed\features\Mina_700.npz,52,ok,
WindSong_regular,C:\Users\angel\OneDrive\Desktop\Kern\data\processed\features\WindSong_regular.npz,52,ok,
WindSong_500,C:\Users\angel\OneDrive\Desktop\Kern\data\processed\features\WindSong_500.npz,52,ok,
Bona_Nova_regular,C:\Users\angel\OneDrive\Desktop\Kern\data\processed\features\Bona_Nova_regular.npz,52,ok,
Bona_Nova_italic,C:\Users\angel\OneDrive\Desktop\Kern\data\processed\features\Bona_Nova_italic.npz,52,ok,
Bona_Nova_700,C:\Users\angel\OneDrive\Desktop\Kern\data\processed\features\Bona_Nova_700.npz,52,ok,
Mirza_regular,C:\Users\angel\OneDrive\Desktop\Kern\data\processed\features\Mirza_regular.npz,52,ok,
Mirza_500,C:\Users\angel\OneDrive\Desktop\Kern\data\processed\features\Mirza_500.npz,52,ok,
Mirza_600,C:\Users\angel\OneDrive\Desktop\Kern\data\processed\features\Mirza_600.npz,52,ok,
Mirza_700,C:\Users\angel\OneDrive\Desktop\Kern\data\processed\features\Mirza_700.npz,52,ok,
Sarpanch_regular,C:\Users\angel\OneDrive\Desktop\Kern\data\processed\features\Sarpanch_regular.npz,52,ok,
Sarpanch_500,C:\Users\angel\OneDrive\Desktop\Kern\data\processed\features\Sarpanch_500.npz,52,ok,
Sarpanch_600,C:\Users\angel\OneDrive\Desktop\Kern\data\processed\features\Sarpanch_600.npz,52,ok,
Sarpanch_700,C:\Users\angel\OneDrive\Desktop\Kern\data\processed\features\Sarpanch_700.npz,52,ok,
Sarpanch_800,C:\Users\angel\OneDrive\Desktop\Kern\data\processed\features\Sarpanch_800.npz,52,ok,
Sarpanch_900,C:\Users\angel\OneDrive\Desktop\Kern\data\processed\features\Sarpanch_900.npz,52,ok,
Tai_Heritage_Pro_regular,C:\Users\angel\OneDrive\Desktop\Kern\data\processed\features\Tai_Heritage_Pro_regular.npz,52,ok,
Tai_Heritage_Pro_700,C:\Users\angel\OneDrive\Desktop\Kern\data\processed\features\Tai_Heritage_Pro_700.npz,52,ok,
Zhi_Mang_Xing_regular,C:\Users\angel\OneDrive\Desktop\Kern\data\processed\features\Zhi_Mang_Xing_regular.npz,52,ok,
Rosarivo_regular,C:\Users\angel\OneDrive\Desktop\Kern\data\processed\features\Rosarivo_regular.npz,52,ok,
Rosarivo_italic,C:\Users\angel\OneDrive\Desktop\Kern\data\processed\features\Rosarivo_italic.npz,52,ok,
Maiden_Orange_regular,C:\Users\angel\OneDrive\Desktop\Kern\data\processed\features\Maiden_Orange_regular.npz,52,ok,
Nerko_One_regular,C:\Users\angel\OneDrive\Desktop\Kern\data\processed\features\Nerko_One_regular.npz,52,ok,
UnifrakturCook_700,C:\Users\angel\OneDrive\Desktop\Kern\data\processed\features\UnifrakturCook_700.npz,52,ok,
IM_Fell_French_Canon_regular,C:\Users\angel\OneDrive\Desktop\Kern\data\processed\features\IM_Fell_French_Canon_regular.npz,52,ok,
IM_Fell_French_Canon_italic,C:\Users\angel\OneDrive\Desktop\Kern\data\processed\features\IM_Fell_French_Canon_italic.npz,52,ok,
Life_Savers_regular,C:\Users\angel\OneDrive\Desktop\Kern\data\processed\features\Life_Savers_regular.npz,52,ok,
Life_Savers_700,C:\Users\angel\OneDrive\Desktop\Kern\data\processed\features\Life_Savers_700.npz,52,ok,
Life_Savers_800,C:\Users\angel\OneDrive\Desktop\Kern\data\processed\features\Life_Savers_800.npz,52,ok,
Redacted_regular,C:\Users\angel\OneDrive\Desktop\Kern\data\processed\features\Redacted_regular.npz,52,ok,
Orienta_regular,C:\Users\angel\OneDrive\Desktop\Kern\data\processed\features\Orienta_regular.npz,52,ok,
Jaro_regular,C:\Users\angel\OneDrive\Desktop\Kern\data\processed\features\Jaro_regular.npz,52,ok,
Poltawski_Nowy_regular,C:\Users\angel\OneDrive\Desktop\Kern\data\processed\features\Poltawski_Nowy_regular.npz,52,ok,
Poltawski_Nowy_500,C:\Users\angel\OneDrive\Desktop\Kern\data\processed\features\Poltawski_Nowy_500.npz,52,ok,
Poltawski_Nowy_600,C:\Users\angel\OneDrive\Desktop\Kern\data\processed\features\Poltawski_Nowy_600.npz,52,ok,
Poltawski_Nowy_700,C:\Users\angel\OneDrive\Desktop\Kern\data\processed\features\Poltawski_Nowy_700.npz,52,ok,
Poltawski_Nowy_italic,C:\Users\angel\OneDrive\Desktop\Kern\data\processed\features\Poltawski_Nowy_italic.npz,52,ok,
Poltawski_Nowy_500italic,C:\Users\angel\OneDrive\Desktop\Kern\data\processed\features\Poltawski_Nowy_500italic.npz,52,ok,
Poltawski_Nowy_600italic,C:\Users\angel\OneDrive\Desktop\Kern\data\processed\features\Poltawski_Nowy_600italic.npz,52,ok,
Poltawski_Nowy_700italic,C:\Users\angel\OneDrive\Desktop\Kern\data\processed\features\Poltawski_Nowy_700italic.npz,52,ok,
Dokdo_regular,C:\Users\angel\OneDrive\Desktop\Kern\data\processed\features\Dokdo_regular.npz,52,ok,
Diplomata_regular,C:\Users\angel\OneDrive\Desktop\Kern\data\processed\features\Diplomata_regular.npz,52,ok,
IM_Fell_Great_Primer_regular,C:\Users\angel\OneDrive\Desktop\Kern\data\processed\features\IM_Fell_Great_Primer_regular.npz,52,ok,
IM_Fell_Great_Primer_italic,C:\Users\angel\OneDrive\Desktop\Kern\data\processed\features\IM_Fell_Great_Primer_italic.npz,52,ok,
Mochiy_Pop_P_One_regular,C:\Users\angel\OneDrive\Desktop\Kern\data\processed\features\Mochiy_Pop_P_One_regular.npz,52,ok,
Hi_Melody_regular,C:\Users\angel\OneDrive\Desktop\Kern\data\processed\features\Hi_Melody_regular.npz,52,ok,
Freeman_regular,C:\Users\angel\OneDrive\Desktop\Kern\data\processed\features\Freeman_regular.npz,52,ok,
Doto_100,C:\Users\angel\OneDrive\Desktop\Kern\data\processed\features\Doto_100.npz,52,ok,
Doto_200,C:\Users\angel\OneDrive\Desktop\Kern\data\processed\features\Doto_200.npz,52,ok,
Doto_300,C:\Users\angel\OneDrive\Desktop\Kern\data\processed\features\Doto_300.npz,52,ok,
Doto_regular,C:\Users\angel\OneDrive\Desktop\Kern\data\processed\features\Doto_regular.npz,52,ok,
Doto_500,C:\Users\angel\OneDrive\Desktop\Kern\data\processed\features\Doto_500.npz,52,ok,
Doto_600,C:\Users\angel\OneDrive\Desktop\Kern\data\processed\features\Doto_600.npz,52,ok,
Doto_700,C:\Users\angel\OneDrive\Desktop\Kern\data\processed\features\Doto_700.npz,52,ok,
Doto_800,C:\Users\angel\OneDrive\Desktop\Kern\data\processed\features\Doto_800.npz,52,ok,
Doto_900,C:\Users\angel\OneDrive\Desktop\Kern\data\processed\features\Doto_900.npz,52,ok,
Sulphur_Point_300,C:\Users\angel\OneDrive\Desktop\Kern\data\processed\features\Sulphur_Point_300.npz,52,ok,
Sulphur_Point_regular,C:\Users\angel\OneDrive\Desktop\Kern\data\processed\features\Sulphur_Point_regular.npz,52,ok,
Sulphur_Point_700,C:\Users\angel\OneDrive\Desktop\Kern\data\processed\features\Sulphur_Point_700.npz,52,ok,
Sumana_regular,C:\Users\angel\OneDrive\Desktop\Kern\data\processed\features\Sumana_regular.npz,52,ok,
Sumana_700,C:\Users\angel\OneDrive\Desktop\Kern\data\processed\features\Sumana_700.npz,52,ok,
Truculenta_100,C:\Users\angel\OneDrive\Desktop\Kern\data\processed\features\Truculenta_100.npz,52,ok,
Truculenta_200,C:\Users\angel\OneDrive\Desktop\Kern\data\processed\features\Truculenta_200.npz,52,ok,
Truculenta_300,C:\Users\angel\OneDrive\Desktop\Kern\data\processed\features\Truculenta_300.npz,52,ok,
Truculenta_regular,C:\Users\angel\OneDrive\Desktop\Kern\data\processed\features\Truculenta_regular.npz,52,ok,
Truculenta_500,C:\Users\angel\OneDrive\Desktop\Kern\data\processed\features\Truculenta_500.npz,52,ok,
Truculenta_600,C:\Users\angel\OneDrive\Desktop\Kern\data\processed\features\Truculenta_600.npz,52,ok,
Truculenta_700,C:\Users\angel\OneDrive\Desktop\Kern\data\processed\features\Truculenta_700.npz,52,ok,
Truculenta_800,C:\Users\angel\OneDrive\Desktop\Kern\data\processed\features\Truculenta_800.npz,52,ok,
Truculenta_900,C:\Users\angel\OneDrive\Desktop\Kern\data\processed\features\Truculenta_900.npz,52,ok,
Alkatra_regular,C:\Users\angel\OneDrive\Desktop\Kern\data\processed\features\Alkatra_regular.npz,52,ok,
Alkatra_500,C:\Users\angel\OneDrive\Desktop\Kern\data\processed\features\Alkatra_500.npz,52,ok,
Alkatra_600,C:\Users\angel\OneDrive\Desktop\Kern\data\processed\features\Alkatra_600.npz,52,ok,
Alkatra_700,C:\Users\angel\OneDrive\Desktop\Kern\data\processed\features\Alkatra_700.npz,52,ok,
Alan_Sans_300,C:\Users\angel\OneDrive\Desktop\Kern\data\processed\features\Alan_Sans_300.npz,52,ok,
Alan_Sans_regular,C:\Users\angel\OneDrive\Desktop\Kern\data\processed\features\Alan_Sans_regular.npz,52,ok,
Alan_Sans_500,C:\Users\angel\OneDrive\Desktop\Kern\data\processed\features\Alan_Sans_500.npz,52,ok,
Alan_Sans_600,C:\Users\angel\OneDrive\Desktop\Kern\data\processed\features\Alan_Sans_600.npz,52,ok,
Alan_Sans_700,C:\Users\angel\OneDrive\Desktop\Kern\data\processed\features\Alan_Sans_700.npz,52,ok,
Alan_Sans_800,C:\Users\angel\OneDrive\Desktop\Kern\data\processed\features\Alan_Sans_800.npz,52,ok,
Alan_Sans_900,C:\Users\angel\OneDrive\Desktop\Kern\data\processed\features\Alan_Sans_900.npz,52,ok,
Mooli_regular,C:\Users\angel\OneDrive\Desktop\Kern\data\processed\features\Mooli_regular.npz,52,ok,
Mozilla_Text_200,C:\Users\angel\OneDrive\Desktop\Kern\data\processed\features\Mozilla_Text_200.npz,52,ok,
Mozilla_Text_300,C:\Users\angel\OneDrive\Desktop\Kern\data\processed\features\Mozilla_Text_300.npz,52,ok,
Mozilla_Text_regular,C:\Users\angel\OneDrive\Desktop\Kern\data\processed\features\Mozilla_Text_regular.npz,52,ok,
Mozilla_Text_500,C:\Users\angel\OneDrive\Desktop\Kern\data\processed\features\Mozilla_Text_500.npz,52,ok,
Mozilla_Text_600,C:\Users\angel\OneDrive\Desktop\Kern\data\processed\features\Mozilla_Text_600.npz,52,ok,
Mozilla_Text_700,C:\Users\angel\OneDrive\Desktop\Kern\data\processed\features\Mozilla_Text_700.npz,52,ok,
Nova_Flat_regular,C:\Users\angel\OneDrive\Desktop\Kern\data\processed\features\Nova_Flat_regular.npz,52,ok,
Long_Cang_regular,C:\Users\angel\OneDrive\Desktop\Kern\data\processed\features\Long_Cang_regular.npz,52,ok,
Gemunu_Libre_200,C:\Users\angel\OneDrive\Desktop\Kern\data\processed\features\Gemunu_Libre_200.npz,52,ok,
Gemunu_Libre_300,C:\Users\angel\OneDrive\Desktop\Kern\data\processed\features\Gemunu_Libre_300.npz,52,ok,
Gemunu_Libre_regular,C:\Users\angel\OneDrive\Desktop\Kern\data\processed\features\Gemunu_Libre_regular.npz,52,ok,
Gemunu_Libre_500,C:\Users\angel\OneDrive\Desktop\Kern\data\processed\features\Gemunu_Libre_500.npz,52,ok,
Gemunu_Libre_600,C:\Users\angel\OneDrive\Desktop\Kern\data\processed\features\Gemunu_Libre_600.npz,52,ok,
Gemunu_Libre_700,C:\Users\angel\OneDrive\Desktop\Kern\data\processed\features\Gemunu_Libre_700.npz,52,ok,
Gemunu_Libre_800,C:\Users\angel\OneDrive\Desktop\Kern\data\processed\features\Gemunu_Libre_800.npz,52,ok,
Griffy_regular,C:\Users\angel\OneDrive\Desktop\Kern\data\processed\features\Griffy_regular.npz,52,ok,
Birthstone_Bounce_regular,C:\Users\angel\OneDrive\Desktop\Kern\data\processed\features\Birthstone_Bounce_regular.npz,52,ok,
Birthstone_Bounce_500,C:\Users\angel\OneDrive\Desktop\Kern\data\processed\features\Birthstone_Bounce_500.npz,52,ok,
IBM_Plex_Sans_Devanagari_100,C:\Users\angel\OneDrive\Desktop\Kern\data\processed\features\IBM_Plex_Sans_Devanagari_100.npz,52,ok,
IBM_Plex_Sans_Devanagari_200,C:\Users\angel\OneDrive\Desktop\Kern\data\processed\features\IBM_Plex_Sans_Devanagari_200.npz,52,ok,
IBM_Plex_Sans_Devanagari_300,C:\Users\angel\OneDrive\Desktop\Kern\data\processed\features\IBM_Plex_Sans_Devanagari_300.npz,52,ok,
IBM_Plex_Sans_Devanagari_regular,C:\Users\angel\OneDrive\Desktop\Kern\data\processed\features\IBM_Plex_Sans_Devanagari_regular.npz,52,ok,
IBM_Plex_Sans_Devanagari_500,C:\Users\angel\OneDrive\Desktop\Kern\data\processed\features\IBM_Plex_Sans_Devanagari_500.npz,52,ok,
IBM_Plex_Sans_Devanagari_600,C:\Users\angel\OneDrive\Desktop\Kern\data\processed\features\IBM_Plex_Sans_Devanagari_600.npz,52,ok,
IBM_Plex_Sans_Devanagari_700,C:\Users\angel\OneDrive\Desktop\Kern\data\processed\features\IBM_Plex_Sans_Devanagari_700.npz,52,ok,
Nova_Oval_regular,C:\Users\angel\OneDrive\Desktop\Kern\data\processed\features\Nova_Oval_regular.npz,52,ok,
Kavoon_regular,C:\Users\angel\OneDrive\Desktop\Kern\data\processed\features\Kavoon_regular.npz,52,ok,
Phudu_300,C:\Users\angel\OneDrive\Desktop\Kern\data\processed\features\Phudu_300.npz,52,ok,
Phudu_regular,C:\Users\angel\OneDrive\Desktop\Kern\data\processed\features\Phudu_regular.npz,52,ok,
Phudu_500,C:\Users\angel\OneDrive\Desktop\Kern\data\processed\features\Phudu_500.npz,52,ok,
Phudu_600,C:\Users\angel\OneDrive\Desktop\Kern\data\processed\features\Phudu_600.npz,52,ok,
Phudu_700,C:\Users\angel\OneDrive\Desktop\Kern\data\processed\features\Phudu_700.npz,52,ok,
Phudu_800,C:\Users\angel\OneDrive\Desktop\Kern\data\processed\features\Phudu_800.npz,52,ok,
Phudu_900,C:\Users\angel\OneDrive\Desktop\Kern\data\processed\features\Phudu_900.npz,52,ok,
Scope_One_regular,C:\Users\angel\OneDrive\Desktop\Kern\data\processed\features\Scope_One_regular.npz,52,ok,
Manuale_300,C:\Users\angel\OneDrive\Desktop\Kern\data\processed\features\Manuale_300.npz,52,ok,
Manuale_regular,C:\Users\angel\OneDrive\Desktop\Kern\data\processed\features\Manuale_regular.npz,52,ok,
Manuale_500,C:\Users\angel\OneDrive\Desktop\Kern\data\processed\features\Manuale_500.npz,52,ok,
Manuale_600,C:\Users\angel\OneDrive\Desktop\Kern\data\processed\features\Manuale_600.npz,52,ok,
Manuale_700,C:\Users\angel\OneDrive\Desktop\Kern\data\processed\features\Manuale_700.npz,52,ok,
Manuale_800,C:\Users\angel\OneDrive\Desktop\Kern\data\processed\features\Manuale_800.npz,52,ok,
Manuale_300italic,C:\Users\angel\OneDrive\Desktop\Kern\data\processed\features\Manuale_300italic.npz,52,ok,
Manuale_italic,C:\Users\angel\OneDrive\Desktop\Kern\data\processed\features\Manuale_italic.npz,52,ok,
Manuale_500italic,C:\Users\angel\OneDrive\Desktop\Kern\data\processed\features\Manuale_500italic.npz,52,ok,
Manuale_600italic,C:\Users\angel\OneDrive\Desktop\Kern\data\processed\features\Manuale_600italic.npz,52,ok,
Manuale_700italic,C:\Users\angel\OneDrive\Desktop\Kern\data\processed\features\Manuale_700italic.npz,52,ok,
Manuale_800italic,C:\Users\angel\OneDrive\Desktop\Kern\data\processed\features\Manuale_800italic.npz,52,ok,
Baloo_Tammudu_2_regular,C:\Users\angel\OneDrive\Desktop\Kern\data\processed\features\Baloo_Tammudu_2_regular.npz,52,ok,
Baloo_Tammudu_2_500,C:\Users\angel\OneDrive\Desktop\Kern\data\processed\features\Baloo_Tammudu_2_500.npz,52,ok,
Baloo_Tammudu_2_600,C:\Users\angel\OneDrive\Desktop\Kern\data\processed\features\Baloo_Tammudu_2_600.npz,52,ok,
Baloo_Tammudu_2_700,C:\Users\angel\OneDrive\Desktop\Kern\data\processed\features\Baloo_Tammudu_2_700.npz,52,ok,
Baloo_Tammudu_2_800,C:\Users\angel\OneDrive\Desktop\Kern\data\processed\features\Baloo_Tammudu_2_800.npz,52,ok,
Amethysta_regular,C:\Users\angel\OneDrive\Desktop\Kern\data\processed\features\Amethysta_regular.npz,52,ok,
Spicy_Rice_regular,C:\Users\angel\OneDrive\Desktop\Kern\data\processed\features\Spicy_Rice_regular.npz,52,ok,
Noto_Sans_Ethiopic_100,C:\Users\angel\OneDrive\Desktop\Kern\data\processed\features\Noto_Sans_Ethiopic_100.npz,52,ok,
Noto_Sans_Ethiopic_200,C:\Users\angel\OneDrive\Desktop\Kern\data\processed\features\Noto_Sans_Ethiopic_200.npz,52,ok,
Noto_Sans_Ethiopic_300,C:\Users\angel\OneDrive\Desktop\Kern\data\processed\features\Noto_Sans_Ethiopic_300.npz,52,ok,
Noto_Sans_Ethiopic_regular,C:\Users\angel\OneDrive\Desktop\Kern\data\processed\features\Noto_Sans_Ethiopic_regular.npz,52,ok,
Noto_Sans_Ethiopic_500,C:\Users\angel\OneDrive\Desktop\Kern\data\processed\features\Noto_Sans_Ethiopic_500.npz,52,ok,
Noto_Sans_Ethiopic_600,C:\Users\angel\OneDrive\Desktop\Kern\data\processed\features\Noto_Sans_Ethiopic_600.npz,52,ok,
Noto_Sans_Ethiopic_700,C:\Users\angel\OneDrive\Desktop\Kern\data\processed\features\Noto_Sans_Ethiopic_700.npz,52,ok,
Noto_Sans_Ethiopic_800,C:\Users\angel\OneDrive\Desktop\Kern\data\processed\features\Noto_Sans_Ethiopic_800.npz,52,ok,
Noto_Sans_Ethiopic_900,C:\Users\angel\OneDrive\Desktop\Kern\data\processed\features\Noto_Sans_Ethiopic_900.npz,52,ok,
IM_Fell_Great_Primer_SC_regular,C:\Users\angel\OneDrive\Desktop\Kern\data\processed\features\IM_Fell_Great_Primer_SC_regular.npz,52,ok,
Cairo_Play_200,C:\Users\angel\OneDrive\Desktop\Kern\data\processed\features\Cairo_Play_200.npz,52,ok,
Cairo_Play_300,C:\Users\angel\OneDrive\Desktop\Kern\data\processed\features\Cairo_Play_300.npz,52,ok,
Cairo_Play_regular,C:\Users\angel\OneDrive\Desktop\Kern\data\processed\features\Cairo_Play_regular.npz,52,ok,
Cairo_Play_500,C:\Users\angel\OneDrive\Desktop\Kern\data\processed\features\Cairo_Play_500.npz,52,ok,
Cairo_Play_600,C:\Users\angel\OneDrive\Desktop\Kern\data\processed\features\Cairo_Play_600.npz,52,ok,
Cairo_Play_700,C:\Users\angel\OneDrive\Desktop\Kern\data\processed\features\Cairo_Play_700.npz,52,ok,
Cairo_Play_800,C:\Users\angel\OneDrive\Desktop\Kern\data\processed\features\Cairo_Play_800.npz,52,ok,
Cairo_Play_900,C:\Users\angel\OneDrive\Desktop\Kern\data\processed\features\Cairo_Play_900.npz,52,ok,
Harmattan_regular,C:\Users\angel\OneDrive\Desktop\Kern\data\processed\features\Harmattan_regular.npz,52,ok,
Harmattan_500,C:\Users\angel\OneDrive\Desktop\Kern\data\processed\features\Harmattan_500.npz,52,ok,
Harmattan_600,C:\Users\angel\OneDrive\Desktop\Kern\data\processed\features\Harmattan_600.npz,52,ok,
Harmattan_700,C:\Users\angel\OneDrive\Desktop\Kern\data\processed\features\Harmattan_700.npz,52,ok,
Qahiri_regular,C:\Users\angel\OneDrive\Desktop\Kern\data\processed\features\Qahiri_regular.npz,52,ok,
Lemon_regular,C:\Users\angel\OneDrive\Desktop\Kern\data\processed\features\Lemon_regular.npz,52,ok,
Smythe_regular,C:\Users\angel\OneDrive\Desktop\Kern\data\processed\features\Smythe_regular.npz,52,ok,
Montaga_regular,C:\Users\angel\OneDrive\Desktop\Kern\data\processed\features\Montaga_regular.npz,52,ok,
Karantina_300,C:\Users\angel\OneDrive\Desktop\Kern\data\processed\features\Karantina_300.npz,52,ok,
Karantina_regular,C:\Users\angel\OneDrive\Desktop\Kern\data\processed\features\Karantina_regular.npz,52,ok,
Karantina_700,C:\Users\angel\OneDrive\Desktop\Kern\data\processed\features\Karantina_700.npz,52,ok,
Ysabeau_SC_100,C:\Users\angel\OneDrive\Desktop\Kern\data\processed\features\Ysabeau_SC_100.npz,52,ok,
Ysabeau_SC_200,C:\Users\angel\OneDrive\Desktop\Kern\data\processed\features\Ysabeau_SC_200.npz,52,ok,
Ysabeau_SC_300,C:\Users\angel\OneDrive\Desktop\Kern\data\processed\features\Ysabeau_SC_300.npz,52,ok,
Ysabeau_SC_regular,C:\Users\angel\OneDrive\Desktop\Kern\data\processed\features\Ysabeau_SC_regular.npz,52,ok,
Ysabeau_SC_500,C:\Users\angel\OneDrive\Desktop\Kern\data\processed\features\Ysabeau_SC_500.npz,52,ok,
Ysabeau_SC_600,C:\Users\angel\OneDrive\Desktop\Kern\data\processed\features\Ysabeau_SC_600.npz,52,ok,
Ysabeau_SC_700,C:\Users\angel\OneDrive\Desktop\Kern\data\processed\features\Ysabeau_SC_700.npz,52,ok,
Ysabeau_SC_800,C:\Users\angel\OneDrive\Desktop\Kern\data\processed\features\Ysabeau_SC_800.npz,52,ok,
Ysabeau_SC_900,C:\Users\angel\OneDrive\Desktop\Kern\data\processed\features\Ysabeau_SC_900.npz,52,ok,
Chicle_regular,C:\Users\angel\OneDrive\Desktop\Kern\data\processed\features\Chicle_regular.npz,52,ok,
IBM_Plex_Sans_Thai_Looped_100,C:\Users\angel\OneDrive\Desktop\Kern\data\processed\features\IBM_Plex_Sans_Thai_Looped_100.npz,52,ok,
IBM_Plex_Sans_Thai_Looped_200,C:\Users\angel\OneDrive\Desktop\Kern\data\processed\features\IBM_Plex_Sans_Thai_Looped_200.npz,52,ok,
IBM_Plex_Sans_Thai_Looped_300,C:\Users\angel\OneDrive\Desktop\Kern\data\processed\features\IBM_Plex_Sans_Thai_Looped_300.npz,52,ok,
IBM_Plex_Sans_Thai_Looped_regular,C:\Users\angel\OneDrive\Desktop\Kern\data\processed\features\IBM_Plex_Sans_Thai_Looped_regular.npz,52,ok,
IBM_Plex_Sans_Thai_Looped_500,C:\Users\angel\OneDrive\Desktop\Kern\data\processed\features\IBM_Plex_Sans_Thai_Looped_500.npz,52,ok,
IBM_Plex_Sans_Thai_Looped_600,C:\Users\angel\OneDrive\Desktop\Kern\data\processed\features\IBM_Plex_Sans_Thai_Looped_600.npz,52,ok,
IBM_Plex_Sans_Thai_Looped_700,C:\Users\angel\OneDrive\Desktop\Kern\data\processed\features\IBM_Plex_Sans_Thai_Looped_700.npz,52,ok,
Anek_Tamil_100,C:\Users\angel\OneDrive\Desktop\Kern\data\processed\features\Anek_Tamil_100.npz,52,ok,
Anek_Tamil_200,C:\Users\angel\OneDrive\Desktop\Kern\data\processed\features\Anek_Tamil_200.npz,52,ok,
Anek_Tamil_300,C:\Users\angel\OneDrive\Desktop\Kern\data\processed\features\Anek_Tamil_300.npz,52,ok,
Anek_Tamil_regular,C:\Users\angel\OneDrive\Desktop\Kern\data\processed\features\Anek_Tamil_regular.npz,52,ok,
Anek_Tamil_500,C:\Users\angel\OneDrive\Desktop\Kern\data\processed\features\Anek_Tamil_500.npz,52,ok,
Anek_Tamil_600,C:\Users\angel\OneDrive\Desktop\Kern\data\processed\features\Anek_Tamil_600.npz,52,ok,
Anek_Tamil_700,C:\Users\angel\OneDrive\Desktop\Kern\data\processed\features\Anek_Tamil_700.npz,52,ok,
Anek_Tamil_800,C:\Users\angel\OneDrive\Desktop\Kern\data\processed\features\Anek_Tamil_800.npz,52,ok,
Iceland_regular,C:\Users\angel\OneDrive\Desktop\Kern\data\processed\features\Iceland_regular.npz,52,ok,
Gayathri_100,C:\Users\angel\OneDrive\Desktop\Kern\data\processed\features\Gayathri_100.npz,52,ok,
Gayathri_regular,C:\Users\angel\OneDrive\Desktop\Kern\data\processed\features\Gayathri_regular.npz,52,ok,
Gayathri_700,C:\Users\angel\OneDrive\Desktop\Kern\data\processed\features\Gayathri_700.npz,52,ok,
Nova_Slim_regular,C:\Users\angel\OneDrive\Desktop\Kern\data\processed\features\Nova_Slim_regular.npz,52,ok,
Gasoek_One_regular,C:\Users\angel\OneDrive\Desktop\Kern\data\processed\features\Gasoek_One_regular.npz,52,ok,
Fasthand_regular,C:\Users\angel\OneDrive\Desktop\Kern\data\processed\features\Fasthand_regular.npz,52,ok,
Siemreap_regular,C:\Users\angel\OneDrive\Desktop\Kern\data\processed\features\Siemreap_regular.npz,52,ok,
Grenze_100,C:\Users\angel\OneDrive\Desktop\Kern\data\processed\features\Grenze_100.npz,52,ok,
Grenze_200,C:\Users\angel\OneDrive\Desktop\Kern\data\processed\features\Grenze_200.npz,52,ok,
Grenze_300,C:\Users\angel\OneDrive\Desktop\Kern\data\processed\features\Grenze_300.npz,52,ok,
Grenze_regular,C:\Users\angel\OneDrive\Desktop\Kern\data\processed\features\Grenze_regular.npz,52,ok,
Grenze_500,C:\Users\angel\OneDrive\Desktop\Kern\data\processed\features\Grenze_500.npz,52,ok,
Grenze_600,C:\Users\angel\OneDrive\Desktop\Kern\data\processed\features\Grenze_600.npz,52,ok,
Grenze_700,C:\Users\angel\OneDrive\Desktop\Kern\data\processed\features\Grenze_700.npz,52,ok,
Grenze_800,C:\Users\angel\OneDrive\Desktop\Kern\data\processed\features\Grenze_800.npz,52,ok,
Grenze_900,C:\Users\angel\OneDrive\Desktop\Kern\data\processed\features\Grenze_900.npz,52,ok,
Grenze_100italic,C:\Users\angel\OneDrive\Desktop\Kern\data\processed\features\Grenze_100italic.npz,52,ok,
Grenze_200italic,C:\Users\angel\OneDrive\Desktop\Kern\data\processed\features\Grenze_200italic.npz,52,ok,
Grenze_300italic,C:\Users\angel\OneDrive\Desktop\Kern\data\processed\features\Grenze_300italic.npz,52,ok,
Grenze_italic,C:\Users\angel\OneDrive\Desktop\Kern\data\processed\features\Grenze_italic.npz,52,ok,
Grenze_500italic,C:\Users\angel\OneDrive\Desktop\Kern\data\processed\features\Grenze_500italic.npz,52,ok,
Grenze_600italic,C:\Users\angel\OneDrive\Desktop\Kern\data\processed\features\Grenze_600italic.npz,52,ok,
Grenze_700italic,C:\Users\angel\OneDrive\Desktop\Kern\data\processed\features\Grenze_700italic.npz,52,ok,
Grenze_800italic,C:\Users\angel\OneDrive\Desktop\Kern\data\processed\features\Grenze_800italic.npz,52,ok,
Grenze_900italic,C:\Users\angel\OneDrive\Desktop\Kern\data\processed\features\Grenze_900italic.npz,52,ok,
Kenia_regular,C:\Users\angel\OneDrive\Desktop\Kern\data\processed\features\Kenia_regular.npz,52,ok,
Baumans_regular,C:\Users\angel\OneDrive\Desktop\Kern\data\processed\features\Baumans_regular.npz,52,ok,
Stick_regular,C:\Users\angel\OneDrive\Desktop\Kern\data\processed\features\Stick_regular.npz,52,ok,
Liter_regular,C:\Users\angel\OneDrive\Desktop\Kern\data\processed\features\Liter_regular.npz,52,ok,
Peralta_regular,C:\Users\angel\OneDrive\Desktop\Kern\data\processed\features\Peralta_regular.npz,52,ok,
Duru_Sans_regular,C:\Users\angel\OneDrive\Desktop\Kern\data\processed\features\Duru_Sans_regular.npz,52,ok,
Medula_One_regular,C:\Users\angel\OneDrive\Desktop\Kern\data\processed\features\Medula_One_regular.npz,52,ok,
Overlock_SC_regular,C:\Users\angel\OneDrive\Desktop\Kern\data\processed\features\Overlock_SC_regular.npz,52,ok,
Badeen_Display_regular,C:\Users\angel\OneDrive\Desktop\Kern\data\processed\features\Badeen_Display_regular.npz,52,ok,
Mynerve_regular,C:\Users\angel\OneDrive\Desktop\Kern\data\processed\features\Mynerve_regular.npz,52,ok,
Genos_100,C:\Users\angel\OneDrive\Desktop\Kern\data\processed\features\Genos_100.npz,52,ok,
Genos_200,C:\Users\angel\OneDrive\Desktop\Kern\data\processed\features\Genos_200.npz,52,ok,
Genos_300,C:\Users\angel\OneDrive\Desktop\Kern\data\processed\features\Genos_300.npz,52,ok,
Genos_regular,C:\Users\angel\OneDrive\Desktop\Kern\data\processed\features\Genos_regular.npz,52,ok,
Genos_500,C:\Users\angel\OneDrive\Desktop\Kern\data\processed\features\Genos_500.npz,52,ok,
Genos_600,C:\Users\angel\OneDrive\Desktop\Kern\data\processed\features\Genos_600.npz,52,ok,
Genos_700,C:\Users\angel\OneDrive\Desktop\Kern\data\processed\features\Genos_700.npz,52,ok,
Genos_800,C:\Users\angel\OneDrive\Desktop\Kern\data\processed\features\Genos_800.npz,52,ok,
Genos_900,C:\Users\angel\OneDrive\Desktop\Kern\data\processed\features\Genos_900.npz,52,ok,
Genos_100italic,C:\Users\angel\OneDrive\Desktop\Kern\data\processed\features\Genos_100italic.npz,52,ok,
Genos_200italic,C:\Users\angel\OneDrive\Desktop\Kern\data\processed\features\Genos_200italic.npz,52,ok,
Genos_300italic,C:\Users\angel\OneDrive\Desktop\Kern\data\processed\features\Genos_300italic.npz,52,ok,
Genos_italic,C:\Users\angel\OneDrive\Desktop\Kern\data\processed\features\Genos_italic.npz,52,ok,
Genos_500italic,C:\Users\angel\OneDrive\Desktop\Kern\data\processed\features\Genos_500italic.npz,52,ok,
Genos_600italic,C:\Users\angel\OneDrive\Desktop\Kern\data\processed\features\Genos_600italic.npz,52,ok,
Genos_700italic,C:\Users\angel\OneDrive\Desktop\Kern\data\processed\features\Genos_700italic.npz,52,ok,
Genos_800italic,C:\Users\angel\OneDrive\Desktop\Kern\data\processed\features\Genos_800italic.npz,52,ok,
Genos_900italic,C:\Users\angel\OneDrive\Desktop\Kern\data\processed\features\Genos_900italic.npz,52,ok,
Miltonian_regular,C:\Users\angel\OneDrive\Desktop\Kern\data\processed\features\Miltonian_regular.npz,52,ok,
Noto_Serif_Tamil_100,C:\Users\angel\OneDrive\Desktop\Kern\data\processed\features\Noto_Serif_Tamil_100.npz,52,ok,
Noto_Serif_Tamil_200,C:\Users\angel\OneDrive\Desktop\Kern\data\processed\features\Noto_Serif_Tamil_200.npz,52,ok,
Noto_Serif_Tamil_300,C:\Users\angel\OneDrive\Desktop\Kern\data\processed\features\Noto_Serif_Tamil_300.npz,52,ok,
Noto_Serif_Tamil_regular,C:\Users\angel\OneDrive\Desktop\Kern\data\processed\features\Noto_Serif_Tamil_regular.npz,52,ok,
Noto_Serif_Tamil_500,C:\Users\angel\OneDrive\Desktop\Kern\data\processed\features\Noto_Serif_Tamil_500.npz,52,ok,
Noto_Serif_Tamil_600,C:\Users\angel\OneDrive\Desktop\Kern\data\processed\features\Noto_Serif_Tamil_600.npz,52,ok,
Noto_Serif_Tamil_700,C:\Users\angel\OneDrive\Desktop\Kern\data\processed\features\Noto_Serif_Tamil_700.npz,52,ok,
Noto_Serif_Tamil_800,C:\Users\angel\OneDrive\Desktop\Kern\data\processed\features\Noto_Serif_Tamil_800.npz,52,ok,
Noto_Serif_Tamil_900,C:\Users\angel\OneDrive\Desktop\Kern\data\processed\features\Noto_Serif_Tamil_900.npz,52,ok,
Noto_Serif_Tamil_100italic,C:\Users\angel\OneDrive\Desktop\Kern\data\processed\features\Noto_Serif_Tamil_100italic.npz,52,ok,
Noto_Serif_Tamil_200italic,C:\Users\angel\OneDrive\Desktop\Kern\data\processed\features\Noto_Serif_Tamil_200italic.npz,52,ok,
Noto_Serif_Tamil_300italic,C:\Users\angel\OneDrive\Desktop\Kern\data\processed\features\Noto_Serif_Tamil_300italic.npz,52,ok,
Noto_Serif_Tamil_italic,C:\Users\angel\OneDrive\Desktop\Kern\data\processed\features\Noto_Serif_Tamil_italic.npz,52,ok,
Noto_Serif_Tamil_500italic,C:\Users\angel\OneDrive\Desktop\Kern\data\processed\features\Noto_Serif_Tamil_500italic.npz,52,ok,
Noto_Serif_Tamil_600italic,C:\Users\angel\OneDrive\Desktop\Kern\data\processed\features\Noto_Serif_Tamil_600italic.npz,52,ok,
Noto_Serif_Tamil_700italic,C:\Users\angel\OneDrive\Desktop\Kern\data\processed\features\Noto_Serif_Tamil_700italic.npz,52,ok,
Noto_Serif_Tamil_800italic,C:\Users\angel\OneDrive\Desktop\Kern\data\processed\features\Noto_Serif_Tamil_800italic.npz,52,ok,
Noto_Serif_Tamil_900italic,C:\Users\angel\OneDrive\Desktop\Kern\data\processed\features\Noto_Serif_Tamil_900italic.npz,52,ok,
Gugi_regular,C:\Users\angel\OneDrive\Desktop\Kern\data\processed\features\Gugi_regular.npz,52,ok,
Yomogi_regular,C:\Users\angel\OneDrive\Desktop\Kern\data\processed\features\Yomogi_regular.npz,52,ok,
Gentium_Book_Plus_regular,C:\Users\angel\OneDrive\Desktop\Kern\data\processed\features\Gentium_Book_Plus_regular.npz,52,ok,
Gentium_Book_Plus_italic,C:\Users\angel\OneDrive\Desktop\Kern\data\processed\features\Gentium_Book_Plus_italic.npz,52,ok,
Gentium_Book_Plus_700,C:\Users\angel\OneDrive\Desktop\Kern\data\processed\features\Gentium_Book_Plus_700.npz,52,ok,
Gentium_Book_Plus_700italic,C:\Users\angel\OneDrive\Desktop\Kern\data\processed\features\Gentium_Book_Plus_700italic.npz,52,ok,
Carme_regular,C:\Users\angel\OneDrive\Desktop\Kern\data\processed\features\Carme_regular.npz,52,ok,
Luxurious_Script_regular,C:\Users\angel\OneDrive\Desktop\Kern\data\processed\features\Luxurious_Script_regular.npz,52,ok,
Galindo_regular,C:\Users\angel\OneDrive\Desktop\Kern\data\processed\features\Galindo_regular.npz,52,ok,
Atomic_Age_regular,C:\Users\angel\OneDrive\Desktop\Kern\data\processed\features\Atomic_Age_regular.npz,52,ok,
Noto_Sans_Mende_Kikakui_regular,C:\Users\angel\OneDrive\Desktop\Kern\data\processed\features\Noto_Sans_Mende_Kikakui_regular.npz,52,ok,
Kavivanar_regular,C:\Users\angel\OneDrive\Desktop\Kern\data\processed\features\Kavivanar_regular.npz,52,ok,
Chau_Philomene_One_regular,C:\Users\angel\OneDrive\Desktop\Kern\data\processed\features\Chau_Philomene_One_regular.npz,52,ok,
Chau_Philomene_One_italic,C:\Users\angel\OneDrive\Desktop\Kern\data\processed\features\Chau_Philomene_One_italic.npz,52,ok,
Science_Gothic_100,C:\Users\angel\OneDrive\Desktop\Kern\data\processed\features\Science_Gothic_100.npz,52,ok,
Science_Gothic_200,C:\Users\angel\OneDrive\Desktop\Kern\data\processed\features\Science_Gothic_200.npz,52,ok,
Science_Gothic_300,C:\Users\angel\OneDrive\Desktop\Kern\data\processed\features\Science_Gothic_300.npz,52,ok,
Science_Gothic_regular,C:\Users\angel\OneDrive\Desktop\Kern\data\processed\features\Science_Gothic_regular.npz,52,ok,
Science_Gothic_500,C:\Users\angel\OneDrive\Desktop\Kern\data\processed\features\Science_Gothic_500.npz,52,ok,
Science_Gothic_600,C:\Users\angel\OneDrive\Desktop\Kern\data\processed\features\Science_Gothic_600.npz,52,ok,
Science_Gothic_700,C:\Users\angel\OneDrive\Desktop\Kern\data\processed\features\Science_Gothic_700.npz,52,ok,
Science_Gothic_800,C:\Users\angel\OneDrive\Desktop\Kern\data\processed\features\Science_Gothic_800.npz,52,ok,
Science_Gothic_900,C:\Users\angel\OneDrive\Desktop\Kern\data\processed\features\Science_Gothic_900.npz,52,ok,
Jersey_10_regular,C:\Users\angel\OneDrive\Desktop\Kern\data\processed\features\Jersey_10_regular.npz,52,ok,
Akaya_Kanadaka_regular,C:\Users\angel\OneDrive\Desktop\Kern\data\processed\features\Akaya_Kanadaka_regular.npz,52,ok,
Short_Stack_regular,C:\Users\angel\OneDrive\Desktop\Kern\data\processed\features\Short_Stack_regular.npz,52,ok,
New_Tegomin_regular,C:\Users\angel\OneDrive\Desktop\Kern\data\processed\features\New_Tegomin_regular.npz,52,ok,
Varta_300,C:\Users\angel\OneDrive\Desktop\Kern\data\processed\features\Varta_300.npz,52,ok,
Varta_regular,C:\Users\angel\OneDrive\Desktop\Kern\data\processed\features\Varta_regular.npz,52,ok,
Varta_500,C:\Users\angel\OneDrive\Desktop\Kern\data\processed\features\Varta_500.npz,52,ok,
Varta_600,C:\Users\angel\OneDrive\Desktop\Kern\data\processed\features\Varta_600.npz,52,ok,
Varta_700,C:\Users\angel\OneDrive\Desktop\Kern\data\processed\features\Varta_700.npz,52,ok,
Pavanam_regular,C:\Users\angel\OneDrive\Desktop\Kern\data\processed\features\Pavanam_regular.npz,52,ok,
Lexend_Mega_100,C:\Users\angel\OneDrive\Desktop\Kern\data\processed\features\Lexend_Mega_100.npz,52,ok,
Lexend_Mega_200,C:\Users\angel\OneDrive\Desktop\Kern\data\processed\features\Lexend_Mega_200.npz,52,ok,
Lexend_Mega_300,C:\Users\angel\OneDrive\Desktop\Kern\data\processed\features\Lexend_Mega_300.npz,52,ok,
Lexend_Mega_regular,C:\Users\angel\OneDrive\Desktop\Kern\data\processed\features\Lexend_Mega_regular.npz,52,ok,
Lexend_Mega_500,C:\Users\angel\OneDrive\Desktop\Kern\data\processed\features\Lexend_Mega_500.npz,52,ok,
Lexend_Mega_600,C:\Users\angel\OneDrive\Desktop\Kern\data\processed\features\Lexend_Mega_600.npz,52,ok,
Lexend_Mega_700,C:\Users\angel\OneDrive\Desktop\Kern\data\processed\features\Lexend_Mega_700.npz,52,ok,
Lexend_Mega_800,C:\Users\angel\OneDrive\Desktop\Kern\data\processed\features\Lexend_Mega_800.npz,52,ok,
Lexend_Mega_900,C:\Users\angel\OneDrive\Desktop\Kern\data\processed\features\Lexend_Mega_900.npz,52,ok,
Londrina_Outline_regular,C:\Users\angel\OneDrive\Desktop\Kern\data\processed\features\Londrina_Outline_regular.npz,52,ok,
Edu_TAS_Beginner_regular,C:\Users\angel\OneDrive\Desktop\Kern\data\processed\features\Edu_TAS_Beginner_regular.npz,52,ok,
Edu_TAS_Beginner_500,C:\Users\angel\OneDrive\Desktop\Kern\data\processed\features\Edu_TAS_Beginner_500.npz,52,ok,
Edu_TAS_Beginner_600,C:\Users\angel\OneDrive\Desktop\Kern\data\processed\features\Edu_TAS_Beginner_600.npz,52,ok,
Edu_TAS_Beginner_700,C:\Users\angel\OneDrive\Desktop\Kern\data\processed\features\Edu_TAS_Beginner_700.npz,52,ok,
Eagle_Lake_regular,C:\Users\angel\OneDrive\Desktop\Kern\data\processed\features\Eagle_Lake_regular.npz,52,ok,
Raleway_Dots_regular,C:\Users\angel\OneDrive\Desktop\Kern\data\processed\features\Raleway_Dots_regular.npz,52,ok,
Dai_Banna_SIL_300,C:\Users\angel\OneDrive\Desktop\Kern\data\processed\features\Dai_Banna_SIL_300.npz,52,ok,
Dai_Banna_SIL_300italic,C:\Users\angel\OneDrive\Desktop\Kern\data\processed\features\Dai_Banna_SIL_300italic.npz,52,ok,
Dai_Banna_SIL_regular,C:\Users\angel\OneDrive\Desktop\Kern\data\processed\features\Dai_Banna_SIL_regular.npz,52,ok,
Dai_Banna_SIL_italic,C:\Users\angel\OneDrive\Desktop\Kern\data\processed\features\Dai_Banna_SIL_italic.npz,52,ok,
Dai_Banna_SIL_500,C:\Users\angel\OneDrive\Desktop\Kern\data\processed\features\Dai_Banna_SIL_500.npz,52,ok,
Dai_Banna_SIL_500italic,C:\Users\angel\OneDrive\Desktop\Kern\data\processed\features\Dai_Banna_SIL_500italic.npz,52,ok,
Dai_Banna_SIL_600,C:\Users\angel\OneDrive\Desktop\Kern\data\processed\features\Dai_Banna_SIL_600.npz,52,ok,
Dai_Banna_SIL_600italic,C:\Users\angel\OneDrive\Desktop\Kern\data\processed\features\Dai_Banna_SIL_600italic.npz,52,ok,
Dai_Banna_SIL_700,C:\Users\angel\OneDrive\Desktop\Kern\data\processed\features\Dai_Banna_SIL_700.npz,52,ok,
Dai_Banna_SIL_700italic,C:\Users\angel\OneDrive\Desktop\Kern\data\processed\features\Dai_Banna_SIL_700italic.npz,52,ok,
Bitcount_Single_100,C:\Users\angel\OneDrive\Desktop\Kern\data\processed\features\Bitcount_Single_100.npz,52,ok,
Bitcount_Single_200,C:\Users\angel\OneDrive\Desktop\Kern\data\processed\features\Bitcount_Single_200.npz,52,ok,
Bitcount_Single_300,C:\Users\angel\OneDrive\Desktop\Kern\data\processed\features\Bitcount_Single_300.npz,52,ok,
Bitcount_Single_regular,C:\Users\angel\OneDrive\Desktop\Kern\data\processed\features\Bitcount_Single_regular.npz,52,ok,
Bitcount_Single_500,C:\Users\angel\OneDrive\Desktop\Kern\data\processed\features\Bitcount_Single_500.npz,52,ok,
Bitcount_Single_600,C:\Users\angel\OneDrive\Desktop\Kern\data\processed\features\Bitcount_Single_600.npz,52,ok,
Bitcount_Single_700,C:\Users\angel\OneDrive\Desktop\Kern\data\processed\features\Bitcount_Single_700.npz,52,ok,
Bitcount_Single_800,C:\Users\angel\OneDrive\Desktop\Kern\data\processed\features\Bitcount_Single_800.npz,52,ok,
Bitcount_Single_900,C:\Users\angel\OneDrive\Desktop\Kern\data\processed\features\Bitcount_Single_900.npz,52,ok,
Tauri_regular,C:\Users\angel\OneDrive\Desktop\Kern\data\processed\features\Tauri_regular.npz,52,ok,
Mozilla_Headline_200,C:\Users\angel\OneDrive\Desktop\Kern\data\processed\features\Mozilla_Headline_200.npz,52,ok,
Mozilla_Headline_300,C:\Users\angel\OneDrive\Desktop\Kern\data\processed\features\Mozilla_Headline_300.npz,52,ok,
Mozilla_Headline_regular,C:\Users\angel\OneDrive\Desktop\Kern\data\processed\features\Mozilla_Headline_regular.npz,52,ok,
Mozilla_Headline_500,C:\Users\angel\OneDrive\Desktop\Kern\data\processed\features\Mozilla_Headline_500.npz,52,ok,
Mozilla_Headline_600,C:\Users\angel\OneDrive\Desktop\Kern\data\processed\features\Mozilla_Headline_600.npz,52,ok,
Mozilla_Headline_700,C:\Users\angel\OneDrive\Desktop\Kern\data\processed\features\Mozilla_Headline_700.npz,52,ok,
Noto_Serif_Malayalam_100,C:\Users\angel\OneDrive\Desktop\Kern\data\processed\features\Noto_Serif_Malayalam_100.npz,52,ok,
Noto_Serif_Malayalam_200,C:\Users\angel\OneDrive\Desktop\Kern\data\processed\features\Noto_Serif_Malayalam_200.npz,52,ok,
Noto_Serif_Malayalam_300,C:\Users\angel\OneDrive\Desktop\Kern\data\processed\features\Noto_Serif_Malayalam_300.npz,52,ok,
Noto_Serif_Malayalam_regular,C:\Users\angel\OneDrive\Desktop\Kern\data\processed\features\Noto_Serif_Malayalam_regular.npz,52,ok,
Noto_Serif_Malayalam_500,C:\Users\angel\OneDrive\Desktop\Kern\data\processed\features\Noto_Serif_Malayalam_500.npz,52,ok,
Noto_Serif_Malayalam_600,C:\Users\angel\OneDrive\Desktop\Kern\data\processed\features\Noto_Serif_Malayalam_600.npz,52,ok,
Noto_Serif_Malayalam_700,C:\Users\angel\OneDrive\Desktop\Kern\data\processed\features\Noto_Serif_Malayalam_700.npz,52,ok,
Noto_Serif_Malayalam_800,C:\Users\angel\OneDrive\Desktop\Kern\data\processed\features\Noto_Serif_Malayalam_800.npz,52,ok,
Noto_Serif_Malayalam_900,C:\Users\angel\OneDrive\Desktop\Kern\data\processed\features\Noto_Serif_Malayalam_900.npz,52,ok,
IM_Fell_French_Canon_SC_regular,C:\Users\angel\OneDrive\Desktop\Kern\data\processed\features\IM_Fell_French_Canon_SC_regular.npz,52,ok,
Astloch_regular,C:\Users\angel\OneDrive\Desktop\Kern\data\processed\features\Astloch_regular.npz,52,ok,
Astloch_700,C:\Users\angel\OneDrive\Desktop\Kern\data\processed\features\Astloch_700.npz,52,ok,
Kulim_Park_200,C:\Users\angel\OneDrive\Desktop\Kern\data\processed\features\Kulim_Park_200.npz,52,ok,
Kulim_Park_200italic,C:\Users\angel\OneDrive\Desktop\Kern\data\processed\features\Kulim_Park_200italic.npz,52,ok,
Kulim_Park_300,C:\Users\angel\OneDrive\Desktop\Kern\data\processed\features\Kulim_Park_300.npz,52,ok,
Kulim_Park_300italic,C:\Users\angel\OneDrive\Desktop\Kern\data\processed\features\Kulim_Park_300italic.npz,52,ok,
Kulim_Park_regular,C:\Users\angel\OneDrive\Desktop\Kern\data\processed\features\Kulim_Park_regular.npz,52,ok,
Kulim_Park_italic,C:\Users\angel\OneDrive\Desktop\Kern\data\processed\features\Kulim_Park_italic.npz,52,ok,
Kulim_Park_600,C:\Users\angel\OneDrive\Desktop\Kern\data\processed\features\Kulim_Park_600.npz,52,ok,
Kulim_Park_600italic,C:\Users\angel\OneDrive\Desktop\Kern\data\processed\features\Kulim_Park_600italic.npz,52,ok,
Kulim_Park_700,C:\Users\angel\OneDrive\Desktop\Kern\data\processed\features\Kulim_Park_700.npz,52,ok,
Kulim_Park_700italic,C:\Users\angel\OneDrive\Desktop\Kern\data\processed\features\Kulim_Park_700italic.npz,52,ok,
Lavishly_Yours_regular,C:\Users\angel\OneDrive\Desktop\Kern\data\processed\features\Lavishly_Yours_regular.npz,52,ok,
Gafata_regular,C:\Users\angel\OneDrive\Desktop\Kern\data\processed\features\Gafata_regular.npz,52,ok,
Hubot_Sans_200,C:\Users\angel\OneDrive\Desktop\Kern\data\processed\features\Hubot_Sans_200.npz,52,ok,
Hubot_Sans_300,C:\Users\angel\OneDrive\Desktop\Kern\data\processed\features\Hubot_Sans_300.npz,52,ok,
Hubot_Sans_regular,C:\Users\angel\OneDrive\Desktop\Kern\data\processed\features\Hubot_Sans_regular.npz,52,ok,
Hubot_Sans_500,C:\Users\angel\OneDrive\Desktop\Kern\data\processed\features\Hubot_Sans_500.npz,52,ok,
Hubot_Sans_600,C:\Users\angel\OneDrive\Desktop\Kern\data\processed\features\Hubot_Sans_600.npz,52,ok,
Hubot_Sans_700,C:\Users\angel\OneDrive\Desktop\Kern\data\processed\features\Hubot_Sans_700.npz,52,ok,
Hubot_Sans_800,C:\Users\angel\OneDrive\Desktop\Kern\data\processed\features\Hubot_Sans_800.npz,52,ok,
Hubot_Sans_900,C:\Users\angel\OneDrive\Desktop\Kern\data\processed\features\Hubot_Sans_900.npz,52,ok,
Hubot_Sans_200italic,C:\Users\angel\OneDrive\Desktop\Kern\data\processed\features\Hubot_Sans_200italic.npz,52,ok,
Hubot_Sans_300italic,C:\Users\angel\OneDrive\Desktop\Kern\data\processed\features\Hubot_Sans_300italic.npz,52,ok,
Hubot_Sans_italic,C:\Users\angel\OneDrive\Desktop\Kern\data\processed\features\Hubot_Sans_italic.npz,52,ok,
Hubot_Sans_500italic,C:\Users\angel\OneDrive\Desktop\Kern\data\processed\features\Hubot_Sans_500italic.npz,52,ok,
Hubot_Sans_600italic,C:\Users\angel\OneDrive\Desktop\Kern\data\processed\features\Hubot_Sans_600italic.npz,52,ok,
Hubot_Sans_700italic,C:\Users\angel\OneDrive\Desktop\Kern\data\processed\features\Hubot_Sans_700italic.npz,52,ok,
Hubot_Sans_800italic,C:\Users\angel\OneDrive\Desktop\Kern\data\processed\features\Hubot_Sans_800italic.npz,52,ok,
Hubot_Sans_900italic,C:\Users\angel\OneDrive\Desktop\Kern\data\processed\features\Hubot_Sans_900italic.npz,52,ok,
Comme_100,C:\Users\angel\OneDrive\Desktop\Kern\data\processed\features\Comme_100.npz,52,ok,
Comme_200,C:\Users\angel\OneDrive\Desktop\Kern\data\processed\features\Comme_200.npz,52,ok,
Comme_300,C:\Users\angel\OneDrive\Desktop\Kern\data\processed\features\Comme_300.npz,52,ok,
Comme_regular,C:\Users\angel\OneDrive\Desktop\Kern\data\processed\features\Comme_regular.npz,52,ok,
Comme_500,C:\Users\angel\OneDrive\Desktop\Kern\data\processed\features\Comme_500.npz,52,ok,
Comme_600,C:\Users\angel\OneDrive\Desktop\Kern\data\processed\features\Comme_600.npz,52,ok,
Comme_700,C:\Users\angel\OneDrive\Desktop\Kern\data\processed\features\Comme_700.npz,52,ok,
Comme_800,C:\Users\angel\OneDrive\Desktop\Kern\data\processed\features\Comme_800.npz,52,ok,
Comme_900,C:\Users\angel\OneDrive\Desktop\Kern\data\processed\features\Comme_900.npz,52,ok,
Sevillana_regular,C:\Users\angel\OneDrive\Desktop\Kern\data\processed\features\Sevillana_regular.npz,52,ok,
Ranchers_regular,C:\Users\angel\OneDrive\Desktop\Kern\data\processed\features\Ranchers_regular.npz,52,ok,
Alkalami_regular,C:\Users\angel\OneDrive\Desktop\Kern\data\processed\features\Alkalami_regular.npz,52,ok,
Devonshire_regular,C:\Users\angel\OneDrive\Desktop\Kern\data\processed\features\Devonshire_regular.npz,52,ok,
Miltonian_Tattoo_regular,C:\Users\angel\OneDrive\Desktop\Kern\data\processed\features\Miltonian_Tattoo_regular.npz,52,ok,
Jolly_Lodger_regular,C:\Users\angel\OneDrive\Desktop\Kern\data\processed\features\Jolly_Lodger_regular.npz,52,ok,
BIZ_UDMincho_regular,C:\Users\angel\OneDrive\Desktop\Kern\data\processed\features\BIZ_UDMincho_regular.npz,52,ok,
BIZ_UDMincho_700,C:\Users\angel\OneDrive\Desktop\Kern\data\processed\features\BIZ_UDMincho_700.npz,52,ok,
Imbue_100,C:\Users\angel\OneDrive\Desktop\Kern\data\processed\features\Imbue_100.npz,52,ok,
Imbue_200,C:\Users\angel\OneDrive\Desktop\Kern\data\processed\features\Imbue_200.npz,52,ok,
Imbue_300,C:\Users\angel\OneDrive\Desktop\Kern\data\processed\features\Imbue_300.npz,52,ok,
Imbue_regular,C:\Users\angel\OneDrive\Desktop\Kern\data\processed\features\Imbue_regular.npz,52,ok,
Imbue_500,C:\Users\angel\OneDrive\Desktop\Kern\data\processed\features\Imbue_500.npz,52,ok,
Imbue_600,C:\Users\angel\OneDrive\Desktop\Kern\data\processed\features\Imbue_600.npz,52,ok,
Imbue_700,C:\Users\angel\OneDrive\Desktop\Kern\data\processed\features\Imbue_700.npz,52,ok,
Imbue_800,C:\Users\angel\OneDrive\Desktop\Kern\data\processed\features\Imbue_800.npz,52,ok,
Imbue_900,C:\Users\angel\OneDrive\Desktop\Kern\data\processed\features\Imbue_900.npz,52,ok,
Baloo_Bhaina_2_regular,C:\Users\angel\OneDrive\Desktop\Kern\data\processed\features\Baloo_Bhaina_2_regular.npz,52,ok,
Baloo_Bhaina_2_500,C:\Users\angel\OneDrive\Desktop\Kern\data\processed\features\Baloo_Bhaina_2_500.npz,52,ok,
Baloo_Bhaina_2_600,C:\Users\angel\OneDrive\Desktop\Kern\data\processed\features\Baloo_Bhaina_2_600.npz,52,ok,
Baloo_Bhaina_2_700,C:\Users\angel\OneDrive\Desktop\Kern\data\processed\features\Baloo_Bhaina_2_700.npz,52,ok,
Baloo_Bhaina_2_800,C:\Users\angel\OneDrive\Desktop\Kern\data\processed\features\Baloo_Bhaina_2_800.npz,52,ok,
Nova_Cut_regular,C:\Users\angel\OneDrive\Desktop\Kern\data\processed\features\Nova_Cut_regular.npz,52,ok,
TASA_Orbiter_regular,C:\Users\angel\OneDrive\Desktop\Kern\data\processed\features\TASA_Orbiter_regular.npz,52,ok,
TASA_Orbiter_500,C:\Users\angel\OneDrive\Desktop\Kern\data\processed\features\TASA_Orbiter_500.npz,52,ok,
TASA_Orbiter_600,C:\Users\angel\OneDrive\Desktop\Kern\data\processed\features\TASA_Orbiter_600.npz,52,ok,
TASA_Orbiter_700,C:\Users\angel\OneDrive\Desktop\Kern\data\processed\features\TASA_Orbiter_700.npz,52,ok,
TASA_Orbiter_800,C:\Users\angel\OneDrive\Desktop\Kern\data\processed\features\TASA_Orbiter_800.npz,52,ok,
East_Sea_Dokdo_regular,C:\Users\angel\OneDrive\Desktop\Kern\data\processed\features\East_Sea_Dokdo_regular.npz,52,ok,
Stack_Sans_Text_200,C:\Users\angel\OneDrive\Desktop\Kern\data\processed\features\Stack_Sans_Text_200.npz,52,ok,
Stack_Sans_Text_300,C:\Users\angel\OneDrive\Desktop\Kern\data\processed\features\Stack_Sans_Text_300.npz,52,ok,
Stack_Sans_Text_regular,C:\Users\angel\OneDrive\Desktop\Kern\data\processed\features\Stack_Sans_Text_regular.npz,52,ok,
Stack_Sans_Text_500,C:\Users\angel\OneDrive\Desktop\Kern\data\processed\features\Stack_Sans_Text_500.npz,52,ok,
Stack_Sans_Text_600,C:\Users\angel\OneDrive\Desktop\Kern\data\processed\features\Stack_Sans_Text_600.npz,52,ok,
Stack_Sans_Text_700,C:\Users\angel\OneDrive\Desktop\Kern\data\processed\features\Stack_Sans_Text_700.npz,52,ok,
Rationale_regular,C:\Users\angel\OneDrive\Desktop\Kern\data\processed\features\Rationale_regular.npz,52,ok,
Emilys_Candy_regular,C:\Users\angel\OneDrive\Desktop\Kern\data\processed\features\Emilys_Candy_regular.npz,52,ok,
Caesar_Dressing_regular,C:\Users\angel\OneDrive\Desktop\Kern\data\processed\features\Caesar_Dressing_regular.npz,52,ok,
Trispace_100,C:\Users\angel\OneDrive\Desktop\Kern\data\processed\features\Trispace_100.npz,52,ok,
Trispace_200,C:\Users\angel\OneDrive\Desktop\Kern\data\processed\features\Trispace_200.npz,52,ok,
Trispace_300,C:\Users\angel\OneDrive\Desktop\Kern\data\processed\features\Trispace_300.npz,52,ok,
Trispace_regular,C:\Users\angel\OneDrive\Desktop\Kern\data\processed\features\Trispace_regular.npz,52,ok,
Trispace_500,C:\Users\angel\OneDrive\Desktop\Kern\data\processed\features\Trispace_500.npz,52,ok,
Trispace_600,C:\Users\angel\OneDrive\Desktop\Kern\data\processed\features\Trispace_600.npz,52,ok,
Trispace_700,C:\Users\angel\OneDrive\Desktop\Kern\data\processed\features\Trispace_700.npz,52,ok,
Trispace_800,C:\Users\angel\OneDrive\Desktop\Kern\data\processed\features\Trispace_800.npz,52,ok,
Macondo_Swash_Caps_regular,C:\Users\angel\OneDrive\Desktop\Kern\data\processed\features\Macondo_Swash_Caps_regular.npz,52,ok,
Miniver_regular,C:\Users\angel\OneDrive\Desktop\Kern\data\processed\features\Miniver_regular.npz,52,ok,
Delius_Swash_Caps_regular,C:\Users\angel\OneDrive\Desktop\Kern\data\processed\features\Delius_Swash_Caps_regular.npz,52,ok,
Homenaje_regular,C:\Users\angel\OneDrive\Desktop\Kern\data\processed\features\Homenaje_regular.npz,52,ok,
Convergence_regular,C:\Users\angel\OneDrive\Desktop\Kern\data\processed\features\Convergence_regular.npz,52,ok,
Vampiro_One_regular,C:\Users\angel\OneDrive\Desktop\Kern\data\processed\features\Vampiro_One_regular.npz,52,ok,
Baskervville_SC_regular,C:\Users\angel\OneDrive\Desktop\Kern\data\processed\features\Baskervville_SC_regular.npz,52,ok,
Baskervville_SC_500,C:\Users\angel\OneDrive\Desktop\Kern\data\processed\features\Baskervville_SC_500.npz,52,ok,
Baskervville_SC_600,C:\Users\angel\OneDrive\Desktop\Kern\data\processed\features\Baskervville_SC_600.npz,52,ok,
Baskervville_SC_700,C:\Users\angel\OneDrive\Desktop\Kern\data\processed\features\Baskervville_SC_700.npz,52,ok,
Akronim_regular,C:\Users\angel\OneDrive\Desktop\Kern\data\processed\features\Akronim_regular.npz,52,ok,
Zilla_Slab_Highlight_regular,C:\Users\angel\OneDrive\Desktop\Kern\data\processed\features\Zilla_Slab_Highlight_regular.npz,52,ok,
Zilla_Slab_Highlight_700,C:\Users\angel\OneDrive\Desktop\Kern\data\processed\features\Zilla_Slab_Highlight_700.npz,52,ok,
Belgrano_regular,C:\Users\angel\OneDrive\Desktop\Kern\data\processed\features\Belgrano_regular.npz,52,ok,
Noto_Sans_Math_regular,C:\Users\angel\OneDrive\Desktop\Kern\data\processed\features\Noto_Sans_Math_regular.npz,52,ok,
Stylish_regular,C:\Users\angel\OneDrive\Desktop\Kern\data\processed\features\Stylish_regular.npz,52,ok,
Solitreo_regular,C:\Users\angel\OneDrive\Desktop\Kern\data\processed\features\Solitreo_regular.npz,52,ok,
Faculty_Glyphic_regular,C:\Users\angel\OneDrive\Desktop\Kern\data\processed\features\Faculty_Glyphic_regular.npz,52,ok,
Sigmar_regular,C:\Users\angel\OneDrive\Desktop\Kern\data\processed\features\Sigmar_regular.npz,52,ok,
Nova_Script_regular,C:\Users\angel\OneDrive\Desktop\Kern\data\processed\features\Nova_Script_regular.npz,52,ok,
Headland_One_regular,C:\Users\angel\OneDrive\Desktop\Kern\data\processed\features\Headland_One_regular.npz,52,ok,
Dangrek_regular,C:\Users\angel\OneDrive\Desktop\Kern\data\processed\features\Dangrek_regular.npz,52,ok,
Fascinate_Inline_regular,C:\Users\angel\OneDrive\Desktop\Kern\data\processed\features\Fascinate_Inline_regular.npz,52,ok,
Fuggles_regular,C:\Users\angel\OneDrive\Desktop\Kern\data\processed\features\Fuggles_regular.npz,52,ok,
Tiro_Devanagari_Sanskrit_regular,C:\Users\angel\OneDrive\Desktop\Kern\data\processed\features\Tiro_Devanagari_Sanskrit_regular.npz,52,ok,
Tiro_Devanagari_Sanskrit_italic,C:\Users\angel\OneDrive\Desktop\Kern\data\processed\features\Tiro_Devanagari_Sanskrit_italic.npz,52,ok,
Kdam_Thmor_Pro_regular,C:\Users\angel\OneDrive\Desktop\Kern\data\processed\features\Kdam_Thmor_Pro_regular.npz,52,ok,
Notable_regular,C:\Users\angel\OneDrive\Desktop\Kern\data\processed\features\Notable_regular.npz,52,ok,
Single_Day_regular,C:\Users\angel\OneDrive\Desktop\Kern\data\processed\features\Single_Day_regular.npz,52,ok,
Island_Moments_regular,C:\Users\angel\OneDrive\Desktop\Kern\data\processed\features\Island_Moments_regular.npz,52,ok,
Cantora_One_regular,C:\Users\angel\OneDrive\Desktop\Kern\data\processed\features\Cantora_One_regular.npz,52,ok,
Fenix_regular,C:\Users\angel\OneDrive\Desktop\Kern\data\processed\features\Fenix_regular.npz,52,ok,
Liu_Jian_Mao_Cao_regular,C:\Users\angel\OneDrive\Desktop\Kern\data\processed\features\Liu_Jian_Mao_Cao_regular.npz,52,ok,
Timmana_regular,C:\Users\angel\OneDrive\Desktop\Kern\data\processed\features\Timmana_regular.npz,52,ok,
Anek_Gujarati_100,C:\Users\angel\OneDrive\Desktop\Kern\data\processed\features\Anek_Gujarati_100.npz,52,ok,
Anek_Gujarati_200,C:\Users\angel\OneDrive\Desktop\Kern\data\processed\features\Anek_Gujarati_200.npz,52,ok,
Anek_Gujarati_300,C:\Users\angel\OneDrive\Desktop\Kern\data\processed\features\Anek_Gujarati_300.npz,52,ok,
Anek_Gujarati_regular,C:\Users\angel\OneDrive\Desktop\Kern\data\processed\features\Anek_Gujarati_regular.npz,52,ok,
Anek_Gujarati_500,C:\Users\angel\OneDrive\Desktop\Kern\data\processed\features\Anek_Gujarati_500.npz,52,ok,
Anek_Gujarati_600,C:\Users\angel\OneDrive\Desktop\Kern\data\processed\features\Anek_Gujarati_600.npz,52,ok,
Anek_Gujarati_700,C:\Users\angel\OneDrive\Desktop\Kern\data\processed\features\Anek_Gujarati_700.npz,52,ok,
Anek_Gujarati_800,C:\Users\angel\OneDrive\Desktop\Kern\data\processed\features\Anek_Gujarati_800.npz,52,ok,
Comforter_regular,C:\Users\angel\OneDrive\Desktop\Kern\data\processed\features\Comforter_regular.npz,52,ok,
Srisakdi_regular,C:\Users\angel\OneDrive\Desktop\Kern\data\processed\features\Srisakdi_regular.npz,52,ok,
Srisakdi_700,C:\Users\angel\OneDrive\Desktop\Kern\data\processed\features\Srisakdi_700.npz,52,ok,
Ceviche_One_regular,C:\Users\angel\OneDrive\Desktop\Kern\data\processed\features\Ceviche_One_regular.npz,52,ok,
Ballet_regular,C:\Users\angel\OneDrive\Desktop\Kern\data\processed\features\Ballet_regular.npz,52,ok,
Beau_Rivage_regular,C:\Users\angel\OneDrive\Desktop\Kern\data\processed\features\Beau_Rivage_regular.npz,52,ok,
Margarine_regular,C:\Users\angel\OneDrive\Desktop\Kern\data\processed\features\Margarine_regular.npz,52,ok,
Ysabeau_100,C:\Users\angel\OneDrive\Desktop\Kern\data\processed\features\Ysabeau_100.npz,52,ok,
Ysabeau_200,C:\Users\angel\OneDrive\Desktop\Kern\data\processed\features\Ysabeau_200.npz,52,ok,
Ysabeau_300,C:\Users\angel\OneDrive\Desktop\Kern\data\processed\features\Ysabeau_300.npz,52,ok,
Ysabeau_regular,C:\Users\angel\OneDrive\Desktop\Kern\data\processed\features\Ysabeau_regular.npz,52,ok,
Ysabeau_500,C:\Users\angel\OneDrive\Desktop\Kern\data\processed\features\Ysabeau_500.npz,52,ok,
Ysabeau_600,C:\Users\angel\OneDrive\Desktop\Kern\data\processed\features\Ysabeau_600.npz,52,ok,
Ysabeau_700,C:\Users\angel\OneDrive\Desktop\Kern\data\processed\features\Ysabeau_700.npz,52,ok,
Ysabeau_800,C:\Users\angel\OneDrive\Desktop\Kern\data\processed\features\Ysabeau_800.npz,52,ok,
Ysabeau_900,C:\Users\angel\OneDrive\Desktop\Kern\data\processed\features\Ysabeau_900.npz,52,ok,
Ysabeau_100italic,C:\Users\angel\OneDrive\Desktop\Kern\data\processed\features\Ysabeau_100italic.npz,52,ok,
Ysabeau_200italic,C:\Users\angel\OneDrive\Desktop\Kern\data\processed\features\Ysabeau_200italic.npz,52,ok,
Ysabeau_300italic,C:\Users\angel\OneDrive\Desktop\Kern\data\processed\features\Ysabeau_300italic.npz,52,ok,
Ysabeau_italic,C:\Users\angel\OneDrive\Desktop\Kern\data\processed\features\Ysabeau_italic.npz,52,ok,
Ysabeau_500italic,C:\Users\angel\OneDrive\Desktop\Kern\data\processed\features\Ysabeau_500italic.npz,52,ok,
Ysabeau_600italic,C:\Users\angel\OneDrive\Desktop\Kern\data\processed\features\Ysabeau_600italic.npz,52,ok,
Ysabeau_700italic,C:\Users\angel\OneDrive\Desktop\Kern\data\processed\features\Ysabeau_700italic.npz,52,ok,
Ysabeau_800italic,C:\Users\angel\OneDrive\Desktop\Kern\data\processed\features\Ysabeau_800italic.npz,52,ok,
Ysabeau_900italic,C:\Users\angel\OneDrive\Desktop\Kern\data\processed\features\Ysabeau_900italic.npz,52,ok,
Underdog_regular,C:\Users\angel\OneDrive\Desktop\Kern\data\processed\features\Underdog_regular.npz,52,ok,
Erica_One_regular,C:\Users\angel\OneDrive\Desktop\Kern\data\processed\features\Erica_One_regular.npz,52,ok,
Tiny5_regular,C:\Users\angel\OneDrive\Desktop\Kern\data\processed\features\Tiny5_regular.npz,52,ok,
Geomini_200,C:\Users\angel\OneDrive\Desktop\Kern\data\processed\features\Geomini_200.npz,52,ok,
Geomini_300,C:\Users\angel\OneDrive\Desktop\Kern\data\processed\features\Geomini_300.npz,52,ok,
Geomini_regular,C:\Users\angel\OneDrive\Desktop\Kern\data\processed\features\Geomini_regular.npz,52,ok,
Geomini_500,C:\Users\angel\OneDrive\Desktop\Kern\data\processed\features\Geomini_500.npz,52,ok,
Geomini_600,C:\Users\angel\OneDrive\Desktop\Kern\data\processed\features\Geomini_600.npz,52,ok,
Geomini_700,C:\Users\angel\OneDrive\Desktop\Kern\data\processed\features\Geomini_700.npz,52,ok,
Geomini_800,C:\Users\angel\OneDrive\Desktop\Kern\data\processed\features\Geomini_800.npz,52,ok,
Freckle_Face_regular,C:\Users\angel\OneDrive\Desktop\Kern\data\processed\features\Freckle_Face_regular.npz,52,ok,
Jomolhari_regular,C:\Users\angel\OneDrive\Desktop\Kern\data\processed\features\Jomolhari_regular.npz,52,ok,
BhuTuka_Expanded_One_regular,C:\Users\angel\OneDrive\Desktop\Kern\data\processed\features\BhuTuka_Expanded_One_regular.npz,52,ok,
Stalemate_regular,C:\Users\angel\OneDrive\Desktop\Kern\data\processed\features\Stalemate_regular.npz,52,ok,
Playwrite_US_Trad_100,C:\Users\angel\OneDrive\Desktop\Kern\data\processed\features\Playwrite_US_Trad_100.npz,52,ok,
Playwrite_US_Trad_200,C:\Users\angel\OneDrive\Desktop\Kern\data\processed\features\Playwrite_US_Trad_200.npz,52,ok,
Playwrite_US_Trad_300,C:\Users\angel\OneDrive\Desktop\Kern\data\processed\features\Playwrite_US_Trad_300.npz,52,ok,
Playwrite_US_Trad_regular,C:\Users\angel\OneDrive\Desktop\Kern\data\processed\features\Playwrite_US_Trad_regular.npz,52,ok,
Ruthie_regular,C:\Users\angel\OneDrive\Desktop\Kern\data\processed\features\Ruthie_regular.npz,52,ok,
Katibeh_regular,C:\Users\angel\OneDrive\Desktop\Kern\data\processed\features\Katibeh_regular.npz,52,ok,
Noto_Music_regular,C:\Users\angel\OneDrive\Desktop\Kern\data\processed\features\Noto_Music_regular.npz,52,ok,
Playwrite_NZ_Guides_regular,C:\Users\angel\OneDrive\Desktop\Kern\data\processed\features\Playwrite_NZ_Guides_regular.npz,52,ok,
Barrio_regular,C:\Users\angel\OneDrive\Desktop\Kern\data\processed\features\Barrio_regular.npz,52,ok,
Kapakana_300,C:\Users\angel\OneDrive\Desktop\Kern\data\processed\features\Kapakana_300.npz,52,ok,
Kapakana_regular,C:\Users\angel\OneDrive\Desktop\Kern\data\processed\features\Kapakana_regular.npz,52,ok,
Hedvig_Letters_Sans_regular,C:\Users\angel\OneDrive\Desktop\Kern\data\processed\features\Hedvig_Letters_Sans_regular.npz,52,ok,
Stack_Sans_Headline_200,C:\Users\angel\OneDrive\Desktop\Kern\data\processed\features\Stack_Sans_Headline_200.npz,52,ok,
Stack_Sans_Headline_300,C:\Users\angel\OneDrive\Desktop\Kern\data\processed\features\Stack_Sans_Headline_300.npz,52,ok,
Stack_Sans_Headline_regular,C:\Users\angel\OneDrive\Desktop\Kern\data\processed\features\Stack_Sans_Headline_regular.npz,52,ok,
Stack_Sans_Headline_500,C:\Users\angel\OneDrive\Desktop\Kern\data\processed\features\Stack_Sans_Headline_500.npz,52,ok,
Stack_Sans_Headline_600,C:\Users\angel\OneDrive\Desktop\Kern\data\processed\features\Stack_Sans_Headline_600.npz,52,ok,
Stack_Sans_Headline_700,C:\Users\angel\OneDrive\Desktop\Kern\data\processed\features\Stack_Sans_Headline_700.npz,52,ok,
Joan_regular,C:\Users\angel\OneDrive\Desktop\Kern\data\processed\features\Joan_regular.npz,52,ok,
Noto_Serif_Telugu_100,C:\Users\angel\OneDrive\Desktop\Kern\data\processed\features\Noto_Serif_Telugu_100.npz,52,ok,
Noto_Serif_Telugu_200,C:\Users\angel\OneDrive\Desktop\Kern\data\processed\features\Noto_Serif_Telugu_200.npz,52,ok,
Noto_Serif_Telugu_300,C:\Users\angel\OneDrive\Desktop\Kern\data\processed\features\Noto_Serif_Telugu_300.npz,52,ok,
Noto_Serif_Telugu_regular,C:\Users\angel\OneDrive\Desktop\Kern\data\processed\features\Noto_Serif_Telugu_regular.npz,52,ok,
Noto_Serif_Telugu_500,C:\Users\angel\OneDrive\Desktop\Kern\data\processed\features\Noto_Serif_Telugu_500.npz,52,ok,
Noto_Serif_Telugu_600,C:\Users\angel\OneDrive\Desktop\Kern\data\processed\features\Noto_Serif_Telugu_600.npz,52,ok,
Noto_Serif_Telugu_700,C:\Users\angel\OneDrive\Desktop\Kern\data\processed\features\Noto_Serif_Telugu_700.npz,52,ok,
Noto_Serif_Telugu_800,C:\Users\angel\OneDrive\Desktop\Kern\data\processed\features\Noto_Serif_Telugu_800.npz,52,ok,
Noto_Serif_Telugu_900,C:\Users\angel\OneDrive\Desktop\Kern\data\processed\features\Noto_Serif_Telugu_900.npz,52,ok,
Castoro_Titling_regular,C:\Users\angel\OneDrive\Desktop\Kern\data\processed\features\Castoro_Titling_regular.npz,52,ok,
Smooch_regular,C:\Users\angel\OneDrive\Desktop\Kern\data\processed\features\Smooch_regular.npz,52,ok,
Braah_One_regular,C:\Users\angel\OneDrive\Desktop\Kern\data\processed\features\Braah_One_regular.npz,52,ok,
Strait_regular,C:\Users\angel\OneDrive\Desktop\Kern\data\processed\features\Strait_regular.npz,52,ok,
Fascinate_regular,C:\Users\angel\OneDrive\Desktop\Kern\data\processed\features\Fascinate_regular.npz,52,ok,
Flamenco_300,C:\Users\angel\OneDrive\Desktop\Kern\data\processed\features\Flamenco_300.npz,52,ok,
Flamenco_regular,C:\Users\angel\OneDrive\Desktop\Kern\data\processed\features\Flamenco_regular.npz,52,ok,
Zen_Tokyo_Zoo_regular,C:\Users\angel\OneDrive\Desktop\Kern\data\processed\features\Zen_Tokyo_Zoo_regular.npz,52,ok,
Playwrite_NO_100,C:\Users\angel\OneDrive\Desktop\Kern\data\processed\features\Playwrite_NO_100.npz,52,ok,
Playwrite_NO_200,C:\Users\angel\OneDrive\Desktop\Kern\data\processed\features\Playwrite_NO_200.npz,52,ok,
Playwrite_NO_300,C:\Users\angel\OneDrive\Desktop\Kern\data\processed\features\Playwrite_NO_300.npz,52,ok,
Playwrite_NO_regular,C:\Users\angel\OneDrive\Desktop\Kern\data\processed\features\Playwrite_NO_regular.npz,52,ok,
Poor_Story_regular,C:\Users\angel\OneDrive\Desktop\Kern\data\processed\features\Poor_Story_regular.npz,52,ok,
Mate_SC_regular,C:\Users\angel\OneDrive\Desktop\Kern\data\processed\features\Mate_SC_regular.npz,52,ok,
Yeon_Sung_regular,C:\Users\angel\OneDrive\Desktop\Kern\data\processed\features\Yeon_Sung_regular.npz,52,ok,
Sono_200,C:\Users\angel\OneDrive\Desktop\Kern\data\processed\features\Sono_200.npz,52,ok,
Sono_300,C:\Users\angel\OneDrive\Desktop\Kern\data\processed\features\Sono_300.npz,52,ok,
Sono_regular,C:\Users\angel\OneDrive\Desktop\Kern\data\processed\features\Sono_regular.npz,52,ok,
Sono_500,C:\Users\angel\OneDrive\Desktop\Kern\data\processed\features\Sono_500.npz,52,ok,
Sono_600,C:\Users\angel\OneDrive\Desktop\Kern\data\processed\features\Sono_600.npz,52,ok,
Sono_700,C:\Users\angel\OneDrive\Desktop\Kern\data\processed\features\Sono_700.npz,52,ok,
Sono_800,C:\Users\angel\OneDrive\Desktop\Kern\data\processed\features\Sono_800.npz,52,ok,
LXGW_WenKai_TC_300,C:\Users\angel\OneDrive\Desktop\Kern\data\processed\features\LXGW_WenKai_TC_300.npz,52,ok,
LXGW_WenKai_TC_regular,C:\Users\angel\OneDrive\Desktop\Kern\data\processed\features\LXGW_WenKai_TC_regular.npz,52,ok,
LXGW_WenKai_TC_700,C:\Users\angel\OneDrive\Desktop\Kern\data\processed\features\LXGW_WenKai_TC_700.npz,52,ok,
Tillana_regular,C:\Users\angel\OneDrive\Desktop\Kern\data\processed\features\Tillana_regular.npz,52,ok,
Tillana_500,C:\Users\angel\OneDrive\Desktop\Kern\data\processed\features\Tillana_500.npz,52,ok,
Tillana_600,C:\Users\angel\OneDrive\Desktop\Kern\data\processed\features\Tillana_600.npz,52,ok,
Tillana_700,C:\Users\angel\OneDrive\Desktop\Kern\data\processed\features\Tillana_700.npz,52,ok,
Tillana_800,C:\Users\angel\OneDrive\Desktop\Kern\data\processed\features\Tillana_800.npz,52,ok,
Sree_Krushnadevaraya_regular,C:\Users\angel\OneDrive\Desktop\Kern\data\processed\features\Sree_Krushnadevaraya_regular.npz,52,ok,
Handjet_100,C:\Users\angel\OneDrive\Desktop\Kern\data\processed\features\Handjet_100.npz,52,ok,
Handjet_200,C:\Users\angel\OneDrive\Desktop\Kern\data\processed\features\Handjet_200.npz,52,ok,
Handjet_300,C:\Users\angel\OneDrive\Desktop\Kern\data\processed\features\Handjet_300.npz,52,ok,
Handjet_regular,C:\Users\angel\OneDrive\Desktop\Kern\data\processed\features\Handjet_regular.npz,52,ok,
Handjet_500,C:\Users\angel\OneDrive\Desktop\Kern\data\processed\features\Handjet_500.npz,52,ok,
Handjet_600,C:\Users\angel\OneDrive\Desktop\Kern\data\processed\features\Handjet_600.npz,52,ok,
Handjet_700,C:\Users\angel\OneDrive\Desktop\Kern\data\processed\features\Handjet_700.npz,52,ok,
Handjet_800,C:\Users\angel\OneDrive\Desktop\Kern\data\processed\features\Handjet_800.npz,52,ok,
Handjet_900,C:\Users\angel\OneDrive\Desktop\Kern\data\processed\features\Handjet_900.npz,52,ok,
Rum_Raisin_regular,C:\Users\angel\OneDrive\Desktop\Kern\data\processed\features\Rum_Raisin_regular.npz,52,ok,
Borel_regular,C:\Users\angel\OneDrive\Desktop\Kern\data\processed\features\Borel_regular.npz,52,ok,
Shippori_Antique_B1_regular,C:\Users\angel\OneDrive\Desktop\Kern\data\processed\features\Shippori_Antique_B1_regular.npz,52,ok,
Mystery_Quest_regular,C:\Users\angel\OneDrive\Desktop\Kern\data\processed\features\Mystery_Quest_regular.npz,52,ok,
Englebert_regular,C:\Users\angel\OneDrive\Desktop\Kern\data\processed\features\Englebert_regular.npz,52,ok,
Bodoni_Moda_SC_regular,C:\Users\angel\OneDrive\Desktop\Kern\data\processed\features\Bodoni_Moda_SC_regular.npz,52,ok,
Bodoni_Moda_SC_500,C:\Users\angel\OneDrive\Desktop\Kern\data\processed\features\Bodoni_Moda_SC_500.npz,52,ok,
Bodoni_Moda_SC_600,C:\Users\angel\OneDrive\Desktop\Kern\data\processed\features\Bodoni_Moda_SC_600.npz,52,ok,
Bodoni_Moda_SC_700,C:\Users\angel\OneDrive\Desktop\Kern\data\processed\features\Bodoni_Moda_SC_700.npz,52,ok,
Bodoni_Moda_SC_800,C:\Users\angel\OneDrive\Desktop\Kern\data\processed\features\Bodoni_Moda_SC_800.npz,52,ok,
Bodoni_Moda_SC_900,C:\Users\angel\OneDrive\Desktop\Kern\data\processed\features\Bodoni_Moda_SC_900.npz,52,ok,
Bodoni_Moda_SC_italic,C:\Users\angel\OneDrive\Desktop\Kern\data\processed\features\Bodoni_Moda_SC_italic.npz,52,ok,
Bodoni_Moda_SC_500italic,C:\Users\angel\OneDrive\Desktop\Kern\data\processed\features\Bodoni_Moda_SC_500italic.npz,52,ok,
Bodoni_Moda_SC_600italic,C:\Users\angel\OneDrive\Desktop\Kern\data\processed\features\Bodoni_Moda_SC_600italic.npz,52,ok,
Bodoni_Moda_SC_700italic,C:\Users\angel\OneDrive\Desktop\Kern\data\processed\features\Bodoni_Moda_SC_700italic.npz,52,ok,
Bodoni_Moda_SC_800italic,C:\Users\angel\OneDrive\Desktop\Kern\data\processed\features\Bodoni_Moda_SC_800italic.npz,52,ok,
Bodoni_Moda_SC_900italic,C:\Users\angel\OneDrive\Desktop\Kern\data\processed\features\Bodoni_Moda_SC_900italic.npz,52,ok,
Imperial_Script_regular,C:\Users\angel\OneDrive\Desktop\Kern\data\processed\features\Imperial_Script_regular.npz,52,ok,
Passions_Conflict_regular,C:\Users\angel\OneDrive\Desktop\Kern\data\processed\features\Passions_Conflict_regular.npz,52,ok,
Anek_Kannada_100,C:\Users\angel\OneDrive\Desktop\Kern\data\processed\features\Anek_Kannada_100.npz,52,ok,
Anek_Kannada_200,C:\Users\angel\OneDrive\Desktop\Kern\data\processed\features\Anek_Kannada_200.npz,52,ok,
Anek_Kannada_300,C:\Users\angel\OneDrive\Desktop\Kern\data\processed\features\Anek_Kannada_300.npz,52,ok,
Anek_Kannada_regular,C:\Users\angel\OneDrive\Desktop\Kern\data\processed\features\Anek_Kannada_regular.npz,52,ok,
Anek_Kannada_500,C:\Users\angel\OneDrive\Desktop\Kern\data\processed\features\Anek_Kannada_500.npz,52,ok,
Anek_Kannada_600,C:\Users\angel\OneDrive\Desktop\Kern\data\processed\features\Anek_Kannada_600.npz,52,ok,
Anek_Kannada_700,C:\Users\angel\OneDrive\Desktop\Kern\data\processed\features\Anek_Kannada_700.npz,52,ok,
Anek_Kannada_800,C:\Users\angel\OneDrive\Desktop\Kern\data\processed\features\Anek_Kannada_800.npz,52,ok,
Stint_Ultra_Condensed_regular,C:\Users\angel\OneDrive\Desktop\Kern\data\processed\features\Stint_Ultra_Condensed_regular.npz,52,ok,
Engagement_regular,C:\Users\angel\OneDrive\Desktop\Kern\data\processed\features\Engagement_regular.npz,52,ok,
Odor_Mean_Chey_regular,C:\Users\angel\OneDrive\Desktop\Kern\data\processed\features\Odor_Mean_Chey_regular.npz,52,ok,
Lugrasimo_regular,C:\Users\angel\OneDrive\Desktop\Kern\data\processed\features\Lugrasimo_regular.npz,52,ok,
Lovers_Quarrel_regular,C:\Users\angel\OneDrive\Desktop\Kern\data\processed\features\Lovers_Quarrel_regular.npz,52,ok,
Amiri_Quran_regular,C:\Users\angel\OneDrive\Desktop\Kern\data\processed\features\Amiri_Quran_regular.npz,52,ok,
Gupter_regular,C:\Users\angel\OneDrive\Desktop\Kern\data\processed\features\Gupter_regular.npz,52,ok,
Gupter_500,C:\Users\angel\OneDrive\Desktop\Kern\data\processed\features\Gupter_500.npz,52,ok,
Gupter_700,C:\Users\angel\OneDrive\Desktop\Kern\data\processed\features\Gupter_700.npz,52,ok,
Seymour_One_regular,C:\Users\angel\OneDrive\Desktop\Kern\data\processed\features\Seymour_One_regular.npz,52,ok,
Noto_Serif_Kannada_100,C:\Users\angel\OneDrive\Desktop\Kern\data\processed\features\Noto_Serif_Kannada_100.npz,52,ok,
Noto_Serif_Kannada_200,C:\Users\angel\OneDrive\Desktop\Kern\data\processed\features\Noto_Serif_Kannada_200.npz,52,ok,
Noto_Serif_Kannada_300,C:\Users\angel\OneDrive\Desktop\Kern\data\processed\features\Noto_Serif_Kannada_300.npz,52,ok,
Noto_Serif_Kannada_regular,C:\Users\angel\OneDrive\Desktop\Kern\data\processed\features\Noto_Serif_Kannada_regular.npz,52,ok,
Noto_Serif_Kannada_500,C:\Users\angel\OneDrive\Desktop\Kern\data\processed\features\Noto_Serif_Kannada_500.npz,52,ok,
Noto_Serif_Kannada_600,C:\Users\angel\OneDrive\Desktop\Kern\data\processed\features\Noto_Serif_Kannada_600.npz,52,ok,
Noto_Serif_Kannada_700,C:\Users\angel\OneDrive\Desktop\Kern\data\processed\features\Noto_Serif_Kannada_700.npz,52,ok,
Noto_Serif_Kannada_800,C:\Users\angel\OneDrive\Desktop\Kern\data\processed\features\Noto_Serif_Kannada_800.npz,52,ok,
Noto_Serif_Kannada_900,C:\Users\angel\OneDrive\Desktop\Kern\data\processed\features\Noto_Serif_Kannada_900.npz,52,ok,
Winky_Sans_300,C:\Users\angel\OneDrive\Desktop\Kern\data\processed\features\Winky_Sans_300.npz,52,ok,
Winky_Sans_regular,C:\Users\angel\OneDrive\Desktop\Kern\data\processed\features\Winky_Sans_regular.npz,52,ok,
Winky_Sans_500,C:\Users\angel\OneDrive\Desktop\Kern\data\processed\features\Winky_Sans_500.npz,52,ok,
Winky_Sans_600,C:\Users\angel\OneDrive\Desktop\Kern\data\processed\features\Winky_Sans_600.npz,52,ok,
Winky_Sans_700,C:\Users\angel\OneDrive\Desktop\Kern\data\processed\features\Winky_Sans_700.npz,52,ok,
Winky_Sans_800,C:\Users\angel\OneDrive\Desktop\Kern\data\processed\features\Winky_Sans_800.npz,52,ok,
Winky_Sans_900,C:\Users\angel\OneDrive\Desktop\Kern\data\processed\features\Winky_Sans_900.npz,52,ok,
Winky_Sans_300italic,C:\Users\angel\OneDrive\Desktop\Kern\data\processed\features\Winky_Sans_300italic.npz,52,ok,
Winky_Sans_italic,C:\Users\angel\OneDrive\Desktop\Kern\data\processed\features\Winky_Sans_italic.npz,52,ok,
Winky_Sans_500italic,C:\Users\angel\OneDrive\Desktop\Kern\data\processed\features\Winky_Sans_500italic.npz,52,ok,
Winky_Sans_600italic,C:\Users\angel\OneDrive\Desktop\Kern\data\processed\features\Winky_Sans_600italic.npz,52,ok,
Winky_Sans_700italic,C:\Users\angel\OneDrive\Desktop\Kern\data\processed\features\Winky_Sans_700italic.npz,52,ok,
Winky_Sans_800italic,C:\Users\angel\OneDrive\Desktop\Kern\data\processed\features\Winky_Sans_800italic.npz,52,ok,
Winky_Sans_900italic,C:\Users\angel\OneDrive\Desktop\Kern\data\processed\features\Winky_Sans_900italic.npz,52,ok,
Paprika_regular,C:\Users\angel\OneDrive\Desktop\Kern\data\processed\features\Paprika_regular.npz,52,ok,
Akaya_Telivigala_regular,C:\Users\angel\OneDrive\Desktop\Kern\data\processed\features\Akaya_Telivigala_regular.npz,52,ok,
Cute_Font_regular,C:\Users\angel\OneDrive\Desktop\Kern\data\processed\features\Cute_Font_regular.npz,52,ok,
Noto_Sans_Thaana_100,C:\Users\angel\OneDrive\Desktop\Kern\data\processed\features\Noto_Sans_Thaana_100.npz,52,ok,
Noto_Sans_Thaana_200,C:\Users\angel\OneDrive\Desktop\Kern\data\processed\features\Noto_Sans_Thaana_200.npz,52,ok,
Noto_Sans_Thaana_300,C:\Users\angel\OneDrive\Desktop\Kern\data\processed\features\Noto_Sans_Thaana_300.npz,52,ok,
Noto_Sans_Thaana_regular,C:\Users\angel\OneDrive\Desktop\Kern\data\processed\features\Noto_Sans_Thaana_regular.npz,52,ok,
Noto_Sans_Thaana_500,C:\Users\angel\OneDrive\Desktop\Kern\data\processed\features\Noto_Sans_Thaana_500.npz,52,ok,
Noto_Sans_Thaana_600,C:\Users\angel\OneDrive\Desktop\Kern\data\processed\features\Noto_Sans_Thaana_600.npz,52,ok,
Noto_Sans_Thaana_700,C:\Users\angel\OneDrive\Desktop\Kern\data\processed\features\Noto_Sans_Thaana_700.npz,52,ok,
Noto_Sans_Thaana_800,C:\Users\angel\OneDrive\Desktop\Kern\data\processed\features\Noto_Sans_Thaana_800.npz,52,ok,
Noto_Sans_Thaana_900,C:\Users\angel\OneDrive\Desktop\Kern\data\processed\features\Noto_Sans_Thaana_900.npz,52,ok,
Mea_Culpa_regular,C:\Users\angel\OneDrive\Desktop\Kern\data\processed\features\Mea_Culpa_regular.npz,52,ok,
Nabla_regular,C:\Users\angel\OneDrive\Desktop\Kern\data\processed\features\Nabla_regular.npz,52,ok,
Stoke_300,C:\Users\angel\OneDrive\Desktop\Kern\data\processed\features\Stoke_300.npz,52,ok,
Stoke_regular,C:\Users\angel\OneDrive\Desktop\Kern\data\processed\features\Stoke_regular.npz,52,ok,
Cagliostro_regular,C:\Users\angel\OneDrive\Desktop\Kern\data\processed\features\Cagliostro_regular.npz,52,ok,
Suwannaphum_100,C:\Users\angel\OneDrive\Desktop\Kern\data\processed\features\Suwannaphum_100.npz,52,ok,
Suwannaphum_300,C:\Users\angel\OneDrive\Desktop\Kern\data\processed\features\Suwannaphum_300.npz,52,ok,
Suwannaphum_regular,C:\Users\angel\OneDrive\Desktop\Kern\data\processed\features\Suwannaphum_regular.npz,52,ok,
Suwannaphum_700,C:\Users\angel\OneDrive\Desktop\Kern\data\processed\features\Suwannaphum_700.npz,52,ok,
Suwannaphum_900,C:\Users\angel\OneDrive\Desktop\Kern\data\processed\features\Suwannaphum_900.npz,52,ok,
Sura_regular,C:\Users\angel\OneDrive\Desktop\Kern\data\processed\features\Sura_regular.npz,52,ok,
Sura_700,C:\Users\angel\OneDrive\Desktop\Kern\data\processed\features\Sura_700.npz,52,ok,
Manufacturing_Consent_regular,C:\Users\angel\OneDrive\Desktop\Kern\data\processed\features\Manufacturing_Consent_regular.npz,52,ok,
Risque_regular,C:\Users\angel\OneDrive\Desktop\Kern\data\processed\features\Risque_regular.npz,52,ok,
Carrois_Gothic_SC_regular,C:\Users\angel\OneDrive\Desktop\Kern\data\processed\features\Carrois_Gothic_SC_regular.npz,52,ok,
Rubik_Scribble_regular,C:\Users\angel\OneDrive\Desktop\Kern\data\processed\features\Rubik_Scribble_regular.npz,52,ok,
Tourney_100,C:\Users\angel\OneDrive\Desktop\Kern\data\processed\features\Tourney_100.npz,52,ok,
Tourney_200,C:\Users\angel\OneDrive\Desktop\Kern\data\processed\features\Tourney_200.npz,52,ok,
Tourney_300,C:\Users\angel\OneDrive\Desktop\Kern\data\processed\features\Tourney_300.npz,52,ok,
Tourney_regular,C:\Users\angel\OneDrive\Desktop\Kern\data\processed\features\Tourney_regular.npz,52,ok,
Tourney_500,C:\Users\angel\OneDrive\Desktop\Kern\data\processed\features\Tourney_500.npz,52,ok,
Tourney_600,C:\Users\angel\OneDrive\Desktop\Kern\data\processed\features\Tourney_600.npz,52,ok,
Tourney_700,C:\Users\angel\OneDrive\Desktop\Kern\data\processed\features\Tourney_700.npz,52,ok,
Tourney_800,C:\Users\angel\OneDrive\Desktop\Kern\data\processed\features\Tourney_800.npz,52,ok,
Tourney_900,C:\Users\angel\OneDrive\Desktop\Kern\data\processed\features\Tourney_900.npz,52,ok,
Tourney_100italic,C:\Users\angel\OneDrive\Desktop\Kern\data\processed\features\Tourney_100italic.npz,52,ok,
Tourney_200italic,C:\Users\angel\OneDrive\Desktop\Kern\data\processed\features\Tourney_200italic.npz,52,ok,
Tourney_300italic,C:\Users\angel\OneDrive\Desktop\Kern\data\processed\features\Tourney_300italic.npz,52,ok,
Tourney_italic,C:\Users\angel\OneDrive\Desktop\Kern\data\processed\features\Tourney_italic.npz,52,ok,
Tourney_500italic,C:\Users\angel\OneDrive\Desktop\Kern\data\processed\features\Tourney_500italic.npz,52,ok,
Tourney_600italic,C:\Users\angel\OneDrive\Desktop\Kern\data\processed\features\Tourney_600italic.npz,52,ok,
Tourney_700italic,C:\Users\angel\OneDrive\Desktop\Kern\data\processed\features\Tourney_700italic.npz,52,ok,
Tourney_800italic,C:\Users\angel\OneDrive\Desktop\Kern\data\processed\features\Tourney_800italic.npz,52,ok,
Tourney_900italic,C:\Users\angel\OneDrive\Desktop\Kern\data\processed\features\Tourney_900italic.npz,52,ok,
Sonsie_One_regular,C:\Users\angel\OneDrive\Desktop\Kern\data\processed\features\Sonsie_One_regular.npz,52,ok,
Marhey_300,C:\Users\angel\OneDrive\Desktop\Kern\data\processed\features\Marhey_300.npz,52,ok,
Marhey_regular,C:\Users\angel\OneDrive\Desktop\Kern\data\processed\features\Marhey_regular.npz,52,ok,
Marhey_500,C:\Users\angel\OneDrive\Desktop\Kern\data\processed\features\Marhey_500.npz,52,ok,
Marhey_600,C:\Users\angel\OneDrive\Desktop\Kern\data\processed\features\Marhey_600.npz,52,ok,
Marhey_700,C:\Users\angel\OneDrive\Desktop\Kern\data\processed\features\Marhey_700.npz,52,ok,
Kaisei_HarunoUmi_regular,C:\Users\angel\OneDrive\Desktop\Kern\data\processed\features\Kaisei_HarunoUmi_regular.npz,52,ok,
Kaisei_HarunoUmi_500,C:\Users\angel\OneDrive\Desktop\Kern\data\processed\features\Kaisei_HarunoUmi_500.npz,52,ok,
Kaisei_HarunoUmi_700,C:\Users\angel\OneDrive\Desktop\Kern\data\processed\features\Kaisei_HarunoUmi_700.npz,52,ok,
Beiruti_200,C:\Users\angel\OneDrive\Desktop\Kern\data\processed\features\Beiruti_200.npz,52,ok,
Beiruti_300,C:\Users\angel\OneDrive\Desktop\Kern\data\processed\features\Beiruti_300.npz,52,ok,
Beiruti_regular,C:\Users\angel\OneDrive\Desktop\Kern\data\processed\features\Beiruti_regular.npz,52,ok,
Beiruti_500,C:\Users\angel\OneDrive\Desktop\Kern\data\processed\features\Beiruti_500.npz,52,ok,
Beiruti_600,C:\Users\angel\OneDrive\Desktop\Kern\data\processed\features\Beiruti_600.npz,52,ok,
Beiruti_700,C:\Users\angel\OneDrive\Desktop\Kern\data\processed\features\Beiruti_700.npz,52,ok,
Beiruti_800,C:\Users\angel\OneDrive\Desktop\Kern\data\processed\features\Beiruti_800.npz,52,ok,
Beiruti_900,C:\Users\angel\OneDrive\Desktop\Kern\data\processed\features\Beiruti_900.npz,52,ok,
Noto_Sans_Tagalog_regular,C:\Users\angel\OneDrive\Desktop\Kern\data\processed\features\Noto_Sans_Tagalog_regular.npz,52,ok,
Averia_Gruesa_Libre_regular,C:\Users\angel\OneDrive\Desktop\Kern\data\processed\features\Averia_Gruesa_Libre_regular.npz,52,ok,
Climate_Crisis_regular,C:\Users\angel\OneDrive\Desktop\Kern\data\processed\features\Climate_Crisis_regular.npz,52,ok,
Content_regular,C:\Users\angel\OneDrive\Desktop\Kern\data\processed\features\Content_regular.npz,52,ok,
Content_700,C:\Users\angel\OneDrive\Desktop\Kern\data\processed\features\Content_700.npz,52,ok,
Chocolate_Classical_Sans_regular,C:\Users\angel\OneDrive\Desktop\Kern\data\processed\features\Chocolate_Classical_Sans_regular.npz,52,ok,
Playwrite_IS_100,C:\Users\angel\OneDrive\Desktop\Kern\data\processed\features\Playwrite_IS_100.npz,52,ok,
Playwrite_IS_200,C:\Users\angel\OneDrive\Desktop\Kern\data\processed\features\Playwrite_IS_200.npz,52,ok,
Playwrite_IS_300,C:\Users\angel\OneDrive\Desktop\Kern\data\processed\features\Playwrite_IS_300.npz,52,ok,
Playwrite_IS_regular,C:\Users\angel\OneDrive\Desktop\Kern\data\processed\features\Playwrite_IS_regular.npz,52,ok,
Playpen_Sans_Arabic_100,C:\Users\angel\OneDrive\Desktop\Kern\data\processed\features\Playpen_Sans_Arabic_100.npz,52,ok,
Playpen_Sans_Arabic_200,C:\Users\angel\OneDrive\Desktop\Kern\data\processed\features\Playpen_Sans_Arabic_200.npz,52,ok,
Playpen_Sans_Arabic_300,C:\Users\angel\OneDrive\Desktop\Kern\data\processed\features\Playpen_Sans_Arabic_300.npz,52,ok,
Playpen_Sans_Arabic_regular,C:\Users\angel\OneDrive\Desktop\Kern\data\processed\features\Playpen_Sans_Arabic_regular.npz,52,ok,
Playpen_Sans_Arabic_500,C:\Users\angel\OneDrive\Desktop\Kern\data\processed\features\Playpen_Sans_Arabic_500.npz,52,ok,
Playpen_Sans_Arabic_600,C:\Users\angel\OneDrive\Desktop\Kern\data\processed\features\Playpen_Sans_Arabic_600.npz,52,ok,
Playpen_Sans_Arabic_700,C:\Users\angel\OneDrive\Desktop\Kern\data\processed\features\Playpen_Sans_Arabic_700.npz,52,ok,
Playpen_Sans_Arabic_800,C:\Users\angel\OneDrive\Desktop\Kern\data\processed\features\Playpen_Sans_Arabic_800.npz,52,ok,
Playwrite_DE_Grund_100,C:\Users\angel\OneDrive\Desktop\Kern\data\processed\features\Playwrite_DE_Grund_100.npz,52,ok,
Playwrite_DE_Grund_200,C:\Users\angel\OneDrive\Desktop\Kern\data\processed\features\Playwrite_DE_Grund_200.npz,52,ok,
Playwrite_DE_Grund_300,C:\Users\angel\OneDrive\Desktop\Kern\data\processed\features\Playwrite_DE_Grund_300.npz,52,ok,
Playwrite_DE_Grund_regular,C:\Users\angel\OneDrive\Desktop\Kern\data\processed\features\Playwrite_DE_Grund_regular.npz,52,ok,
Caramel_regular,C:\Users\angel\OneDrive\Desktop\Kern\data\processed\features\Caramel_regular.npz,52,ok,
Foldit_100,C:\Users\angel\OneDrive\Desktop\Kern\data\processed\features\Foldit_100.npz,52,ok,
Foldit_200,C:\Users\angel\OneDrive\Desktop\Kern\data\processed\features\Foldit_200.npz,52,ok,
Foldit_300,C:\Users\angel\OneDrive\Desktop\Kern\data\processed\features\Foldit_300.npz,52,ok,
Foldit_regular,C:\Users\angel\OneDrive\Desktop\Kern\data\processed\features\Foldit_regular.npz,52,ok,
Foldit_500,C:\Users\angel\OneDrive\Desktop\Kern\data\processed\features\Foldit_500.npz,52,ok,
Foldit_600,C:\Users\angel\OneDrive\Desktop\Kern\data\processed\features\Foldit_600.npz,52,ok,
Foldit_700,C:\Users\angel\OneDrive\Desktop\Kern\data\processed\features\Foldit_700.npz,52,ok,
Foldit_800,C:\Users\angel\OneDrive\Desktop\Kern\data\processed\features\Foldit_800.npz,52,ok,
Foldit_900,C:\Users\angel\OneDrive\Desktop\Kern\data\processed\features\Foldit_900.npz,52,ok,
Junge_regular,C:\Users\angel\OneDrive\Desktop\Kern\data\processed\features\Junge_regular.npz,52,ok,
Elms_Sans_100,C:\Users\angel\OneDrive\Desktop\Kern\data\processed\features\Elms_Sans_100.npz,52,ok,
Elms_Sans_200,C:\Users\angel\OneDrive\Desktop\Kern\data\processed\features\Elms_Sans_200.npz,52,ok,
Elms_Sans_300,C:\Users\angel\OneDrive\Desktop\Kern\data\processed\features\Elms_Sans_300.npz,52,ok,
Elms_Sans_regular,C:\Users\angel\OneDrive\Desktop\Kern\data\processed\features\Elms_Sans_regular.npz,52,ok,
Elms_Sans_500,C:\Users\angel\OneDrive\Desktop\Kern\data\processed\features\Elms_Sans_500.npz,52,ok,
Elms_Sans_600,C:\Users\angel\OneDrive\Desktop\Kern\data\processed\features\Elms_Sans_600.npz,52,ok,
Elms_Sans_700,C:\Users\angel\OneDrive\Desktop\Kern\data\processed\features\Elms_Sans_700.npz,52,ok,
Elms_Sans_800,C:\Users\angel\OneDrive\Desktop\Kern\data\processed\features\Elms_Sans_800.npz,52,ok,
Elms_Sans_900,C:\Users\angel\OneDrive\Desktop\Kern\data\processed\features\Elms_Sans_900.npz,52,ok,
Elms_Sans_100italic,C:\Users\angel\OneDrive\Desktop\Kern\data\processed\features\Elms_Sans_100italic.npz,52,ok,
Elms_Sans_200italic,C:\Users\angel\OneDrive\Desktop\Kern\data\processed\features\Elms_Sans_200italic.npz,52,ok,
Elms_Sans_300italic,C:\Users\angel\OneDrive\Desktop\Kern\data\processed\features\Elms_Sans_300italic.npz,52,ok,
Elms_Sans_italic,C:\Users\angel\OneDrive\Desktop\Kern\data\processed\features\Elms_Sans_italic.npz,52,ok,
Elms_Sans_500italic,C:\Users\angel\OneDrive\Desktop\Kern\data\processed\features\Elms_Sans_500italic.npz,52,ok,
Elms_Sans_600italic,C:\Users\angel\OneDrive\Desktop\Kern\data\processed\features\Elms_Sans_600italic.npz,52,ok,
Elms_Sans_700italic,C:\Users\angel\OneDrive\Desktop\Kern\data\processed\features\Elms_Sans_700italic.npz,52,ok,
Elms_Sans_800italic,C:\Users\angel\OneDrive\Desktop\Kern\data\processed\features\Elms_Sans_800italic.npz,52,ok,
Elms_Sans_900italic,C:\Users\angel\OneDrive\Desktop\Kern\data\processed\features\Elms_Sans_900italic.npz,52,ok,
Montserrat_Underline_100,C:\Users\angel\OneDrive\Desktop\Kern\data\processed\features\Montserrat_Underline_100.npz,52,ok,
Montserrat_Underline_200,C:\Users\angel\OneDrive\Desktop\Kern\data\processed\features\Montserrat_Underline_200.npz,52,ok,
Montserrat_Underline_300,C:\Users\angel\OneDrive\Desktop\Kern\data\processed\features\Montserrat_Underline_300.npz,52,ok,
Montserrat_Underline_regular,C:\Users\angel\OneDrive\Desktop\Kern\data\processed\features\Montserrat_Underline_regular.npz,52,ok,
Montserrat_Underline_500,C:\Users\angel\OneDrive\Desktop\Kern\data\processed\features\Montserrat_Underline_500.npz,52,ok,
Montserrat_Underline_600,C:\Users\angel\OneDrive\Desktop\Kern\data\processed\features\Montserrat_Underline_600.npz,52,ok,
Montserrat_Underline_700,C:\Users\angel\OneDrive\Desktop\Kern\data\processed\features\Montserrat_Underline_700.npz,52,ok,
Montserrat_Underline_800,C:\Users\angel\OneDrive\Desktop\Kern\data\processed\features\Montserrat_Underline_800.npz,52,ok,
Montserrat_Underline_900,C:\Users\angel\OneDrive\Desktop\Kern\data\processed\features\Montserrat_Underline_900.npz,52,ok,
Montserrat_Underline_100italic,C:\Users\angel\OneDrive\Desktop\Kern\data\processed\features\Montserrat_Underline_100italic.npz,52,ok,
Montserrat_Underline_200italic,C:\Users\angel\OneDrive\Desktop\Kern\data\processed\features\Montserrat_Underline_200italic.npz,52,ok,
Montserrat_Underline_300italic,C:\Users\angel\OneDrive\Desktop\Kern\data\processed\features\Montserrat_Underline_300italic.npz,52,ok,
Montserrat_Underline_italic,C:\Users\angel\OneDrive\Desktop\Kern\data\processed\features\Montserrat_Underline_italic.npz,52,ok,
Montserrat_Underline_500italic,C:\Users\angel\OneDrive\Desktop\Kern\data\processed\features\Montserrat_Underline_500italic.npz,52,ok,
Montserrat_Underline_600italic,C:\Users\angel\OneDrive\Desktop\Kern\data\processed\features\Montserrat_Underline_600italic.npz,52,ok,
Montserrat_Underline_700italic,C:\Users\angel\OneDrive\Desktop\Kern\data\processed\features\Montserrat_Underline_700italic.npz,52,ok,
Montserrat_Underline_800italic,C:\Users\angel\OneDrive\Desktop\Kern\data\processed\features\Montserrat_Underline_800italic.npz,52,ok,
Montserrat_Underline_900italic,C:\Users\angel\OneDrive\Desktop\Kern\data\processed\features\Montserrat_Underline_900italic.npz,52,ok,
Sirin_Stencil_regular,C:\Users\angel\OneDrive\Desktop\Kern\data\processed\features\Sirin_Stencil_regular.npz,52,ok,
Edu_NSW_ACT_Cursive_regular,C:\Users\angel\OneDrive\Desktop\Kern\data\processed\features\Edu_NSW_ACT_Cursive_regular.npz,52,ok,
Edu_NSW_ACT_Cursive_500,C:\Users\angel\OneDrive\Desktop\Kern\data\processed\features\Edu_NSW_ACT_Cursive_500.npz,52,ok,
Edu_NSW_ACT_Cursive_600,C:\Users\angel\OneDrive\Desktop\Kern\data\processed\features\Edu_NSW_ACT_Cursive_600.npz,52,ok,
Edu_NSW_ACT_Cursive_700,C:\Users\angel\OneDrive\Desktop\Kern\data\processed\features\Edu_NSW_ACT_Cursive_700.npz,52,ok,
Tac_One_regular,C:\Users\angel\OneDrive\Desktop\Kern\data\processed\features\Tac_One_regular.npz,52,ok,
National_Park_200,C:\Users\angel\OneDrive\Desktop\Kern\data\processed\features\National_Park_200.npz,52,ok,
National_Park_300,C:\Users\angel\OneDrive\Desktop\Kern\data\processed\features\National_Park_300.npz,52,ok,
National_Park_regular,C:\Users\angel\OneDrive\Desktop\Kern\data\processed\features\National_Park_regular.npz,52,ok,
National_Park_500,C:\Users\angel\OneDrive\Desktop\Kern\data\processed\features\National_Park_500.npz,52,ok,
National_Park_600,C:\Users\angel\OneDrive\Desktop\Kern\data\processed\features\National_Park_600.npz,52,ok,
National_Park_700,C:\Users\angel\OneDrive\Desktop\Kern\data\processed\features\National_Park_700.npz,52,ok,
National_Park_800,C:\Users\angel\OneDrive\Desktop\Kern\data\processed\features\National_Park_800.npz,52,ok,
Noto_Serif_Ahom_regular,C:\Users\angel\OneDrive\Desktop\Kern\data\processed\features\Noto_Serif_Ahom_regular.npz,52,ok,
Text_Me_One_regular,C:\Users\angel\OneDrive\Desktop\Kern\data\processed\features\Text_Me_One_regular.npz,52,ok,
Port_Lligat_Slab_regular,C:\Users\angel\OneDrive\Desktop\Kern\data\processed\features\Port_Lligat_Slab_regular.npz,52,ok,
Spirax_regular,C:\Users\angel\OneDrive\Desktop\Kern\data\processed\features\Spirax_regular.npz,52,ok,
Ramaraja_regular,C:\Users\angel\OneDrive\Desktop\Kern\data\processed\features\Ramaraja_regular.npz,52,ok,
Momo_Trust_Sans_200,C:\Users\angel\OneDrive\Desktop\Kern\data\processed\features\Momo_Trust_Sans_200.npz,52,ok,
Momo_Trust_Sans_300,C:\Users\angel\OneDrive\Desktop\Kern\data\processed\features\Momo_Trust_Sans_300.npz,52,ok,
Momo_Trust_Sans_regular,C:\Users\angel\OneDrive\Desktop\Kern\data\processed\features\Momo_Trust_Sans_regular.npz,52,ok,
Momo_Trust_Sans_500,C:\Users\angel\OneDrive\Desktop\Kern\data\processed\features\Momo_Trust_Sans_500.npz,52,ok,
Momo_Trust_Sans_600,C:\Users\angel\OneDrive\Desktop\Kern\data\processed\features\Momo_Trust_Sans_600.npz,52,ok,
Momo_Trust_Sans_700,C:\Users\angel\OneDrive\Desktop\Kern\data\processed\features\Momo_Trust_Sans_700.npz,52,ok,
Momo_Trust_Sans_800,C:\Users\angel\OneDrive\Desktop\Kern\data\processed\features\Momo_Trust_Sans_800.npz,52,ok,
Chilanka_regular,C:\Users\angel\OneDrive\Desktop\Kern\data\processed\features\Chilanka_regular.npz,52,ok,
Geostar_Fill_regular,C:\Users\angel\OneDrive\Desktop\Kern\data\processed\features\Geostar_Fill_regular.npz,52,ok,
Gorditas_regular,C:\Users\angel\OneDrive\Desktop\Kern\data\processed\features\Gorditas_regular.npz,52,ok,
Gorditas_700,C:\Users\angel\OneDrive\Desktop\Kern\data\processed\features\Gorditas_700.npz,52,ok,
Benne_regular,C:\Users\angel\OneDrive\Desktop\Kern\data\processed\features\Benne_regular.npz,52,ok,
Playwrite_IN_100,C:\Users\angel\OneDrive\Desktop\Kern\data\processed\features\Playwrite_IN_100.npz,52,ok,
Playwrite_IN_200,C:\Users\angel\OneDrive\Desktop\Kern\data\processed\features\Playwrite_IN_200.npz,52,ok,
Playwrite_IN_300,C:\Users\angel\OneDrive\Desktop\Kern\data\processed\features\Playwrite_IN_300.npz,52,ok,
Playwrite_IN_regular,C:\Users\angel\OneDrive\Desktop\Kern\data\processed\features\Playwrite_IN_regular.npz,52,ok,
Dorsa_regular,C:\Users\angel\OneDrive\Desktop\Kern\data\processed\features\Dorsa_regular.npz,52,ok,
Ravi_Prakash_regular,C:\Users\angel\OneDrive\Desktop\Kern\data\processed\features\Ravi_Prakash_regular.npz,52,ok,
Noto_Sans_Buhid_regular,C:\Users\angel\OneDrive\Desktop\Kern\data\processed\features\Noto_Sans_Buhid_regular.npz,52,ok,
Almendra_SC_regular,C:\Users\angel\OneDrive\Desktop\Kern\data\processed\features\Almendra_SC_regular.npz,52,ok,
Shalimar_regular,C:\Users\angel\OneDrive\Desktop\Kern\data\processed\features\Shalimar_regular.npz,52,ok,
Yaldevi_200,C:\Users\angel\OneDrive\Desktop\Kern\data\processed\features\Yaldevi_200.npz,52,ok,
Yaldevi_300,C:\Users\angel\OneDrive\Desktop\Kern\data\processed\features\Yaldevi_300.npz,52,ok,
Yaldevi_regular,C:\Users\angel\OneDrive\Desktop\Kern\data\processed\features\Yaldevi_regular.npz,52,ok,
Yaldevi_500,C:\Users\angel\OneDrive\Desktop\Kern\data\processed\features\Yaldevi_500.npz,52,ok,
Yaldevi_600,C:\Users\angel\OneDrive\Desktop\Kern\data\processed\features\Yaldevi_600.npz,52,ok,
Yaldevi_700,C:\Users\angel\OneDrive\Desktop\Kern\data\processed\features\Yaldevi_700.npz,52,ok,
Tiro_Devanagari_Marathi_regular,C:\Users\angel\OneDrive\Desktop\Kern\data\processed\features\Tiro_Devanagari_Marathi_regular.npz,52,ok,
Tiro_Devanagari_Marathi_italic,C:\Users\angel\OneDrive\Desktop\Kern\data\processed\features\Tiro_Devanagari_Marathi_italic.npz,52,ok,
Gentium_Plus_regular,C:\Users\angel\OneDrive\Desktop\Kern\data\processed\features\Gentium_Plus_regular.npz,52,ok,
Gentium_Plus_italic,C:\Users\angel\OneDrive\Desktop\Kern\data\processed\features\Gentium_Plus_italic.npz,52,ok,
Gentium_Plus_700,C:\Users\angel\OneDrive\Desktop\Kern\data\processed\features\Gentium_Plus_700.npz,52,ok,
Gentium_Plus_700italic,C:\Users\angel\OneDrive\Desktop\Kern\data\processed\features\Gentium_Plus_700italic.npz,52,ok,
Bilbo_regular,C:\Users\angel\OneDrive\Desktop\Kern\data\processed\features\Bilbo_regular.npz,52,ok,
Moderustic_300,C:\Users\angel\OneDrive\Desktop\Kern\data\processed\features\Moderustic_300.npz,52,ok,
Moderustic_regular,C:\Users\angel\OneDrive\Desktop\Kern\data\processed\features\Moderustic_regular.npz,52,ok,
Moderustic_500,C:\Users\angel\OneDrive\Desktop\Kern\data\processed\features\Moderustic_500.npz,52,ok,
Moderustic_600,C:\Users\angel\OneDrive\Desktop\Kern\data\processed\features\Moderustic_600.npz,52,ok,
Moderustic_700,C:\Users\angel\OneDrive\Desktop\Kern\data\processed\features\Moderustic_700.npz,52,ok,
Moderustic_800,C:\Users\angel\OneDrive\Desktop\Kern\data\processed\features\Moderustic_800.npz,52,ok,
Stint_Ultra_Expanded_regular,C:\Users\angel\OneDrive\Desktop\Kern\data\processed\features\Stint_Ultra_Expanded_regular.npz,52,ok,
Keania_One_regular,C:\Users\angel\OneDrive\Desktop\Kern\data\processed\features\Keania_One_regular.npz,52,ok,
Send_Flowers_regular,C:\Users\angel\OneDrive\Desktop\Kern\data\processed\features\Send_Flowers_regular.npz,52,ok,
Water_Brush_regular,C:\Users\angel\OneDrive\Desktop\Kern\data\processed\features\Water_Brush_regular.npz,52,ok,
Girassol_regular,C:\Users\angel\OneDrive\Desktop\Kern\data\processed\features\Girassol_regular.npz,52,ok,
Geom_300,C:\Users\angel\OneDrive\Desktop\Kern\data\processed\features\Geom_300.npz,52,ok,
Geom_regular,C:\Users\angel\OneDrive\Desktop\Kern\data\processed\features\Geom_regular.npz,52,ok,
Geom_500,C:\Users\angel\OneDrive\Desktop\Kern\data\processed\features\Geom_500.npz,52,ok,
Geom_600,C:\Users\angel\OneDrive\Desktop\Kern\data\processed\features\Geom_600.npz,52,ok,
Geom_700,C:\Users\angel\OneDrive\Desktop\Kern\data\processed\features\Geom_700.npz,52,ok,
Geom_800,C:\Users\angel\OneDrive\Desktop\Kern\data\processed\features\Geom_800.npz,52,ok,
Geom_900,C:\Users\angel\OneDrive\Desktop\Kern\data\processed\features\Geom_900.npz,52,ok,
Geom_300italic,C:\Users\angel\OneDrive\Desktop\Kern\data\processed\features\Geom_300italic.npz,52,ok,
Geom_italic,C:\Users\angel\OneDrive\Desktop\Kern\data\processed\features\Geom_italic.npz,52,ok,
Geom_500italic,C:\Users\angel\OneDrive\Desktop\Kern\data\processed\features\Geom_500italic.npz,52,ok,
Geom_600italic,C:\Users\angel\OneDrive\Desktop\Kern\data\processed\features\Geom_600italic.npz,52,ok,
Geom_700italic,C:\Users\angel\OneDrive\Desktop\Kern\data\processed\features\Geom_700italic.npz,52,ok,
Geom_800italic,C:\Users\angel\OneDrive\Desktop\Kern\data\processed\features\Geom_800italic.npz,52,ok,
Geom_900italic,C:\Users\angel\OneDrive\Desktop\Kern\data\processed\features\Geom_900italic.npz,52,ok,
Texturina_100,C:\Users\angel\OneDrive\Desktop\Kern\data\processed\features\Texturina_100.npz,52,ok,
Texturina_200,C:\Users\angel\OneDrive\Desktop\Kern\data\processed\features\Texturina_200.npz,52,ok,
Texturina_300,C:\Users\angel\OneDrive\Desktop\Kern\data\processed\features\Texturina_300.npz,52,ok,
Texturina_regular,C:\Users\angel\OneDrive\Desktop\Kern\data\processed\features\Texturina_regular.npz,52,ok,
Texturina_500,C:\Users\angel\OneDrive\Desktop\Kern\data\processed\features\Texturina_500.npz,52,ok,
Texturina_600,C:\Users\angel\OneDrive\Desktop\Kern\data\processed\features\Texturina_600.npz,52,ok,
Texturina_700,C:\Users\angel\OneDrive\Desktop\Kern\data\processed\features\Texturina_700.npz,52,ok,
Texturina_800,C:\Users\angel\OneDrive\Desktop\Kern\data\processed\features\Texturina_800.npz,52,ok,
Texturina_900,C:\Users\angel\OneDrive\Desktop\Kern\data\processed\features\Texturina_900.npz,52,ok,
Texturina_100italic,C:\Users\angel\OneDrive\Desktop\Kern\data\processed\features\Texturina_100italic.npz,52,ok,
Texturina_200italic,C:\Users\angel\OneDrive\Desktop\Kern\data\processed\features\Texturina_200italic.npz,52,ok,
Texturina_300italic,C:\Users\angel\OneDrive\Desktop\Kern\data\processed\features\Texturina_300italic.npz,52,ok,
Texturina_italic,C:\Users\angel\OneDrive\Desktop\Kern\data\processed\features\Texturina_italic.npz,52,ok,
Texturina_500italic,C:\Users\angel\OneDrive\Desktop\Kern\data\processed\features\Texturina_500italic.npz,52,ok,
Texturina_600italic,C:\Users\angel\OneDrive\Desktop\Kern\data\processed\features\Texturina_600italic.npz,52,ok,
Texturina_700italic,C:\Users\angel\OneDrive\Desktop\Kern\data\processed\features\Texturina_700italic.npz,52,ok,
Texturina_800italic,C:\Users\angel\OneDrive\Desktop\Kern\data\processed\features\Texturina_800italic.npz,52,ok,
Texturina_900italic,C:\Users\angel\OneDrive\Desktop\Kern\data\processed\features\Texturina_900italic.npz,52,ok,
Cactus_Classical_Serif_regular,C:\Users\angel\OneDrive\Desktop\Kern\data\processed\features\Cactus_Classical_Serif_regular.npz,52,ok,
SN_Pro_200,C:\Users\angel\OneDrive\Desktop\Kern\data\processed\features\SN_Pro_200.npz,52,ok,
SN_Pro_300,C:\Users\angel\OneDrive\Desktop\Kern\data\processed\features\SN_Pro_300.npz,52,ok,
SN_Pro_regular,C:\Users\angel\OneDrive\Desktop\Kern\data\processed\features\SN_Pro_regular.npz,52,ok,
SN_Pro_500,C:\Users\angel\OneDrive\Desktop\Kern\data\processed\features\SN_Pro_500.npz,52,ok,
SN_Pro_600,C:\Users\angel\OneDrive\Desktop\Kern\data\processed\features\SN_Pro_600.npz,52,ok,
SN_Pro_700,C:\Users\angel\OneDrive\Desktop\Kern\data\processed\features\SN_Pro_700.npz,52,ok,
SN_Pro_800,C:\Users\angel\OneDrive\Desktop\Kern\data\processed\features\SN_Pro_800.npz,52,ok,
SN_Pro_900,C:\Users\angel\OneDrive\Desktop\Kern\data\processed\features\SN_Pro_900.npz,52,ok,
SN_Pro_200italic,C:\Users\angel\OneDrive\Desktop\Kern\data\processed\features\SN_Pro_200italic.npz,52,ok,
SN_Pro_300italic,C:\Users\angel\OneDrive\Desktop\Kern\data\processed\features\SN_Pro_300italic.npz,52,ok,
SN_Pro_italic,C:\Users\angel\OneDrive\Desktop\Kern\data\processed\features\SN_Pro_italic.npz,52,ok,
SN_Pro_500italic,C:\Users\angel\OneDrive\Desktop\Kern\data\processed\features\SN_Pro_500italic.npz,52,ok,
SN_Pro_600italic,C:\Users\angel\OneDrive\Desktop\Kern\data\processed\features\SN_Pro_600italic.npz,52,ok,
SN_Pro_700italic,C:\Users\angel\OneDrive\Desktop\Kern\data\processed\features\SN_Pro_700italic.npz,52,ok,
SN_Pro_800italic,C:\Users\angel\OneDrive\Desktop\Kern\data\processed\features\SN_Pro_800italic.npz,52,ok,
SN_Pro_900italic,C:\Users\angel\OneDrive\Desktop\Kern\data\processed\features\SN_Pro_900italic.npz,52,ok,
Yuji_Boku_regular,C:\Users\angel\OneDrive\Desktop\Kern\data\processed\features\Yuji_Boku_regular.npz,52,ok,
Edu_VIC_WA_NT_Hand_regular,C:\Users\angel\OneDrive\Desktop\Kern\data\processed\features\Edu_VIC_WA_NT_Hand_regular.npz,52,ok,
Edu_VIC_WA_NT_Hand_500,C:\Users\angel\OneDrive\Desktop\Kern\data\processed\features\Edu_VIC_WA_NT_Hand_500.npz,52,ok,
Edu_VIC_WA_NT_Hand_600,C:\Users\angel\OneDrive\Desktop\Kern\data\processed\features\Edu_VIC_WA_NT_Hand_600.npz,52,ok,
Edu_VIC_WA_NT_Hand_700,C:\Users\angel\OneDrive\Desktop\Kern\data\processed\features\Edu_VIC_WA_NT_Hand_700.npz,52,ok,
Gwendolyn_regular,C:\Users\angel\OneDrive\Desktop\Kern\data\processed\features\Gwendolyn_regular.npz,52,ok,
Gwendolyn_700,C:\Users\angel\OneDrive\Desktop\Kern\data\processed\features\Gwendolyn_700.npz,52,ok,
Rubik_Moonrocks_regular,C:\Users\angel\OneDrive\Desktop\Kern\data\processed\features\Rubik_Moonrocks_regular.npz,52,ok,
Simonetta_regular,C:\Users\angel\OneDrive\Desktop\Kern\data\processed\features\Simonetta_regular.npz,52,ok,
Simonetta_italic,C:\Users\angel\OneDrive\Desktop\Kern\data\processed\features\Simonetta_italic.npz,52,ok,
Simonetta_900,C:\Users\angel\OneDrive\Desktop\Kern\data\processed\features\Simonetta_900.npz,52,ok,
Simonetta_900italic,C:\Users\angel\OneDrive\Desktop\Kern\data\processed\features\Simonetta_900italic.npz,52,ok,
Wellfleet_regular,C:\Users\angel\OneDrive\Desktop\Kern\data\processed\features\Wellfleet_regular.npz,52,ok,
Linden_Hill_regular,C:\Users\angel\OneDrive\Desktop\Kern\data\processed\features\Linden_Hill_regular.npz,52,ok,
Linden_Hill_italic,C:\Users\angel\OneDrive\Desktop\Kern\data\processed\features\Linden_Hill_italic.npz,52,ok,
My_Soul_regular,C:\Users\angel\OneDrive\Desktop\Kern\data\processed\features\My_Soul_regular.npz,52,ok,
Noto_Sans_Tai_Viet_regular,C:\Users\angel\OneDrive\Desktop\Kern\data\processed\features\Noto_Sans_Tai_Viet_regular.npz,52,ok,
Galdeano_regular,C:\Users\angel\OneDrive\Desktop\Kern\data\processed\features\Galdeano_regular.npz,52,ok,
Comforter_Brush_regular,C:\Users\angel\OneDrive\Desktop\Kern\data\processed\features\Comforter_Brush_regular.npz,52,ok,
Gulzar_regular,C:\Users\angel\OneDrive\Desktop\Kern\data\processed\features\Gulzar_regular.npz,52,ok,
Glass_Antiqua_regular,C:\Users\angel\OneDrive\Desktop\Kern\data\processed\features\Glass_Antiqua_regular.npz,52,ok,
Piedra_regular,C:\Users\angel\OneDrive\Desktop\Kern\data\processed\features\Piedra_regular.npz,52,ok,
Unlock_regular,C:\Users\angel\OneDrive\Desktop\Kern\data\processed\features\Unlock_regular.npz,52,ok,
Farsan_regular,C:\Users\angel\OneDrive\Desktop\Kern\data\processed\features\Farsan_regular.npz,52,ok,
Lexend_Tera_100,C:\Users\angel\OneDrive\Desktop\Kern\data\processed\features\Lexend_Tera_100.npz,52,ok,
Lexend_Tera_200,C:\Users\angel\OneDrive\Desktop\Kern\data\processed\features\Lexend_Tera_200.npz,52,ok,
Lexend_Tera_300,C:\Users\angel\OneDrive\Desktop\Kern\data\processed\features\Lexend_Tera_300.npz,52,ok,
Lexend_Tera_regular,C:\Users\angel\OneDrive\Desktop\Kern\data\processed\features\Lexend_Tera_regular.npz,52,ok,
Lexend_Tera_500,C:\Users\angel\OneDrive\Desktop\Kern\data\processed\features\Lexend_Tera_500.npz,52,ok,
Lexend_Tera_600,C:\Users\angel\OneDrive\Desktop\Kern\data\processed\features\Lexend_Tera_600.npz,52,ok,
Lexend_Tera_700,C:\Users\angel\OneDrive\Desktop\Kern\data\processed\features\Lexend_Tera_700.npz,52,ok,
Lexend_Tera_800,C:\Users\angel\OneDrive\Desktop\Kern\data\processed\features\Lexend_Tera_800.npz,52,ok,
Lexend_Tera_900,C:\Users\angel\OneDrive\Desktop\Kern\data\processed\features\Lexend_Tera_900.npz,52,ok,
Jim_Nightshade_regular,C:\Users\angel\OneDrive\Desktop\Kern\data\processed\features\Jim_Nightshade_regular.npz,52,ok,
Ysabeau_Infant_100,C:\Users\angel\OneDrive\Desktop\Kern\data\processed\features\Ysabeau_Infant_100.npz,52,ok,
Ysabeau_Infant_200,C:\Users\angel\OneDrive\Desktop\Kern\data\processed\features\Ysabeau_Infant_200.npz,52,ok,
Ysabeau_Infant_300,C:\Users\angel\OneDrive\Desktop\Kern\data\processed\features\Ysabeau_Infant_300.npz,52,ok,
Ysabeau_Infant_regular,C:\Users\angel\OneDrive\Desktop\Kern\data\processed\features\Ysabeau_Infant_regular.npz,52,ok,
Ysabeau_Infant_500,C:\Users\angel\OneDrive\Desktop\Kern\data\processed\features\Ysabeau_Infant_500.npz,52,ok,
Ysabeau_Infant_600,C:\Users\angel\OneDrive\Desktop\Kern\data\processed\features\Ysabeau_Infant_600.npz,52,ok,
Ysabeau_Infant_700,C:\Users\angel\OneDrive\Desktop\Kern\data\processed\features\Ysabeau_Infant_700.npz,52,ok,
Ysabeau_Infant_800,C:\Users\angel\OneDrive\Desktop\Kern\data\processed\features\Ysabeau_Infant_800.npz,52,ok,
Ysabeau_Infant_900,C:\Users\angel\OneDrive\Desktop\Kern\data\processed\features\Ysabeau_Infant_900.npz,52,ok,
Ysabeau_Infant_100italic,C:\Users\angel\OneDrive\Desktop\Kern\data\processed\features\Ysabeau_Infant_100italic.npz,52,ok,
Ysabeau_Infant_200italic,C:\Users\angel\OneDrive\Desktop\Kern\data\processed\features\Ysabeau_Infant_200italic.npz,52,ok,
Ysabeau_Infant_300italic,C:\Users\angel\OneDrive\Desktop\Kern\data\processed\features\Ysabeau_Infant_300italic.npz,52,ok,
Ysabeau_Infant_italic,C:\Users\angel\OneDrive\Desktop\Kern\data\processed\features\Ysabeau_Infant_italic.npz,52,ok,
Ysabeau_Infant_500italic,C:\Users\angel\OneDrive\Desktop\Kern\data\processed\features\Ysabeau_Infant_500italic.npz,52,ok,
Ysabeau_Infant_600italic,C:\Users\angel\OneDrive\Desktop\Kern\data\processed\features\Ysabeau_Infant_600italic.npz,52,ok,
Ysabeau_Infant_700italic,C:\Users\angel\OneDrive\Desktop\Kern\data\processed\features\Ysabeau_Infant_700italic.npz,52,ok,
Ysabeau_Infant_800italic,C:\Users\angel\OneDrive\Desktop\Kern\data\processed\features\Ysabeau_Infant_800italic.npz,52,ok,
Ysabeau_Infant_900italic,C:\Users\angel\OneDrive\Desktop\Kern\data\processed\features\Ysabeau_Infant_900italic.npz,52,ok,
Noto_Serif_Lao_100,C:\Users\angel\OneDrive\Desktop\Kern\data\processed\features\Noto_Serif_Lao_100.npz,52,ok,
Noto_Serif_Lao_200,C:\Users\angel\OneDrive\Desktop\Kern\data\processed\features\Noto_Serif_Lao_200.npz,52,ok,
Noto_Serif_Lao_300,C:\Users\angel\OneDrive\Desktop\Kern\data\processed\features\Noto_Serif_Lao_300.npz,52,ok,
Noto_Serif_Lao_regular,C:\Users\angel\OneDrive\Desktop\Kern\data\processed\features\Noto_Serif_Lao_regular.npz,52,ok,
Noto_Serif_Lao_500,C:\Users\angel\OneDrive\Desktop\Kern\data\processed\features\Noto_Serif_Lao_500.npz,52,ok,
Noto_Serif_Lao_600,C:\Users\angel\OneDrive\Desktop\Kern\data\processed\features\Noto_Serif_Lao_600.npz,52,ok,
Noto_Serif_Lao_700,C:\Users\angel\OneDrive\Desktop\Kern\data\processed\features\Noto_Serif_Lao_700.npz,52,ok,
Noto_Serif_Lao_800,C:\Users\angel\OneDrive\Desktop\Kern\data\processed\features\Noto_Serif_Lao_800.npz,52,ok,
Noto_Serif_Lao_900,C:\Users\angel\OneDrive\Desktop\Kern\data\processed\features\Noto_Serif_Lao_900.npz,52,ok,
Dekko_regular,C:\Users\angel\OneDrive\Desktop\Kern\data\processed\features\Dekko_regular.npz,52,ok,
Rubik_Wet_Paint_regular,C:\Users\angel\OneDrive\Desktop\Kern\data\processed\features\Rubik_Wet_Paint_regular.npz,52,ok,
Condiment_regular,C:\Users\angel\OneDrive\Desktop\Kern\data\processed\features\Condiment_regular.npz,52,ok,
Inspiration_regular,C:\Users\angel\OneDrive\Desktop\Kern\data\processed\features\Inspiration_regular.npz,52,ok,
Romanesco_regular,C:\Users\angel\OneDrive\Desktop\Kern\data\processed\features\Romanesco_regular.npz,52,ok,
Kotta_One_regular,C:\Users\angel\OneDrive\Desktop\Kern\data\processed\features\Kotta_One_regular.npz,52,ok,
Inika_regular,C:\Users\angel\OneDrive\Desktop\Kern\data\processed\features\Inika_regular.npz,52,ok,
Inika_700,C:\Users\angel\OneDrive\Desktop\Kern\data\processed\features\Inika_700.npz,52,ok,
Darumadrop_One_regular,C:\Users\angel\OneDrive\Desktop\Kern\data\processed\features\Darumadrop_One_regular.npz,52,ok,
Tiro_Gurmukhi_regular,C:\Users\angel\OneDrive\Desktop\Kern\data\processed\features\Tiro_Gurmukhi_regular.npz,52,ok,
Tiro_Gurmukhi_italic,C:\Users\angel\OneDrive\Desktop\Kern\data\processed\features\Tiro_Gurmukhi_italic.npz,52,ok,
Offside_regular,C:\Users\angel\OneDrive\Desktop\Kern\data\processed\features\Offside_regular.npz,52,ok,
Koh_Santepheap_100,C:\Users\angel\OneDrive\Desktop\Kern\data\processed\features\Koh_Santepheap_100.npz,52,ok,
Koh_Santepheap_300,C:\Users\angel\OneDrive\Desktop\Kern\data\processed\features\Koh_Santepheap_300.npz,52,ok,
Koh_Santepheap_regular,C:\Users\angel\OneDrive\Desktop\Kern\data\processed\features\Koh_Santepheap_regular.npz,52,ok,
Koh_Santepheap_700,C:\Users\angel\OneDrive\Desktop\Kern\data\processed\features\Koh_Santepheap_700.npz,52,ok,
Koh_Santepheap_900,C:\Users\angel\OneDrive\Desktop\Kern\data\processed\features\Koh_Santepheap_900.npz,52,ok,
Jacques_Francois_regular,C:\Users\angel\OneDrive\Desktop\Kern\data\processed\features\Jacques_Francois_regular.npz,52,ok,
Bruno_Ace_SC_regular,C:\Users\angel\OneDrive\Desktop\Kern\data\processed\features\Bruno_Ace_SC_regular.npz,52,ok,
Mrs_Sheppards_regular,C:\Users\angel\OneDrive\Desktop\Kern\data\processed\features\Mrs_Sheppards_regular.npz,52,ok,
Mogra_regular,C:\Users\angel\OneDrive\Desktop\Kern\data\processed\features\Mogra_regular.npz,52,ok,
Festive_regular,C:\Users\angel\OneDrive\Desktop\Kern\data\processed\features\Festive_regular.npz,52,ok,
Jacquard_12_regular,C:\Users\angel\OneDrive\Desktop\Kern\data\processed\features\Jacquard_12_regular.npz,52,ok,
Emblema_One_regular,C:\Users\angel\OneDrive\Desktop\Kern\data\processed\features\Emblema_One_regular.npz,52,ok,
Plaster_regular,C:\Users\angel\OneDrive\Desktop\Kern\data\processed\features\Plaster_regular.npz,52,ok,
Chela_One_regular,C:\Users\angel\OneDrive\Desktop\Kern\data\processed\features\Chela_One_regular.npz,52,ok,
Noto_Sans_Canadian_Aboriginal_100,C:\Users\angel\OneDrive\Desktop\Kern\data\processed\features\Noto_Sans_Canadian_Aboriginal_100.npz,52,ok,
Noto_Sans_Canadian_Aboriginal_200,C:\Users\angel\OneDrive\Desktop\Kern\data\processed\features\Noto_Sans_Canadian_Aboriginal_200.npz,52,ok,
Noto_Sans_Canadian_Aboriginal_300,C:\Users\angel\OneDrive\Desktop\Kern\data\processed\features\Noto_Sans_Canadian_Aboriginal_300.npz,52,ok,
Noto_Sans_Canadian_Aboriginal_regular,C:\Users\angel\OneDrive\Desktop\Kern\data\processed\features\Noto_Sans_Canadian_Aboriginal_regular.npz,52,ok,
Noto_Sans_Canadian_Aboriginal_500,C:\Users\angel\OneDrive\Desktop\Kern\data\processed\features\Noto_Sans_Canadian_Aboriginal_500.npz,52,ok,
Noto_Sans_Canadian_Aboriginal_600,C:\Users\angel\OneDrive\Desktop\Kern\data\processed\features\Noto_Sans_Canadian_Aboriginal_600.npz,52,ok,
Noto_Sans_Canadian_Aboriginal_700,C:\Users\angel\OneDrive\Desktop\Kern\data\processed\features\Noto_Sans_Canadian_Aboriginal_700.npz,52,ok,
Noto_Sans_Canadian_Aboriginal_800,C:\Users\angel\OneDrive\Desktop\Kern\data\processed\features\Noto_Sans_Canadian_Aboriginal_800.npz,52,ok,
Noto_Sans_Canadian_Aboriginal_900,C:\Users\angel\OneDrive\Desktop\Kern\data\processed\features\Noto_Sans_Canadian_Aboriginal_900.npz,52,ok,
Noto_Sans_Gothic_regular,C:\Users\angel\OneDrive\Desktop\Kern\data\processed\features\Noto_Sans_Gothic_regular.npz,52,ok,
Alumni_Sans_Pinstripe_regular,C:\Users\angel\OneDrive\Desktop\Kern\data\processed\features\Alumni_Sans_Pinstripe_regular.npz,52,ok,
Alumni_Sans_Pinstripe_italic,C:\Users\angel\OneDrive\Desktop\Kern\data\processed\features\Alumni_Sans_Pinstripe_italic.npz,52,ok,
Momo_Trust_Display_regular,C:\Users\angel\OneDrive\Desktop\Kern\data\processed\features\Momo_Trust_Display_regular.npz,52,ok,
Noto_Sans_Linear_A_regular,C:\Users\angel\OneDrive\Desktop\Kern\data\processed\features\Noto_Sans_Linear_A_regular.npz,52,ok,
Bungee_Hairline_regular,C:\Users\angel\OneDrive\Desktop\Kern\data\processed\features\Bungee_Hairline_regular.npz,52,ok,
Buda_300,C:\Users\angel\OneDrive\Desktop\Kern\data\processed\features\Buda_300.npz,52,ok,
Playwrite_CU_100,C:\Users\angel\OneDrive\Desktop\Kern\data\processed\features\Playwrite_CU_100.npz,52,ok,
Playwrite_CU_200,C:\Users\angel\OneDrive\Desktop\Kern\data\processed\features\Playwrite_CU_200.npz,52,ok,
Playwrite_CU_300,C:\Users\angel\OneDrive\Desktop\Kern\data\processed\features\Playwrite_CU_300.npz,52,ok,
Playwrite_CU_regular,C:\Users\angel\OneDrive\Desktop\Kern\data\processed\features\Playwrite_CU_regular.npz,52,ok,
Reem_Kufi_Fun_regular,C:\Users\angel\OneDrive\Desktop\Kern\data\processed\features\Reem_Kufi_Fun_regular.npz,52,ok,
Reem_Kufi_Fun_500,C:\Users\angel\OneDrive\Desktop\Kern\data\processed\features\Reem_Kufi_Fun_500.npz,52,ok,
Reem_Kufi_Fun_600,C:\Users\angel\OneDrive\Desktop\Kern\data\processed\features\Reem_Kufi_Fun_600.npz,52,ok,
Reem_Kufi_Fun_700,C:\Users\angel\OneDrive\Desktop\Kern\data\processed\features\Reem_Kufi_Fun_700.npz,52,ok,
Huninn_regular,C:\Users\angel\OneDrive\Desktop\Kern\data\processed\features\Huninn_regular.npz,52,ok,
Kite_One_regular,C:\Users\angel\OneDrive\Desktop\Kern\data\processed\features\Kite_One_regular.npz,52,ok,
Tilt_Prism_regular,C:\Users\angel\OneDrive\Desktop\Kern\data\processed\features\Tilt_Prism_regular.npz,52,ok,
Noto_Sans_Samaritan_regular,C:\Users\angel\OneDrive\Desktop\Kern\data\processed\features\Noto_Sans_Samaritan_regular.npz,52,ok,
Autour_One_regular,C:\Users\angel\OneDrive\Desktop\Kern\data\processed\features\Autour_One_regular.npz,52,ok,
Anek_Odia_100,C:\Users\angel\OneDrive\Desktop\Kern\data\processed\features\Anek_Odia_100.npz,52,ok,
Anek_Odia_200,C:\Users\angel\OneDrive\Desktop\Kern\data\processed\features\Anek_Odia_200.npz,52,ok,
Anek_Odia_300,C:\Users\angel\OneDrive\Desktop\Kern\data\processed\features\Anek_Odia_300.npz,52,ok,
Anek_Odia_regular,C:\Users\angel\OneDrive\Desktop\Kern\data\processed\features\Anek_Odia_regular.npz,52,ok,
Anek_Odia_500,C:\Users\angel\OneDrive\Desktop\Kern\data\processed\features\Anek_Odia_500.npz,52,ok,
Anek_Odia_600,C:\Users\angel\OneDrive\Desktop\Kern\data\processed\features\Anek_Odia_600.npz,52,ok,
Anek_Odia_700,C:\Users\angel\OneDrive\Desktop\Kern\data\processed\features\Anek_Odia_700.npz,52,ok,
Anek_Odia_800,C:\Users\angel\OneDrive\Desktop\Kern\data\processed\features\Anek_Odia_800.npz,52,ok,
Ewert_regular,C:\Users\angel\OneDrive\Desktop\Kern\data\processed\features\Ewert_regular.npz,52,ok,
Jacques_Francois_Shadow_regular,C:\Users\angel\OneDrive\Desktop\Kern\data\processed\features\Jacques_Francois_Shadow_regular.npz,52,ok,
Edu_AU_VIC_WA_NT_Guides_regular,C:\Users\angel\OneDrive\Desktop\Kern\data\processed\features\Edu_AU_VIC_WA_NT_Guides_regular.npz,52,ok,
Edu_AU_VIC_WA_NT_Guides_500,C:\Users\angel\OneDrive\Desktop\Kern\data\processed\features\Edu_AU_VIC_WA_NT_Guides_500.npz,52,ok,
Edu_AU_VIC_WA_NT_Guides_600,C:\Users\angel\OneDrive\Desktop\Kern\data\processed\features\Edu_AU_VIC_WA_NT_Guides_600.npz,52,ok,
Edu_AU_VIC_WA_NT_Guides_700,C:\Users\angel\OneDrive\Desktop\Kern\data\processed\features\Edu_AU_VIC_WA_NT_Guides_700.npz,52,ok,
Orbit_regular,C:\Users\angel\OneDrive\Desktop\Kern\data\processed\features\Orbit_regular.npz,52,ok,
Noto_Serif_Khmer_100,C:\Users\angel\OneDrive\Desktop\Kern\data\processed\features\Noto_Serif_Khmer_100.npz,52,ok,
Noto_Serif_Khmer_200,C:\Users\angel\OneDrive\Desktop\Kern\data\processed\features\Noto_Serif_Khmer_200.npz,52,ok,
Noto_Serif_Khmer_300,C:\Users\angel\OneDrive\Desktop\Kern\data\processed\features\Noto_Serif_Khmer_300.npz,52,ok,
Noto_Serif_Khmer_regular,C:\Users\angel\OneDrive\Desktop\Kern\data\processed\features\Noto_Serif_Khmer_regular.npz,52,ok,
Noto_Serif_Khmer_500,C:\Users\angel\OneDrive\Desktop\Kern\data\processed\features\Noto_Serif_Khmer_500.npz,52,ok,
Noto_Serif_Khmer_600,C:\Users\angel\OneDrive\Desktop\Kern\data\processed\features\Noto_Serif_Khmer_600.npz,52,ok,
Noto_Serif_Khmer_700,C:\Users\angel\OneDrive\Desktop\Kern\data\processed\features\Noto_Serif_Khmer_700.npz,52,ok,
Noto_Serif_Khmer_800,C:\Users\angel\OneDrive\Desktop\Kern\data\processed\features\Noto_Serif_Khmer_800.npz,52,ok,
Noto_Serif_Khmer_900,C:\Users\angel\OneDrive\Desktop\Kern\data\processed\features\Noto_Serif_Khmer_900.npz,52,ok,
Vend_Sans_300,C:\Users\angel\OneDrive\Desktop\Kern\data\processed\features\Vend_Sans_300.npz,52,ok,
Vend_Sans_regular,C:\Users\angel\OneDrive\Desktop\Kern\data\processed\features\Vend_Sans_regular.npz,52,ok,
Vend_Sans_500,C:\Users\angel\OneDrive\Desktop\Kern\data\processed\features\Vend_Sans_500.npz,52,ok,
Vend_Sans_600,C:\Users\angel\OneDrive\Desktop\Kern\data\processed\features\Vend_Sans_600.npz,52,ok,
Vend_Sans_700,C:\Users\angel\OneDrive\Desktop\Kern\data\processed\features\Vend_Sans_700.npz,52,ok,
Vend_Sans_300italic,C:\Users\angel\OneDrive\Desktop\Kern\data\processed\features\Vend_Sans_300italic.npz,52,ok,
Vend_Sans_italic,C:\Users\angel\OneDrive\Desktop\Kern\data\processed\features\Vend_Sans_italic.npz,52,ok,
Vend_Sans_500italic,C:\Users\angel\OneDrive\Desktop\Kern\data\processed\features\Vend_Sans_500italic.npz,52,ok,
Vend_Sans_600italic,C:\Users\angel\OneDrive\Desktop\Kern\data\processed\features\Vend_Sans_600italic.npz,52,ok,
Vend_Sans_700italic,C:\Users\angel\OneDrive\Desktop\Kern\data\processed\features\Vend_Sans_700italic.npz,52,ok,
Smokum_regular,C:\Users\angel\OneDrive\Desktop\Kern\data\processed\features\Smokum_regular.npz,52,ok,
Babylonica_regular,C:\Users\angel\OneDrive\Desktop\Kern\data\processed\features\Babylonica_regular.npz,52,ok,
Miss_Fajardose_regular,C:\Users\angel\OneDrive\Desktop\Kern\data\processed\features\Miss_Fajardose_regular.npz,52,ok,
BBH_Bartle_regular,C:\Users\angel\OneDrive\Desktop\Kern\data\processed\features\BBH_Bartle_regular.npz,52,ok,
Bruno_Ace_regular,C:\Users\angel\OneDrive\Desktop\Kern\data\processed\features\Bruno_Ace_regular.npz,52,ok,
Libertinus_Sans_regular,C:\Users\angel\OneDrive\Desktop\Kern\data\processed\features\Libertinus_Sans_regular.npz,52,ok,
Libertinus_Sans_italic,C:\Users\angel\OneDrive\Desktop\Kern\data\processed\features\Libertinus_Sans_italic.npz,52,ok,
Libertinus_Sans_700,C:\Users\angel\OneDrive\Desktop\Kern\data\processed\features\Libertinus_Sans_700.npz,52,ok,
Edu_AU_VIC_WA_NT_Hand_regular,C:\Users\angel\OneDrive\Desktop\Kern\data\processed\features\Edu_AU_VIC_WA_NT_Hand_regular.npz,52,ok,
Edu_AU_VIC_WA_NT_Hand_500,C:\Users\angel\OneDrive\Desktop\Kern\data\processed\features\Edu_AU_VIC_WA_NT_Hand_500.npz,52,ok,
Edu_AU_VIC_WA_NT_Hand_600,C:\Users\angel\OneDrive\Desktop\Kern\data\processed\features\Edu_AU_VIC_WA_NT_Hand_600.npz,52,ok,
Edu_AU_VIC_WA_NT_Hand_700,C:\Users\angel\OneDrive\Desktop\Kern\data\processed\features\Edu_AU_VIC_WA_NT_Hand_700.npz,52,ok,
Anek_Gurmukhi_100,C:\Users\angel\OneDrive\Desktop\Kern\data\processed\features\Anek_Gurmukhi_100.npz,52,ok,
Anek_Gurmukhi_200,C:\Users\angel\OneDrive\Desktop\Kern\data\processed\features\Anek_Gurmukhi_200.npz,52,ok,
Anek_Gurmukhi_300,C:\Users\angel\OneDrive\Desktop\Kern\data\processed\features\Anek_Gurmukhi_300.npz,52,ok,
Anek_Gurmukhi_regular,C:\Users\angel\OneDrive\Desktop\Kern\data\processed\features\Anek_Gurmukhi_regular.npz,52,ok,
Anek_Gurmukhi_500,C:\Users\angel\OneDrive\Desktop\Kern\data\processed\features\Anek_Gurmukhi_500.npz,52,ok,
Anek_Gurmukhi_600,C:\Users\angel\OneDrive\Desktop\Kern\data\processed\features\Anek_Gurmukhi_600.npz,52,ok,
Anek_Gurmukhi_700,C:\Users\angel\OneDrive\Desktop\Kern\data\processed\features\Anek_Gurmukhi_700.npz,52,ok,
Anek_Gurmukhi_800,C:\Users\angel\OneDrive\Desktop\Kern\data\processed\features\Anek_Gurmukhi_800.npz,52,ok,
Noto_Serif_Gujarati_100,C:\Users\angel\OneDrive\Desktop\Kern\data\processed\features\Noto_Serif_Gujarati_100.npz,52,ok,
Noto_Serif_Gujarati_200,C:\Users\angel\OneDrive\Desktop\Kern\data\processed\features\Noto_Serif_Gujarati_200.npz,52,ok,
Noto_Serif_Gujarati_300,C:\Users\angel\OneDrive\Desktop\Kern\data\processed\features\Noto_Serif_Gujarati_300.npz,52,ok,
Noto_Serif_Gujarati_regular,C:\Users\angel\OneDrive\Desktop\Kern\data\processed\features\Noto_Serif_Gujarati_regular.npz,52,ok,
Noto_Serif_Gujarati_500,C:\Users\angel\OneDrive\Desktop\Kern\data\processed\features\Noto_Serif_Gujarati_500.npz,52,ok,
Noto_Serif_Gujarati_600,C:\Users\angel\OneDrive\Desktop\Kern\data\processed\features\Noto_Serif_Gujarati_600.npz,52,ok,
Noto_Serif_Gujarati_700,C:\Users\angel\OneDrive\Desktop\Kern\data\processed\features\Noto_Serif_Gujarati_700.npz,52,ok,
Noto_Serif_Gujarati_800,C:\Users\angel\OneDrive\Desktop\Kern\data\processed\features\Noto_Serif_Gujarati_800.npz,52,ok,
Noto_Serif_Gujarati_900,C:\Users\angel\OneDrive\Desktop\Kern\data\processed\features\Noto_Serif_Gujarati_900.npz,52,ok,
WDXL_Lubrifont_JP_N_regular,C:\Users\angel\OneDrive\Desktop\Kern\data\processed\features\WDXL_Lubrifont_JP_N_regular.npz,52,ok,
Arbutus_regular,C:\Users\angel\OneDrive\Desktop\Kern\data\processed\features\Arbutus_regular.npz,52,ok,
Micro_5_regular,C:\Users\angel\OneDrive\Desktop\Kern\data\processed\features\Micro_5_regular.npz,52,ok,
Meera_Inimai_regular,C:\Users\angel\OneDrive\Desktop\Kern\data\processed\features\Meera_Inimai_regular.npz,52,ok,
Trykker_regular,C:\Users\angel\OneDrive\Desktop\Kern\data\processed\features\Trykker_regular.npz,52,ok,
Oi_regular,C:\Users\angel\OneDrive\Desktop\Kern\data\processed\features\Oi_regular.npz,52,ok,
Wittgenstein_regular,C:\Users\angel\OneDrive\Desktop\Kern\data\processed\features\Wittgenstein_regular.npz,52,ok,
Wittgenstein_500,C:\Users\angel\OneDrive\Desktop\Kern\data\processed\features\Wittgenstein_500.npz,52,ok,
Wittgenstein_600,C:\Users\angel\OneDrive\Desktop\Kern\data\processed\features\Wittgenstein_600.npz,52,ok,
Wittgenstein_700,C:\Users\angel\OneDrive\Desktop\Kern\data\processed\features\Wittgenstein_700.npz,52,ok,
Wittgenstein_800,C:\Users\angel\OneDrive\Desktop\Kern\data\processed\features\Wittgenstein_800.npz,52,ok,
Wittgenstein_900,C:\Users\angel\OneDrive\Desktop\Kern\data\processed\features\Wittgenstein_900.npz,52,ok,
Wittgenstein_italic,C:\Users\angel\OneDrive\Desktop\Kern\data\processed\features\Wittgenstein_italic.npz,52,ok,
Wittgenstein_500italic,C:\Users\angel\OneDrive\Desktop\Kern\data\processed\features\Wittgenstein_500italic.npz,52,ok,
Wittgenstein_600italic,C:\Users\angel\OneDrive\Desktop\Kern\data\processed\features\Wittgenstein_600italic.npz,52,ok,
Wittgenstein_700italic,C:\Users\angel\OneDrive\Desktop\Kern\data\processed\features\Wittgenstein_700italic.npz,52,ok,
Wittgenstein_800italic,C:\Users\angel\OneDrive\Desktop\Kern\data\processed\features\Wittgenstein_800italic.npz,52,ok,
Wittgenstein_900italic,C:\Users\angel\OneDrive\Desktop\Kern\data\processed\features\Wittgenstein_900italic.npz,52,ok,
Big_Shoulders_Stencil_100,C:\Users\angel\OneDrive\Desktop\Kern\data\processed\features\Big_Shoulders_Stencil_100.npz,52,ok,
Big_Shoulders_Stencil_200,C:\Users\angel\OneDrive\Desktop\Kern\data\processed\features\Big_Shoulders_Stencil_200.npz,52,ok,
Big_Shoulders_Stencil_300,C:\Users\angel\OneDrive\Desktop\Kern\data\processed\features\Big_Shoulders_Stencil_300.npz,52,ok,
Big_Shoulders_Stencil_regular,C:\Users\angel\OneDrive\Desktop\Kern\data\processed\features\Big_Shoulders_Stencil_regular.npz,52,ok,
Big_Shoulders_Stencil_500,C:\Users\angel\OneDrive\Desktop\Kern\data\processed\features\Big_Shoulders_Stencil_500.npz,52,ok,
Big_Shoulders_Stencil_600,C:\Users\angel\OneDrive\Desktop\Kern\data\processed\features\Big_Shoulders_Stencil_600.npz,52,ok,
Big_Shoulders_Stencil_700,C:\Users\angel\OneDrive\Desktop\Kern\data\processed\features\Big_Shoulders_Stencil_700.npz,52,ok,
Big_Shoulders_Stencil_800,C:\Users\angel\OneDrive\Desktop\Kern\data\processed\features\Big_Shoulders_Stencil_800.npz,52,ok,
Big_Shoulders_Stencil_900,C:\Users\angel\OneDrive\Desktop\Kern\data\processed\features\Big_Shoulders_Stencil_900.npz,52,ok,
Donegal_One_regular,C:\Users\angel\OneDrive\Desktop\Kern\data\processed\features\Donegal_One_regular.npz,52,ok,
Londrina_Shadow_regular,C:\Users\angel\OneDrive\Desktop\Kern\data\processed\features\Londrina_Shadow_regular.npz,52,ok,
Dr_Sugiyama_regular,C:\Users\angel\OneDrive\Desktop\Kern\data\processed\features\Dr_Sugiyama_regular.npz,52,ok,
Story_Script_regular,C:\Users\angel\OneDrive\Desktop\Kern\data\processed\features\Story_Script_regular.npz,52,ok,
Nuosu_SIL_regular,C:\Users\angel\OneDrive\Desktop\Kern\data\processed\features\Nuosu_SIL_regular.npz,52,ok,
Ruluko_regular,C:\Users\angel\OneDrive\Desktop\Kern\data\processed\features\Ruluko_regular.npz,52,ok,
Praise_regular,C:\Users\angel\OneDrive\Desktop\Kern\data\processed\features\Praise_regular.npz,52,ok,
Playwrite_US_Modern_100,C:\Users\angel\OneDrive\Desktop\Kern\data\processed\features\Playwrite_US_Modern_100.npz,52,ok,
Playwrite_US_Modern_200,C:\Users\angel\OneDrive\Desktop\Kern\data\processed\features\Playwrite_US_Modern_200.npz,52,ok,
Playwrite_US_Modern_300,C:\Users\angel\OneDrive\Desktop\Kern\data\processed\features\Playwrite_US_Modern_300.npz,52,ok,
Playwrite_US_Modern_regular,C:\Users\angel\OneDrive\Desktop\Kern\data\processed\features\Playwrite_US_Modern_regular.npz,52,ok,
Elsie_Swash_Caps_regular,C:\Users\angel\OneDrive\Desktop\Kern\data\processed\features\Elsie_Swash_Caps_regular.npz,52,ok,
Elsie_Swash_Caps_900,C:\Users\angel\OneDrive\Desktop\Kern\data\processed\features\Elsie_Swash_Caps_900.npz,52,ok,
Milonga_regular,C:\Users\angel\OneDrive\Desktop\Kern\data\processed\features\Milonga_regular.npz,52,ok,
Fruktur_regular,C:\Users\angel\OneDrive\Desktop\Kern\data\processed\features\Fruktur_regular.npz,52,ok,
Fruktur_italic,C:\Users\angel\OneDrive\Desktop\Kern\data\processed\features\Fruktur_italic.npz,52,ok,
Reem_Kufi_Ink_regular,C:\Users\angel\OneDrive\Desktop\Kern\data\processed\features\Reem_Kufi_Ink_regular.npz,52,ok,
Luxurious_Roman_regular,C:\Users\angel\OneDrive\Desktop\Kern\data\processed\features\Luxurious_Roman_regular.npz,52,ok,
Ranga_regular,C:\Users\angel\OneDrive\Desktop\Kern\data\processed\features\Ranga_regular.npz,52,ok,
Ranga_700,C:\Users\angel\OneDrive\Desktop\Kern\data\processed\features\Ranga_700.npz,52,ok,
Lakki_Reddy_regular,C:\Users\angel\OneDrive\Desktop\Kern\data\processed\features\Lakki_Reddy_regular.npz,52,ok,
Marko_One_regular,C:\Users\angel\OneDrive\Desktop\Kern\data\processed\features\Marko_One_regular.npz,52,ok,
GFS_Neohellenic_regular,C:\Users\angel\OneDrive\Desktop\Kern\data\processed\features\GFS_Neohellenic_regular.npz,52,ok,
GFS_Neohellenic_italic,C:\Users\angel\OneDrive\Desktop\Kern\data\processed\features\GFS_Neohellenic_italic.npz,52,ok,
GFS_Neohellenic_700,C:\Users\angel\OneDrive\Desktop\Kern\data\processed\features\GFS_Neohellenic_700.npz,52,ok,
GFS_Neohellenic_700italic,C:\Users\angel\OneDrive\Desktop\Kern\data\processed\features\GFS_Neohellenic_700italic.npz,52,ok,
Dhurjati_regular,C:\Users\angel\OneDrive\Desktop\Kern\data\processed\features\Dhurjati_regular.npz,52,ok,
Playwrite_AU_NSW_100,C:\Users\angel\OneDrive\Desktop\Kern\data\processed\features\Playwrite_AU_NSW_100.npz,52,ok,
Playwrite_AU_NSW_200,C:\Users\angel\OneDrive\Desktop\Kern\data\processed\features\Playwrite_AU_NSW_200.npz,52,ok,
Playwrite_AU_NSW_300,C:\Users\angel\OneDrive\Desktop\Kern\data\processed\features\Playwrite_AU_NSW_300.npz,52,ok,
Playwrite_AU_NSW_regular,C:\Users\angel\OneDrive\Desktop\Kern\data\processed\features\Playwrite_AU_NSW_regular.npz,52,ok,
Noto_Sans_Osmanya_regular,C:\Users\angel\OneDrive\Desktop\Kern\data\processed\features\Noto_Sans_Osmanya_regular.npz,52,ok,
Konkhmer_Sleokchher_regular,C:\Users\angel\OneDrive\Desktop\Kern\data\processed\features\Konkhmer_Sleokchher_regular.npz,52,ok,
Diplomata_SC_regular,C:\Users\angel\OneDrive\Desktop\Kern\data\processed\features\Diplomata_SC_regular.npz,52,ok,
Playwrite_GB_S_100,C:\Users\angel\OneDrive\Desktop\Kern\data\processed\features\Playwrite_GB_S_100.npz,52,ok,
Playwrite_GB_S_200,C:\Users\angel\OneDrive\Desktop\Kern\data\processed\features\Playwrite_GB_S_200.npz,52,ok,
Playwrite_GB_S_300,C:\Users\angel\OneDrive\Desktop\Kern\data\processed\features\Playwrite_GB_S_300.npz,52,ok,
Playwrite_GB_S_regular,C:\Users\angel\OneDrive\Desktop\Kern\data\processed\features\Playwrite_GB_S_regular.npz,52,ok,
Playwrite_GB_S_100italic,C:\Users\angel\OneDrive\Desktop\Kern\data\processed\features\Playwrite_GB_S_100italic.npz,52,ok,
Playwrite_GB_S_200italic,C:\Users\angel\OneDrive\Desktop\Kern\data\processed\features\Playwrite_GB_S_200italic.npz,52,ok,
Playwrite_GB_S_300italic,C:\Users\angel\OneDrive\Desktop\Kern\data\processed\features\Playwrite_GB_S_300italic.npz,52,ok,
Playwrite_GB_S_italic,C:\Users\angel\OneDrive\Desktop\Kern\data\processed\features\Playwrite_GB_S_italic.npz,52,ok,
Ojuju_200,C:\Users\angel\OneDrive\Desktop\Kern\data\processed\features\Ojuju_200.npz,52,ok,
Ojuju_300,C:\Users\angel\OneDrive\Desktop\Kern\data\processed\features\Ojuju_300.npz,52,ok,
Ojuju_regular,C:\Users\angel\OneDrive\Desktop\Kern\data\processed\features\Ojuju_regular.npz,52,ok,
Ojuju_500,C:\Users\angel\OneDrive\Desktop\Kern\data\processed\features\Ojuju_500.npz,52,ok,
Ojuju_600,C:\Users\angel\OneDrive\Desktop\Kern\data\processed\features\Ojuju_600.npz,52,ok,
Ojuju_700,C:\Users\angel\OneDrive\Desktop\Kern\data\processed\features\Ojuju_700.npz,52,ok,
Ojuju_800,C:\Users\angel\OneDrive\Desktop\Kern\data\processed\features\Ojuju_800.npz,52,ok,
Noto_Sans_Sora_Sompeng_regular,C:\Users\angel\OneDrive\Desktop\Kern\data\processed\features\Noto_Sans_Sora_Sompeng_regular.npz,52,ok,
Noto_Sans_Sora_Sompeng_500,C:\Users\angel\OneDrive\Desktop\Kern\data\processed\features\Noto_Sans_Sora_Sompeng_500.npz,52,ok,
Noto_Sans_Sora_Sompeng_600,C:\Users\angel\OneDrive\Desktop\Kern\data\processed\features\Noto_Sans_Sora_Sompeng_600.npz,52,ok,
Noto_Sans_Sora_Sompeng_700,C:\Users\angel\OneDrive\Desktop\Kern\data\processed\features\Noto_Sans_Sora_Sompeng_700.npz,52,ok,
Federant_regular,C:\Users\angel\OneDrive\Desktop\Kern\data\processed\features\Federant_regular.npz,52,ok,
Playwrite_AU_SA_100,C:\Users\angel\OneDrive\Desktop\Kern\data\processed\features\Playwrite_AU_SA_100.npz,52,ok,
Playwrite_AU_SA_200,C:\Users\angel\OneDrive\Desktop\Kern\data\processed\features\Playwrite_AU_SA_200.npz,52,ok,
Playwrite_AU_SA_300,C:\Users\angel\OneDrive\Desktop\Kern\data\processed\features\Playwrite_AU_SA_300.npz,52,ok,
Playwrite_AU_SA_regular,C:\Users\angel\OneDrive\Desktop\Kern\data\processed\features\Playwrite_AU_SA_regular.npz,52,ok,
Ancizar_Serif_300,C:\Users\angel\OneDrive\Desktop\Kern\data\processed\features\Ancizar_Serif_300.npz,52,ok,
Ancizar_Serif_regular,C:\Users\angel\OneDrive\Desktop\Kern\data\processed\features\Ancizar_Serif_regular.npz,52,ok,
Ancizar_Serif_500,C:\Users\angel\OneDrive\Desktop\Kern\data\processed\features\Ancizar_Serif_500.npz,52,ok,
Ancizar_Serif_600,C:\Users\angel\OneDrive\Desktop\Kern\data\processed\features\Ancizar_Serif_600.npz,52,ok,
Ancizar_Serif_700,C:\Users\angel\OneDrive\Desktop\Kern\data\processed\features\Ancizar_Serif_700.npz,52,ok,
Ancizar_Serif_800,C:\Users\angel\OneDrive\Desktop\Kern\data\processed\features\Ancizar_Serif_800.npz,52,ok,
Ancizar_Serif_900,C:\Users\angel\OneDrive\Desktop\Kern\data\processed\features\Ancizar_Serif_900.npz,52,ok,
Ancizar_Serif_300italic,C:\Users\angel\OneDrive\Desktop\Kern\data\processed\features\Ancizar_Serif_300italic.npz,52,ok,
Ancizar_Serif_italic,C:\Users\angel\OneDrive\Desktop\Kern\data\processed\features\Ancizar_Serif_italic.npz,52,ok,
Ancizar_Serif_500italic,C:\Users\angel\OneDrive\Desktop\Kern\data\processed\features\Ancizar_Serif_500italic.npz,52,ok,
Ancizar_Serif_600italic,C:\Users\angel\OneDrive\Desktop\Kern\data\processed\features\Ancizar_Serif_600italic.npz,52,ok,
Ancizar_Serif_700italic,C:\Users\angel\OneDrive\Desktop\Kern\data\processed\features\Ancizar_Serif_700italic.npz,52,ok,
Ancizar_Serif_800italic,C:\Users\angel\OneDrive\Desktop\Kern\data\processed\features\Ancizar_Serif_800italic.npz,52,ok,
Ancizar_Serif_900italic,C:\Users\angel\OneDrive\Desktop\Kern\data\processed\features\Ancizar_Serif_900italic.npz,52,ok,
Noto_Serif_Sinhala_100,C:\Users\angel\OneDrive\Desktop\Kern\data\processed\features\Noto_Serif_Sinhala_100.npz,52,ok,
Noto_Serif_Sinhala_200,C:\Users\angel\OneDrive\Desktop\Kern\data\processed\features\Noto_Serif_Sinhala_200.npz,52,ok,
Noto_Serif_Sinhala_300,C:\Users\angel\OneDrive\Desktop\Kern\data\processed\features\Noto_Serif_Sinhala_300.npz,52,ok,
Noto_Serif_Sinhala_regular,C:\Users\angel\OneDrive\Desktop\Kern\data\processed\features\Noto_Serif_Sinhala_regular.npz,52,ok,
Noto_Serif_Sinhala_500,C:\Users\angel\OneDrive\Desktop\Kern\data\processed\features\Noto_Serif_Sinhala_500.npz,52,ok,
Noto_Serif_Sinhala_600,C:\Users\angel\OneDrive\Desktop\Kern\data\processed\features\Noto_Serif_Sinhala_600.npz,52,ok,
Noto_Serif_Sinhala_700,C:\Users\angel\OneDrive\Desktop\Kern\data\processed\features\Noto_Serif_Sinhala_700.npz,52,ok,
Noto_Serif_Sinhala_800,C:\Users\angel\OneDrive\Desktop\Kern\data\processed\features\Noto_Serif_Sinhala_800.npz,52,ok,
Noto_Serif_Sinhala_900,C:\Users\angel\OneDrive\Desktop\Kern\data\processed\features\Noto_Serif_Sinhala_900.npz,52,ok,
Bubbler_One_regular,C:\Users\angel\OneDrive\Desktop\Kern\data\processed\features\Bubbler_One_regular.npz,52,ok,
Joti_One_regular,C:\Users\angel\OneDrive\Desktop\Kern\data\processed\features\Joti_One_regular.npz,52,ok,
Neonderthaw_regular,C:\Users\angel\OneDrive\Desktop\Kern\data\processed\features\Neonderthaw_regular.npz,52,ok,
Akt_100,C:\Users\angel\OneDrive\Desktop\Kern\data\processed\features\Akt_100.npz,52,ok,
Akt_200,C:\Users\angel\OneDrive\Desktop\Kern\data\processed\features\Akt_200.npz,52,ok,
Akt_300,C:\Users\angel\OneDrive\Desktop\Kern\data\processed\features\Akt_300.npz,52,ok,
Akt_regular,C:\Users\angel\OneDrive\Desktop\Kern\data\processed\features\Akt_regular.npz,52,ok,
Akt_500,C:\Users\angel\OneDrive\Desktop\Kern\data\processed\features\Akt_500.npz,52,ok,
Akt_600,C:\Users\angel\OneDrive\Desktop\Kern\data\processed\features\Akt_600.npz,52,ok,
Akt_700,C:\Users\angel\OneDrive\Desktop\Kern\data\processed\features\Akt_700.npz,52,ok,
Akt_800,C:\Users\angel\OneDrive\Desktop\Kern\data\processed\features\Akt_800.npz,52,ok,
Akt_900,C:\Users\angel\OneDrive\Desktop\Kern\data\processed\features\Akt_900.npz,52,ok,
Bigelow_Rules_regular,C:\Users\angel\OneDrive\Desktop\Kern\data\processed\features\Bigelow_Rules_regular.npz,52,ok,
Tulpen_One_regular,C:\Users\angel\OneDrive\Desktop\Kern\data\processed\features\Tulpen_One_regular.npz,52,ok,
Noto_Serif_Armenian_100,C:\Users\angel\OneDrive\Desktop\Kern\data\processed\features\Noto_Serif_Armenian_100.npz,52,ok,
Noto_Serif_Armenian_200,C:\Users\angel\OneDrive\Desktop\Kern\data\processed\features\Noto_Serif_Armenian_200.npz,52,ok,
Noto_Serif_Armenian_300,C:\Users\angel\OneDrive\Desktop\Kern\data\processed\features\Noto_Serif_Armenian_300.npz,52,ok,
Noto_Serif_Armenian_regular,C:\Users\angel\OneDrive\Desktop\Kern\data\processed\features\Noto_Serif_Armenian_regular.npz,52,ok,
Noto_Serif_Armenian_500,C:\Users\angel\OneDrive\Desktop\Kern\data\processed\features\Noto_Serif_Armenian_500.npz,52,ok,
Noto_Serif_Armenian_600,C:\Users\angel\OneDrive\Desktop\Kern\data\processed\features\Noto_Serif_Armenian_600.npz,52,ok,
Noto_Serif_Armenian_700,C:\Users\angel\OneDrive\Desktop\Kern\data\processed\features\Noto_Serif_Armenian_700.npz,52,ok,
Noto_Serif_Armenian_800,C:\Users\angel\OneDrive\Desktop\Kern\data\processed\features\Noto_Serif_Armenian_800.npz,52,ok,
Noto_Serif_Armenian_900,C:\Users\angel\OneDrive\Desktop\Kern\data\processed\features\Noto_Serif_Armenian_900.npz,52,ok,
Playwrite_VN_Guides_regular,C:\Users\angel\OneDrive\Desktop\Kern\data\processed\features\Playwrite_VN_Guides_regular.npz,52,ok,
Fleur_De_Leah_regular,C:\Users\angel\OneDrive\Desktop\Kern\data\processed\features\Fleur_De_Leah_regular.npz,52,ok,
Bungee_Outline_regular,C:\Users\angel\OneDrive\Desktop\Kern\data\processed\features\Bungee_Outline_regular.npz,52,ok,
Almendra_Display_regular,C:\Users\angel\OneDrive\Desktop\Kern\data\processed\features\Almendra_Display_regular.npz,52,ok,
Felipa_regular,C:\Users\angel\OneDrive\Desktop\Kern\data\processed\features\Felipa_regular.npz,52,ok,
Metal_regular,C:\Users\angel\OneDrive\Desktop\Kern\data\processed\features\Metal_regular.npz,52,ok,
Sahitya_regular,C:\Users\angel\OneDrive\Desktop\Kern\data\processed\features\Sahitya_regular.npz,52,ok,
Sahitya_700,C:\Users\angel\OneDrive\Desktop\Kern\data\processed\features\Sahitya_700.npz,52,ok,
Updock_regular,C:\Users\angel\OneDrive\Desktop\Kern\data\processed\features\Updock_regular.npz,52,ok,
Bacasime_Antique_regular,C:\Users\angel\OneDrive\Desktop\Kern\data\processed\features\Bacasime_Antique_regular.npz,52,ok,
Revalia_regular,C:\Users\angel\OneDrive\Desktop\Kern\data\processed\features\Revalia_regular.npz,52,ok,
Sedan_SC_regular,C:\Users\angel\OneDrive\Desktop\Kern\data\processed\features\Sedan_SC_regular.npz,52,ok,
Noto_Sans_Bhaiksuki_regular,C:\Users\angel\OneDrive\Desktop\Kern\data\processed\features\Noto_Sans_Bhaiksuki_regular.npz,52,ok,
Ribeye_Marrow_regular,C:\Users\angel\OneDrive\Desktop\Kern\data\processed\features\Ribeye_Marrow_regular.npz,52,ok,
Princess_Sofia_regular,C:\Users\angel\OneDrive\Desktop\Kern\data\processed\features\Princess_Sofia_regular.npz,52,ok,
Mr_Bedfort_regular,C:\Users\angel\OneDrive\Desktop\Kern\data\processed\features\Mr_Bedfort_regular.npz,52,ok,
Alumni_Sans_Collegiate_One_regular,C:\Users\angel\OneDrive\Desktop\Kern\data\processed\features\Alumni_Sans_Collegiate_One_regular.npz,52,ok,
Alumni_Sans_Collegiate_One_italic,C:\Users\angel\OneDrive\Desktop\Kern\data\processed\features\Alumni_Sans_Collegiate_One_italic.npz,52,ok,
Butcherman_regular,C:\Users\angel\OneDrive\Desktop\Kern\data\processed\features\Butcherman_regular.npz,52,ok,
Grey_Qo_regular,C:\Users\angel\OneDrive\Desktop\Kern\data\processed\features\Grey_Qo_regular.npz,52,ok,
Momo_Signature_regular,C:\Users\angel\OneDrive\Desktop\Kern\data\processed\features\Momo_Signature_regular.npz,52,ok,
Edu_NSW_ACT_Foundation_regular,C:\Users\angel\OneDrive\Desktop\Kern\data\processed\features\Edu_NSW_ACT_Foundation_regular.npz,52,ok,
Edu_NSW_ACT_Foundation_500,C:\Users\angel\OneDrive\Desktop\Kern\data\processed\features\Edu_NSW_ACT_Foundation_500.npz,52,ok,
Edu_NSW_ACT_Foundation_600,C:\Users\angel\OneDrive\Desktop\Kern\data\processed\features\Edu_NSW_ACT_Foundation_600.npz,52,ok,
Edu_NSW_ACT_Foundation_700,C:\Users\angel\OneDrive\Desktop\Kern\data\processed\features\Edu_NSW_ACT_Foundation_700.npz,52,ok,
Rubik_Distressed_regular,C:\Users\angel\OneDrive\Desktop\Kern\data\processed\features\Rubik_Distressed_regular.npz,52,ok,
Passero_One_regular,C:\Users\angel\OneDrive\Desktop\Kern\data\processed\features\Passero_One_regular.npz,52,ok,
Sedan_regular,C:\Users\angel\OneDrive\Desktop\Kern\data\processed\features\Sedan_regular.npz,52,ok,
Sedan_italic,C:\Users\angel\OneDrive\Desktop\Kern\data\processed\features\Sedan_italic.npz,52,ok,
Stalinist_One_regular,C:\Users\angel\OneDrive\Desktop\Kern\data\processed\features\Stalinist_One_regular.npz,52,ok,
Kirang_Haerang_regular,C:\Users\angel\OneDrive\Desktop\Kern\data\processed\features\Kirang_Haerang_regular.npz,52,ok,
Tiro_Kannada_regular,C:\Users\angel\OneDrive\Desktop\Kern\data\processed\features\Tiro_Kannada_regular.npz,52,ok,
Tiro_Kannada_italic,C:\Users\angel\OneDrive\Desktop\Kern\data\processed\features\Tiro_Kannada_italic.npz,52,ok,
Hubballi_regular,C:\Users\angel\OneDrive\Desktop\Kern\data\processed\features\Hubballi_regular.npz,52,ok,
Preahvihear_regular,C:\Users\angel\OneDrive\Desktop\Kern\data\processed\features\Preahvihear_regular.npz,52,ok,
Gideon_Roman_regular,C:\Users\angel\OneDrive\Desktop\Kern\data\processed\features\Gideon_Roman_regular.npz,52,ok,
Jersey_15_regular,C:\Users\angel\OneDrive\Desktop\Kern\data\processed\features\Jersey_15_regular.npz,52,ok,
New_Amsterdam_regular,C:\Users\angel\OneDrive\Desktop\Kern\data\processed\features\New_Amsterdam_regular.npz,52,ok,
Lancelot_regular,C:\Users\angel\OneDrive\Desktop\Kern\data\processed\features\Lancelot_regular.npz,52,ok,
Aref_Ruqaa_Ink_regular,C:\Users\angel\OneDrive\Desktop\Kern\data\processed\features\Aref_Ruqaa_Ink_regular.npz,52,ok,
Aref_Ruqaa_Ink_700,C:\Users\angel\OneDrive\Desktop\Kern\data\processed\features\Aref_Ruqaa_Ink_700.npz,52,ok,
Jersey_20_regular,C:\Users\angel\OneDrive\Desktop\Kern\data\processed\features\Jersey_20_regular.npz,52,ok,
Rubik_Gemstones_regular,C:\Users\angel\OneDrive\Desktop\Kern\data\processed\features\Rubik_Gemstones_regular.npz,52,ok,
Libertinus_Math_regular,C:\Users\angel\OneDrive\Desktop\Kern\data\processed\features\Libertinus_Math_regular.npz,52,ok,
Sofadi_One_regular,C:\Users\angel\OneDrive\Desktop\Kern\data\processed\features\Sofadi_One_regular.npz,52,ok,
Ponomar_regular,C:\Users\angel\OneDrive\Desktop\Kern\data\processed\features\Ponomar_regular.npz,52,ok,
Snippet_regular,C:\Users\angel\OneDrive\Desktop\Kern\data\processed\features\Snippet_regular.npz,52,ok,
Rubik_Iso_regular,C:\Users\angel\OneDrive\Desktop\Kern\data\processed\features\Rubik_Iso_regular.npz,52,ok,
Alumni_Sans_Inline_One_regular,C:\Users\angel\OneDrive\Desktop\Kern\data\processed\features\Alumni_Sans_Inline_One_regular.npz,52,ok,
Alumni_Sans_Inline_One_italic,C:\Users\angel\OneDrive\Desktop\Kern\data\processed\features\Alumni_Sans_Inline_One_italic.npz,52,ok,
Flavors_regular,C:\Users\angel\OneDrive\Desktop\Kern\data\processed\features\Flavors_regular.npz,52,ok,
Noto_Sans_Tangsa_regular,C:\Users\angel\OneDrive\Desktop\Kern\data\processed\features\Noto_Sans_Tangsa_regular.npz,52,ok,
Noto_Sans_Tangsa_500,C:\Users\angel\OneDrive\Desktop\Kern\data\processed\features\Noto_Sans_Tangsa_500.npz,52,ok,
Noto_Sans_Tangsa_600,C:\Users\angel\OneDrive\Desktop\Kern\data\processed\features\Noto_Sans_Tangsa_600.npz,52,ok,
Noto_Sans_Tangsa_700,C:\Users\angel\OneDrive\Desktop\Kern\data\processed\features\Noto_Sans_Tangsa_700.npz,52,ok,
Playwrite_ID_100,C:\Users\angel\OneDrive\Desktop\Kern\data\processed\features\Playwrite_ID_100.npz,52,ok,
Playwrite_ID_200,C:\Users\angel\OneDrive\Desktop\Kern\data\processed\features\Playwrite_ID_200.npz,52,ok,
Playwrite_ID_300,C:\Users\angel\OneDrive\Desktop\Kern\data\processed\features\Playwrite_ID_300.npz,52,ok,
Playwrite_ID_regular,C:\Users\angel\OneDrive\Desktop\Kern\data\processed\features\Playwrite_ID_regular.npz,52,ok,
Bonbon_regular,C:\Users\angel\OneDrive\Desktop\Kern\data\processed\features\Bonbon_regular.npz,52,ok,
Shizuru_regular,C:\Users\angel\OneDrive\Desktop\Kern\data\processed\features\Shizuru_regular.npz,52,ok,
Rubik_Pixels_regular,C:\Users\angel\OneDrive\Desktop\Kern\data\processed\features\Rubik_Pixels_regular.npz,52,ok,
Ole_regular,C:\Users\angel\OneDrive\Desktop\Kern\data\processed\features\Ole_regular.npz,52,ok,
Purple_Purse_regular,C:\Users\angel\OneDrive\Desktop\Kern\data\processed\features\Purple_Purse_regular.npz,52,ok,
Diphylleia_regular,C:\Users\angel\OneDrive\Desktop\Kern\data\processed\features\Diphylleia_regular.npz,52,ok,
Tiro_Telugu_regular,C:\Users\angel\OneDrive\Desktop\Kern\data\processed\features\Tiro_Telugu_regular.npz,52,ok,
Tiro_Telugu_italic,C:\Users\angel\OneDrive\Desktop\Kern\data\processed\features\Tiro_Telugu_italic.npz,52,ok,
Pliant_100,C:\Users\angel\OneDrive\Desktop\Kern\data\processed\features\Pliant_100.npz,52,ok,
Pliant_200,C:\Users\angel\OneDrive\Desktop\Kern\data\processed\features\Pliant_200.npz,52,ok,
Pliant_300,C:\Users\angel\OneDrive\Desktop\Kern\data\processed\features\Pliant_300.npz,52,ok,
Pliant_regular,C:\Users\angel\OneDrive\Desktop\Kern\data\processed\features\Pliant_regular.npz,52,ok,
Pliant_500,C:\Users\angel\OneDrive\Desktop\Kern\data\processed\features\Pliant_500.npz,52,ok,
Pliant_600,C:\Users\angel\OneDrive\Desktop\Kern\data\processed\features\Pliant_600.npz,52,ok,
Pliant_700,C:\Users\angel\OneDrive\Desktop\Kern\data\processed\features\Pliant_700.npz,52,ok,
Pliant_800,C:\Users\angel\OneDrive\Desktop\Kern\data\processed\features\Pliant_800.npz,52,ok,
Pliant_900,C:\Users\angel\OneDrive\Desktop\Kern\data\processed\features\Pliant_900.npz,52,ok,
Pliant_100italic,C:\Users\angel\OneDrive\Desktop\Kern\data\processed\features\Pliant_100italic.npz,52,ok,
Pliant_200italic,C:\Users\angel\OneDrive\Desktop\Kern\data\processed\features\Pliant_200italic.npz,52,ok,
Pliant_300italic,C:\Users\angel\OneDrive\Desktop\Kern\data\processed\features\Pliant_300italic.npz,52,ok,
Pliant_italic,C:\Users\angel\OneDrive\Desktop\Kern\data\processed\features\Pliant_italic.npz,52,ok,
Pliant_500italic,C:\Users\angel\OneDrive\Desktop\Kern\data\processed\features\Pliant_500italic.npz,52,ok,
Pliant_600italic,C:\Users\angel\OneDrive\Desktop\Kern\data\processed\features\Pliant_600italic.npz,52,ok,
Pliant_700italic,C:\Users\angel\OneDrive\Desktop\Kern\data\processed\features\Pliant_700italic.npz,52,ok,
Pliant_800italic,C:\Users\angel\OneDrive\Desktop\Kern\data\processed\features\Pliant_800italic.npz,52,ok,
Pliant_900italic,C:\Users\angel\OneDrive\Desktop\Kern\data\processed\features\Pliant_900italic.npz,52,ok,
Ancizar_Sans_100,C:\Users\angel\OneDrive\Desktop\Kern\data\processed\features\Ancizar_Sans_100.npz,52,ok,
Ancizar_Sans_200,C:\Users\angel\OneDrive\Desktop\Kern\data\processed\features\Ancizar_Sans_200.npz,52,ok,
Ancizar_Sans_300,C:\Users\angel\OneDrive\Desktop\Kern\data\processed\features\Ancizar_Sans_300.npz,52,ok,
Ancizar_Sans_regular,C:\Users\angel\OneDrive\Desktop\Kern\data\processed\features\Ancizar_Sans_regular.npz,52,ok,
Ancizar_Sans_500,C:\Users\angel\OneDrive\Desktop\Kern\data\processed\features\Ancizar_Sans_500.npz,52,ok,
Ancizar_Sans_600,C:\Users\angel\OneDrive\Desktop\Kern\data\processed\features\Ancizar_Sans_600.npz,52,ok,
Ancizar_Sans_700,C:\Users\angel\OneDrive\Desktop\Kern\data\processed\features\Ancizar_Sans_700.npz,52,ok,
Ancizar_Sans_800,C:\Users\angel\OneDrive\Desktop\Kern\data\processed\features\Ancizar_Sans_800.npz,52,ok,
Ancizar_Sans_900,C:\Users\angel\OneDrive\Desktop\Kern\data\processed\features\Ancizar_Sans_900.npz,52,ok,
Ancizar_Sans_100italic,C:\Users\angel\OneDrive\Desktop\Kern\data\processed\features\Ancizar_Sans_100italic.npz,52,ok,
Ancizar_Sans_200italic,C:\Users\angel\OneDrive\Desktop\Kern\data\processed\features\Ancizar_Sans_200italic.npz,52,ok,
Ancizar_Sans_300italic,C:\Users\angel\OneDrive\Desktop\Kern\data\processed\features\Ancizar_Sans_300italic.npz,52,ok,
Ancizar_Sans_italic,C:\Users\angel\OneDrive\Desktop\Kern\data\processed\features\Ancizar_Sans_italic.npz,52,ok,
Ancizar_Sans_500italic,C:\Users\angel\OneDrive\Desktop\Kern\data\processed\features\Ancizar_Sans_500italic.npz,52,ok,
Ancizar_Sans_600italic,C:\Users\angel\OneDrive\Desktop\Kern\data\processed\features\Ancizar_Sans_600italic.npz,52,ok,
Ancizar_Sans_700italic,C:\Users\angel\OneDrive\Desktop\Kern\data\processed\features\Ancizar_Sans_700italic.npz,52,ok,
Ancizar_Sans_800italic,C:\Users\angel\OneDrive\Desktop\Kern\data\processed\features\Ancizar_Sans_800italic.npz,52,ok,
Ancizar_Sans_900italic,C:\Users\angel\OneDrive\Desktop\Kern\data\processed\features\Ancizar_Sans_900italic.npz,52,ok,
Libertinus_Serif_regular,C:\Users\angel\OneDrive\Desktop\Kern\data\processed\features\Libertinus_Serif_regular.npz,52,ok,
Libertinus_Serif_italic,C:\Users\angel\OneDrive\Desktop\Kern\data\processed\features\Libertinus_Serif_italic.npz,52,ok,
Libertinus_Serif_600,C:\Users\angel\OneDrive\Desktop\Kern\data\processed\features\Libertinus_Serif_600.npz,52,ok,
Libertinus_Serif_600italic,C:\Users\angel\OneDrive\Desktop\Kern\data\processed\features\Libertinus_Serif_600italic.npz,52,ok,
Libertinus_Serif_700,C:\Users\angel\OneDrive\Desktop\Kern\data\processed\features\Libertinus_Serif_700.npz,52,ok,
Libertinus_Serif_700italic,C:\Users\angel\OneDrive\Desktop\Kern\data\processed\features\Libertinus_Serif_700italic.npz,52,ok,
Arsenal_SC_regular,C:\Users\angel\OneDrive\Desktop\Kern\data\processed\features\Arsenal_SC_regular.npz,52,ok,
Arsenal_SC_italic,C:\Users\angel\OneDrive\Desktop\Kern\data\processed\features\Arsenal_SC_italic.npz,52,ok,
Arsenal_SC_700,C:\Users\angel\OneDrive\Desktop\Kern\data\processed\features\Arsenal_SC_700.npz,52,ok,
Arsenal_SC_700italic,C:\Users\angel\OneDrive\Desktop\Kern\data\processed\features\Arsenal_SC_700italic.npz,52,ok,
Bahiana_regular,C:\Users\angel\OneDrive\Desktop\Kern\data\processed\features\Bahiana_regular.npz,52,ok,
Rubik_Spray_Paint_regular,C:\Users\angel\OneDrive\Desktop\Kern\data\processed\features\Rubik_Spray_Paint_regular.npz,52,ok,
Uchen_regular,C:\Users\angel\OneDrive\Desktop\Kern\data\processed\features\Uchen_regular.npz,52,ok,
BioRhyme_Expanded_200,C:\Users\angel\OneDrive\Desktop\Kern\data\processed\features\BioRhyme_Expanded_200.npz,52,ok,
BioRhyme_Expanded_300,C:\Users\angel\OneDrive\Desktop\Kern\data\processed\features\BioRhyme_Expanded_300.npz,52,ok,
BioRhyme_Expanded_regular,C:\Users\angel\OneDrive\Desktop\Kern\data\processed\features\BioRhyme_Expanded_regular.npz,52,ok,
BioRhyme_Expanded_700,C:\Users\angel\OneDrive\Desktop\Kern\data\processed\features\BioRhyme_Expanded_700.npz,52,ok,
BioRhyme_Expanded_800,C:\Users\angel\OneDrive\Desktop\Kern\data\processed\features\BioRhyme_Expanded_800.npz,52,ok,
TASA_Explorer_regular,C:\Users\angel\OneDrive\Desktop\Kern\data\processed\features\TASA_Explorer_regular.npz,52,ok,
TASA_Explorer_500,C:\Users\angel\OneDrive\Desktop\Kern\data\processed\features\TASA_Explorer_500.npz,52,ok,
TASA_Explorer_600,C:\Users\angel\OneDrive\Desktop\Kern\data\processed\features\TASA_Explorer_600.npz,52,ok,
TASA_Explorer_700,C:\Users\angel\OneDrive\Desktop\Kern\data\processed\features\TASA_Explorer_700.npz,52,ok,
TASA_Explorer_800,C:\Users\angel\OneDrive\Desktop\Kern\data\processed\features\TASA_Explorer_800.npz,52,ok,
Agu_Display_regular,C:\Users\angel\OneDrive\Desktop\Kern\data\processed\features\Agu_Display_regular.npz,52,ok,
BJCree_regular,C:\Users\angel\OneDrive\Desktop\Kern\data\processed\features\BJCree_regular.npz,52,ok,
BJCree_500,C:\Users\angel\OneDrive\Desktop\Kern\data\processed\features\BJCree_500.npz,52,ok,
BJCree_600,C:\Users\angel\OneDrive\Desktop\Kern\data\processed\features\BJCree_600.npz,52,ok,
BJCree_700,C:\Users\angel\OneDrive\Desktop\Kern\data\processed\features\BJCree_700.npz,52,ok,
Noto_Sans_Lao_Looped_100,C:\Users\angel\OneDrive\Desktop\Kern\data\processed\features\Noto_Sans_Lao_Looped_100.npz,52,ok,
Noto_Sans_Lao_Looped_200,C:\Users\angel\OneDrive\Desktop\Kern\data\processed\features\Noto_Sans_Lao_Looped_200.npz,52,ok,
Noto_Sans_Lao_Looped_300,C:\Users\angel\OneDrive\Desktop\Kern\data\processed\features\Noto_Sans_Lao_Looped_300.npz,52,ok,
Noto_Sans_Lao_Looped_regular,C:\Users\angel\OneDrive\Desktop\Kern\data\processed\features\Noto_Sans_Lao_Looped_regular.npz,52,ok,
Noto_Sans_Lao_Looped_500,C:\Users\angel\OneDrive\Desktop\Kern\data\processed\features\Noto_Sans_Lao_Looped_500.npz,52,ok,
Noto_Sans_Lao_Looped_600,C:\Users\angel\OneDrive\Desktop\Kern\data\processed\features\Noto_Sans_Lao_Looped_600.npz,52,ok,
Noto_Sans_Lao_Looped_700,C:\Users\angel\OneDrive\Desktop\Kern\data\processed\features\Noto_Sans_Lao_Looped_700.npz,52,ok,
Noto_Sans_Lao_Looped_800,C:\Users\angel\OneDrive\Desktop\Kern\data\processed\features\Noto_Sans_Lao_Looped_800.npz,52,ok,
Noto_Sans_Lao_Looped_900,C:\Users\angel\OneDrive\Desktop\Kern\data\processed\features\Noto_Sans_Lao_Looped_900.npz,52,ok,
Noto_Sans_Anatolian_Hieroglyphs_regular,C:\Users\angel\OneDrive\Desktop\Kern\data\processed\features\Noto_Sans_Anatolian_Hieroglyphs_regular.npz,52,ok,
Bitcount_Grid_Single_100,C:\Users\angel\OneDrive\Desktop\Kern\data\processed\features\Bitcount_Grid_Single_100.npz,52,ok,
Bitcount_Grid_Single_200,C:\Users\angel\OneDrive\Desktop\Kern\data\processed\features\Bitcount_Grid_Single_200.npz,52,ok,
Bitcount_Grid_Single_300,C:\Users\angel\OneDrive\Desktop\Kern\data\processed\features\Bitcount_Grid_Single_300.npz,52,ok,
Bitcount_Grid_Single_regular,C:\Users\angel\OneDrive\Desktop\Kern\data\processed\features\Bitcount_Grid_Single_regular.npz,52,ok,
Bitcount_Grid_Single_500,C:\Users\angel\OneDrive\Desktop\Kern\data\processed\features\Bitcount_Grid_Single_500.npz,52,ok,
Bitcount_Grid_Single_600,C:\Users\angel\OneDrive\Desktop\Kern\data\processed\features\Bitcount_Grid_Single_600.npz,52,ok,
Bitcount_Grid_Single_700,C:\Users\angel\OneDrive\Desktop\Kern\data\processed\features\Bitcount_Grid_Single_700.npz,52,ok,
Bitcount_Grid_Single_800,C:\Users\angel\OneDrive\Desktop\Kern\data\processed\features\Bitcount_Grid_Single_800.npz,52,ok,
Bitcount_Grid_Single_900,C:\Users\angel\OneDrive\Desktop\Kern\data\processed\features\Bitcount_Grid_Single_900.npz,52,ok,
Sassy_Frass_regular,C:\Users\angel\OneDrive\Desktop\Kern\data\processed\features\Sassy_Frass_regular.npz,52,ok,
Noto_Rashi_Hebrew_100,C:\Users\angel\OneDrive\Desktop\Kern\data\processed\features\Noto_Rashi_Hebrew_100.npz,52,ok,
Noto_Rashi_Hebrew_200,C:\Users\angel\OneDrive\Desktop\Kern\data\processed\features\Noto_Rashi_Hebrew_200.npz,52,ok,
Noto_Rashi_Hebrew_300,C:\Users\angel\OneDrive\Desktop\Kern\data\processed\features\Noto_Rashi_Hebrew_300.npz,52,ok,
Noto_Rashi_Hebrew_regular,C:\Users\angel\OneDrive\Desktop\Kern\data\processed\features\Noto_Rashi_Hebrew_regular.npz,52,ok,
Noto_Rashi_Hebrew_500,C:\Users\angel\OneDrive\Desktop\Kern\data\processed\features\Noto_Rashi_Hebrew_500.npz,52,ok,
Noto_Rashi_Hebrew_600,C:\Users\angel\OneDrive\Desktop\Kern\data\processed\features\Noto_Rashi_Hebrew_600.npz,52,ok,
Noto_Rashi_Hebrew_700,C:\Users\angel\OneDrive\Desktop\Kern\data\processed\features\Noto_Rashi_Hebrew_700.npz,52,ok,
Noto_Rashi_Hebrew_800,C:\Users\angel\OneDrive\Desktop\Kern\data\processed\features\Noto_Rashi_Hebrew_800.npz,52,ok,
Noto_Rashi_Hebrew_900,C:\Users\angel\OneDrive\Desktop\Kern\data\processed\features\Noto_Rashi_Hebrew_900.npz,52,ok,
Edu_VIC_WA_NT_Beginner_regular,C:\Users\angel\OneDrive\Desktop\Kern\data\processed\features\Edu_VIC_WA_NT_Beginner_regular.npz,52,ok,
Edu_VIC_WA_NT_Beginner_500,C:\Users\angel\OneDrive\Desktop\Kern\data\processed\features\Edu_VIC_WA_NT_Beginner_500.npz,52,ok,
Edu_VIC_WA_NT_Beginner_600,C:\Users\angel\OneDrive\Desktop\Kern\data\processed\features\Edu_VIC_WA_NT_Beginner_600.npz,52,ok,
Edu_VIC_WA_NT_Beginner_700,C:\Users\angel\OneDrive\Desktop\Kern\data\processed\features\Edu_VIC_WA_NT_Beginner_700.npz,52,ok,
Playwrite_IE_100,C:\Users\angel\OneDrive\Desktop\Kern\data\processed\features\Playwrite_IE_100.npz,52,ok,
Playwrite_IE_200,C:\Users\angel\OneDrive\Desktop\Kern\data\processed\features\Playwrite_IE_200.npz,52,ok,
Playwrite_IE_300,C:\Users\angel\OneDrive\Desktop\Kern\data\processed\features\Playwrite_IE_300.npz,52,ok,
Playwrite_IE_regular,C:\Users\angel\OneDrive\Desktop\Kern\data\processed\features\Playwrite_IE_regular.npz,52,ok,
Annapurna_SIL_regular,C:\Users\angel\OneDrive\Desktop\Kern\data\processed\features\Annapurna_SIL_regular.npz,52,ok,
Annapurna_SIL_700,C:\Users\angel\OneDrive\Desktop\Kern\data\processed\features\Annapurna_SIL_700.npz,52,ok,
Gidugu_regular,C:\Users\angel\OneDrive\Desktop\Kern\data\processed\features\Gidugu_regular.npz,52,ok,
Chiron_Hei_HK_200,C:\Users\angel\OneDrive\Desktop\Kern\data\processed\features\Chiron_Hei_HK_200.npz,52,ok,
Chiron_Hei_HK_300,C:\Users\angel\OneDrive\Desktop\Kern\data\processed\features\Chiron_Hei_HK_300.npz,52,ok,
Chiron_Hei_HK_regular,C:\Users\angel\OneDrive\Desktop\Kern\data\processed\features\Chiron_Hei_HK_regular.npz,52,ok,
Chiron_Hei_HK_500,C:\Users\angel\OneDrive\Desktop\Kern\data\processed\features\Chiron_Hei_HK_500.npz,52,ok,
Chiron_Hei_HK_600,C:\Users\angel\OneDrive\Desktop\Kern\data\processed\features\Chiron_Hei_HK_600.npz,52,ok,
Chiron_Hei_HK_700,C:\Users\angel\OneDrive\Desktop\Kern\data\processed\features\Chiron_Hei_HK_700.npz,52,ok,
Chiron_Hei_HK_800,C:\Users\angel\OneDrive\Desktop\Kern\data\processed\features\Chiron_Hei_HK_800.npz,52,ok,
Chiron_Hei_HK_900,C:\Users\angel\OneDrive\Desktop\Kern\data\processed\features\Chiron_Hei_HK_900.npz,52,ok,
Chiron_Hei_HK_200italic,C:\Users\angel\OneDrive\Desktop\Kern\data\processed\features\Chiron_Hei_HK_200italic.npz,52,ok,
Chiron_Hei_HK_300italic,C:\Users\angel\OneDrive\Desktop\Kern\data\processed\features\Chiron_Hei_HK_300italic.npz,52,ok,
Chiron_Hei_HK_italic,C:\Users\angel\OneDrive\Desktop\Kern\data\processed\features\Chiron_Hei_HK_italic.npz,52,ok,
Chiron_Hei_HK_500italic,C:\Users\angel\OneDrive\Desktop\Kern\data\processed\features\Chiron_Hei_HK_500italic.npz,52,ok,
Chiron_Hei_HK_600italic,C:\Users\angel\OneDrive\Desktop\Kern\data\processed\features\Chiron_Hei_HK_600italic.npz,52,ok,
Chiron_Hei_HK_700italic,C:\Users\angel\OneDrive\Desktop\Kern\data\processed\features\Chiron_Hei_HK_700italic.npz,52,ok,
Chiron_Hei_HK_800italic,C:\Users\angel\OneDrive\Desktop\Kern\data\processed\features\Chiron_Hei_HK_800italic.npz,52,ok,
Chiron_Hei_HK_900italic,C:\Users\angel\OneDrive\Desktop\Kern\data\processed\features\Chiron_Hei_HK_900italic.npz,52,ok,
Matemasie_regular,C:\Users\angel\OneDrive\Desktop\Kern\data\processed\features\Matemasie_regular.npz,52,ok,
Trochut_regular,C:\Users\angel\OneDrive\Desktop\Kern\data\processed\features\Trochut_regular.npz,52,ok,
Trochut_italic,C:\Users\angel\OneDrive\Desktop\Kern\data\processed\features\Trochut_italic.npz,52,ok,
Trochut_700,C:\Users\angel\OneDrive\Desktop\Kern\data\processed\features\Trochut_700.npz,52,ok,
Peddana_regular,C:\Users\angel\OneDrive\Desktop\Kern\data\processed\features\Peddana_regular.npz,52,ok,
Londrina_Sketch_regular,C:\Users\angel\OneDrive\Desktop\Kern\data\processed\features\Londrina_Sketch_regular.npz,52,ok,
Parastoo_regular,C:\Users\angel\OneDrive\Desktop\Kern\data\processed\features\Parastoo_regular.npz,52,ok,
Parastoo_500,C:\Users\angel\OneDrive\Desktop\Kern\data\processed\features\Parastoo_500.npz,52,ok,
Parastoo_600,C:\Users\angel\OneDrive\Desktop\Kern\data\processed\features\Parastoo_600.npz,52,ok,
Parastoo_700,C:\Users\angel\OneDrive\Desktop\Kern\data\processed\features\Parastoo_700.npz,52,ok,
Tsukimi_Rounded_300,C:\Users\angel\OneDrive\Desktop\Kern\data\processed\features\Tsukimi_Rounded_300.npz,52,ok,
Tsukimi_Rounded_regular,C:\Users\angel\OneDrive\Desktop\Kern\data\processed\features\Tsukimi_Rounded_regular.npz,52,ok,
Tsukimi_Rounded_500,C:\Users\angel\OneDrive\Desktop\Kern\data\processed\features\Tsukimi_Rounded_500.npz,52,ok,
Tsukimi_Rounded_600,C:\Users\angel\OneDrive\Desktop\Kern\data\processed\features\Tsukimi_Rounded_600.npz,52,ok,
Tsukimi_Rounded_700,C:\Users\angel\OneDrive\Desktop\Kern\data\processed\features\Tsukimi_Rounded_700.npz,52,ok,
Epunda_Sans_300,C:\Users\angel\OneDrive\Desktop\Kern\data\processed\features\Epunda_Sans_300.npz,52,ok,
Epunda_Sans_regular,C:\Users\angel\OneDrive\Desktop\Kern\data\processed\features\Epunda_Sans_regular.npz,52,ok,
Epunda_Sans_500,C:\Users\angel\OneDrive\Desktop\Kern\data\processed\features\Epunda_Sans_500.npz,52,ok,
Epunda_Sans_600,C:\Users\angel\OneDrive\Desktop\Kern\data\processed\features\Epunda_Sans_600.npz,52,ok,
Epunda_Sans_700,C:\Users\angel\OneDrive\Desktop\Kern\data\processed\features\Epunda_Sans_700.npz,52,ok,
Epunda_Sans_800,C:\Users\angel\OneDrive\Desktop\Kern\data\processed\features\Epunda_Sans_800.npz,52,ok,
Epunda_Sans_900,C:\Users\angel\OneDrive\Desktop\Kern\data\processed\features\Epunda_Sans_900.npz,52,ok,
Epunda_Sans_300italic,C:\Users\angel\OneDrive\Desktop\Kern\data\processed\features\Epunda_Sans_300italic.npz,52,ok,
Epunda_Sans_italic,C:\Users\angel\OneDrive\Desktop\Kern\data\processed\features\Epunda_Sans_italic.npz,52,ok,
Epunda_Sans_500italic,C:\Users\angel\OneDrive\Desktop\Kern\data\processed\features\Epunda_Sans_500italic.npz,52,ok,
Epunda_Sans_600italic,C:\Users\angel\OneDrive\Desktop\Kern\data\processed\features\Epunda_Sans_600italic.npz,52,ok,
Epunda_Sans_700italic,C:\Users\angel\OneDrive\Desktop\Kern\data\processed\features\Epunda_Sans_700italic.npz,52,ok,
Epunda_Sans_800italic,C:\Users\angel\OneDrive\Desktop\Kern\data\processed\features\Epunda_Sans_800italic.npz,52,ok,
Epunda_Sans_900italic,C:\Users\angel\OneDrive\Desktop\Kern\data\processed\features\Epunda_Sans_900italic.npz,52,ok,
Oldenburg_regular,C:\Users\angel\OneDrive\Desktop\Kern\data\processed\features\Oldenburg_regular.npz,52,ok,
Triodion_regular,C:\Users\angel\OneDrive\Desktop\Kern\data\processed\features\Triodion_regular.npz,52,ok,
Hanalei_Fill_regular,C:\Users\angel\OneDrive\Desktop\Kern\data\processed\features\Hanalei_Fill_regular.npz,52,ok,
Rhodium_Libre_regular,C:\Users\angel\OneDrive\Desktop\Kern\data\processed\features\Rhodium_Libre_regular.npz,52,ok,
Noto_Sans_Javanese_regular,C:\Users\angel\OneDrive\Desktop\Kern\data\processed\features\Noto_Sans_Javanese_regular.npz,52,ok,
Noto_Sans_Javanese_500,C:\Users\angel\OneDrive\Desktop\Kern\data\processed\features\Noto_Sans_Javanese_500.npz,52,ok,
Noto_Sans_Javanese_600,C:\Users\angel\OneDrive\Desktop\Kern\data\processed\features\Noto_Sans_Javanese_600.npz,52,ok,
Noto_Sans_Javanese_700,C:\Users\angel\OneDrive\Desktop\Kern\data\processed\features\Noto_Sans_Javanese_700.npz,52,ok,
Kolker_Brush_regular,C:\Users\angel\OneDrive\Desktop\Kern\data\processed\features\Kolker_Brush_regular.npz,52,ok,
Noto_Sans_Adlam_regular,C:\Users\angel\OneDrive\Desktop\Kern\data\processed\features\Noto_Sans_Adlam_regular.npz,52,ok,
Noto_Sans_Adlam_500,C:\Users\angel\OneDrive\Desktop\Kern\data\processed\features\Noto_Sans_Adlam_500.npz,52,ok,
Noto_Sans_Adlam_600,C:\Users\angel\OneDrive\Desktop\Kern\data\processed\features\Noto_Sans_Adlam_600.npz,52,ok,
Noto_Sans_Adlam_700,C:\Users\angel\OneDrive\Desktop\Kern\data\processed\features\Noto_Sans_Adlam_700.npz,52,ok,
Noto_Sans_Batak_regular,C:\Users\angel\OneDrive\Desktop\Kern\data\processed\features\Noto_Sans_Batak_regular.npz,52,ok,
Ga_Maamli_regular,C:\Users\angel\OneDrive\Desktop\Kern\data\processed\features\Ga_Maamli_regular.npz,52,ok,
Geist_Pixel_regular,C:\Users\angel\OneDrive\Desktop\Kern\data\processed\features\Geist_Pixel_regular.npz,52,ok,
Molle_italic,C:\Users\angel\OneDrive\Desktop\Kern\data\processed\features\Molle_italic.npz,52,ok,
Cherish_regular,C:\Users\angel\OneDrive\Desktop\Kern\data\processed\features\Cherish_regular.npz,52,ok,
Playwrite_RO_100,C:\Users\angel\OneDrive\Desktop\Kern\data\processed\features\Playwrite_RO_100.npz,52,ok,
Playwrite_RO_200,C:\Users\angel\OneDrive\Desktop\Kern\data\processed\features\Playwrite_RO_200.npz,52,ok,
Playwrite_RO_300,C:\Users\angel\OneDrive\Desktop\Kern\data\processed\features\Playwrite_RO_300.npz,52,ok,
Playwrite_RO_regular,C:\Users\angel\OneDrive\Desktop\Kern\data\processed\features\Playwrite_RO_regular.npz,52,ok,
Playwrite_AU_QLD_100,C:\Users\angel\OneDrive\Desktop\Kern\data\processed\features\Playwrite_AU_QLD_100.npz,52,ok,
Playwrite_AU_QLD_200,C:\Users\angel\OneDrive\Desktop\Kern\data\processed\features\Playwrite_AU_QLD_200.npz,52,ok,
Playwrite_AU_QLD_300,C:\Users\angel\OneDrive\Desktop\Kern\data\processed\features\Playwrite_AU_QLD_300.npz,52,ok,
Playwrite_AU_QLD_regular,C:\Users\angel\OneDrive\Desktop\Kern\data\processed\features\Playwrite_AU_QLD_regular.npz,52,ok,
Cause_100,C:\Users\angel\OneDrive\Desktop\Kern\data\processed\features\Cause_100.npz,52,ok,
Cause_200,C:\Users\angel\OneDrive\Desktop\Kern\data\processed\features\Cause_200.npz,52,ok,
Cause_300,C:\Users\angel\OneDrive\Desktop\Kern\data\processed\features\Cause_300.npz,52,ok,
Cause_regular,C:\Users\angel\OneDrive\Desktop\Kern\data\processed\features\Cause_regular.npz,52,ok,
Cause_500,C:\Users\angel\OneDrive\Desktop\Kern\data\processed\features\Cause_500.npz,52,ok,
Cause_600,C:\Users\angel\OneDrive\Desktop\Kern\data\processed\features\Cause_600.npz,52,ok,
Cause_700,C:\Users\angel\OneDrive\Desktop\Kern\data\processed\features\Cause_700.npz,52,ok,
Cause_800,C:\Users\angel\OneDrive\Desktop\Kern\data\processed\features\Cause_800.npz,52,ok,
Cause_900,C:\Users\angel\OneDrive\Desktop\Kern\data\processed\features\Cause_900.npz,52,ok,
Bitcount_Prop_Single_100,C:\Users\angel\OneDrive\Desktop\Kern\data\processed\features\Bitcount_Prop_Single_100.npz,52,ok,
Bitcount_Prop_Single_200,C:\Users\angel\OneDrive\Desktop\Kern\data\processed\features\Bitcount_Prop_Single_200.npz,52,ok,
Bitcount_Prop_Single_300,C:\Users\angel\OneDrive\Desktop\Kern\data\processed\features\Bitcount_Prop_Single_300.npz,52,ok,
Bitcount_Prop_Single_regular,C:\Users\angel\OneDrive\Desktop\Kern\data\processed\features\Bitcount_Prop_Single_regular.npz,52,ok,
Bitcount_Prop_Single_500,C:\Users\angel\OneDrive\Desktop\Kern\data\processed\features\Bitcount_Prop_Single_500.npz,52,ok,
Bitcount_Prop_Single_600,C:\Users\angel\OneDrive\Desktop\Kern\data\processed\features\Bitcount_Prop_Single_600.npz,52,ok,
Bitcount_Prop_Single_700,C:\Users\angel\OneDrive\Desktop\Kern\data\processed\features\Bitcount_Prop_Single_700.npz,52,ok,
Bitcount_Prop_Single_800,C:\Users\angel\OneDrive\Desktop\Kern\data\processed\features\Bitcount_Prop_Single_800.npz,52,ok,
Bitcount_Prop_Single_900,C:\Users\angel\OneDrive\Desktop\Kern\data\processed\features\Bitcount_Prop_Single_900.npz,52,ok,
Stack_Sans_Notch_200,C:\Users\angel\OneDrive\Desktop\Kern\data\processed\features\Stack_Sans_Notch_200.npz,52,ok,
Stack_Sans_Notch_300,C:\Users\angel\OneDrive\Desktop\Kern\data\processed\features\Stack_Sans_Notch_300.npz,52,ok,
Stack_Sans_Notch_regular,C:\Users\angel\OneDrive\Desktop\Kern\data\processed\features\Stack_Sans_Notch_regular.npz,52,ok,
Stack_Sans_Notch_500,C:\Users\angel\OneDrive\Desktop\Kern\data\processed\features\Stack_Sans_Notch_500.npz,52,ok,
Stack_Sans_Notch_600,C:\Users\angel\OneDrive\Desktop\Kern\data\processed\features\Stack_Sans_Notch_600.npz,52,ok,
Stack_Sans_Notch_700,C:\Users\angel\OneDrive\Desktop\Kern\data\processed\features\Stack_Sans_Notch_700.npz,52,ok,
Playwrite_CA_100,C:\Users\angel\OneDrive\Desktop\Kern\data\processed\features\Playwrite_CA_100.npz,52,ok,
Playwrite_CA_200,C:\Users\angel\OneDrive\Desktop\Kern\data\processed\features\Playwrite_CA_200.npz,52,ok,
Playwrite_CA_300,C:\Users\angel\OneDrive\Desktop\Kern\data\processed\features\Playwrite_CA_300.npz,52,ok,
Playwrite_CA_regular,C:\Users\angel\OneDrive\Desktop\Kern\data\processed\features\Playwrite_CA_regular.npz,52,ok,
Lumanosimo_regular,C:\Users\angel\OneDrive\Desktop\Kern\data\processed\features\Lumanosimo_regular.npz,52,ok,
Chenla_regular,C:\Users\angel\OneDrive\Desktop\Kern\data\processed\features\Chenla_regular.npz,52,ok,
WDXL_Lubrifont_SC_regular,C:\Users\angel\OneDrive\Desktop\Kern\data\processed\features\WDXL_Lubrifont_SC_regular.npz,52,ok,
Rubik_Vinyl_regular,C:\Users\angel\OneDrive\Desktop\Kern\data\processed\features\Rubik_Vinyl_regular.npz,52,ok,
Playpen_Sans_Deva_100,C:\Users\angel\OneDrive\Desktop\Kern\data\processed\features\Playpen_Sans_Deva_100.npz,52,ok,
Playpen_Sans_Deva_200,C:\Users\angel\OneDrive\Desktop\Kern\data\processed\features\Playpen_Sans_Deva_200.npz,52,ok,
Playpen_Sans_Deva_300,C:\Users\angel\OneDrive\Desktop\Kern\data\processed\features\Playpen_Sans_Deva_300.npz,52,ok,
Playpen_Sans_Deva_regular,C:\Users\angel\OneDrive\Desktop\Kern\data\processed\features\Playpen_Sans_Deva_regular.npz,52,ok,
Playpen_Sans_Deva_500,C:\Users\angel\OneDrive\Desktop\Kern\data\processed\features\Playpen_Sans_Deva_500.npz,52,ok,
Playpen_Sans_Deva_600,C:\Users\angel\OneDrive\Desktop\Kern\data\processed\features\Playpen_Sans_Deva_600.npz,52,ok,
Playpen_Sans_Deva_700,C:\Users\angel\OneDrive\Desktop\Kern\data\processed\features\Playpen_Sans_Deva_700.npz,52,ok,
Playpen_Sans_Deva_800,C:\Users\angel\OneDrive\Desktop\Kern\data\processed\features\Playpen_Sans_Deva_800.npz,52,ok,
Protest_Guerrilla_regular,C:\Users\angel\OneDrive\Desktop\Kern\data\processed\features\Protest_Guerrilla_regular.npz,52,ok,
Flow_Rounded_regular,C:\Users\angel\OneDrive\Desktop\Kern\data\processed\features\Flow_Rounded_regular.npz,52,ok,
Lunasima_regular,C:\Users\angel\OneDrive\Desktop\Kern\data\processed\features\Lunasima_regular.npz,52,ok,
Lunasima_700,C:\Users\angel\OneDrive\Desktop\Kern\data\processed\features\Lunasima_700.npz,52,ok,
Iansui_regular,C:\Users\angel\OneDrive\Desktop\Kern\data\processed\features\Iansui_regular.npz,52,ok,
Playpen_Sans_Hebrew_100,C:\Users\angel\OneDrive\Desktop\Kern\data\processed\features\Playpen_Sans_Hebrew_100.npz,52,ok,
Playpen_Sans_Hebrew_200,C:\Users\angel\OneDrive\Desktop\Kern\data\processed\features\Playpen_Sans_Hebrew_200.npz,52,ok,
Playpen_Sans_Hebrew_300,C:\Users\angel\OneDrive\Desktop\Kern\data\processed\features\Playpen_Sans_Hebrew_300.npz,52,ok,
Playpen_Sans_Hebrew_regular,C:\Users\angel\OneDrive\Desktop\Kern\data\processed\features\Playpen_Sans_Hebrew_regular.npz,52,ok,
Playpen_Sans_Hebrew_500,C:\Users\angel\OneDrive\Desktop\Kern\data\processed\features\Playpen_Sans_Hebrew_500.npz,52,ok,
Playpen_Sans_Hebrew_600,C:\Users\angel\OneDrive\Desktop\Kern\data\processed\features\Playpen_Sans_Hebrew_600.npz,52,ok,
Playpen_Sans_Hebrew_700,C:\Users\angel\OneDrive\Desktop\Kern\data\processed\features\Playpen_Sans_Hebrew_700.npz,52,ok,
Playpen_Sans_Hebrew_800,C:\Users\angel\OneDrive\Desktop\Kern\data\processed\features\Playpen_Sans_Hebrew_800.npz,52,ok,
Playwrite_HR_100,C:\Users\angel\OneDrive\Desktop\Kern\data\processed\features\Playwrite_HR_100.npz,52,ok,
Playwrite_HR_200,C:\Users\angel\OneDrive\Desktop\Kern\data\processed\features\Playwrite_HR_200.npz,52,ok,
Playwrite_HR_300,C:\Users\angel\OneDrive\Desktop\Kern\data\processed\features\Playwrite_HR_300.npz,52,ok,
Playwrite_HR_regular,C:\Users\angel\OneDrive\Desktop\Kern\data\processed\features\Playwrite_HR_regular.npz,52,ok,
Noto_Serif_Ethiopic_100,C:\Users\angel\OneDrive\Desktop\Kern\data\processed\features\Noto_Serif_Ethiopic_100.npz,52,ok,
Noto_Serif_Ethiopic_200,C:\Users\angel\OneDrive\Desktop\Kern\data\processed\features\Noto_Serif_Ethiopic_200.npz,52,ok,
Noto_Serif_Ethiopic_300,C:\Users\angel\OneDrive\Desktop\Kern\data\processed\features\Noto_Serif_Ethiopic_300.npz,52,ok,
Noto_Serif_Ethiopic_regular,C:\Users\angel\OneDrive\Desktop\Kern\data\processed\features\Noto_Serif_Ethiopic_regular.npz,52,ok,
Noto_Serif_Ethiopic_500,C:\Users\angel\OneDrive\Desktop\Kern\data\processed\features\Noto_Serif_Ethiopic_500.npz,52,ok,
Noto_Serif_Ethiopic_600,C:\Users\angel\OneDrive\Desktop\Kern\data\processed\features\Noto_Serif_Ethiopic_600.npz,52,ok,
Noto_Serif_Ethiopic_700,C:\Users\angel\OneDrive\Desktop\Kern\data\processed\features\Noto_Serif_Ethiopic_700.npz,52,ok,
Noto_Serif_Ethiopic_800,C:\Users\angel\OneDrive\Desktop\Kern\data\processed\features\Noto_Serif_Ethiopic_800.npz,52,ok,
Noto_Serif_Ethiopic_900,C:\Users\angel\OneDrive\Desktop\Kern\data\processed\features\Noto_Serif_Ethiopic_900.npz,52,ok,
Noto_Sans_Pahawh_Hmong_regular,C:\Users\angel\OneDrive\Desktop\Kern\data\processed\features\Noto_Sans_Pahawh_Hmong_regular.npz,52,ok,
Bungee_Tint_regular,C:\Users\angel\OneDrive\Desktop\Kern\data\processed\features\Bungee_Tint_regular.npz,52,ok,
Love_Light_regular,C:\Users\angel\OneDrive\Desktop\Kern\data\processed\features\Love_Light_regular.npz,52,ok,
Twinkle_Star_regular,C:\Users\angel\OneDrive\Desktop\Kern\data\processed\features\Twinkle_Star_regular.npz,52,ok,
Black_And_White_Picture_regular,C:\Users\angel\OneDrive\Desktop\Kern\data\processed\features\Black_And_White_Picture_regular.npz,52,ok,
Grechen_Fuemen_regular,C:\Users\angel\OneDrive\Desktop\Kern\data\processed\features\Grechen_Fuemen_regular.npz,52,ok,
Tiro_Tamil_regular,C:\Users\angel\OneDrive\Desktop\Kern\data\processed\features\Tiro_Tamil_regular.npz,52,ok,
Tiro_Tamil_italic,C:\Users\angel\OneDrive\Desktop\Kern\data\processed\features\Tiro_Tamil_italic.npz,52,ok,
Kings_regular,C:\Users\angel\OneDrive\Desktop\Kern\data\processed\features\Kings_regular.npz,52,ok,
Blaka_regular,C:\Users\angel\OneDrive\Desktop\Kern\data\processed\features\Blaka_regular.npz,52,ok,
Cossette_Titre_regular,C:\Users\angel\OneDrive\Desktop\Kern\data\processed\features\Cossette_Titre_regular.npz,52,ok,
Cossette_Titre_700,C:\Users\angel\OneDrive\Desktop\Kern\data\processed\features\Cossette_Titre_700.npz,52,ok,
Danfo_regular,C:\Users\angel\OneDrive\Desktop\Kern\data\processed\features\Danfo_regular.npz,52,ok,
Cossette_Texte_regular,C:\Users\angel\OneDrive\Desktop\Kern\data\processed\features\Cossette_Texte_regular.npz,52,ok,
Cossette_Texte_700,C:\Users\angel\OneDrive\Desktop\Kern\data\processed\features\Cossette_Texte_700.npz,52,ok,
Flow_Block_regular,C:\Users\angel\OneDrive\Desktop\Kern\data\processed\features\Flow_Block_regular.npz,52,ok,
Noto_Serif_Tibetan_100,C:\Users\angel\OneDrive\Desktop\Kern\data\processed\features\Noto_Serif_Tibetan_100.npz,52,ok,
Noto_Serif_Tibetan_200,C:\Users\angel\OneDrive\Desktop\Kern\data\processed\features\Noto_Serif_Tibetan_200.npz,52,ok,
Noto_Serif_Tibetan_300,C:\Users\angel\OneDrive\Desktop\Kern\data\processed\features\Noto_Serif_Tibetan_300.npz,52,ok,
Noto_Serif_Tibetan_regular,C:\Users\angel\OneDrive\Desktop\Kern\data\processed\features\Noto_Serif_Tibetan_regular.npz,52,ok,
Noto_Serif_Tibetan_500,C:\Users\angel\OneDrive\Desktop\Kern\data\processed\features\Noto_Serif_Tibetan_500.npz,52,ok,
Noto_Serif_Tibetan_600,C:\Users\angel\OneDrive\Desktop\Kern\data\processed\features\Noto_Serif_Tibetan_600.npz,52,ok,
Noto_Serif_Tibetan_700,C:\Users\angel\OneDrive\Desktop\Kern\data\processed\features\Noto_Serif_Tibetan_700.npz,52,ok,
Noto_Serif_Tibetan_800,C:\Users\angel\OneDrive\Desktop\Kern\data\processed\features\Noto_Serif_Tibetan_800.npz,52,ok,
Noto_Serif_Tibetan_900,C:\Users\angel\OneDrive\Desktop\Kern\data\processed\features\Noto_Serif_Tibetan_900.npz,52,ok,
Butterfly_Kids_regular,C:\Users\angel\OneDrive\Desktop\Kern\data\processed\features\Butterfly_Kids_regular.npz,52,ok,
Splash_regular,C:\Users\angel\OneDrive\Desktop\Kern\data\processed\features\Splash_regular.npz,52,ok,
Zen_Loop_regular,C:\Users\angel\OneDrive\Desktop\Kern\data\processed\features\Zen_Loop_regular.npz,52,ok,
Zen_Loop_italic,C:\Users\angel\OneDrive\Desktop\Kern\data\processed\features\Zen_Loop_italic.npz,52,ok,
Redacted_Script_300,C:\Users\angel\OneDrive\Desktop\Kern\data\processed\features\Redacted_Script_300.npz,52,ok,
Redacted_Script_regular,C:\Users\angel\OneDrive\Desktop\Kern\data\processed\features\Redacted_Script_regular.npz,52,ok,
Redacted_Script_700,C:\Users\angel\OneDrive\Desktop\Kern\data\processed\features\Redacted_Script_700.npz,52,ok,
Rubik_Maze_regular,C:\Users\angel\OneDrive\Desktop\Kern\data\processed\features\Rubik_Maze_regular.npz,52,ok,
Rubik_Puddles_regular,C:\Users\angel\OneDrive\Desktop\Kern\data\processed\features\Rubik_Puddles_regular.npz,52,ok,
Noto_Sans_Carian_regular,C:\Users\angel\OneDrive\Desktop\Kern\data\processed\features\Noto_Sans_Carian_regular.npz,52,ok,
Noto_Serif_Vithkuqi_regular,C:\Users\angel\OneDrive\Desktop\Kern\data\processed\features\Noto_Serif_Vithkuqi_regular.npz,52,ok,
Noto_Serif_Vithkuqi_500,C:\Users\angel\OneDrive\Desktop\Kern\data\processed\features\Noto_Serif_Vithkuqi_500.npz,52,ok,
Noto_Serif_Vithkuqi_600,C:\Users\angel\OneDrive\Desktop\Kern\data\processed\features\Noto_Serif_Vithkuqi_600.npz,52,ok,
Noto_Serif_Vithkuqi_700,C:\Users\angel\OneDrive\Desktop\Kern\data\processed\features\Noto_Serif_Vithkuqi_700.npz,52,ok,
Noto_Sans_Old_Persian_regular,C:\Users\angel\OneDrive\Desktop\Kern\data\processed\features\Noto_Sans_Old_Persian_regular.npz,52,ok,
Playwrite_AT_100,C:\Users\angel\OneDrive\Desktop\Kern\data\processed\features\Playwrite_AT_100.npz,52,ok,
Playwrite_AT_200,C:\Users\angel\OneDrive\Desktop\Kern\data\processed\features\Playwrite_AT_200.npz,52,ok,
Playwrite_AT_300,C:\Users\angel\OneDrive\Desktop\Kern\data\processed\features\Playwrite_AT_300.npz,52,ok,
Playwrite_AT_regular,C:\Users\angel\OneDrive\Desktop\Kern\data\processed\features\Playwrite_AT_regular.npz,52,ok,
Playwrite_AT_100italic,C:\Users\angel\OneDrive\Desktop\Kern\data\processed\features\Playwrite_AT_100italic.npz,52,ok,
Playwrite_AT_200italic,C:\Users\angel\OneDrive\Desktop\Kern\data\processed\features\Playwrite_AT_200italic.npz,52,ok,
Playwrite_AT_300italic,C:\Users\angel\OneDrive\Desktop\Kern\data\processed\features\Playwrite_AT_300italic.npz,52,ok,
Playwrite_AT_italic,C:\Users\angel\OneDrive\Desktop\Kern\data\processed\features\Playwrite_AT_italic.npz,52,ok,
Petemoss_regular,C:\Users\angel\OneDrive\Desktop\Kern\data\processed\features\Petemoss_regular.npz,52,ok,
Noto_Sans_Nandinagari_regular,C:\Users\angel\OneDrive\Desktop\Kern\data\processed\features\Noto_Sans_Nandinagari_regular.npz,52,ok,
Noto_Sans_Nag_Mundari_regular,C:\Users\angel\OneDrive\Desktop\Kern\data\processed\features\Noto_Sans_Nag_Mundari_regular.npz,52,ok,
Noto_Sans_Nag_Mundari_500,C:\Users\angel\OneDrive\Desktop\Kern\data\processed\features\Noto_Sans_Nag_Mundari_500.npz,52,ok,
Noto_Sans_Nag_Mundari_600,C:\Users\angel\OneDrive\Desktop\Kern\data\processed\features\Noto_Sans_Nag_Mundari_600.npz,52,ok,
Noto_Sans_Nag_Mundari_700,C:\Users\angel\OneDrive\Desktop\Kern\data\processed\features\Noto_Sans_Nag_Mundari_700.npz,52,ok,
Playwrite_PL_100,C:\Users\angel\OneDrive\Desktop\Kern\data\processed\features\Playwrite_PL_100.npz,52,ok,
Playwrite_PL_200,C:\Users\angel\OneDrive\Desktop\Kern\data\processed\features\Playwrite_PL_200.npz,52,ok,
Playwrite_PL_300,C:\Users\angel\OneDrive\Desktop\Kern\data\processed\features\Playwrite_PL_300.npz,52,ok,
Playwrite_PL_regular,C:\Users\angel\OneDrive\Desktop\Kern\data\processed\features\Playwrite_PL_regular.npz,52,ok,
Gidole_regular,C:\Users\angel\OneDrive\Desktop\Kern\data\processed\features\Gidole_regular.npz,52,ok,
Taprom_regular,C:\Users\angel\OneDrive\Desktop\Kern\data\processed\features\Taprom_regular.npz,52,ok,
Amarna_100,C:\Users\angel\OneDrive\Desktop\Kern\data\processed\features\Amarna_100.npz,52,ok,
Amarna_200,C:\Users\angel\OneDrive\Desktop\Kern\data\processed\features\Amarna_200.npz,52,ok,
Amarna_300,C:\Users\angel\OneDrive\Desktop\Kern\data\processed\features\Amarna_300.npz,52,ok,
Amarna_regular,C:\Users\angel\OneDrive\Desktop\Kern\data\processed\features\Amarna_regular.npz,52,ok,
Amarna_500,C:\Users\angel\OneDrive\Desktop\Kern\data\processed\features\Amarna_500.npz,52,ok,
Amarna_600,C:\Users\angel\OneDrive\Desktop\Kern\data\processed\features\Amarna_600.npz,52,ok,
Amarna_700,C:\Users\angel\OneDrive\Desktop\Kern\data\processed\features\Amarna_700.npz,52,ok,
Amarna_100italic,C:\Users\angel\OneDrive\Desktop\Kern\data\processed\features\Amarna_100italic.npz,52,ok,
Amarna_200italic,C:\Users\angel\OneDrive\Desktop\Kern\data\processed\features\Amarna_200italic.npz,52,ok,
Amarna_300italic,C:\Users\angel\OneDrive\Desktop\Kern\data\processed\features\Amarna_300italic.npz,52,ok,
Amarna_italic,C:\Users\angel\OneDrive\Desktop\Kern\data\processed\features\Amarna_italic.npz,52,ok,
Amarna_500italic,C:\Users\angel\OneDrive\Desktop\Kern\data\processed\features\Amarna_500italic.npz,52,ok,
Amarna_600italic,C:\Users\angel\OneDrive\Desktop\Kern\data\processed\features\Amarna_600italic.npz,52,ok,
Amarna_700italic,C:\Users\angel\OneDrive\Desktop\Kern\data\processed\features\Amarna_700italic.npz,52,ok,
Jacquard_24_regular,C:\Users\angel\OneDrive\Desktop\Kern\data\processed\features\Jacquard_24_regular.npz,52,ok,
Alumni_Sans_SC_100,C:\Users\angel\OneDrive\Desktop\Kern\data\processed\features\Alumni_Sans_SC_100.npz,52,ok,
Alumni_Sans_SC_200,C:\Users\angel\OneDrive\Desktop\Kern\data\processed\features\Alumni_Sans_SC_200.npz,52,ok,
Alumni_Sans_SC_300,C:\Users\angel\OneDrive\Desktop\Kern\data\processed\features\Alumni_Sans_SC_300.npz,52,ok,
Alumni_Sans_SC_regular,C:\Users\angel\OneDrive\Desktop\Kern\data\processed\features\Alumni_Sans_SC_regular.npz,52,ok,
Alumni_Sans_SC_500,C:\Users\angel\OneDrive\Desktop\Kern\data\processed\features\Alumni_Sans_SC_500.npz,52,ok,
Alumni_Sans_SC_600,C:\Users\angel\OneDrive\Desktop\Kern\data\processed\features\Alumni_Sans_SC_600.npz,52,ok,
Alumni_Sans_SC_700,C:\Users\angel\OneDrive\Desktop\Kern\data\processed\features\Alumni_Sans_SC_700.npz,52,ok,
Alumni_Sans_SC_800,C:\Users\angel\OneDrive\Desktop\Kern\data\processed\features\Alumni_Sans_SC_800.npz,52,ok,
Alumni_Sans_SC_900,C:\Users\angel\OneDrive\Desktop\Kern\data\processed\features\Alumni_Sans_SC_900.npz,52,ok,
Alumni_Sans_SC_100italic,C:\Users\angel\OneDrive\Desktop\Kern\data\processed\features\Alumni_Sans_SC_100italic.npz,52,ok,
Alumni_Sans_SC_200italic,C:\Users\angel\OneDrive\Desktop\Kern\data\processed\features\Alumni_Sans_SC_200italic.npz,52,ok,
Alumni_Sans_SC_300italic,C:\Users\angel\OneDrive\Desktop\Kern\data\processed\features\Alumni_Sans_SC_300italic.npz,52,ok,
Alumni_Sans_SC_italic,C:\Users\angel\OneDrive\Desktop\Kern\data\processed\features\Alumni_Sans_SC_italic.npz,52,ok,
Alumni_Sans_SC_500italic,C:\Users\angel\OneDrive\Desktop\Kern\data\processed\features\Alumni_Sans_SC_500italic.npz,52,ok,
Alumni_Sans_SC_600italic,C:\Users\angel\OneDrive\Desktop\Kern\data\processed\features\Alumni_Sans_SC_600italic.npz,52,ok,
Alumni_Sans_SC_700italic,C:\Users\angel\OneDrive\Desktop\Kern\data\processed\features\Alumni_Sans_SC_700italic.npz,52,ok,
Alumni_Sans_SC_800italic,C:\Users\angel\OneDrive\Desktop\Kern\data\processed\features\Alumni_Sans_SC_800italic.npz,52,ok,
Alumni_Sans_SC_900italic,C:\Users\angel\OneDrive\Desktop\Kern\data\processed\features\Alumni_Sans_SC_900italic.npz,52,ok,
Noto_Sans_Hanunoo_regular,C:\Users\angel\OneDrive\Desktop\Kern\data\processed\features\Noto_Sans_Hanunoo_regular.npz,52,ok,
Noto_Sans_Mongolian_regular,C:\Users\angel\OneDrive\Desktop\Kern\data\processed\features\Noto_Sans_Mongolian_regular.npz,52,ok,
Rubik_Beastly_regular,C:\Users\angel\OneDrive\Desktop\Kern\data\processed\features\Rubik_Beastly_regular.npz,52,ok,
Playwrite_NZ_Basic_100,C:\Users\angel\OneDrive\Desktop\Kern\data\processed\features\Playwrite_NZ_Basic_100.npz,52,ok,
Playwrite_NZ_Basic_200,C:\Users\angel\OneDrive\Desktop\Kern\data\processed\features\Playwrite_NZ_Basic_200.npz,52,ok,
Playwrite_NZ_Basic_300,C:\Users\angel\OneDrive\Desktop\Kern\data\processed\features\Playwrite_NZ_Basic_300.npz,52,ok,
Playwrite_NZ_Basic_regular,C:\Users\angel\OneDrive\Desktop\Kern\data\processed\features\Playwrite_NZ_Basic_regular.npz,52,ok,
Rubik_Glitch_Pop_regular,C:\Users\angel\OneDrive\Desktop\Kern\data\processed\features\Rubik_Glitch_Pop_regular.npz,52,ok,
Are_You_Serious_regular,C:\Users\angel\OneDrive\Desktop\Kern\data\processed\features\Are_You_Serious_regular.npz,52,ok,
Rubik_80s_Fade_regular,C:\Users\angel\OneDrive\Desktop\Kern\data\processed\features\Rubik_80s_Fade_regular.npz,52,ok,
Ruwudu_regular,C:\Users\angel\OneDrive\Desktop\Kern\data\processed\features\Ruwudu_regular.npz,52,ok,
Ruwudu_500,C:\Users\angel\OneDrive\Desktop\Kern\data\processed\features\Ruwudu_500.npz,52,ok,
Ruwudu_600,C:\Users\angel\OneDrive\Desktop\Kern\data\processed\features\Ruwudu_600.npz,52,ok,
Ruwudu_700,C:\Users\angel\OneDrive\Desktop\Kern\data\processed\features\Ruwudu_700.npz,52,ok,
Edu_AU_VIC_WA_NT_Dots_regular,C:\Users\angel\OneDrive\Desktop\Kern\data\processed\features\Edu_AU_VIC_WA_NT_Dots_regular.npz,52,ok,
Edu_AU_VIC_WA_NT_Dots_500,C:\Users\angel\OneDrive\Desktop\Kern\data\processed\features\Edu_AU_VIC_WA_NT_Dots_500.npz,52,ok,
Edu_AU_VIC_WA_NT_Dots_600,C:\Users\angel\OneDrive\Desktop\Kern\data\processed\features\Edu_AU_VIC_WA_NT_Dots_600.npz,52,ok,
Edu_AU_VIC_WA_NT_Dots_700,C:\Users\angel\OneDrive\Desktop\Kern\data\processed\features\Edu_AU_VIC_WA_NT_Dots_700.npz,52,ok,
Explora_regular,C:\Users\angel\OneDrive\Desktop\Kern\data\processed\features\Explora_regular.npz,52,ok,
Langar_regular,C:\Users\angel\OneDrive\Desktop\Kern\data\processed\features\Langar_regular.npz,52,ok,
WDXL_Lubrifont_TC_regular,C:\Users\angel\OneDrive\Desktop\Kern\data\processed\features\WDXL_Lubrifont_TC_regular.npz,52,ok,
Moulpali_regular,C:\Users\angel\OneDrive\Desktop\Kern\data\processed\features\Moulpali_regular.npz,52,ok,
Combo_regular,C:\Users\angel\OneDrive\Desktop\Kern\data\processed\features\Combo_regular.npz,52,ok,
Noto_Sans_Multani_regular,C:\Users\angel\OneDrive\Desktop\Kern\data\processed\features\Noto_Sans_Multani_regular.npz,52,ok,
Playwrite_DK_Loopet_100,C:\Users\angel\OneDrive\Desktop\Kern\data\processed\features\Playwrite_DK_Loopet_100.npz,52,ok,
Playwrite_DK_Loopet_200,C:\Users\angel\OneDrive\Desktop\Kern\data\processed\features\Playwrite_DK_Loopet_200.npz,52,ok,
Playwrite_DK_Loopet_300,C:\Users\angel\OneDrive\Desktop\Kern\data\processed\features\Playwrite_DK_Loopet_300.npz,52,ok,
Playwrite_DK_Loopet_regular,C:\Users\angel\OneDrive\Desktop\Kern\data\processed\features\Playwrite_DK_Loopet_regular.npz,52,ok,
Noto_Sans_Kaithi_regular,C:\Users\angel\OneDrive\Desktop\Kern\data\processed\features\Noto_Sans_Kaithi_regular.npz,52,ok,
Noto_Sans_Glagolitic_regular,C:\Users\angel\OneDrive\Desktop\Kern\data\processed\features\Noto_Sans_Glagolitic_regular.npz,52,ok,
Winky_Rough_300,C:\Users\angel\OneDrive\Desktop\Kern\data\processed\features\Winky_Rough_300.npz,52,ok,
Winky_Rough_regular,C:\Users\angel\OneDrive\Desktop\Kern\data\processed\features\Winky_Rough_regular.npz,52,ok,
Winky_Rough_500,C:\Users\angel\OneDrive\Desktop\Kern\data\processed\features\Winky_Rough_500.npz,52,ok,
Winky_Rough_600,C:\Users\angel\OneDrive\Desktop\Kern\data\processed\features\Winky_Rough_600.npz,52,ok,
Winky_Rough_700,C:\Users\angel\OneDrive\Desktop\Kern\data\processed\features\Winky_Rough_700.npz,52,ok,
Winky_Rough_800,C:\Users\angel\OneDrive\Desktop\Kern\data\processed\features\Winky_Rough_800.npz,52,ok,
Winky_Rough_900,C:\Users\angel\OneDrive\Desktop\Kern\data\processed\features\Winky_Rough_900.npz,52,ok,
Winky_Rough_300italic,C:\Users\angel\OneDrive\Desktop\Kern\data\processed\features\Winky_Rough_300italic.npz,52,ok,
Winky_Rough_italic,C:\Users\angel\OneDrive\Desktop\Kern\data\processed\features\Winky_Rough_italic.npz,52,ok,
Winky_Rough_500italic,C:\Users\angel\OneDrive\Desktop\Kern\data\processed\features\Winky_Rough_500italic.npz,52,ok,
Winky_Rough_600italic,C:\Users\angel\OneDrive\Desktop\Kern\data\processed\features\Winky_Rough_600italic.npz,52,ok,
Winky_Rough_700italic,C:\Users\angel\OneDrive\Desktop\Kern\data\processed\features\Winky_Rough_700italic.npz,52,ok,
Winky_Rough_800italic,C:\Users\angel\OneDrive\Desktop\Kern\data\processed\features\Winky_Rough_800italic.npz,52,ok,
Winky_Rough_900italic,C:\Users\angel\OneDrive\Desktop\Kern\data\processed\features\Winky_Rough_900italic.npz,52,ok,
BBH_Bogle_regular,C:\Users\angel\OneDrive\Desktop\Kern\data\processed\features\BBH_Bogle_regular.npz,52,ok,
Noto_Sans_Hanifi_Rohingya_regular,C:\Users\angel\OneDrive\Desktop\Kern\data\processed\features\Noto_Sans_Hanifi_Rohingya_regular.npz,52,ok,
Noto_Sans_Hanifi_Rohingya_500,C:\Users\angel\OneDrive\Desktop\Kern\data\processed\features\Noto_Sans_Hanifi_Rohingya_500.npz,52,ok,
Noto_Sans_Hanifi_Rohingya_600,C:\Users\angel\OneDrive\Desktop\Kern\data\processed\features\Noto_Sans_Hanifi_Rohingya_600.npz,52,ok,
Noto_Sans_Hanifi_Rohingya_700,C:\Users\angel\OneDrive\Desktop\Kern\data\processed\features\Noto_Sans_Hanifi_Rohingya_700.npz,52,ok,
Chiron_Sung_HK_200,C:\Users\angel\OneDrive\Desktop\Kern\data\processed\features\Chiron_Sung_HK_200.npz,52,ok,
Chiron_Sung_HK_300,C:\Users\angel\OneDrive\Desktop\Kern\data\processed\features\Chiron_Sung_HK_300.npz,52,ok,
Chiron_Sung_HK_regular,C:\Users\angel\OneDrive\Desktop\Kern\data\processed\features\Chiron_Sung_HK_regular.npz,52,ok,
Chiron_Sung_HK_500,C:\Users\angel\OneDrive\Desktop\Kern\data\processed\features\Chiron_Sung_HK_500.npz,52,ok,
Chiron_Sung_HK_600,C:\Users\angel\OneDrive\Desktop\Kern\data\processed\features\Chiron_Sung_HK_600.npz,52,ok,
Chiron_Sung_HK_700,C:\Users\angel\OneDrive\Desktop\Kern\data\processed\features\Chiron_Sung_HK_700.npz,52,ok,
Chiron_Sung_HK_800,C:\Users\angel\OneDrive\Desktop\Kern\data\processed\features\Chiron_Sung_HK_800.npz,52,ok,
Chiron_Sung_HK_900,C:\Users\angel\OneDrive\Desktop\Kern\data\processed\features\Chiron_Sung_HK_900.npz,52,ok,
Chiron_Sung_HK_200italic,C:\Users\angel\OneDrive\Desktop\Kern\data\processed\features\Chiron_Sung_HK_200italic.npz,52,ok,
Chiron_Sung_HK_300italic,C:\Users\angel\OneDrive\Desktop\Kern\data\processed\features\Chiron_Sung_HK_300italic.npz,52,ok,
Chiron_Sung_HK_italic,C:\Users\angel\OneDrive\Desktop\Kern\data\processed\features\Chiron_Sung_HK_italic.npz,52,ok,
Chiron_Sung_HK_500italic,C:\Users\angel\OneDrive\Desktop\Kern\data\processed\features\Chiron_Sung_HK_500italic.npz,52,ok,
Chiron_Sung_HK_600italic,C:\Users\angel\OneDrive\Desktop\Kern\data\processed\features\Chiron_Sung_HK_600italic.npz,52,ok,
Chiron_Sung_HK_700italic,C:\Users\angel\OneDrive\Desktop\Kern\data\processed\features\Chiron_Sung_HK_700italic.npz,52,ok,
Chiron_Sung_HK_800italic,C:\Users\angel\OneDrive\Desktop\Kern\data\processed\features\Chiron_Sung_HK_800italic.npz,52,ok,
Chiron_Sung_HK_900italic,C:\Users\angel\OneDrive\Desktop\Kern\data\processed\features\Chiron_Sung_HK_900italic.npz,52,ok,
Noto_Sans_Coptic_regular,C:\Users\angel\OneDrive\Desktop\Kern\data\processed\features\Noto_Sans_Coptic_regular.npz,52,ok,
Tagesschrift_regular,C:\Users\angel\OneDrive\Desktop\Kern\data\processed\features\Tagesschrift_regular.npz,52,ok,
Noto_Serif_Dogra_regular,C:\Users\angel\OneDrive\Desktop\Kern\data\processed\features\Noto_Serif_Dogra_regular.npz,52,ok,
Jersey_10_Charted_regular,C:\Users\angel\OneDrive\Desktop\Kern\data\processed\features\Jersey_10_Charted_regular.npz,52,ok,
Noto_Sans_Cherokee_100,C:\Users\angel\OneDrive\Desktop\Kern\data\processed\features\Noto_Sans_Cherokee_100.npz,52,ok,
Noto_Sans_Cherokee_200,C:\Users\angel\OneDrive\Desktop\Kern\data\processed\features\Noto_Sans_Cherokee_200.npz,52,ok,
Noto_Sans_Cherokee_300,C:\Users\angel\OneDrive\Desktop\Kern\data\processed\features\Noto_Sans_Cherokee_300.npz,52,ok,
Noto_Sans_Cherokee_regular,C:\Users\angel\OneDrive\Desktop\Kern\data\processed\features\Noto_Sans_Cherokee_regular.npz,52,ok,
Noto_Sans_Cherokee_500,C:\Users\angel\OneDrive\Desktop\Kern\data\processed\features\Noto_Sans_Cherokee_500.npz,52,ok,
Noto_Sans_Cherokee_600,C:\Users\angel\OneDrive\Desktop\Kern\data\processed\features\Noto_Sans_Cherokee_600.npz,52,ok,
Noto_Sans_Cherokee_700,C:\Users\angel\OneDrive\Desktop\Kern\data\processed\features\Noto_Sans_Cherokee_700.npz,52,ok,
Noto_Sans_Cherokee_800,C:\Users\angel\OneDrive\Desktop\Kern\data\processed\features\Noto_Sans_Cherokee_800.npz,52,ok,
Noto_Sans_Cherokee_900,C:\Users\angel\OneDrive\Desktop\Kern\data\processed\features\Noto_Sans_Cherokee_900.npz,52,ok,
Rubik_Doodle_Triangles_regular,C:\Users\angel\OneDrive\Desktop\Kern\data\processed\features\Rubik_Doodle_Triangles_regular.npz,52,ok,
Noto_Sans_Cypro_Minoan_regular,C:\Users\angel\OneDrive\Desktop\Kern\data\processed\features\Noto_Sans_Cypro_Minoan_regular.npz,52,ok,
Snowburst_One_regular,C:\Users\angel\OneDrive\Desktop\Kern\data\processed\features\Snowburst_One_regular.npz,52,ok,
Noto_Sans_Balinese_regular,C:\Users\angel\OneDrive\Desktop\Kern\data\processed\features\Noto_Sans_Balinese_regular.npz,52,ok,
Noto_Sans_Balinese_500,C:\Users\angel\OneDrive\Desktop\Kern\data\processed\features\Noto_Sans_Balinese_500.npz,52,ok,
Noto_Sans_Balinese_600,C:\Users\angel\OneDrive\Desktop\Kern\data\processed\features\Noto_Sans_Balinese_600.npz,52,ok,
Noto_Sans_Balinese_700,C:\Users\angel\OneDrive\Desktop\Kern\data\processed\features\Noto_Sans_Balinese_700.npz,52,ok,
Noto_Sans_Marchen_regular,C:\Users\angel\OneDrive\Desktop\Kern\data\processed\features\Noto_Sans_Marchen_regular.npz,52,ok,
Big_Shoulders_Inline_100,C:\Users\angel\OneDrive\Desktop\Kern\data\processed\features\Big_Shoulders_Inline_100.npz,52,ok,
Big_Shoulders_Inline_200,C:\Users\angel\OneDrive\Desktop\Kern\data\processed\features\Big_Shoulders_Inline_200.npz,52,ok,
Big_Shoulders_Inline_300,C:\Users\angel\OneDrive\Desktop\Kern\data\processed\features\Big_Shoulders_Inline_300.npz,52,ok,
Big_Shoulders_Inline_regular,C:\Users\angel\OneDrive\Desktop\Kern\data\processed\features\Big_Shoulders_Inline_regular.npz,52,ok,
Big_Shoulders_Inline_500,C:\Users\angel\OneDrive\Desktop\Kern\data\processed\features\Big_Shoulders_Inline_500.npz,52,ok,
Big_Shoulders_Inline_600,C:\Users\angel\OneDrive\Desktop\Kern\data\processed\features\Big_Shoulders_Inline_600.npz,52,ok,
Big_Shoulders_Inline_700,C:\Users\angel\OneDrive\Desktop\Kern\data\processed\features\Big_Shoulders_Inline_700.npz,52,ok,
Big_Shoulders_Inline_800,C:\Users\angel\OneDrive\Desktop\Kern\data\processed\features\Big_Shoulders_Inline_800.npz,52,ok,
Big_Shoulders_Inline_900,C:\Users\angel\OneDrive\Desktop\Kern\data\processed\features\Big_Shoulders_Inline_900.npz,52,ok,
Montenegrin_Gothic_One_regular,C:\Users\angel\OneDrive\Desktop\Kern\data\processed\features\Montenegrin_Gothic_One_regular.npz,52,ok,
Labrada_100,C:\Users\angel\OneDrive\Desktop\Kern\data\processed\features\Labrada_100.npz,52,ok,
Labrada_200,C:\Users\angel\OneDrive\Desktop\Kern\data\processed\features\Labrada_200.npz,52,ok,
Labrada_300,C:\Users\angel\OneDrive\Desktop\Kern\data\processed\features\Labrada_300.npz,52,ok,
Labrada_regular,C:\Users\angel\OneDrive\Desktop\Kern\data\processed\features\Labrada_regular.npz,52,ok,
Labrada_500,C:\Users\angel\OneDrive\Desktop\Kern\data\processed\features\Labrada_500.npz,52,ok,
Labrada_600,C:\Users\angel\OneDrive\Desktop\Kern\data\processed\features\Labrada_600.npz,52,ok,
Labrada_700,C:\Users\angel\OneDrive\Desktop\Kern\data\processed\features\Labrada_700.npz,52,ok,
Labrada_800,C:\Users\angel\OneDrive\Desktop\Kern\data\processed\features\Labrada_800.npz,52,ok,
Labrada_900,C:\Users\angel\OneDrive\Desktop\Kern\data\processed\features\Labrada_900.npz,52,ok,
Labrada_100italic,C:\Users\angel\OneDrive\Desktop\Kern\data\processed\features\Labrada_100italic.npz,52,ok,
Labrada_200italic,C:\Users\angel\OneDrive\Desktop\Kern\data\processed\features\Labrada_200italic.npz,52,ok,
Labrada_300italic,C:\Users\angel\OneDrive\Desktop\Kern\data\processed\features\Labrada_300italic.npz,52,ok,
Labrada_italic,C:\Users\angel\OneDrive\Desktop\Kern\data\processed\features\Labrada_italic.npz,52,ok,
Labrada_500italic,C:\Users\angel\OneDrive\Desktop\Kern\data\processed\features\Labrada_500italic.npz,52,ok,
Labrada_600italic,C:\Users\angel\OneDrive\Desktop\Kern\data\processed\features\Labrada_600italic.npz,52,ok,
Labrada_700italic,C:\Users\angel\OneDrive\Desktop\Kern\data\processed\features\Labrada_700italic.npz,52,ok,
Labrada_800italic,C:\Users\angel\OneDrive\Desktop\Kern\data\processed\features\Labrada_800italic.npz,52,ok,
Labrada_900italic,C:\Users\angel\OneDrive\Desktop\Kern\data\processed\features\Labrada_900italic.npz,52,ok,
Vibes_regular,C:\Users\angel\OneDrive\Desktop\Kern\data\processed\features\Vibes_regular.npz,52,ok,
Suravaram_regular,C:\Users\angel\OneDrive\Desktop\Kern\data\processed\features\Suravaram_regular.npz,52,ok,
Rubik_Burned_regular,C:\Users\angel\OneDrive\Desktop\Kern\data\processed\features\Rubik_Burned_regular.npz,52,ok,
Playwrite_HU_100,C:\Users\angel\OneDrive\Desktop\Kern\data\processed\features\Playwrite_HU_100.npz,52,ok,
Playwrite_HU_200,C:\Users\angel\OneDrive\Desktop\Kern\data\processed\features\Playwrite_HU_200.npz,52,ok,
Playwrite_HU_300,C:\Users\angel\OneDrive\Desktop\Kern\data\processed\features\Playwrite_HU_300.npz,52,ok,
Playwrite_HU_regular,C:\Users\angel\OneDrive\Desktop\Kern\data\processed\features\Playwrite_HU_regular.npz,52,ok,
Estonia_regular,C:\Users\angel\OneDrive\Desktop\Kern\data\processed\features\Estonia_regular.npz,52,ok,
M_PLUS_U_100,C:\Users\angel\OneDrive\Desktop\Kern\data\processed\features\M_PLUS_U_100.npz,52,ok,
M_PLUS_U_200,C:\Users\angel\OneDrive\Desktop\Kern\data\processed\features\M_PLUS_U_200.npz,52,ok,
M_PLUS_U_300,C:\Users\angel\OneDrive\Desktop\Kern\data\processed\features\M_PLUS_U_300.npz,52,ok,
M_PLUS_U_regular,C:\Users\angel\OneDrive\Desktop\Kern\data\processed\features\M_PLUS_U_regular.npz,52,ok,
M_PLUS_U_500,C:\Users\angel\OneDrive\Desktop\Kern\data\processed\features\M_PLUS_U_500.npz,52,ok,
M_PLUS_U_600,C:\Users\angel\OneDrive\Desktop\Kern\data\processed\features\M_PLUS_U_600.npz,52,ok,
M_PLUS_U_700,C:\Users\angel\OneDrive\Desktop\Kern\data\processed\features\M_PLUS_U_700.npz,52,ok,
M_PLUS_U_800,C:\Users\angel\OneDrive\Desktop\Kern\data\processed\features\M_PLUS_U_800.npz,52,ok,
M_PLUS_U_900,C:\Users\angel\OneDrive\Desktop\Kern\data\processed\features\M_PLUS_U_900.npz,52,ok,
Palette_Mosaic_regular,C:\Users\angel\OneDrive\Desktop\Kern\data\processed\features\Palette_Mosaic_regular.npz,52,ok,
Noto_Serif_Tangut_regular,C:\Users\angel\OneDrive\Desktop\Kern\data\processed\features\Noto_Serif_Tangut_regular.npz,52,ok,
Jacquarda_Bastarda_9_regular,C:\Users\angel\OneDrive\Desktop\Kern\data\processed\features\Jacquarda_Bastarda_9_regular.npz,52,ok,
Noto_Sans_Newa_regular,C:\Users\angel\OneDrive\Desktop\Kern\data\processed\features\Noto_Sans_Newa_regular.npz,52,ok,
Sekuya_regular,C:\Users\angel\OneDrive\Desktop\Kern\data\processed\features\Sekuya_regular.npz,52,ok,
Geostar_regular,C:\Users\angel\OneDrive\Desktop\Kern\data\processed\features\Geostar_regular.npz,52,ok,
Saira_Stencil_100,C:\Users\angel\OneDrive\Desktop\Kern\data\processed\features\Saira_Stencil_100.npz,52,ok,
Saira_Stencil_200,C:\Users\angel\OneDrive\Desktop\Kern\data\processed\features\Saira_Stencil_200.npz,52,ok,
Saira_Stencil_300,C:\Users\angel\OneDrive\Desktop\Kern\data\processed\features\Saira_Stencil_300.npz,52,ok,
Saira_Stencil_regular,C:\Users\angel\OneDrive\Desktop\Kern\data\processed\features\Saira_Stencil_regular.npz,52,ok,
Saira_Stencil_500,C:\Users\angel\OneDrive\Desktop\Kern\data\processed\features\Saira_Stencil_500.npz,52,ok,
Saira_Stencil_600,C:\Users\angel\OneDrive\Desktop\Kern\data\processed\features\Saira_Stencil_600.npz,52,ok,
Saira_Stencil_700,C:\Users\angel\OneDrive\Desktop\Kern\data\processed\features\Saira_Stencil_700.npz,52,ok,
Saira_Stencil_800,C:\Users\angel\OneDrive\Desktop\Kern\data\processed\features\Saira_Stencil_800.npz,52,ok,
Saira_Stencil_900,C:\Users\angel\OneDrive\Desktop\Kern\data\processed\features\Saira_Stencil_900.npz,52,ok,
Saira_Stencil_100italic,C:\Users\angel\OneDrive\Desktop\Kern\data\processed\features\Saira_Stencil_100italic.npz,52,ok,
Saira_Stencil_200italic,C:\Users\angel\OneDrive\Desktop\Kern\data\processed\features\Saira_Stencil_200italic.npz,52,ok,
Saira_Stencil_300italic,C:\Users\angel\OneDrive\Desktop\Kern\data\processed\features\Saira_Stencil_300italic.npz,52,ok,
Saira_Stencil_italic,C:\Users\angel\OneDrive\Desktop\Kern\data\processed\features\Saira_Stencil_italic.npz,52,ok,
Saira_Stencil_500italic,C:\Users\angel\OneDrive\Desktop\Kern\data\processed\features\Saira_Stencil_500italic.npz,52,ok,
Saira_Stencil_600italic,C:\Users\angel\OneDrive\Desktop\Kern\data\processed\features\Saira_Stencil_600italic.npz,52,ok,
Saira_Stencil_700italic,C:\Users\angel\OneDrive\Desktop\Kern\data\processed\features\Saira_Stencil_700italic.npz,52,ok,
Saira_Stencil_800italic,C:\Users\angel\OneDrive\Desktop\Kern\data\processed\features\Saira_Stencil_800italic.npz,52,ok,
Saira_Stencil_900italic,C:\Users\angel\OneDrive\Desktop\Kern\data\processed\features\Saira_Stencil_900italic.npz,52,ok,
Noto_Sans_Shavian_regular,C:\Users\angel\OneDrive\Desktop\Kern\data\processed\features\Noto_Sans_Shavian_regular.npz,52,ok,
Playwrite_BE_VLG_100,C:\Users\angel\OneDrive\Desktop\Kern\data\processed\features\Playwrite_BE_VLG_100.npz,52,ok,
Playwrite_BE_VLG_200,C:\Users\angel\OneDrive\Desktop\Kern\data\processed\features\Playwrite_BE_VLG_200.npz,52,ok,
Playwrite_BE_VLG_300,C:\Users\angel\OneDrive\Desktop\Kern\data\processed\features\Playwrite_BE_VLG_300.npz,52,ok,
Playwrite_BE_VLG_regular,C:\Users\angel\OneDrive\Desktop\Kern\data\processed\features\Playwrite_BE_VLG_regular.npz,52,ok,
Aubrey_regular,C:\Users\angel\OneDrive\Desktop\Kern\data\processed\features\Aubrey_regular.npz,52,ok,
Noto_Sans_Yi_regular,C:\Users\angel\OneDrive\Desktop\Kern\data\processed\features\Noto_Sans_Yi_regular.npz,52,ok,
Noto_Sans_Vithkuqi_regular,C:\Users\angel\OneDrive\Desktop\Kern\data\processed\features\Noto_Sans_Vithkuqi_regular.npz,52,ok,
Noto_Sans_Vithkuqi_500,C:\Users\angel\OneDrive\Desktop\Kern\data\processed\features\Noto_Sans_Vithkuqi_500.npz,52,ok,
Noto_Sans_Vithkuqi_600,C:\Users\angel\OneDrive\Desktop\Kern\data\processed\features\Noto_Sans_Vithkuqi_600.npz,52,ok,
Noto_Sans_Vithkuqi_700,C:\Users\angel\OneDrive\Desktop\Kern\data\processed\features\Noto_Sans_Vithkuqi_700.npz,52,ok,
Kedebideri_regular,C:\Users\angel\OneDrive\Desktop\Kern\data\processed\features\Kedebideri_regular.npz,52,ok,
Kedebideri_500,C:\Users\angel\OneDrive\Desktop\Kern\data\processed\features\Kedebideri_500.npz,52,ok,
Kedebideri_600,C:\Users\angel\OneDrive\Desktop\Kern\data\processed\features\Kedebideri_600.npz,52,ok,
Kedebideri_700,C:\Users\angel\OneDrive\Desktop\Kern\data\processed\features\Kedebideri_700.npz,52,ok,
Kedebideri_800,C:\Users\angel\OneDrive\Desktop\Kern\data\processed\features\Kedebideri_800.npz,52,ok,
Kedebideri_900,C:\Users\angel\OneDrive\Desktop\Kern\data\processed\features\Kedebideri_900.npz,52,ok,
Slackside_One_regular,C:\Users\angel\OneDrive\Desktop\Kern\data\processed\features\Slackside_One_regular.npz,52,ok,
Ruge_Boogie_regular,C:\Users\angel\OneDrive\Desktop\Kern\data\processed\features\Ruge_Boogie_regular.npz,52,ok,
Asimovian_regular,C:\Users\angel\OneDrive\Desktop\Kern\data\processed\features\Asimovian_regular.npz,52,ok,
Bahianita_regular,C:\Users\angel\OneDrive\Desktop\Kern\data\processed\features\Bahianita_regular.npz,52,ok,
Noto_Serif_Toto_regular,C:\Users\angel\OneDrive\Desktop\Kern\data\processed\features\Noto_Serif_Toto_regular.npz,52,ok,
Noto_Serif_Toto_500,C:\Users\angel\OneDrive\Desktop\Kern\data\processed\features\Noto_Serif_Toto_500.npz,52,ok,
Noto_Serif_Toto_600,C:\Users\angel\OneDrive\Desktop\Kern\data\processed\features\Noto_Serif_Toto_600.npz,52,ok,
Noto_Serif_Toto_700,C:\Users\angel\OneDrive\Desktop\Kern\data\processed\features\Noto_Serif_Toto_700.npz,52,ok,
LXGW_Marker_Gothic_regular,C:\Users\angel\OneDrive\Desktop\Kern\data\processed\features\LXGW_Marker_Gothic_regular.npz,52,ok,
Blaka_Hollow_regular,C:\Users\angel\OneDrive\Desktop\Kern\data\processed\features\Blaka_Hollow_regular.npz,52,ok,
Noto_Serif_Myanmar_100,C:\Users\angel\OneDrive\Desktop\Kern\data\processed\features\Noto_Serif_Myanmar_100.npz,52,ok,
Noto_Serif_Myanmar_200,C:\Users\angel\OneDrive\Desktop\Kern\data\processed\features\Noto_Serif_Myanmar_200.npz,52,ok,
Noto_Serif_Myanmar_300,C:\Users\angel\OneDrive\Desktop\Kern\data\processed\features\Noto_Serif_Myanmar_300.npz,52,ok,
Noto_Serif_Myanmar_regular,C:\Users\angel\OneDrive\Desktop\Kern\data\processed\features\Noto_Serif_Myanmar_regular.npz,52,ok,
Noto_Serif_Myanmar_500,C:\Users\angel\OneDrive\Desktop\Kern\data\processed\features\Noto_Serif_Myanmar_500.npz,52,ok,
Noto_Serif_Myanmar_600,C:\Users\angel\OneDrive\Desktop\Kern\data\processed\features\Noto_Serif_Myanmar_600.npz,52,ok,
Noto_Serif_Myanmar_700,C:\Users\angel\OneDrive\Desktop\Kern\data\processed\features\Noto_Serif_Myanmar_700.npz,52,ok,
Noto_Serif_Myanmar_800,C:\Users\angel\OneDrive\Desktop\Kern\data\processed\features\Noto_Serif_Myanmar_800.npz,52,ok,
Noto_Serif_Myanmar_900,C:\Users\angel\OneDrive\Desktop\Kern\data\processed\features\Noto_Serif_Myanmar_900.npz,52,ok,
Rock_3D_regular,C:\Users\angel\OneDrive\Desktop\Kern\data\processed\features\Rock_3D_regular.npz,52,ok,
Alyamama_300,C:\Users\angel\OneDrive\Desktop\Kern\data\processed\features\Alyamama_300.npz,52,ok,
Alyamama_regular,C:\Users\angel\OneDrive\Desktop\Kern\data\processed\features\Alyamama_regular.npz,52,ok,
Alyamama_500,C:\Users\angel\OneDrive\Desktop\Kern\data\processed\features\Alyamama_500.npz,52,ok,
Alyamama_600,C:\Users\angel\OneDrive\Desktop\Kern\data\processed\features\Alyamama_600.npz,52,ok,
Alyamama_700,C:\Users\angel\OneDrive\Desktop\Kern\data\processed\features\Alyamama_700.npz,52,ok,
Alyamama_800,C:\Users\angel\OneDrive\Desktop\Kern\data\processed\features\Alyamama_800.npz,52,ok,
Alyamama_900,C:\Users\angel\OneDrive\Desktop\Kern\data\processed\features\Alyamama_900.npz,52,ok,
Menbere_100,C:\Users\angel\OneDrive\Desktop\Kern\data\processed\features\Menbere_100.npz,52,ok,
Menbere_200,C:\Users\angel\OneDrive\Desktop\Kern\data\processed\features\Menbere_200.npz,52,ok,
Menbere_300,C:\Users\angel\OneDrive\Desktop\Kern\data\processed\features\Menbere_300.npz,52,ok,
Menbere_regular,C:\Users\angel\OneDrive\Desktop\Kern\data\processed\features\Menbere_regular.npz,52,ok,
Menbere_500,C:\Users\angel\OneDrive\Desktop\Kern\data\processed\features\Menbere_500.npz,52,ok,
Menbere_600,C:\Users\angel\OneDrive\Desktop\Kern\data\processed\features\Menbere_600.npz,52,ok,
Menbere_700,C:\Users\angel\OneDrive\Desktop\Kern\data\processed\features\Menbere_700.npz,52,ok,
Noto_Serif_Balinese_regular,C:\Users\angel\OneDrive\Desktop\Kern\data\processed\features\Noto_Serif_Balinese_regular.npz,52,ok,
Kalnia_Glaze_100,C:\Users\angel\OneDrive\Desktop\Kern\data\processed\features\Kalnia_Glaze_100.npz,52,ok,
Kalnia_Glaze_200,C:\Users\angel\OneDrive\Desktop\Kern\data\processed\features\Kalnia_Glaze_200.npz,52,ok,
Kalnia_Glaze_300,C:\Users\angel\OneDrive\Desktop\Kern\data\processed\features\Kalnia_Glaze_300.npz,52,ok,
Kalnia_Glaze_regular,C:\Users\angel\OneDrive\Desktop\Kern\data\processed\features\Kalnia_Glaze_regular.npz,52,ok,
Kalnia_Glaze_500,C:\Users\angel\OneDrive\Desktop\Kern\data\processed\features\Kalnia_Glaze_500.npz,52,ok,
Kalnia_Glaze_600,C:\Users\angel\OneDrive\Desktop\Kern\data\processed\features\Kalnia_Glaze_600.npz,52,ok,
Kalnia_Glaze_700,C:\Users\angel\OneDrive\Desktop\Kern\data\processed\features\Kalnia_Glaze_700.npz,52,ok,
Noto_Sans_Syriac_100,C:\Users\angel\OneDrive\Desktop\Kern\data\processed\features\Noto_Sans_Syriac_100.npz,52,ok,
Noto_Sans_Syriac_200,C:\Users\angel\OneDrive\Desktop\Kern\data\processed\features\Noto_Sans_Syriac_200.npz,52,ok,
Noto_Sans_Syriac_300,C:\Users\angel\OneDrive\Desktop\Kern\data\processed\features\Noto_Sans_Syriac_300.npz,52,ok,
Noto_Sans_Syriac_regular,C:\Users\angel\OneDrive\Desktop\Kern\data\processed\features\Noto_Sans_Syriac_regular.npz,52,ok,
Noto_Sans_Syriac_500,C:\Users\angel\OneDrive\Desktop\Kern\data\processed\features\Noto_Sans_Syriac_500.npz,52,ok,
Noto_Sans_Syriac_600,C:\Users\angel\OneDrive\Desktop\Kern\data\processed\features\Noto_Sans_Syriac_600.npz,52,ok,
Noto_Sans_Syriac_700,C:\Users\angel\OneDrive\Desktop\Kern\data\processed\features\Noto_Sans_Syriac_700.npz,52,ok,
Noto_Sans_Syriac_800,C:\Users\angel\OneDrive\Desktop\Kern\data\processed\features\Noto_Sans_Syriac_800.npz,52,ok,
Noto_Sans_Syriac_900,C:\Users\angel\OneDrive\Desktop\Kern\data\processed\features\Noto_Sans_Syriac_900.npz,52,ok,
Narnoor_regular,C:\Users\angel\OneDrive\Desktop\Kern\data\processed\features\Narnoor_regular.npz,52,ok,
Narnoor_500,C:\Users\angel\OneDrive\Desktop\Kern\data\processed\features\Narnoor_500.npz,52,ok,
Narnoor_600,C:\Users\angel\OneDrive\Desktop\Kern\data\processed\features\Narnoor_600.npz,52,ok,
Narnoor_700,C:\Users\angel\OneDrive\Desktop\Kern\data\processed\features\Narnoor_700.npz,52,ok,
Narnoor_800,C:\Users\angel\OneDrive\Desktop\Kern\data\processed\features\Narnoor_800.npz,52,ok,
Ingrid_Darling_regular,C:\Users\angel\OneDrive\Desktop\Kern\data\processed\features\Ingrid_Darling_regular.npz,52,ok,
Noto_Sans_Duployan_regular,C:\Users\angel\OneDrive\Desktop\Kern\data\processed\features\Noto_Sans_Duployan_regular.npz,52,ok,
Noto_Sans_Duployan_700,C:\Users\angel\OneDrive\Desktop\Kern\data\processed\features\Noto_Sans_Duployan_700.npz,52,ok,
Playwrite_FR_Moderne_100,C:\Users\angel\OneDrive\Desktop\Kern\data\processed\features\Playwrite_FR_Moderne_100.npz,52,ok,
Playwrite_FR_Moderne_200,C:\Users\angel\OneDrive\Desktop\Kern\data\processed\features\Playwrite_FR_Moderne_200.npz,52,ok,
Playwrite_FR_Moderne_300,C:\Users\angel\OneDrive\Desktop\Kern\data\processed\features\Playwrite_FR_Moderne_300.npz,52,ok,
Playwrite_FR_Moderne_regular,C:\Users\angel\OneDrive\Desktop\Kern\data\processed\features\Playwrite_FR_Moderne_regular.npz,52,ok,
Noto_Sans_Egyptian_Hieroglyphs_regular,C:\Users\angel\OneDrive\Desktop\Kern\data\processed\features\Noto_Sans_Egyptian_Hieroglyphs_regular.npz,52,ok,
Rubik_Microbe_regular,C:\Users\angel\OneDrive\Desktop\Kern\data\processed\features\Rubik_Microbe_regular.npz,52,ok,
Noto_Sans_Old_Turkic_regular,C:\Users\angel\OneDrive\Desktop\Kern\data\processed\features\Noto_Sans_Old_Turkic_regular.npz,52,ok,
Chokokutai_regular,C:\Users\angel\OneDrive\Desktop\Kern\data\processed\features\Chokokutai_regular.npz,52,ok,
Grandiflora_One_regular,C:\Users\angel\OneDrive\Desktop\Kern\data\processed\features\Grandiflora_One_regular.npz,52,ok,
Miranda_Sans_regular,C:\Users\angel\OneDrive\Desktop\Kern\data\processed\features\Miranda_Sans_regular.npz,52,ok,
Miranda_Sans_500,C:\Users\angel\OneDrive\Desktop\Kern\data\processed\features\Miranda_Sans_500.npz,52,ok,
Miranda_Sans_600,C:\Users\angel\OneDrive\Desktop\Kern\data\processed\features\Miranda_Sans_600.npz,52,ok,
Miranda_Sans_700,C:\Users\angel\OneDrive\Desktop\Kern\data\processed\features\Miranda_Sans_700.npz,52,ok,
Miranda_Sans_italic,C:\Users\angel\OneDrive\Desktop\Kern\data\processed\features\Miranda_Sans_italic.npz,52,ok,
Miranda_Sans_500italic,C:\Users\angel\OneDrive\Desktop\Kern\data\processed\features\Miranda_Sans_500italic.npz,52,ok,
Miranda_Sans_600italic,C:\Users\angel\OneDrive\Desktop\Kern\data\processed\features\Miranda_Sans_600italic.npz,52,ok,
Miranda_Sans_700italic,C:\Users\angel\OneDrive\Desktop\Kern\data\processed\features\Miranda_Sans_700italic.npz,52,ok,
Playwrite_IT_Moderna_100,C:\Users\angel\OneDrive\Desktop\Kern\data\processed\features\Playwrite_IT_Moderna_100.npz,52,ok,
Playwrite_IT_Moderna_200,C:\Users\angel\OneDrive\Desktop\Kern\data\processed\features\Playwrite_IT_Moderna_200.npz,52,ok,
Playwrite_IT_Moderna_300,C:\Users\angel\OneDrive\Desktop\Kern\data\processed\features\Playwrite_IT_Moderna_300.npz,52,ok,
Playwrite_IT_Moderna_regular,C:\Users\angel\OneDrive\Desktop\Kern\data\processed\features\Playwrite_IT_Moderna_regular.npz,52,ok,
UoqMunThenKhung_regular,C:\Users\angel\OneDrive\Desktop\Kern\data\processed\features\UoqMunThenKhung_regular.npz,52,ok,
Noto_Sans_NKo_regular,C:\Users\angel\OneDrive\Desktop\Kern\data\processed\features\Noto_Sans_NKo_regular.npz,52,ok,
Noto_Sans_Old_Italic_regular,C:\Users\angel\OneDrive\Desktop\Kern\data\processed\features\Noto_Sans_Old_Italic_regular.npz,52,ok,
Playwrite_NL_100,C:\Users\angel\OneDrive\Desktop\Kern\data\processed\features\Playwrite_NL_100.npz,52,ok,
Playwrite_NL_200,C:\Users\angel\OneDrive\Desktop\Kern\data\processed\features\Playwrite_NL_200.npz,52,ok,
Playwrite_NL_300,C:\Users\angel\OneDrive\Desktop\Kern\data\processed\features\Playwrite_NL_300.npz,52,ok,
Playwrite_NL_regular,C:\Users\angel\OneDrive\Desktop\Kern\data\processed\features\Playwrite_NL_regular.npz,52,ok,
Moirai_One_regular,C:\Users\angel\OneDrive\Desktop\Kern\data\processed\features\Moirai_One_regular.npz,52,ok,
Yuyu_regular,C:\Users\angel\OneDrive\Desktop\Kern\data\processed\features\Yuyu_regular.npz,52,ok,
Noto_Sans_Sunuwar_regular,C:\Users\angel\OneDrive\Desktop\Kern\data\processed\features\Noto_Sans_Sunuwar_regular.npz,52,ok,
Yuji_Hentaigana_Akari_regular,C:\Users\angel\OneDrive\Desktop\Kern\data\processed\features\Yuji_Hentaigana_Akari_regular.npz,52,ok,
Rubik_Marker_Hatch_regular,C:\Users\angel\OneDrive\Desktop\Kern\data\processed\features\Rubik_Marker_Hatch_regular.npz,52,ok,
Playwrite_MX_Guides_regular,C:\Users\angel\OneDrive\Desktop\Kern\data\processed\features\Playwrite_MX_Guides_regular.npz,52,ok,
Mingzat_regular,C:\Users\angel\OneDrive\Desktop\Kern\data\processed\features\Mingzat_regular.npz,52,ok,
Gajraj_One_regular,C:\Users\angel\OneDrive\Desktop\Kern\data\processed\features\Gajraj_One_regular.npz,52,ok,
Gveret_Levin_regular,C:\Users\angel\OneDrive\Desktop\Kern\data\processed\features\Gveret_Levin_regular.npz,52,ok,
Bitcount_Prop_Double_Ink_100,C:\Users\angel\OneDrive\Desktop\Kern\data\processed\features\Bitcount_Prop_Double_Ink_100.npz,52,ok,
Bitcount_Prop_Double_Ink_200,C:\Users\angel\OneDrive\Desktop\Kern\data\processed\features\Bitcount_Prop_Double_Ink_200.npz,52,ok,
Bitcount_Prop_Double_Ink_300,C:\Users\angel\OneDrive\Desktop\Kern\data\processed\features\Bitcount_Prop_Double_Ink_300.npz,52,ok,
Bitcount_Prop_Double_Ink_regular,C:\Users\angel\OneDrive\Desktop\Kern\data\processed\features\Bitcount_Prop_Double_Ink_regular.npz,52,ok,
Bitcount_Prop_Double_Ink_500,C:\Users\angel\OneDrive\Desktop\Kern\data\processed\features\Bitcount_Prop_Double_Ink_500.npz,52,ok,
Bitcount_Prop_Double_Ink_600,C:\Users\angel\OneDrive\Desktop\Kern\data\processed\features\Bitcount_Prop_Double_Ink_600.npz,52,ok,
Bitcount_Prop_Double_Ink_700,C:\Users\angel\OneDrive\Desktop\Kern\data\processed\features\Bitcount_Prop_Double_Ink_700.npz,52,ok,
Bitcount_Prop_Double_Ink_800,C:\Users\angel\OneDrive\Desktop\Kern\data\processed\features\Bitcount_Prop_Double_Ink_800.npz,52,ok,
Bitcount_Prop_Double_Ink_900,C:\Users\angel\OneDrive\Desktop\Kern\data\processed\features\Bitcount_Prop_Double_Ink_900.npz,52,ok,
Playwrite_ZA_100,C:\Users\angel\OneDrive\Desktop\Kern\data\processed\features\Playwrite_ZA_100.npz,52,ok,
Playwrite_ZA_200,C:\Users\angel\OneDrive\Desktop\Kern\data\processed\features\Playwrite_ZA_200.npz,52,ok,
Playwrite_ZA_300,C:\Users\angel\OneDrive\Desktop\Kern\data\processed\features\Playwrite_ZA_300.npz,52,ok,
Playwrite_ZA_regular,C:\Users\angel\OneDrive\Desktop\Kern\data\processed\features\Playwrite_ZA_regular.npz,52,ok,
Noto_Sans_Runic_regular,C:\Users\angel\OneDrive\Desktop\Kern\data\processed\features\Noto_Sans_Runic_regular.npz,52,ok,
Coral_Pixels_regular,C:\Users\angel\OneDrive\Desktop\Kern\data\processed\features\Coral_Pixels_regular.npz,52,ok,
Lisu_Bosa_200,C:\Users\angel\OneDrive\Desktop\Kern\data\processed\features\Lisu_Bosa_200.npz,52,ok,
Lisu_Bosa_200italic,C:\Users\angel\OneDrive\Desktop\Kern\data\processed\features\Lisu_Bosa_200italic.npz,52,ok,
Lisu_Bosa_300,C:\Users\angel\OneDrive\Desktop\Kern\data\processed\features\Lisu_Bosa_300.npz,52,ok,
Lisu_Bosa_300italic,C:\Users\angel\OneDrive\Desktop\Kern\data\processed\features\Lisu_Bosa_300italic.npz,52,ok,
Lisu_Bosa_regular,C:\Users\angel\OneDrive\Desktop\Kern\data\processed\features\Lisu_Bosa_regular.npz,52,ok,
Lisu_Bosa_italic,C:\Users\angel\OneDrive\Desktop\Kern\data\processed\features\Lisu_Bosa_italic.npz,52,ok,
Lisu_Bosa_500,C:\Users\angel\OneDrive\Desktop\Kern\data\processed\features\Lisu_Bosa_500.npz,52,ok,
Lisu_Bosa_500italic,C:\Users\angel\OneDrive\Desktop\Kern\data\processed\features\Lisu_Bosa_500italic.npz,52,ok,
Lisu_Bosa_600,C:\Users\angel\OneDrive\Desktop\Kern\data\processed\features\Lisu_Bosa_600.npz,52,ok,
Lisu_Bosa_600italic,C:\Users\angel\OneDrive\Desktop\Kern\data\processed\features\Lisu_Bosa_600italic.npz,52,ok,
Lisu_Bosa_700,C:\Users\angel\OneDrive\Desktop\Kern\data\processed\features\Lisu_Bosa_700.npz,52,ok,
Lisu_Bosa_700italic,C:\Users\angel\OneDrive\Desktop\Kern\data\processed\features\Lisu_Bosa_700italic.npz,52,ok,
Lisu_Bosa_800,C:\Users\angel\OneDrive\Desktop\Kern\data\processed\features\Lisu_Bosa_800.npz,52,ok,
Lisu_Bosa_800italic,C:\Users\angel\OneDrive\Desktop\Kern\data\processed\features\Lisu_Bosa_800italic.npz,52,ok,
Lisu_Bosa_900,C:\Users\angel\OneDrive\Desktop\Kern\data\processed\features\Lisu_Bosa_900.npz,52,ok,
Lisu_Bosa_900italic,C:\Users\angel\OneDrive\Desktop\Kern\data\processed\features\Lisu_Bosa_900italic.npz,52,ok,
Puppies_Play_regular,C:\Users\angel\OneDrive\Desktop\Kern\data\processed\features\Puppies_Play_regular.npz,52,ok,
BBH_Hegarty_regular,C:\Users\angel\OneDrive\Desktop\Kern\data\processed\features\BBH_Hegarty_regular.npz,52,ok,
Yuyu_Short_regular,C:\Users\angel\OneDrive\Desktop\Kern\data\processed\features\Yuyu_Short_regular.npz,52,ok,
Bitcount_100,C:\Users\angel\OneDrive\Desktop\Kern\data\processed\features\Bitcount_100.npz,52,ok,
Bitcount_200,C:\Users\angel\OneDrive\Desktop\Kern\data\processed\features\Bitcount_200.npz,52,ok,
Bitcount_300,C:\Users\angel\OneDrive\Desktop\Kern\data\processed\features\Bitcount_300.npz,52,ok,
Bitcount_regular,C:\Users\angel\OneDrive\Desktop\Kern\data\processed\features\Bitcount_regular.npz,52,ok,
Bitcount_500,C:\Users\angel\OneDrive\Desktop\Kern\data\processed\features\Bitcount_500.npz,52,ok,
Bitcount_600,C:\Users\angel\OneDrive\Desktop\Kern\data\processed\features\Bitcount_600.npz,52,ok,
Bitcount_700,C:\Users\angel\OneDrive\Desktop\Kern\data\processed\features\Bitcount_700.npz,52,ok,
Bitcount_800,C:\Users\angel\OneDrive\Desktop\Kern\data\processed\features\Bitcount_800.npz,52,ok,
Bitcount_900,C:\Users\angel\OneDrive\Desktop\Kern\data\processed\features\Bitcount_900.npz,52,ok,
Noto_Sans_Takri_regular,C:\Users\angel\OneDrive\Desktop\Kern\data\processed\features\Noto_Sans_Takri_regular.npz,52,ok,
Syne_Tactile_regular,C:\Users\angel\OneDrive\Desktop\Kern\data\processed\features\Syne_Tactile_regular.npz,52,ok,
Noto_Sans_Syriac_Eastern_100,C:\Users\angel\OneDrive\Desktop\Kern\data\processed\features\Noto_Sans_Syriac_Eastern_100.npz,52,ok,
Noto_Sans_Syriac_Eastern_200,C:\Users\angel\OneDrive\Desktop\Kern\data\processed\features\Noto_Sans_Syriac_Eastern_200.npz,52,ok,
Noto_Sans_Syriac_Eastern_300,C:\Users\angel\OneDrive\Desktop\Kern\data\processed\features\Noto_Sans_Syriac_Eastern_300.npz,52,ok,
Noto_Sans_Syriac_Eastern_regular,C:\Users\angel\OneDrive\Desktop\Kern\data\processed\features\Noto_Sans_Syriac_Eastern_regular.npz,52,ok,
Noto_Sans_Syriac_Eastern_500,C:\Users\angel\OneDrive\Desktop\Kern\data\processed\features\Noto_Sans_Syriac_Eastern_500.npz,52,ok,
Noto_Sans_Syriac_Eastern_600,C:\Users\angel\OneDrive\Desktop\Kern\data\processed\features\Noto_Sans_Syriac_Eastern_600.npz,52,ok,
Noto_Sans_Syriac_Eastern_700,C:\Users\angel\OneDrive\Desktop\Kern\data\processed\features\Noto_Sans_Syriac_Eastern_700.npz,52,ok,
Noto_Sans_Syriac_Eastern_800,C:\Users\angel\OneDrive\Desktop\Kern\data\processed\features\Noto_Sans_Syriac_Eastern_800.npz,52,ok,
Noto_Sans_Syriac_Eastern_900,C:\Users\angel\OneDrive\Desktop\Kern\data\processed\features\Noto_Sans_Syriac_Eastern_900.npz,52,ok,
Savate_200,C:\Users\angel\OneDrive\Desktop\Kern\data\processed\features\Savate_200.npz,52,ok,
Savate_300,C:\Users\angel\OneDrive\Desktop\Kern\data\processed\features\Savate_300.npz,52,ok,
Savate_regular,C:\Users\angel\OneDrive\Desktop\Kern\data\processed\features\Savate_regular.npz,52,ok,
Savate_500,C:\Users\angel\OneDrive\Desktop\Kern\data\processed\features\Savate_500.npz,52,ok,
Savate_600,C:\Users\angel\OneDrive\Desktop\Kern\data\processed\features\Savate_600.npz,52,ok,
Savate_700,C:\Users\angel\OneDrive\Desktop\Kern\data\processed\features\Savate_700.npz,52,ok,
Savate_800,C:\Users\angel\OneDrive\Desktop\Kern\data\processed\features\Savate_800.npz,52,ok,
Savate_900,C:\Users\angel\OneDrive\Desktop\Kern\data\processed\features\Savate_900.npz,52,ok,
Savate_200italic,C:\Users\angel\OneDrive\Desktop\Kern\data\processed\features\Savate_200italic.npz,52,ok,
Savate_300italic,C:\Users\angel\OneDrive\Desktop\Kern\data\processed\features\Savate_300italic.npz,52,ok,
Savate_italic,C:\Users\angel\OneDrive\Desktop\Kern\data\processed\features\Savate_italic.npz,52,ok,
Savate_500italic,C:\Users\angel\OneDrive\Desktop\Kern\data\processed\features\Savate_500italic.npz,52,ok,
Savate_600italic,C:\Users\angel\OneDrive\Desktop\Kern\data\processed\features\Savate_600italic.npz,52,ok,
Savate_700italic,C:\Users\angel\OneDrive\Desktop\Kern\data\processed\features\Savate_700italic.npz,52,ok,
Savate_800italic,C:\Users\angel\OneDrive\Desktop\Kern\data\processed\features\Savate_800italic.npz,52,ok,
Savate_900italic,C:\Users\angel\OneDrive\Desktop\Kern\data\processed\features\Savate_900italic.npz,52,ok,
Noto_Sans_Old_Permic_regular,C:\Users\angel\OneDrive\Desktop\Kern\data\processed\features\Noto_Sans_Old_Permic_regular.npz,52,ok,
Noto_Sans_New_Tai_Lue_regular,C:\Users\angel\OneDrive\Desktop\Kern\data\processed\features\Noto_Sans_New_Tai_Lue_regular.npz,52,ok,
Noto_Sans_New_Tai_Lue_500,C:\Users\angel\OneDrive\Desktop\Kern\data\processed\features\Noto_Sans_New_Tai_Lue_500.npz,52,ok,
Noto_Sans_New_Tai_Lue_600,C:\Users\angel\OneDrive\Desktop\Kern\data\processed\features\Noto_Sans_New_Tai_Lue_600.npz,52,ok,
Noto_Sans_New_Tai_Lue_700,C:\Users\angel\OneDrive\Desktop\Kern\data\processed\features\Noto_Sans_New_Tai_Lue_700.npz,52,ok,
Moo_Lah_Lah_regular,C:\Users\angel\OneDrive\Desktop\Kern\data\processed\features\Moo_Lah_Lah_regular.npz,52,ok,
Playwrite_DE_SAS_100,C:\Users\angel\OneDrive\Desktop\Kern\data\processed\features\Playwrite_DE_SAS_100.npz,52,ok,
Playwrite_DE_SAS_200,C:\Users\angel\OneDrive\Desktop\Kern\data\processed\features\Playwrite_DE_SAS_200.npz,52,ok,
Playwrite_DE_SAS_300,C:\Users\angel\OneDrive\Desktop\Kern\data\processed\features\Playwrite_DE_SAS_300.npz,52,ok,
Playwrite_DE_SAS_regular,C:\Users\angel\OneDrive\Desktop\Kern\data\processed\features\Playwrite_DE_SAS_regular.npz,52,ok,
Tapestry_regular,C:\Users\angel\OneDrive\Desktop\Kern\data\processed\features\Tapestry_regular.npz,52,ok,
Noto_Serif_Yezidi_regular,C:\Users\angel\OneDrive\Desktop\Kern\data\processed\features\Noto_Serif_Yezidi_regular.npz,52,ok,
Noto_Serif_Yezidi_500,C:\Users\angel\OneDrive\Desktop\Kern\data\processed\features\Noto_Serif_Yezidi_500.npz,52,ok,
Noto_Serif_Yezidi_600,C:\Users\angel\OneDrive\Desktop\Kern\data\processed\features\Noto_Serif_Yezidi_600.npz,52,ok,
Noto_Serif_Yezidi_700,C:\Users\angel\OneDrive\Desktop\Kern\data\processed\features\Noto_Serif_Yezidi_700.npz,52,ok,
Rubik_Broken_Fax_regular,C:\Users\angel\OneDrive\Desktop\Kern\data\processed\features\Rubik_Broken_Fax_regular.npz,52,ok,
Edu_QLD_Beginner_regular,C:\Users\angel\OneDrive\Desktop\Kern\data\processed\features\Edu_QLD_Beginner_regular.npz,52,ok,
Edu_QLD_Beginner_500,C:\Users\angel\OneDrive\Desktop\Kern\data\processed\features\Edu_QLD_Beginner_500.npz,52,ok,
Edu_QLD_Beginner_600,C:\Users\angel\OneDrive\Desktop\Kern\data\processed\features\Edu_QLD_Beginner_600.npz,52,ok,
Edu_QLD_Beginner_700,C:\Users\angel\OneDrive\Desktop\Kern\data\processed\features\Edu_QLD_Beginner_700.npz,52,ok,
Noto_Sans_Adlam_Unjoined_regular,C:\Users\angel\OneDrive\Desktop\Kern\data\processed\features\Noto_Sans_Adlam_Unjoined_regular.npz,52,ok,
Noto_Sans_Adlam_Unjoined_500,C:\Users\angel\OneDrive\Desktop\Kern\data\processed\features\Noto_Sans_Adlam_Unjoined_500.npz,52,ok,
Noto_Sans_Adlam_Unjoined_600,C:\Users\angel\OneDrive\Desktop\Kern\data\processed\features\Noto_Sans_Adlam_Unjoined_600.npz,52,ok,
Noto_Sans_Adlam_Unjoined_700,C:\Users\angel\OneDrive\Desktop\Kern\data\processed\features\Noto_Sans_Adlam_Unjoined_700.npz,52,ok,
Bpmf_Huninn_regular,C:\Users\angel\OneDrive\Desktop\Kern\data\processed\features\Bpmf_Huninn_regular.npz,52,ok,
Tirra_regular,C:\Users\angel\OneDrive\Desktop\Kern\data\processed\features\Tirra_regular.npz,52,ok,
Tirra_500,C:\Users\angel\OneDrive\Desktop\Kern\data\processed\features\Tirra_500.npz,52,ok,
Tirra_600,C:\Users\angel\OneDrive\Desktop\Kern\data\processed\features\Tirra_600.npz,52,ok,
Tirra_700,C:\Users\angel\OneDrive\Desktop\Kern\data\processed\features\Tirra_700.npz,52,ok,
Tirra_800,C:\Users\angel\OneDrive\Desktop\Kern\data\processed\features\Tirra_800.npz,52,ok,
Tirra_900,C:\Users\angel\OneDrive\Desktop\Kern\data\processed\features\Tirra_900.npz,52,ok,
Playwrite_DE_LA_100,C:\Users\angel\OneDrive\Desktop\Kern\data\processed\features\Playwrite_DE_LA_100.npz,52,ok,
Playwrite_DE_LA_200,C:\Users\angel\OneDrive\Desktop\Kern\data\processed\features\Playwrite_DE_LA_200.npz,52,ok,
Playwrite_DE_LA_300,C:\Users\angel\OneDrive\Desktop\Kern\data\processed\features\Playwrite_DE_LA_300.npz,52,ok,
Playwrite_DE_LA_regular,C:\Users\angel\OneDrive\Desktop\Kern\data\processed\features\Playwrite_DE_LA_regular.npz,52,ok,
Playwrite_DK_Uloopet_100,C:\Users\angel\OneDrive\Desktop\Kern\data\processed\features\Playwrite_DK_Uloopet_100.npz,52,ok,
Playwrite_DK_Uloopet_200,C:\Users\angel\OneDrive\Desktop\Kern\data\processed\features\Playwrite_DK_Uloopet_200.npz,52,ok,
Playwrite_DK_Uloopet_300,C:\Users\angel\OneDrive\Desktop\Kern\data\processed\features\Playwrite_DK_Uloopet_300.npz,52,ok,
Playwrite_DK_Uloopet_regular,C:\Users\angel\OneDrive\Desktop\Kern\data\processed\features\Playwrite_DK_Uloopet_regular.npz,52,ok,
Epunda_Slab_300,C:\Users\angel\OneDrive\Desktop\Kern\data\processed\features\Epunda_Slab_300.npz,52,ok,
Epunda_Slab_regular,C:\Users\angel\OneDrive\Desktop\Kern\data\processed\features\Epunda_Slab_regular.npz,52,ok,
Epunda_Slab_500,C:\Users\angel\OneDrive\Desktop\Kern\data\processed\features\Epunda_Slab_500.npz,52,ok,
Epunda_Slab_600,C:\Users\angel\OneDrive\Desktop\Kern\data\processed\features\Epunda_Slab_600.npz,52,ok,
Epunda_Slab_700,C:\Users\angel\OneDrive\Desktop\Kern\data\processed\features\Epunda_Slab_700.npz,52,ok,
Epunda_Slab_800,C:\Users\angel\OneDrive\Desktop\Kern\data\processed\features\Epunda_Slab_800.npz,52,ok,
Epunda_Slab_900,C:\Users\angel\OneDrive\Desktop\Kern\data\processed\features\Epunda_Slab_900.npz,52,ok,
Epunda_Slab_300italic,C:\Users\angel\OneDrive\Desktop\Kern\data\processed\features\Epunda_Slab_300italic.npz,52,ok,
Epunda_Slab_italic,C:\Users\angel\OneDrive\Desktop\Kern\data\processed\features\Epunda_Slab_italic.npz,52,ok,
Epunda_Slab_500italic,C:\Users\angel\OneDrive\Desktop\Kern\data\processed\features\Epunda_Slab_500italic.npz,52,ok,
Epunda_Slab_600italic,C:\Users\angel\OneDrive\Desktop\Kern\data\processed\features\Epunda_Slab_600italic.npz,52,ok,
Epunda_Slab_700italic,C:\Users\angel\OneDrive\Desktop\Kern\data\processed\features\Epunda_Slab_700italic.npz,52,ok,
Epunda_Slab_800italic,C:\Users\angel\OneDrive\Desktop\Kern\data\processed\features\Epunda_Slab_800italic.npz,52,ok,
Epunda_Slab_900italic,C:\Users\angel\OneDrive\Desktop\Kern\data\processed\features\Epunda_Slab_900italic.npz,52,ok,
Libertinus_Serif_Display_regular,C:\Users\angel\OneDrive\Desktop\Kern\data\processed\features\Libertinus_Serif_Display_regular.npz,52,ok,
Edu_SA_Hand_regular,C:\Users\angel\OneDrive\Desktop\Kern\data\processed\features\Edu_SA_Hand_regular.npz,52,ok,
Edu_SA_Hand_500,C:\Users\angel\OneDrive\Desktop\Kern\data\processed\features\Edu_SA_Hand_500.npz,52,ok,
Edu_SA_Hand_600,C:\Users\angel\OneDrive\Desktop\Kern\data\processed\features\Edu_SA_Hand_600.npz,52,ok,
Edu_SA_Hand_700,C:\Users\angel\OneDrive\Desktop\Kern\data\processed\features\Edu_SA_Hand_700.npz,52,ok,
Playpen_Sans_Thai_100,C:\Users\angel\OneDrive\Desktop\Kern\data\processed\features\Playpen_Sans_Thai_100.npz,52,ok,
Playpen_Sans_Thai_200,C:\Users\angel\OneDrive\Desktop\Kern\data\processed\features\Playpen_Sans_Thai_200.npz,52,ok,
Playpen_Sans_Thai_300,C:\Users\angel\OneDrive\Desktop\Kern\data\processed\features\Playpen_Sans_Thai_300.npz,52,ok,
Playpen_Sans_Thai_regular,C:\Users\angel\OneDrive\Desktop\Kern\data\processed\features\Playpen_Sans_Thai_regular.npz,52,ok,
Playpen_Sans_Thai_500,C:\Users\angel\OneDrive\Desktop\Kern\data\processed\features\Playpen_Sans_Thai_500.npz,52,ok,
Playpen_Sans_Thai_600,C:\Users\angel\OneDrive\Desktop\Kern\data\processed\features\Playpen_Sans_Thai_600.npz,52,ok,
Playpen_Sans_Thai_700,C:\Users\angel\OneDrive\Desktop\Kern\data\processed\features\Playpen_Sans_Thai_700.npz,52,ok,
Playpen_Sans_Thai_800,C:\Users\angel\OneDrive\Desktop\Kern\data\processed\features\Playpen_Sans_Thai_800.npz,52,ok,
Rubik_Maps_regular,C:\Users\angel\OneDrive\Desktop\Kern\data\processed\features\Rubik_Maps_regular.npz,52,ok,
Playwrite_ES_100,C:\Users\angel\OneDrive\Desktop\Kern\data\processed\features\Playwrite_ES_100.npz,52,ok,
Playwrite_ES_200,C:\Users\angel\OneDrive\Desktop\Kern\data\processed\features\Playwrite_ES_200.npz,52,ok,
Playwrite_ES_300,C:\Users\angel\OneDrive\Desktop\Kern\data\processed\features\Playwrite_ES_300.npz,52,ok,
Playwrite_ES_regular,C:\Users\angel\OneDrive\Desktop\Kern\data\processed\features\Playwrite_ES_regular.npz,52,ok,
Sankofa_Display_regular,C:\Users\angel\OneDrive\Desktop\Kern\data\processed\features\Sankofa_Display_regular.npz,52,ok,
Noto_Serif_Dives_Akuru_regular,C:\Users\angel\OneDrive\Desktop\Kern\data\processed\features\Noto_Serif_Dives_Akuru_regular.npz,52,ok,
Playwrite_MX_100,C:\Users\angel\OneDrive\Desktop\Kern\data\processed\features\Playwrite_MX_100.npz,52,ok,
Playwrite_MX_200,C:\Users\angel\OneDrive\Desktop\Kern\data\processed\features\Playwrite_MX_200.npz,52,ok,
Playwrite_MX_300,C:\Users\angel\OneDrive\Desktop\Kern\data\processed\features\Playwrite_MX_300.npz,52,ok,
Playwrite_MX_regular,C:\Users\angel\OneDrive\Desktop\Kern\data\processed\features\Playwrite_MX_regular.npz,52,ok,
Playwrite_PT_100,C:\Users\angel\OneDrive\Desktop\Kern\data\processed\features\Playwrite_PT_100.npz,52,ok,
Playwrite_PT_200,C:\Users\angel\OneDrive\Desktop\Kern\data\processed\features\Playwrite_PT_200.npz,52,ok,
Playwrite_PT_300,C:\Users\angel\OneDrive\Desktop\Kern\data\processed\features\Playwrite_PT_300.npz,52,ok,
Playwrite_PT_regular,C:\Users\angel\OneDrive\Desktop\Kern\data\processed\features\Playwrite_PT_regular.npz,52,ok,
Noto_Sans_Old_Hungarian_regular,C:\Users\angel\OneDrive\Desktop\Kern\data\processed\features\Noto_Sans_Old_Hungarian_regular.npz,52,ok,
Playwrite_GB_J_100,C:\Users\angel\OneDrive\Desktop\Kern\data\processed\features\Playwrite_GB_J_100.npz,52,ok,
Playwrite_GB_J_200,C:\Users\angel\OneDrive\Desktop\Kern\data\processed\features\Playwrite_GB_J_200.npz,52,ok,
Playwrite_GB_J_300,C:\Users\angel\OneDrive\Desktop\Kern\data\processed\features\Playwrite_GB_J_300.npz,52,ok,
Playwrite_GB_J_regular,C:\Users\angel\OneDrive\Desktop\Kern\data\processed\features\Playwrite_GB_J_regular.npz,52,ok,
Playwrite_GB_J_100italic,C:\Users\angel\OneDrive\Desktop\Kern\data\processed\features\Playwrite_GB_J_100italic.npz,52,ok,
Playwrite_GB_J_200italic,C:\Users\angel\OneDrive\Desktop\Kern\data\processed\features\Playwrite_GB_J_200italic.npz,52,ok,
Playwrite_GB_J_300italic,C:\Users\angel\OneDrive\Desktop\Kern\data\processed\features\Playwrite_GB_J_300italic.npz,52,ok,
Playwrite_GB_J_italic,C:\Users\angel\OneDrive\Desktop\Kern\data\processed\features\Playwrite_GB_J_italic.npz,52,ok,
Edu_AU_VIC_WA_NT_Pre_regular,C:\Users\angel\OneDrive\Desktop\Kern\data\processed\features\Edu_AU_VIC_WA_NT_Pre_regular.npz,52,ok,
Edu_AU_VIC_WA_NT_Pre_500,C:\Users\angel\OneDrive\Desktop\Kern\data\processed\features\Edu_AU_VIC_WA_NT_Pre_500.npz,52,ok,
Edu_AU_VIC_WA_NT_Pre_600,C:\Users\angel\OneDrive\Desktop\Kern\data\processed\features\Edu_AU_VIC_WA_NT_Pre_600.npz,52,ok,
Edu_AU_VIC_WA_NT_Pre_700,C:\Users\angel\OneDrive\Desktop\Kern\data\processed\features\Edu_AU_VIC_WA_NT_Pre_700.npz,52,ok,
Playwrite_AR_100,C:\Users\angel\OneDrive\Desktop\Kern\data\processed\features\Playwrite_AR_100.npz,52,ok,
Playwrite_AR_200,C:\Users\angel\OneDrive\Desktop\Kern\data\processed\features\Playwrite_AR_200.npz,52,ok,
Playwrite_AR_300,C:\Users\angel\OneDrive\Desktop\Kern\data\processed\features\Playwrite_AR_300.npz,52,ok,
Playwrite_AR_regular,C:\Users\angel\OneDrive\Desktop\Kern\data\processed\features\Playwrite_AR_regular.npz,52,ok,
Hind_Mysuru_300,C:\Users\angel\OneDrive\Desktop\Kern\data\processed\features\Hind_Mysuru_300.npz,52,ok,
Hind_Mysuru_regular,C:\Users\angel\OneDrive\Desktop\Kern\data\processed\features\Hind_Mysuru_regular.npz,52,ok,
Hind_Mysuru_500,C:\Users\angel\OneDrive\Desktop\Kern\data\processed\features\Hind_Mysuru_500.npz,52,ok,
Hind_Mysuru_600,C:\Users\angel\OneDrive\Desktop\Kern\data\processed\features\Hind_Mysuru_600.npz,52,ok,
Hind_Mysuru_700,C:\Users\angel\OneDrive\Desktop\Kern\data\processed\features\Hind_Mysuru_700.npz,52,ok,
Namdhinggo_regular,C:\Users\angel\OneDrive\Desktop\Kern\data\processed\features\Namdhinggo_regular.npz,52,ok,
Namdhinggo_500,C:\Users\angel\OneDrive\Desktop\Kern\data\processed\features\Namdhinggo_500.npz,52,ok,
Namdhinggo_600,C:\Users\angel\OneDrive\Desktop\Kern\data\processed\features\Namdhinggo_600.npz,52,ok,
Namdhinggo_700,C:\Users\angel\OneDrive\Desktop\Kern\data\processed\features\Namdhinggo_700.npz,52,ok,
Namdhinggo_800,C:\Users\angel\OneDrive\Desktop\Kern\data\processed\features\Namdhinggo_800.npz,52,ok,
Jaini_Purva_regular,C:\Users\angel\OneDrive\Desktop\Kern\data\processed\features\Jaini_Purva_regular.npz,52,ok,
Noto_Serif_Oriya_regular,C:\Users\angel\OneDrive\Desktop\Kern\data\processed\features\Noto_Serif_Oriya_regular.npz,52,ok,
Noto_Serif_Oriya_500,C:\Users\angel\OneDrive\Desktop\Kern\data\processed\features\Noto_Serif_Oriya_500.npz,52,ok,
Noto_Serif_Oriya_600,C:\Users\angel\OneDrive\Desktop\Kern\data\processed\features\Noto_Serif_Oriya_600.npz,52,ok,
Noto_Serif_Oriya_700,C:\Users\angel\OneDrive\Desktop\Kern\data\processed\features\Noto_Serif_Oriya_700.npz,52,ok,
Linefont_100,C:\Users\angel\OneDrive\Desktop\Kern\data\processed\features\Linefont_100.npz,52,ok,
Linefont_200,C:\Users\angel\OneDrive\Desktop\Kern\data\processed\features\Linefont_200.npz,52,ok,
Linefont_300,C:\Users\angel\OneDrive\Desktop\Kern\data\processed\features\Linefont_300.npz,52,ok,
Linefont_regular,C:\Users\angel\OneDrive\Desktop\Kern\data\processed\features\Linefont_regular.npz,52,ok,
Linefont_500,C:\Users\angel\OneDrive\Desktop\Kern\data\processed\features\Linefont_500.npz,52,ok,
Linefont_600,C:\Users\angel\OneDrive\Desktop\Kern\data\processed\features\Linefont_600.npz,52,ok,
Linefont_700,C:\Users\angel\OneDrive\Desktop\Kern\data\processed\features\Linefont_700.npz,52,ok,
Linefont_800,C:\Users\angel\OneDrive\Desktop\Kern\data\processed\features\Linefont_800.npz,52,ok,
Linefont_900,C:\Users\angel\OneDrive\Desktop\Kern\data\processed\features\Linefont_900.npz,52,ok,
Playwrite_NZ_100,C:\Users\angel\OneDrive\Desktop\Kern\data\processed\features\Playwrite_NZ_100.npz,52,ok,
Playwrite_NZ_200,C:\Users\angel\OneDrive\Desktop\Kern\data\processed\features\Playwrite_NZ_200.npz,52,ok,
Playwrite_NZ_300,C:\Users\angel\OneDrive\Desktop\Kern\data\processed\features\Playwrite_NZ_300.npz,52,ok,
Playwrite_NZ_regular,C:\Users\angel\OneDrive\Desktop\Kern\data\processed\features\Playwrite_NZ_regular.npz,52,ok,
Noto_Serif_Makasar_regular,C:\Users\angel\OneDrive\Desktop\Kern\data\processed\features\Noto_Serif_Makasar_regular.npz,52,ok,
Hanalei_regular,C:\Users\angel\OneDrive\Desktop\Kern\data\processed\features\Hanalei_regular.npz,52,ok,
Playwrite_BE_WAL_100,C:\Users\angel\OneDrive\Desktop\Kern\data\processed\features\Playwrite_BE_WAL_100.npz,52,ok,
Playwrite_BE_WAL_200,C:\Users\angel\OneDrive\Desktop\Kern\data\processed\features\Playwrite_BE_WAL_200.npz,52,ok,
Playwrite_BE_WAL_300,C:\Users\angel\OneDrive\Desktop\Kern\data\processed\features\Playwrite_BE_WAL_300.npz,52,ok,
Playwrite_BE_WAL_regular,C:\Users\angel\OneDrive\Desktop\Kern\data\processed\features\Playwrite_BE_WAL_regular.npz,52,ok,
Noto_Sans_Medefaidrin_regular,C:\Users\angel\OneDrive\Desktop\Kern\data\processed\features\Noto_Sans_Medefaidrin_regular.npz,52,ok,
Noto_Sans_Medefaidrin_500,C:\Users\angel\OneDrive\Desktop\Kern\data\processed\features\Noto_Sans_Medefaidrin_500.npz,52,ok,
Noto_Sans_Medefaidrin_600,C:\Users\angel\OneDrive\Desktop\Kern\data\processed\features\Noto_Sans_Medefaidrin_600.npz,52,ok,
Noto_Sans_Medefaidrin_700,C:\Users\angel\OneDrive\Desktop\Kern\data\processed\features\Noto_Sans_Medefaidrin_700.npz,52,ok,
Playwrite_AU_TAS_100,C:\Users\angel\OneDrive\Desktop\Kern\data\processed\features\Playwrite_AU_TAS_100.npz,52,ok,
Playwrite_AU_TAS_200,C:\Users\angel\OneDrive\Desktop\Kern\data\processed\features\Playwrite_AU_TAS_200.npz,52,ok,
Playwrite_AU_TAS_300,C:\Users\angel\OneDrive\Desktop\Kern\data\processed\features\Playwrite_AU_TAS_300.npz,52,ok,
Playwrite_AU_TAS_regular,C:\Users\angel\OneDrive\Desktop\Kern\data\processed\features\Playwrite_AU_TAS_regular.npz,52,ok,
Noto_Sans_Bamum_regular,C:\Users\angel\OneDrive\Desktop\Kern\data\processed\features\Noto_Sans_Bamum_regular.npz,52,ok,
Noto_Sans_Bamum_500,C:\Users\angel\OneDrive\Desktop\Kern\data\processed\features\Noto_Sans_Bamum_500.npz,52,ok,
Noto_Sans_Bamum_600,C:\Users\angel\OneDrive\Desktop\Kern\data\processed\features\Noto_Sans_Bamum_600.npz,52,ok,
Noto_Sans_Bamum_700,C:\Users\angel\OneDrive\Desktop\Kern\data\processed\features\Noto_Sans_Bamum_700.npz,52,ok,
Noto_Sans_Brahmi_regular,C:\Users\angel\OneDrive\Desktop\Kern\data\processed\features\Noto_Sans_Brahmi_regular.npz,52,ok,
Jaini_regular,C:\Users\angel\OneDrive\Desktop\Kern\data\processed\features\Jaini_regular.npz,52,ok,
Sirivennela_regular,C:\Users\angel\OneDrive\Desktop\Kern\data\processed\features\Sirivennela_regular.npz,52,ok,
Jacquard_12_Charted_regular,C:\Users\angel\OneDrive\Desktop\Kern\data\processed\features\Jacquard_12_Charted_regular.npz,52,ok,
Bitcount_Grid_Single_Ink_100,C:\Users\angel\OneDrive\Desktop\Kern\data\processed\features\Bitcount_Grid_Single_Ink_100.npz,52,ok,
Bitcount_Grid_Single_Ink_200,C:\Users\angel\OneDrive\Desktop\Kern\data\processed\features\Bitcount_Grid_Single_Ink_200.npz,52,ok,
Bitcount_Grid_Single_Ink_300,C:\Users\angel\OneDrive\Desktop\Kern\data\processed\features\Bitcount_Grid_Single_Ink_300.npz,52,ok,
Bitcount_Grid_Single_Ink_regular,C:\Users\angel\OneDrive\Desktop\Kern\data\processed\features\Bitcount_Grid_Single_Ink_regular.npz,52,ok,
Bitcount_Grid_Single_Ink_500,C:\Users\angel\OneDrive\Desktop\Kern\data\processed\features\Bitcount_Grid_Single_Ink_500.npz,52,ok,
Bitcount_Grid_Single_Ink_600,C:\Users\angel\OneDrive\Desktop\Kern\data\processed\features\Bitcount_Grid_Single_Ink_600.npz,52,ok,
Bitcount_Grid_Single_Ink_700,C:\Users\angel\OneDrive\Desktop\Kern\data\processed\features\Bitcount_Grid_Single_Ink_700.npz,52,ok,
Bitcount_Grid_Single_Ink_800,C:\Users\angel\OneDrive\Desktop\Kern\data\processed\features\Bitcount_Grid_Single_Ink_800.npz,52,ok,
Bitcount_Grid_Single_Ink_900,C:\Users\angel\OneDrive\Desktop\Kern\data\processed\features\Bitcount_Grid_Single_Ink_900.npz,52,ok,
Noto_Sans_Avestan_regular,C:\Users\angel\OneDrive\Desktop\Kern\data\processed\features\Noto_Sans_Avestan_regular.npz,52,ok,
Bitcount_Prop_Double_100,C:\Users\angel\OneDrive\Desktop\Kern\data\processed\features\Bitcount_Prop_Double_100.npz,52,ok,
Bitcount_Prop_Double_200,C:\Users\angel\OneDrive\Desktop\Kern\data\processed\features\Bitcount_Prop_Double_200.npz,52,ok,
Bitcount_Prop_Double_300,C:\Users\angel\OneDrive\Desktop\Kern\data\processed\features\Bitcount_Prop_Double_300.npz,52,ok,
Bitcount_Prop_Double_regular,C:\Users\angel\OneDrive\Desktop\Kern\data\processed\features\Bitcount_Prop_Double_regular.npz,52,ok,
Bitcount_Prop_Double_500,C:\Users\angel\OneDrive\Desktop\Kern\data\processed\features\Bitcount_Prop_Double_500.npz,52,ok,
Bitcount_Prop_Double_600,C:\Users\angel\OneDrive\Desktop\Kern\data\processed\features\Bitcount_Prop_Double_600.npz,52,ok,
Bitcount_Prop_Double_700,C:\Users\angel\OneDrive\Desktop\Kern\data\processed\features\Bitcount_Prop_Double_700.npz,52,ok,
Bitcount_Prop_Double_800,C:\Users\angel\OneDrive\Desktop\Kern\data\processed\features\Bitcount_Prop_Double_800.npz,52,ok,
Bitcount_Prop_Double_900,C:\Users\angel\OneDrive\Desktop\Kern\data\processed\features\Bitcount_Prop_Double_900.npz,52,ok,
Allkin_regular,C:\Users\angel\OneDrive\Desktop\Kern\data\processed\features\Allkin_regular.npz,52,ok,
Playwrite_HR_Lijeva_100,C:\Users\angel\OneDrive\Desktop\Kern\data\processed\features\Playwrite_HR_Lijeva_100.npz,52,ok,
Playwrite_HR_Lijeva_200,C:\Users\angel\OneDrive\Desktop\Kern\data\processed\features\Playwrite_HR_Lijeva_200.npz,52,ok,
Playwrite_HR_Lijeva_300,C:\Users\angel\OneDrive\Desktop\Kern\data\processed\features\Playwrite_HR_Lijeva_300.npz,52,ok,
Playwrite_HR_Lijeva_regular,C:\Users\angel\OneDrive\Desktop\Kern\data\processed\features\Playwrite_HR_Lijeva_regular.npz,52,ok,
Bitcount_Single_Ink_100,C:\Users\angel\OneDrive\Desktop\Kern\data\processed\features\Bitcount_Single_Ink_100.npz,52,ok,
Bitcount_Single_Ink_200,C:\Users\angel\OneDrive\Desktop\Kern\data\processed\features\Bitcount_Single_Ink_200.npz,52,ok,
Bitcount_Single_Ink_300,C:\Users\angel\OneDrive\Desktop\Kern\data\processed\features\Bitcount_Single_Ink_300.npz,52,ok,
Bitcount_Single_Ink_regular,C:\Users\angel\OneDrive\Desktop\Kern\data\processed\features\Bitcount_Single_Ink_regular.npz,52,ok,
Bitcount_Single_Ink_500,C:\Users\angel\OneDrive\Desktop\Kern\data\processed\features\Bitcount_Single_Ink_500.npz,52,ok,
Bitcount_Single_Ink_600,C:\Users\angel\OneDrive\Desktop\Kern\data\processed\features\Bitcount_Single_Ink_600.npz,52,ok,
Bitcount_Single_Ink_700,C:\Users\angel\OneDrive\Desktop\Kern\data\processed\features\Bitcount_Single_Ink_700.npz,52,ok,
Bitcount_Single_Ink_800,C:\Users\angel\OneDrive\Desktop\Kern\data\processed\features\Bitcount_Single_Ink_800.npz,52,ok,
Bitcount_Single_Ink_900,C:\Users\angel\OneDrive\Desktop\Kern\data\processed\features\Bitcount_Single_Ink_900.npz,52,ok,
Noto_Traditional_Nushu_300,C:\Users\angel\OneDrive\Desktop\Kern\data\processed\features\Noto_Traditional_Nushu_300.npz,52,ok,
Noto_Traditional_Nushu_regular,C:\Users\angel\OneDrive\Desktop\Kern\data\processed\features\Noto_Traditional_Nushu_regular.npz,52,ok,
Noto_Traditional_Nushu_500,C:\Users\angel\OneDrive\Desktop\Kern\data\processed\features\Noto_Traditional_Nushu_500.npz,52,ok,
Noto_Traditional_Nushu_600,C:\Users\angel\OneDrive\Desktop\Kern\data\processed\features\Noto_Traditional_Nushu_600.npz,52,ok,
Noto_Traditional_Nushu_700,C:\Users\angel\OneDrive\Desktop\Kern\data\processed\features\Noto_Traditional_Nushu_700.npz,52,ok,
Finlandica_Text_100,C:\Users\angel\OneDrive\Desktop\Kern\data\processed\features\Finlandica_Text_100.npz,52,ok,
Finlandica_Text_200,C:\Users\angel\OneDrive\Desktop\Kern\data\processed\features\Finlandica_Text_200.npz,52,ok,
Finlandica_Text_300,C:\Users\angel\OneDrive\Desktop\Kern\data\processed\features\Finlandica_Text_300.npz,52,ok,
Finlandica_Text_regular,C:\Users\angel\OneDrive\Desktop\Kern\data\processed\features\Finlandica_Text_regular.npz,52,ok,
Finlandica_Text_500,C:\Users\angel\OneDrive\Desktop\Kern\data\processed\features\Finlandica_Text_500.npz,52,ok,
Finlandica_Text_600,C:\Users\angel\OneDrive\Desktop\Kern\data\processed\features\Finlandica_Text_600.npz,52,ok,
Finlandica_Text_700,C:\Users\angel\OneDrive\Desktop\Kern\data\processed\features\Finlandica_Text_700.npz,52,ok,
Finlandica_Text_800,C:\Users\angel\OneDrive\Desktop\Kern\data\processed\features\Finlandica_Text_800.npz,52,ok,
Finlandica_Text_900,C:\Users\angel\OneDrive\Desktop\Kern\data\processed\features\Finlandica_Text_900.npz,52,ok,
Finlandica_Text_100italic,C:\Users\angel\OneDrive\Desktop\Kern\data\processed\features\Finlandica_Text_100italic.npz,52,ok,
Finlandica_Text_200italic,C:\Users\angel\OneDrive\Desktop\Kern\data\processed\features\Finlandica_Text_200italic.npz,52,ok,
Finlandica_Text_300italic,C:\Users\angel\OneDrive\Desktop\Kern\data\processed\features\Finlandica_Text_300italic.npz,52,ok,
Finlandica_Text_italic,C:\Users\angel\OneDrive\Desktop\Kern\data\processed\features\Finlandica_Text_italic.npz,52,ok,
Finlandica_Text_500italic,C:\Users\angel\OneDrive\Desktop\Kern\data\processed\features\Finlandica_Text_500italic.npz,52,ok,
Finlandica_Text_600italic,C:\Users\angel\OneDrive\Desktop\Kern\data\processed\features\Finlandica_Text_600italic.npz,52,ok,
Finlandica_Text_700italic,C:\Users\angel\OneDrive\Desktop\Kern\data\processed\features\Finlandica_Text_700italic.npz,52,ok,
Finlandica_Text_800italic,C:\Users\angel\OneDrive\Desktop\Kern\data\processed\features\Finlandica_Text_800italic.npz,52,ok,
Finlandica_Text_900italic,C:\Users\angel\OneDrive\Desktop\Kern\data\processed\features\Finlandica_Text_900italic.npz,52,ok,
Noto_Sans_Old_North_Arabian_regular,C:\Users\angel\OneDrive\Desktop\Kern\data\processed\features\Noto_Sans_Old_North_Arabian_regular.npz,52,ok,
Noto_Sans_Cham_100,C:\Users\angel\OneDrive\Desktop\Kern\data\processed\features\Noto_Sans_Cham_100.npz,52,ok,
Noto_Sans_Cham_200,C:\Users\angel\OneDrive\Desktop\Kern\data\processed\features\Noto_Sans_Cham_200.npz,52,ok,
Noto_Sans_Cham_300,C:\Users\angel\OneDrive\Desktop\Kern\data\processed\features\Noto_Sans_Cham_300.npz,52,ok,
Noto_Sans_Cham_regular,C:\Users\angel\OneDrive\Desktop\Kern\data\processed\features\Noto_Sans_Cham_regular.npz,52,ok,
Noto_Sans_Cham_500,C:\Users\angel\OneDrive\Desktop\Kern\data\processed\features\Noto_Sans_Cham_500.npz,52,ok,
Noto_Sans_Cham_600,C:\Users\angel\OneDrive\Desktop\Kern\data\processed\features\Noto_Sans_Cham_600.npz,52,ok,
Noto_Sans_Cham_700,C:\Users\angel\OneDrive\Desktop\Kern\data\processed\features\Noto_Sans_Cham_700.npz,52,ok,
Noto_Sans_Cham_800,C:\Users\angel\OneDrive\Desktop\Kern\data\processed\features\Noto_Sans_Cham_800.npz,52,ok,
Noto_Sans_Cham_900,C:\Users\angel\OneDrive\Desktop\Kern\data\processed\features\Noto_Sans_Cham_900.npz,52,ok,
Noto_Sans_Palmyrene_regular,C:\Users\angel\OneDrive\Desktop\Kern\data\processed\features\Noto_Sans_Palmyrene_regular.npz,52,ok,
Bytesized_regular,C:\Users\angel\OneDrive\Desktop\Kern\data\processed\features\Bytesized_regular.npz,52,ok,
Noto_Sans_Tifinagh_regular,C:\Users\angel\OneDrive\Desktop\Kern\data\processed\features\Noto_Sans_Tifinagh_regular.npz,52,ok,
Noto_Sans_Lisu_regular,C:\Users\angel\OneDrive\Desktop\Kern\data\processed\features\Noto_Sans_Lisu_regular.npz,52,ok,
Noto_Sans_Lisu_500,C:\Users\angel\OneDrive\Desktop\Kern\data\processed\features\Noto_Sans_Lisu_500.npz,52,ok,
Noto_Sans_Lisu_600,C:\Users\angel\OneDrive\Desktop\Kern\data\processed\features\Noto_Sans_Lisu_600.npz,52,ok,
Noto_Sans_Lisu_700,C:\Users\angel\OneDrive\Desktop\Kern\data\processed\features\Noto_Sans_Lisu_700.npz,52,ok,
Rubik_Storm_regular,C:\Users\angel\OneDrive\Desktop\Kern\data\processed\features\Rubik_Storm_regular.npz,52,ok,
Noto_Sans_Inscriptional_Parthian_regular,C:\Users\angel\OneDrive\Desktop\Kern\data\processed\features\Noto_Sans_Inscriptional_Parthian_regular.npz,52,ok,
Exile_regular,C:\Users\angel\OneDrive\Desktop\Kern\data\processed\features\Exile_regular.npz,52,ok,
Playwrite_VN_100,C:\Users\angel\OneDrive\Desktop\Kern\data\processed\features\Playwrite_VN_100.npz,52,ok,
Playwrite_VN_200,C:\Users\angel\OneDrive\Desktop\Kern\data\processed\features\Playwrite_VN_200.npz,52,ok,
Playwrite_VN_300,C:\Users\angel\OneDrive\Desktop\Kern\data\processed\features\Playwrite_VN_300.npz,52,ok,
Playwrite_VN_regular,C:\Users\angel\OneDrive\Desktop\Kern\data\processed\features\Playwrite_VN_regular.npz,52,ok,
Noto_Sans_Wancho_regular,C:\Users\angel\OneDrive\Desktop\Kern\data\processed\features\Noto_Sans_Wancho_regular.npz,52,ok,
Shafarik_regular,C:\Users\angel\OneDrive\Desktop\Kern\data\processed\features\Shafarik_regular.npz,52,ok,
Noto_Sans_Indic_Siyaq_Numbers_regular,C:\Users\angel\OneDrive\Desktop\Kern\data\processed\features\Noto_Sans_Indic_Siyaq_Numbers_regular.npz,52,ok,
Bitcount_Ink_100,C:\Users\angel\OneDrive\Desktop\Kern\data\processed\features\Bitcount_Ink_100.npz,52,ok,
Bitcount_Ink_200,C:\Users\angel\OneDrive\Desktop\Kern\data\processed\features\Bitcount_Ink_200.npz,52,ok,
Bitcount_Ink_300,C:\Users\angel\OneDrive\Desktop\Kern\data\processed\features\Bitcount_Ink_300.npz,52,ok,
Bitcount_Ink_regular,C:\Users\angel\OneDrive\Desktop\Kern\data\processed\features\Bitcount_Ink_regular.npz,52,ok,
Bitcount_Ink_500,C:\Users\angel\OneDrive\Desktop\Kern\data\processed\features\Bitcount_Ink_500.npz,52,ok,
Bitcount_Ink_600,C:\Users\angel\OneDrive\Desktop\Kern\data\processed\features\Bitcount_Ink_600.npz,52,ok,
Bitcount_Ink_700,C:\Users\angel\OneDrive\Desktop\Kern\data\processed\features\Bitcount_Ink_700.npz,52,ok,
Bitcount_Ink_800,C:\Users\angel\OneDrive\Desktop\Kern\data\processed\features\Bitcount_Ink_800.npz,52,ok,
Bitcount_Ink_900,C:\Users\angel\OneDrive\Desktop\Kern\data\processed\features\Bitcount_Ink_900.npz,52,ok,
Noto_Sans_Cuneiform_regular,C:\Users\angel\OneDrive\Desktop\Kern\data\processed\features\Noto_Sans_Cuneiform_regular.npz,52,ok,
Noto_Sans_Syloti_Nagri_regular,C:\Users\angel\OneDrive\Desktop\Kern\data\processed\features\Noto_Sans_Syloti_Nagri_regular.npz,52,ok,
Noto_Serif_Khitan_Small_Script_regular,C:\Users\angel\OneDrive\Desktop\Kern\data\processed\features\Noto_Serif_Khitan_Small_Script_regular.npz,52,ok,
Maname_regular,C:\Users\angel\OneDrive\Desktop\Kern\data\processed\features\Maname_regular.npz,52,ok,
Noto_Serif_Gurmukhi_100,C:\Users\angel\OneDrive\Desktop\Kern\data\processed\features\Noto_Serif_Gurmukhi_100.npz,52,ok,
Noto_Serif_Gurmukhi_200,C:\Users\angel\OneDrive\Desktop\Kern\data\processed\features\Noto_Serif_Gurmukhi_200.npz,52,ok,
Noto_Serif_Gurmukhi_300,C:\Users\angel\OneDrive\Desktop\Kern\data\processed\features\Noto_Serif_Gurmukhi_300.npz,52,ok,
Noto_Serif_Gurmukhi_regular,C:\Users\angel\OneDrive\Desktop\Kern\data\processed\features\Noto_Serif_Gurmukhi_regular.npz,52,ok,
Noto_Serif_Gurmukhi_500,C:\Users\angel\OneDrive\Desktop\Kern\data\processed\features\Noto_Serif_Gurmukhi_500.npz,52,ok,
Noto_Serif_Gurmukhi_600,C:\Users\angel\OneDrive\Desktop\Kern\data\processed\features\Noto_Serif_Gurmukhi_600.npz,52,ok,
Noto_Serif_Gurmukhi_700,C:\Users\angel\OneDrive\Desktop\Kern\data\processed\features\Noto_Serif_Gurmukhi_700.npz,52,ok,
Noto_Serif_Gurmukhi_800,C:\Users\angel\OneDrive\Desktop\Kern\data\processed\features\Noto_Serif_Gurmukhi_800.npz,52,ok,
Noto_Serif_Gurmukhi_900,C:\Users\angel\OneDrive\Desktop\Kern\data\processed\features\Noto_Serif_Gurmukhi_900.npz,52,ok,
Playwrite_CZ_100,C:\Users\angel\OneDrive\Desktop\Kern\data\processed\features\Playwrite_CZ_100.npz,52,ok,
Playwrite_CZ_200,C:\Users\angel\OneDrive\Desktop\Kern\data\processed\features\Playwrite_CZ_200.npz,52,ok,
Playwrite_CZ_300,C:\Users\angel\OneDrive\Desktop\Kern\data\processed\features\Playwrite_CZ_300.npz,52,ok,
Playwrite_CZ_regular,C:\Users\angel\OneDrive\Desktop\Kern\data\processed\features\Playwrite_CZ_regular.npz,52,ok,
Noto_Sans_Nabataean_regular,C:\Users\angel\OneDrive\Desktop\Kern\data\processed\features\Noto_Sans_Nabataean_regular.npz,52,ok,
Rubik_Lines_regular,C:\Users\angel\OneDrive\Desktop\Kern\data\processed\features\Rubik_Lines_regular.npz,52,ok,
Noto_Sans_Osage_regular,C:\Users\angel\OneDrive\Desktop\Kern\data\processed\features\Noto_Sans_Osage_regular.npz,52,ok,
Yarndings_20_Charted_regular,C:\Users\angel\OneDrive\Desktop\Kern\data\processed\features\Yarndings_20_Charted_regular.npz,52,ok,
Noto_Sans_Mahajani_regular,C:\Users\angel\OneDrive\Desktop\Kern\data\processed\features\Noto_Sans_Mahajani_regular.npz,52,ok,
Noto_Serif_Ottoman_Siyaq_regular,C:\Users\angel\OneDrive\Desktop\Kern\data\processed\features\Noto_Serif_Ottoman_Siyaq_regular.npz,52,ok,
Blaka_Ink_regular,C:\Users\angel\OneDrive\Desktop\Kern\data\processed\features\Blaka_Ink_regular.npz,52,ok,
Noto_Sans_Grantha_regular,C:\Users\angel\OneDrive\Desktop\Kern\data\processed\features\Noto_Sans_Grantha_regular.npz,52,ok,
Playwrite_SK_100,C:\Users\angel\OneDrive\Desktop\Kern\data\processed\features\Playwrite_SK_100.npz,52,ok,
Playwrite_SK_200,C:\Users\angel\OneDrive\Desktop\Kern\data\processed\features\Playwrite_SK_200.npz,52,ok,
Playwrite_SK_300,C:\Users\angel\OneDrive\Desktop\Kern\data\processed\features\Playwrite_SK_300.npz,52,ok,
Playwrite_SK_regular,C:\Users\angel\OneDrive\Desktop\Kern\data\processed\features\Playwrite_SK_regular.npz,52,ok,
Noto_Znamenny_Musical_Notation_regular,C:\Users\angel\OneDrive\Desktop\Kern\data\processed\features\Noto_Znamenny_Musical_Notation_regular.npz,52,ok,
Warnes_regular,C:\Users\angel\OneDrive\Desktop\Kern\data\processed\features\Warnes_regular.npz,52,ok,
Noto_Sans_Lydian_regular,C:\Users\angel\OneDrive\Desktop\Kern\data\processed\features\Noto_Sans_Lydian_regular.npz,52,ok,
Edu_NSW_ACT_Hand_Pre_regular,C:\Users\angel\OneDrive\Desktop\Kern\data\processed\features\Edu_NSW_ACT_Hand_Pre_regular.npz,52,ok,
Edu_NSW_ACT_Hand_Pre_500,C:\Users\angel\OneDrive\Desktop\Kern\data\processed\features\Edu_NSW_ACT_Hand_Pre_500.npz,52,ok,
Edu_NSW_ACT_Hand_Pre_600,C:\Users\angel\OneDrive\Desktop\Kern\data\processed\features\Edu_NSW_ACT_Hand_Pre_600.npz,52,ok,
Edu_NSW_ACT_Hand_Pre_700,C:\Users\angel\OneDrive\Desktop\Kern\data\processed\features\Edu_NSW_ACT_Hand_Pre_700.npz,52,ok,
Noto_Sans_Khojki_regular,C:\Users\angel\OneDrive\Desktop\Kern\data\processed\features\Noto_Sans_Khojki_regular.npz,52,ok,
Edu_AU_VIC_WA_NT_Arrows_regular,C:\Users\angel\OneDrive\Desktop\Kern\data\processed\features\Edu_AU_VIC_WA_NT_Arrows_regular.npz,52,ok,
Edu_AU_VIC_WA_NT_Arrows_500,C:\Users\angel\OneDrive\Desktop\Kern\data\processed\features\Edu_AU_VIC_WA_NT_Arrows_500.npz,52,ok,
Edu_AU_VIC_WA_NT_Arrows_600,C:\Users\angel\OneDrive\Desktop\Kern\data\processed\features\Edu_AU_VIC_WA_NT_Arrows_600.npz,52,ok,
Edu_AU_VIC_WA_NT_Arrows_700,C:\Users\angel\OneDrive\Desktop\Kern\data\processed\features\Edu_AU_VIC_WA_NT_Arrows_700.npz,52,ok,
Noto_Serif_Old_Uyghur_regular,C:\Users\angel\OneDrive\Desktop\Kern\data\processed\features\Noto_Serif_Old_Uyghur_regular.npz,52,ok,
Noto_Sans_Tai_Le_regular,C:\Users\angel\OneDrive\Desktop\Kern\data\processed\features\Noto_Sans_Tai_Le_regular.npz,52,ok,
Noto_Sans_Meroitic_regular,C:\Users\angel\OneDrive\Desktop\Kern\data\processed\features\Noto_Sans_Meroitic_regular.npz,52,ok,
Bitcount_Prop_Single_Ink_100,C:\Users\angel\OneDrive\Desktop\Kern\data\processed\features\Bitcount_Prop_Single_Ink_100.npz,52,ok,
Bitcount_Prop_Single_Ink_200,C:\Users\angel\OneDrive\Desktop\Kern\data\processed\features\Bitcount_Prop_Single_Ink_200.npz,52,ok,
Bitcount_Prop_Single_Ink_300,C:\Users\angel\OneDrive\Desktop\Kern\data\processed\features\Bitcount_Prop_Single_Ink_300.npz,52,ok,
Bitcount_Prop_Single_Ink_regular,C:\Users\angel\OneDrive\Desktop\Kern\data\processed\features\Bitcount_Prop_Single_Ink_regular.npz,52,ok,
Bitcount_Prop_Single_Ink_500,C:\Users\angel\OneDrive\Desktop\Kern\data\processed\features\Bitcount_Prop_Single_Ink_500.npz,52,ok,
Bitcount_Prop_Single_Ink_600,C:\Users\angel\OneDrive\Desktop\Kern\data\processed\features\Bitcount_Prop_Single_Ink_600.npz,52,ok,
Bitcount_Prop_Single_Ink_700,C:\Users\angel\OneDrive\Desktop\Kern\data\processed\features\Bitcount_Prop_Single_Ink_700.npz,52,ok,
Bitcount_Prop_Single_Ink_800,C:\Users\angel\OneDrive\Desktop\Kern\data\processed\features\Bitcount_Prop_Single_Ink_800.npz,52,ok,
Bitcount_Prop_Single_Ink_900,C:\Users\angel\OneDrive\Desktop\Kern\data\processed\features\Bitcount_Prop_Single_Ink_900.npz,52,ok,
Noto_Sans_Zanabazar_Square_regular,C:\Users\angel\OneDrive\Desktop\Kern\data\processed\features\Noto_Sans_Zanabazar_Square_regular.npz,52,ok,
Tuffy_regular,C:\Users\angel\OneDrive\Desktop\Kern\data\processed\features\Tuffy_regular.npz,52,ok,
Tuffy_italic,C:\Users\angel\OneDrive\Desktop\Kern\data\processed\features\Tuffy_italic.npz,52,ok,
Tuffy_700,C:\Users\angel\OneDrive\Desktop\Kern\data\processed\features\Tuffy_700.npz,52,ok,
Tuffy_700italic,C:\Users\angel\OneDrive\Desktop\Kern\data\processed\features\Tuffy_700italic.npz,52,ok,
Noto_Sans_Sundanese_regular,C:\Users\angel\OneDrive\Desktop\Kern\data\processed\features\Noto_Sans_Sundanese_regular.npz,52,ok,
Noto_Sans_Sundanese_500,C:\Users\angel\OneDrive\Desktop\Kern\data\processed\features\Noto_Sans_Sundanese_500.npz,52,ok,
Noto_Sans_Sundanese_600,C:\Users\angel\OneDrive\Desktop\Kern\data\processed\features\Noto_Sans_Sundanese_600.npz,52,ok,
Noto_Sans_Sundanese_700,C:\Users\angel\OneDrive\Desktop\Kern\data\processed\features\Noto_Sans_Sundanese_700.npz,52,ok,
Noto_Sans_Elbasan_regular,C:\Users\angel\OneDrive\Desktop\Kern\data\processed\features\Noto_Sans_Elbasan_regular.npz,52,ok,
Playwrite_AU_VIC_100,C:\Users\angel\OneDrive\Desktop\Kern\data\processed\features\Playwrite_AU_VIC_100.npz,52,ok,
Playwrite_AU_VIC_200,C:\Users\angel\OneDrive\Desktop\Kern\data\processed\features\Playwrite_AU_VIC_200.npz,52,ok,
Playwrite_AU_VIC_300,C:\Users\angel\OneDrive\Desktop\Kern\data\processed\features\Playwrite_AU_VIC_300.npz,52,ok,
Playwrite_AU_VIC_regular,C:\Users\angel\OneDrive\Desktop\Kern\data\processed\features\Playwrite_AU_VIC_regular.npz,52,ok,
Ponnala_regular,C:\Users\angel\OneDrive\Desktop\Kern\data\processed\features\Ponnala_regular.npz,52,ok,
Wavefont_100,C:\Users\angel\OneDrive\Desktop\Kern\data\processed\features\Wavefont_100.npz,52,ok,
Wavefont_200,C:\Users\angel\OneDrive\Desktop\Kern\data\processed\features\Wavefont_200.npz,52,ok,
Wavefont_300,C:\Users\angel\OneDrive\Desktop\Kern\data\processed\features\Wavefont_300.npz,52,ok,
Wavefont_regular,C:\Users\angel\OneDrive\Desktop\Kern\data\processed\features\Wavefont_regular.npz,52,ok,
Wavefont_500,C:\Users\angel\OneDrive\Desktop\Kern\data\processed\features\Wavefont_500.npz,52,ok,
Wavefont_600,C:\Users\angel\OneDrive\Desktop\Kern\data\processed\features\Wavefont_600.npz,52,ok,
Wavefont_700,C:\Users\angel\OneDrive\Desktop\Kern\data\processed\features\Wavefont_700.npz,52,ok,
Wavefont_800,C:\Users\angel\OneDrive\Desktop\Kern\data\processed\features\Wavefont_800.npz,52,ok,
Wavefont_900,C:\Users\angel\OneDrive\Desktop\Kern\data\processed\features\Wavefont_900.npz,52,ok,
Bitcount_Grid_Double_Ink_100,C:\Users\angel\OneDrive\Desktop\Kern\data\processed\features\Bitcount_Grid_Double_Ink_100.npz,52,ok,
Bitcount_Grid_Double_Ink_200,C:\Users\angel\OneDrive\Desktop\Kern\data\processed\features\Bitcount_Grid_Double_Ink_200.npz,52,ok,
Bitcount_Grid_Double_Ink_300,C:\Users\angel\OneDrive\Desktop\Kern\data\processed\features\Bitcount_Grid_Double_Ink_300.npz,52,ok,
Bitcount_Grid_Double_Ink_regular,C:\Users\angel\OneDrive\Desktop\Kern\data\processed\features\Bitcount_Grid_Double_Ink_regular.npz,52,ok,
Bitcount_Grid_Double_Ink_500,C:\Users\angel\OneDrive\Desktop\Kern\data\processed\features\Bitcount_Grid_Double_Ink_500.npz,52,ok,
Bitcount_Grid_Double_Ink_600,C:\Users\angel\OneDrive\Desktop\Kern\data\processed\features\Bitcount_Grid_Double_Ink_600.npz,52,ok,
Bitcount_Grid_Double_Ink_700,C:\Users\angel\OneDrive\Desktop\Kern\data\processed\features\Bitcount_Grid_Double_Ink_700.npz,52,ok,
Bitcount_Grid_Double_Ink_800,C:\Users\angel\OneDrive\Desktop\Kern\data\processed\features\Bitcount_Grid_Double_Ink_800.npz,52,ok,
Bitcount_Grid_Double_Ink_900,C:\Users\angel\OneDrive\Desktop\Kern\data\processed\features\Bitcount_Grid_Double_Ink_900.npz,52,ok,
Finlandica_Headline_100,C:\Users\angel\OneDrive\Desktop\Kern\data\processed\features\Finlandica_Headline_100.npz,52,ok,
Finlandica_Headline_200,C:\Users\angel\OneDrive\Desktop\Kern\data\processed\features\Finlandica_Headline_200.npz,52,ok,
Finlandica_Headline_300,C:\Users\angel\OneDrive\Desktop\Kern\data\processed\features\Finlandica_Headline_300.npz,52,ok,
Finlandica_Headline_regular,C:\Users\angel\OneDrive\Desktop\Kern\data\processed\features\Finlandica_Headline_regular.npz,52,ok,
Finlandica_Headline_500,C:\Users\angel\OneDrive\Desktop\Kern\data\processed\features\Finlandica_Headline_500.npz,52,ok,
Finlandica_Headline_600,C:\Users\angel\OneDrive\Desktop\Kern\data\processed\features\Finlandica_Headline_600.npz,52,ok,
Finlandica_Headline_700,C:\Users\angel\OneDrive\Desktop\Kern\data\processed\features\Finlandica_Headline_700.npz,52,ok,
Finlandica_Headline_800,C:\Users\angel\OneDrive\Desktop\Kern\data\processed\features\Finlandica_Headline_800.npz,52,ok,
Finlandica_Headline_900,C:\Users\angel\OneDrive\Desktop\Kern\data\processed\features\Finlandica_Headline_900.npz,52,ok,
Finlandica_Headline_100italic,C:\Users\angel\OneDrive\Desktop\Kern\data\processed\features\Finlandica_Headline_100italic.npz,52,ok,
Finlandica_Headline_200italic,C:\Users\angel\OneDrive\Desktop\Kern\data\processed\features\Finlandica_Headline_200italic.npz,52,ok,
Finlandica_Headline_300italic,C:\Users\angel\OneDrive\Desktop\Kern\data\processed\features\Finlandica_Headline_300italic.npz,52,ok,
Finlandica_Headline_italic,C:\Users\angel\OneDrive\Desktop\Kern\data\processed\features\Finlandica_Headline_italic.npz,52,ok,
Finlandica_Headline_500italic,C:\Users\angel\OneDrive\Desktop\Kern\data\processed\features\Finlandica_Headline_500italic.npz,52,ok,
Finlandica_Headline_600italic,C:\Users\angel\OneDrive\Desktop\Kern\data\processed\features\Finlandica_Headline_600italic.npz,52,ok,
Finlandica_Headline_700italic,C:\Users\angel\OneDrive\Desktop\Kern\data\processed\features\Finlandica_Headline_700italic.npz,52,ok,
Finlandica_Headline_800italic,C:\Users\angel\OneDrive\Desktop\Kern\data\processed\features\Finlandica_Headline_800italic.npz,52,ok,
Finlandica_Headline_900italic,C:\Users\angel\OneDrive\Desktop\Kern\data\processed\features\Finlandica_Headline_900italic.npz,52,ok,
Strichpunkt_Sans_regular,C:\Users\angel\OneDrive\Desktop\Kern\data\processed\features\Strichpunkt_Sans_regular.npz,52,ok,
Strichpunkt_Sans_500,C:\Users\angel\OneDrive\Desktop\Kern\data\processed\features\Strichpunkt_Sans_500.npz,52,ok,
Strichpunkt_Sans_600,C:\Users\angel\OneDrive\Desktop\Kern\data\processed\features\Strichpunkt_Sans_600.npz,52,ok,
Strichpunkt_Sans_700,C:\Users\angel\OneDrive\Desktop\Kern\data\processed\features\Strichpunkt_Sans_700.npz,52,ok,
Strichpunkt_Sans_800,C:\Users\angel\OneDrive\Desktop\Kern\data\processed\features\Strichpunkt_Sans_800.npz,52,ok,
Strichpunkt_Sans_900,C:\Users\angel\OneDrive\Desktop\Kern\data\processed\features\Strichpunkt_Sans_900.npz,52,ok,
Playwrite_NG_Modern_100,C:\Users\angel\OneDrive\Desktop\Kern\data\processed\features\Playwrite_NG_Modern_100.npz,52,ok,
Playwrite_NG_Modern_200,C:\Users\angel\OneDrive\Desktop\Kern\data\processed\features\Playwrite_NG_Modern_200.npz,52,ok,
Playwrite_NG_Modern_300,C:\Users\angel\OneDrive\Desktop\Kern\data\processed\features\Playwrite_NG_Modern_300.npz,52,ok,
Playwrite_NG_Modern_regular,C:\Users\angel\OneDrive\Desktop\Kern\data\processed\features\Playwrite_NG_Modern_regular.npz,52,ok,
Noto_Sans_Tirhuta_regular,C:\Users\angel\OneDrive\Desktop\Kern\data\processed\features\Noto_Sans_Tirhuta_regular.npz,52,ok,
Noto_Sans_Tagbanwa_regular,C:\Users\angel\OneDrive\Desktop\Kern\data\processed\features\Noto_Sans_Tagbanwa_regular.npz,52,ok,
Padyakke_Expanded_One_regular,C:\Users\angel\OneDrive\Desktop\Kern\data\processed\features\Padyakke_Expanded_One_regular.npz,52,ok,
Matangi_300,C:\Users\angel\OneDrive\Desktop\Kern\data\processed\features\Matangi_300.npz,52,ok,
Matangi_regular,C:\Users\angel\OneDrive\Desktop\Kern\data\processed\features\Matangi_regular.npz,52,ok,
Matangi_500,C:\Users\angel\OneDrive\Desktop\Kern\data\processed\features\Matangi_500.npz,52,ok,
Matangi_600,C:\Users\angel\OneDrive\Desktop\Kern\data\processed\features\Matangi_600.npz,52,ok,
Matangi_700,C:\Users\angel\OneDrive\Desktop\Kern\data\processed\features\Matangi_700.npz,52,ok,
Matangi_800,C:\Users\angel\OneDrive\Desktop\Kern\data\processed\features\Matangi_800.npz,52,ok,
Matangi_900,C:\Users\angel\OneDrive\Desktop\Kern\data\processed\features\Matangi_900.npz,52,ok,
Noto_Serif_Todhri_regular,C:\Users\angel\OneDrive\Desktop\Kern\data\processed\features\Noto_Serif_Todhri_regular.npz,52,ok,
Noto_Serif_NP_Hmong_regular,C:\Users\angel\OneDrive\Desktop\Kern\data\processed\features\Noto_Serif_NP_Hmong_regular.npz,52,ok,
Noto_Serif_NP_Hmong_500,C:\Users\angel\OneDrive\Desktop\Kern\data\processed\features\Noto_Serif_NP_Hmong_500.npz,52,ok,
Noto_Serif_NP_Hmong_600,C:\Users\angel\OneDrive\Desktop\Kern\data\processed\features\Noto_Serif_NP_Hmong_600.npz,52,ok,
Noto_Serif_NP_Hmong_700,C:\Users\angel\OneDrive\Desktop\Kern\data\processed\features\Noto_Serif_NP_Hmong_700.npz,52,ok,
Betania_Patmos_regular,C:\Users\angel\OneDrive\Desktop\Kern\data\processed\features\Betania_Patmos_regular.npz,52,ok,
Noto_Serif_Hentaigana_200,C:\Users\angel\OneDrive\Desktop\Kern\data\processed\features\Noto_Serif_Hentaigana_200.npz,52,ok,
Noto_Serif_Hentaigana_300,C:\Users\angel\OneDrive\Desktop\Kern\data\processed\features\Noto_Serif_Hentaigana_300.npz,52,ok,
Noto_Serif_Hentaigana_regular,C:\Users\angel\OneDrive\Desktop\Kern\data\processed\features\Noto_Serif_Hentaigana_regular.npz,52,ok,
Noto_Serif_Hentaigana_500,C:\Users\angel\OneDrive\Desktop\Kern\data\processed\features\Noto_Serif_Hentaigana_500.npz,52,ok,
Noto_Serif_Hentaigana_600,C:\Users\angel\OneDrive\Desktop\Kern\data\processed\features\Noto_Serif_Hentaigana_600.npz,52,ok,
Noto_Serif_Hentaigana_700,C:\Users\angel\OneDrive\Desktop\Kern\data\processed\features\Noto_Serif_Hentaigana_700.npz,52,ok,
Noto_Serif_Hentaigana_800,C:\Users\angel\OneDrive\Desktop\Kern\data\processed\features\Noto_Serif_Hentaigana_800.npz,52,ok,
Noto_Serif_Hentaigana_900,C:\Users\angel\OneDrive\Desktop\Kern\data\processed\features\Noto_Serif_Hentaigana_900.npz,52,ok,
Playwrite_TZ_100,C:\Users\angel\OneDrive\Desktop\Kern\data\processed\features\Playwrite_TZ_100.npz,52,ok,
Playwrite_TZ_200,C:\Users\angel\OneDrive\Desktop\Kern\data\processed\features\Playwrite_TZ_200.npz,52,ok,
Playwrite_TZ_300,C:\Users\angel\OneDrive\Desktop\Kern\data\processed\features\Playwrite_TZ_300.npz,52,ok,
Playwrite_TZ_regular,C:\Users\angel\OneDrive\Desktop\Kern\data\processed\features\Playwrite_TZ_regular.npz,52,ok,
Libertinus_Keyboard_regular,C:\Users\angel\OneDrive\Desktop\Kern\data\processed\features\Libertinus_Keyboard_regular.npz,52,ok,
Bpmf_Zihi_Kai_Std_regular,C:\Users\angel\OneDrive\Desktop\Kern\data\processed\features\Bpmf_Zihi_Kai_Std_regular.npz,52,ok,
Noto_Sans_Limbu_regular,C:\Users\angel\OneDrive\Desktop\Kern\data\processed\features\Noto_Sans_Limbu_regular.npz,52,ok,
Pochaevsk_regular,C:\Users\angel\OneDrive\Desktop\Kern\data\processed\features\Pochaevsk_regular.npz,52,ok,
Alien_Block_regular,C:\Users\angel\OneDrive\Desktop\Kern\data\processed\features\Alien_Block_regular.npz,52,ok,
Noto_Sans_Sharada_regular,C:\Users\angel\OneDrive\Desktop\Kern\data\processed\features\Noto_Sans_Sharada_regular.npz,52,ok,
Micro_5_Charted_regular,C:\Users\angel\OneDrive\Desktop\Kern\data\processed\features\Micro_5_Charted_regular.npz,52,ok,
Noto_Sans_NKo_Unjoined_regular,C:\Users\angel\OneDrive\Desktop\Kern\data\processed\features\Noto_Sans_NKo_Unjoined_regular.npz,52,ok,
Noto_Sans_NKo_Unjoined_500,C:\Users\angel\OneDrive\Desktop\Kern\data\processed\features\Noto_Sans_NKo_Unjoined_500.npz,52,ok,
Noto_Sans_NKo_Unjoined_600,C:\Users\angel\OneDrive\Desktop\Kern\data\processed\features\Noto_Sans_NKo_Unjoined_600.npz,52,ok,
Noto_Sans_NKo_Unjoined_700,C:\Users\angel\OneDrive\Desktop\Kern\data\processed\features\Noto_Sans_NKo_Unjoined_700.npz,52,ok,
Playwrite_CO_Guides_regular,C:\Users\angel\OneDrive\Desktop\Kern\data\processed\features\Playwrite_CO_Guides_regular.npz,52,ok,
Playwrite_PE_100,C:\Users\angel\OneDrive\Desktop\Kern\data\processed\features\Playwrite_PE_100.npz,52,ok,
Playwrite_PE_200,C:\Users\angel\OneDrive\Desktop\Kern\data\processed\features\Playwrite_PE_200.npz,52,ok,
Playwrite_PE_300,C:\Users\angel\OneDrive\Desktop\Kern\data\processed\features\Playwrite_PE_300.npz,52,ok,
Playwrite_PE_regular,C:\Users\angel\OneDrive\Desktop\Kern\data\processed\features\Playwrite_PE_regular.npz,52,ok,
Noto_Sans_Inscriptional_Pahlavi_regular,C:\Users\angel\OneDrive\Desktop\Kern\data\processed\features\Noto_Sans_Inscriptional_Pahlavi_regular.npz,52,ok,
Kay_Pho_Du_regular,C:\Users\angel\OneDrive\Desktop\Kern\data\processed\features\Kay_Pho_Du_regular.npz,52,ok,
Kay_Pho_Du_500,C:\Users\angel\OneDrive\Desktop\Kern\data\processed\features\Kay_Pho_Du_500.npz,52,ok,
Kay_Pho_Du_600,C:\Users\angel\OneDrive\Desktop\Kern\data\processed\features\Kay_Pho_Du_600.npz,52,ok,
Kay_Pho_Du_700,C:\Users\angel\OneDrive\Desktop\Kern\data\processed\features\Kay_Pho_Du_700.npz,52,ok,
Playwrite_CO_100,C:\Users\angel\OneDrive\Desktop\Kern\data\processed\features\Playwrite_CO_100.npz,52,ok,
Playwrite_CO_200,C:\Users\angel\OneDrive\Desktop\Kern\data\processed\features\Playwrite_CO_200.npz,52,ok,
Playwrite_CO_300,C:\Users\angel\OneDrive\Desktop\Kern\data\processed\features\Playwrite_CO_300.npz,52,ok,
Playwrite_CO_regular,C:\Users\angel\OneDrive\Desktop\Kern\data\processed\features\Playwrite_CO_regular.npz,52,ok,
Noto_Sans_Vai_regular,C:\Users\angel\OneDrive\Desktop\Kern\data\processed\features\Noto_Sans_Vai_regular.npz,52,ok,
Bpmf_Iansui_regular,C:\Users\angel\OneDrive\Desktop\Kern\data\processed\features\Bpmf_Iansui_regular.npz,52,ok,
Noto_Serif_Grantha_regular,C:\Users\angel\OneDrive\Desktop\Kern\data\processed\features\Noto_Serif_Grantha_regular.npz,52,ok,
Noto_Sans_Ugaritic_regular,C:\Users\angel\OneDrive\Desktop\Kern\data\processed\features\Noto_Sans_Ugaritic_regular.npz,52,ok,
Noto_Sans_Imperial_Aramaic_regular,C:\Users\angel\OneDrive\Desktop\Kern\data\processed\features\Noto_Sans_Imperial_Aramaic_regular.npz,52,ok,
Noto_Sans_Tai_Tham_regular,C:\Users\angel\OneDrive\Desktop\Kern\data\processed\features\Noto_Sans_Tai_Tham_regular.npz,52,ok,
Noto_Sans_Tai_Tham_500,C:\Users\angel\OneDrive\Desktop\Kern\data\processed\features\Noto_Sans_Tai_Tham_500.npz,52,ok,
Noto_Sans_Tai_Tham_600,C:\Users\angel\OneDrive\Desktop\Kern\data\processed\features\Noto_Sans_Tai_Tham_600.npz,52,ok,
Noto_Sans_Tai_Tham_700,C:\Users\angel\OneDrive\Desktop\Kern\data\processed\features\Noto_Sans_Tai_Tham_700.npz,52,ok,
Playwrite_CL_100,C:\Users\angel\OneDrive\Desktop\Kern\data\processed\features\Playwrite_CL_100.npz,52,ok,
Playwrite_CL_200,C:\Users\angel\OneDrive\Desktop\Kern\data\processed\features\Playwrite_CL_200.npz,52,ok,
Playwrite_CL_300,C:\Users\angel\OneDrive\Desktop\Kern\data\processed\features\Playwrite_CL_300.npz,52,ok,
Playwrite_CL_regular,C:\Users\angel\OneDrive\Desktop\Kern\data\processed\features\Playwrite_CL_regular.npz,52,ok,
Edu_VIC_WA_NT_Hand_Pre_regular,C:\Users\angel\OneDrive\Desktop\Kern\data\processed\features\Edu_VIC_WA_NT_Hand_Pre_regular.npz,52,ok,
Edu_VIC_WA_NT_Hand_Pre_500,C:\Users\angel\OneDrive\Desktop\Kern\data\processed\features\Edu_VIC_WA_NT_Hand_Pre_500.npz,52,ok,
Edu_VIC_WA_NT_Hand_Pre_600,C:\Users\angel\OneDrive\Desktop\Kern\data\processed\features\Edu_VIC_WA_NT_Hand_Pre_600.npz,52,ok,
Edu_VIC_WA_NT_Hand_Pre_700,C:\Users\angel\OneDrive\Desktop\Kern\data\processed\features\Edu_VIC_WA_NT_Hand_Pre_700.npz,52,ok,
Noto_Sans_Buginese_regular,C:\Users\angel\OneDrive\Desktop\Kern\data\processed\features\Noto_Sans_Buginese_regular.npz,52,ok,
Edu_QLD_Hand_regular,C:\Users\angel\OneDrive\Desktop\Kern\data\processed\features\Edu_QLD_Hand_regular.npz,52,ok,
Edu_QLD_Hand_500,C:\Users\angel\OneDrive\Desktop\Kern\data\processed\features\Edu_QLD_Hand_500.npz,52,ok,
Edu_QLD_Hand_600,C:\Users\angel\OneDrive\Desktop\Kern\data\processed\features\Edu_QLD_Hand_600.npz,52,ok,
Edu_QLD_Hand_700,C:\Users\angel\OneDrive\Desktop\Kern\data\processed\features\Edu_QLD_Hand_700.npz,52,ok,
Jacquard_24_Charted_regular,C:\Users\angel\OneDrive\Desktop\Kern\data\processed\features\Jacquard_24_Charted_regular.npz,52,ok,
Noto_Sans_Old_South_Arabian_regular,C:\Users\angel\OneDrive\Desktop\Kern\data\processed\features\Noto_Sans_Old_South_Arabian_regular.npz,52,ok,
Noto_Sans_Kawi_regular,C:\Users\angel\OneDrive\Desktop\Kern\data\processed\features\Noto_Sans_Kawi_regular.npz,52,ok,
Noto_Sans_Kawi_500,C:\Users\angel\OneDrive\Desktop\Kern\data\processed\features\Noto_Sans_Kawi_500.npz,52,ok,
Noto_Sans_Kawi_600,C:\Users\angel\OneDrive\Desktop\Kern\data\processed\features\Noto_Sans_Kawi_600.npz,52,ok,
Noto_Sans_Kawi_700,C:\Users\angel\OneDrive\Desktop\Kern\data\processed\features\Noto_Sans_Kawi_700.npz,52,ok,
Noto_Sans_Sogdian_regular,C:\Users\angel\OneDrive\Desktop\Kern\data\processed\features\Noto_Sans_Sogdian_regular.npz,52,ok,
Noto_Sans_Mayan_Numerals_regular,C:\Users\angel\OneDrive\Desktop\Kern\data\processed\features\Noto_Sans_Mayan_Numerals_regular.npz,52,ok,
Jersey_15_Charted_regular,C:\Users\angel\OneDrive\Desktop\Kern\data\processed\features\Jersey_15_Charted_regular.npz,52,ok,
Noto_Sans_Chakma_regular,C:\Users\angel\OneDrive\Desktop\Kern\data\processed\features\Noto_Sans_Chakma_regular.npz,52,ok,
Noto_Sans_Hatran_regular,C:\Users\angel\OneDrive\Desktop\Kern\data\processed\features\Noto_Sans_Hatran_regular.npz,52,ok,
Jersey_25_Charted_regular,C:\Users\angel\OneDrive\Desktop\Kern\data\processed\features\Jersey_25_Charted_regular.npz,52,ok,
Noto_Sans_Caucasian_Albanian_regular,C:\Users\angel\OneDrive\Desktop\Kern\data\processed\features\Noto_Sans_Caucasian_Albanian_regular.npz,52,ok,
Noto_Sans_Linear_B_regular,C:\Users\angel\OneDrive\Desktop\Kern\data\processed\features\Noto_Sans_Linear_B_regular.npz,52,ok,
Idiqlat_200,C:\Users\angel\OneDrive\Desktop\Kern\data\processed\features\Idiqlat_200.npz,52,ok,
Idiqlat_300,C:\Users\angel\OneDrive\Desktop\Kern\data\processed\features\Idiqlat_300.npz,52,ok,
Idiqlat_regular,C:\Users\angel\OneDrive\Desktop\Kern\data\processed\features\Idiqlat_regular.npz,52,ok,
Betania_Patmos_In_regular,C:\Users\angel\OneDrive\Desktop\Kern\data\processed\features\Betania_Patmos_In_regular.npz,52,ok,
Playwrite_ES_Deco_100,C:\Users\angel\OneDrive\Desktop\Kern\data\processed\features\Playwrite_ES_Deco_100.npz,52,ok,
Playwrite_ES_Deco_200,C:\Users\angel\OneDrive\Desktop\Kern\data\processed\features\Playwrite_ES_Deco_200.npz,52,ok,
Playwrite_ES_Deco_300,C:\Users\angel\OneDrive\Desktop\Kern\data\processed\features\Playwrite_ES_Deco_300.npz,52,ok,
Playwrite_ES_Deco_regular,C:\Users\angel\OneDrive\Desktop\Kern\data\processed\features\Playwrite_ES_Deco_regular.npz,52,ok,
Playwrite_AU_VIC_Guides_regular,C:\Users\angel\OneDrive\Desktop\Kern\data\processed\features\Playwrite_AU_VIC_Guides_regular.npz,52,ok,
Noto_Sans_Miao_regular,C:\Users\angel\OneDrive\Desktop\Kern\data\processed\features\Noto_Sans_Miao_regular.npz,52,ok,
Betania_Patmos_In_GDL_regular,C:\Users\angel\OneDrive\Desktop\Kern\data\processed\features\Betania_Patmos_In_GDL_regular.npz,52,ok,
Noto_Sans_SignWriting_regular,C:\Users\angel\OneDrive\Desktop\Kern\data\processed\features\Noto_Sans_SignWriting_regular.npz,52,ok,
Noto_Sans_Bassa_Vah_regular,C:\Users\angel\OneDrive\Desktop\Kern\data\processed\features\Noto_Sans_Bassa_Vah_regular.npz,52,ok,
Noto_Sans_Bassa_Vah_500,C:\Users\angel\OneDrive\Desktop\Kern\data\processed\features\Noto_Sans_Bassa_Vah_500.npz,52,ok,
Noto_Sans_Bassa_Vah_600,C:\Users\angel\OneDrive\Desktop\Kern\data\processed\features\Noto_Sans_Bassa_Vah_600.npz,52,ok,
Noto_Sans_Bassa_Vah_700,C:\Users\angel\OneDrive\Desktop\Kern\data\processed\features\Noto_Sans_Bassa_Vah_700.npz,52,ok,
Kanchenjunga_regular,C:\Users\angel\OneDrive\Desktop\Kern\data\processed\features\Kanchenjunga_regular.npz,52,ok,
Kanchenjunga_500,C:\Users\angel\OneDrive\Desktop\Kern\data\processed\features\Kanchenjunga_500.npz,52,ok,
Kanchenjunga_600,C:\Users\angel\OneDrive\Desktop\Kern\data\processed\features\Kanchenjunga_600.npz,52,ok,
Kanchenjunga_700,C:\Users\angel\OneDrive\Desktop\Kern\data\processed\features\Kanchenjunga_700.npz,52,ok,
Playwrite_BR_100,C:\Users\angel\OneDrive\Desktop\Kern\data\processed\features\Playwrite_BR_100.npz,52,ok,
Playwrite_BR_200,C:\Users\angel\OneDrive\Desktop\Kern\data\processed\features\Playwrite_BR_200.npz,52,ok,
Playwrite_BR_300,C:\Users\angel\OneDrive\Desktop\Kern\data\processed\features\Playwrite_BR_300.npz,52,ok,
Playwrite_BR_regular,C:\Users\angel\OneDrive\Desktop\Kern\data\processed\features\Playwrite_BR_regular.npz,52,ok,
Noto_Sans_Syriac_Western_100,C:\Users\angel\OneDrive\Desktop\Kern\data\processed\features\Noto_Sans_Syriac_Western_100.npz,52,ok,
Noto_Sans_Syriac_Western_200,C:\Users\angel\OneDrive\Desktop\Kern\data\processed\features\Noto_Sans_Syriac_Western_200.npz,52,ok,
Noto_Sans_Syriac_Western_300,C:\Users\angel\OneDrive\Desktop\Kern\data\processed\features\Noto_Sans_Syriac_Western_300.npz,52,ok,
Noto_Sans_Syriac_Western_regular,C:\Users\angel\OneDrive\Desktop\Kern\data\processed\features\Noto_Sans_Syriac_Western_regular.npz,52,ok,
Noto_Sans_Syriac_Western_500,C:\Users\angel\OneDrive\Desktop\Kern\data\processed\features\Noto_Sans_Syriac_Western_500.npz,52,ok,
Noto_Sans_Syriac_Western_600,C:\Users\angel\OneDrive\Desktop\Kern\data\processed\features\Noto_Sans_Syriac_Western_600.npz,52,ok,
Noto_Sans_Syriac_Western_700,C:\Users\angel\OneDrive\Desktop\Kern\data\processed\features\Noto_Sans_Syriac_Western_700.npz,52,ok,
Noto_Sans_Syriac_Western_800,C:\Users\angel\OneDrive\Desktop\Kern\data\processed\features\Noto_Sans_Syriac_Western_800.npz,52,ok,
Noto_Sans_Syriac_Western_900,C:\Users\angel\OneDrive\Desktop\Kern\data\processed\features\Noto_Sans_Syriac_Western_900.npz,52,ok,
Betania_Patmos_GDL_regular,C:\Users\angel\OneDrive\Desktop\Kern\data\processed\features\Betania_Patmos_GDL_regular.npz,52,ok,
Playwrite_IE_Guides_regular,C:\Users\angel\OneDrive\Desktop\Kern\data\processed\features\Playwrite_IE_Guides_regular.npz,52,ok,
Noto_Sans_Cypriot_regular,C:\Users\angel\OneDrive\Desktop\Kern\data\processed\features\Noto_Sans_Cypriot_regular.npz,52,ok,
Noto_Sans_Phoenician_regular,C:\Users\angel\OneDrive\Desktop\Kern\data\processed\features\Noto_Sans_Phoenician_regular.npz,52,ok,
Noto_Sans_PhagsPa_regular,C:\Users\angel\OneDrive\Desktop\Kern\data\processed\features\Noto_Sans_PhagsPa_regular.npz,52,ok,
Playwrite_US_Trad_Guides_regular,C:\Users\angel\OneDrive\Desktop\Kern\data\processed\features\Playwrite_US_Trad_Guides_regular.npz,52,ok,
Playwrite_IN_Guides_regular,C:\Users\angel\OneDrive\Desktop\Kern\data\processed\features\Playwrite_IN_Guides_regular.npz,52,ok,
Jersey_20_Charted_regular,C:\Users\angel\OneDrive\Desktop\Kern\data\processed\features\Jersey_20_Charted_regular.npz,52,ok,
Noto_Sans_Gunjala_Gondi_regular,C:\Users\angel\OneDrive\Desktop\Kern\data\processed\features\Noto_Sans_Gunjala_Gondi_regular.npz,52,ok,
Noto_Sans_Gunjala_Gondi_500,C:\Users\angel\OneDrive\Desktop\Kern\data\processed\features\Noto_Sans_Gunjala_Gondi_500.npz,52,ok,
Noto_Sans_Gunjala_Gondi_600,C:\Users\angel\OneDrive\Desktop\Kern\data\processed\features\Noto_Sans_Gunjala_Gondi_600.npz,52,ok,
Noto_Sans_Gunjala_Gondi_700,C:\Users\angel\OneDrive\Desktop\Kern\data\processed\features\Noto_Sans_Gunjala_Gondi_700.npz,52,ok,
Noto_Sans_Rejang_regular,C:\Users\angel\OneDrive\Desktop\Kern\data\processed\features\Noto_Sans_Rejang_regular.npz,52,ok,
Noto_Sans_Nushu_regular,C:\Users\angel\OneDrive\Desktop\Kern\data\processed\features\Noto_Sans_Nushu_regular.npz,52,ok,
Noto_Sans_Elymaic_regular,C:\Users\angel\OneDrive\Desktop\Kern\data\processed\features\Noto_Sans_Elymaic_regular.npz,52,ok,
Noto_Sans_Mro_regular,C:\Users\angel\OneDrive\Desktop\Kern\data\processed\features\Noto_Sans_Mro_regular.npz,52,ok,
Noto_Sans_Ogham_regular,C:\Users\angel\OneDrive\Desktop\Kern\data\processed\features\Noto_Sans_Ogham_regular.npz,52,ok,
Jacquarda_Bastarda_9_Charted_regular,C:\Users\angel\OneDrive\Desktop\Kern\data\processed\features\Jacquarda_Bastarda_9_Charted_regular.npz,52,ok,
Playwrite_TZ_Guides_regular,C:\Users\angel\OneDrive\Desktop\Kern\data\processed\features\Playwrite_TZ_Guides_regular.npz,52,ok,
Yarndings_20_regular,C:\Users\angel\OneDrive\Desktop\Kern\data\processed\features\Yarndings_20_regular.npz,52,ok,
Yuji_Hentaigana_Akebono_regular,C:\Users\angel\OneDrive\Desktop\Kern\data\processed\features\Yuji_Hentaigana_Akebono_regular.npz,52,ok,
Noto_Sans_Psalter_Pahlavi_regular,C:\Users\angel\OneDrive\Desktop\Kern\data\processed\features\Noto_Sans_Psalter_Pahlavi_regular.npz,52,ok,
Playwrite_NZ_Basic_Guides_regular,C:\Users\angel\OneDrive\Desktop\Kern\data\processed\features\Playwrite_NZ_Basic_Guides_regular.npz,52,ok,
Noto_Sans_Mandaic_regular,C:\Users\angel\OneDrive\Desktop\Kern\data\processed\features\Noto_Sans_Mandaic_regular.npz,52,ok,
Noto_Sans_Tamil_Supplement_regular,C:\Users\angel\OneDrive\Desktop\Kern\data\processed\features\Noto_Sans_Tamil_Supplement_regular.npz,52,ok,
Noto_Sans_Khudawadi_regular,C:\Users\angel\OneDrive\Desktop\Kern\data\processed\features\Noto_Sans_Khudawadi_regular.npz,52,ok,
Playwrite_PL_Guides_regular,C:\Users\angel\OneDrive\Desktop\Kern\data\processed\features\Playwrite_PL_Guides_regular.npz,52,ok,
Playwrite_PT_Guides_regular,C:\Users\angel\OneDrive\Desktop\Kern\data\processed\features\Playwrite_PT_Guides_regular.npz,52,ok,
Noto_Sans_Masaram_Gondi_regular,C:\Users\angel\OneDrive\Desktop\Kern\data\processed\features\Noto_Sans_Masaram_Gondi_regular.npz,52,ok,
Noto_Sans_Modi_regular,C:\Users\angel\OneDrive\Desktop\Kern\data\processed\features\Noto_Sans_Modi_regular.npz,52,ok,
Noto_Sans_Chorasmian_regular,C:\Users\angel\OneDrive\Desktop\Kern\data\processed\features\Noto_Sans_Chorasmian_regular.npz,52,ok,
Noto_Sans_Kayah_Li_regular,C:\Users\angel\OneDrive\Desktop\Kern\data\processed\features\Noto_Sans_Kayah_Li_regular.npz,52,ok,
Noto_Sans_Kayah_Li_500,C:\Users\angel\OneDrive\Desktop\Kern\data\processed\features\Noto_Sans_Kayah_Li_500.npz,52,ok,
Noto_Sans_Kayah_Li_600,C:\Users\angel\OneDrive\Desktop\Kern\data\processed\features\Noto_Sans_Kayah_Li_600.npz,52,ok,
Noto_Sans_Kayah_Li_700,C:\Users\angel\OneDrive\Desktop\Kern\data\processed\features\Noto_Sans_Kayah_Li_700.npz,52,ok,
Noto_Sans_Lepcha_regular,C:\Users\angel\OneDrive\Desktop\Kern\data\processed\features\Noto_Sans_Lepcha_regular.npz,52,ok,
Noto_Sans_Old_Sogdian_regular,C:\Users\angel\OneDrive\Desktop\Kern\data\processed\features\Noto_Sans_Old_Sogdian_regular.npz,52,ok,
Noto_Sans_Pau_Cin_Hau_regular,C:\Users\angel\OneDrive\Desktop\Kern\data\processed\features\Noto_Sans_Pau_Cin_Hau_regular.npz,52,ok,
Yarndings_12_regular,C:\Users\angel\OneDrive\Desktop\Kern\data\processed\features\Yarndings_12_regular.npz,52,ok,
Playwrite_PE_Guides_regular,C:\Users\angel\OneDrive\Desktop\Kern\data\processed\features\Playwrite_PE_Guides_regular.npz,52,ok,
Noto_Sans_Saurashtra_regular,C:\Users\angel\OneDrive\Desktop\Kern\data\processed\features\Noto_Sans_Saurashtra_regular.npz,52,ok,
Noto_Sans_Manichaean_regular,C:\Users\angel\OneDrive\Desktop\Kern\data\processed\features\Noto_Sans_Manichaean_regular.npz,52,ok,
Noto_Sans_Deseret_regular,C:\Users\angel\OneDrive\Desktop\Kern\data\processed\features\Noto_Sans_Deseret_regular.npz,52,ok,
Noto_Sans_Soyombo_regular,C:\Users\angel\OneDrive\Desktop\Kern\data\processed\features\Noto_Sans_Soyombo_regular.npz,52,ok,
Playwrite_DE_Grund_Guides_regular,C:\Users\angel\OneDrive\Desktop\Kern\data\processed\features\Playwrite_DE_Grund_Guides_regular.npz,52,ok,
Ramsina_regular,C:\Users\angel\OneDrive\Desktop\Kern\data\processed\features\Ramsina_regular.npz,52,ok,
Playwrite_IT_Trad_100,C:\Users\angel\OneDrive\Desktop\Kern\data\processed\features\Playwrite_IT_Trad_100.npz,52,ok,
Playwrite_IT_Trad_200,C:\Users\angel\OneDrive\Desktop\Kern\data\processed\features\Playwrite_IT_Trad_200.npz,52,ok,
Playwrite_IT_Trad_300,C:\Users\angel\OneDrive\Desktop\Kern\data\processed\features\Playwrite_IT_Trad_300.npz,52,ok,
Playwrite_IT_Trad_regular,C:\Users\angel\OneDrive\Desktop\Kern\data\processed\features\Playwrite_IT_Trad_regular.npz,52,ok,
Playwrite_FR_Trad_100,C:\Users\angel\OneDrive\Desktop\Kern\data\processed\features\Playwrite_FR_Trad_100.npz,52,ok,
Playwrite_FR_Trad_200,C:\Users\angel\OneDrive\Desktop\Kern\data\processed\features\Playwrite_FR_Trad_200.npz,52,ok,
Playwrite_FR_Trad_300,C:\Users\angel\OneDrive\Desktop\Kern\data\processed\features\Playwrite_FR_Trad_300.npz,52,ok,
Playwrite_FR_Trad_regular,C:\Users\angel\OneDrive\Desktop\Kern\data\processed\features\Playwrite_FR_Trad_regular.npz,52,ok,
Noto_Sans_Siddham_regular,C:\Users\angel\OneDrive\Desktop\Kern\data\processed\features\Noto_Sans_Siddham_regular.npz,52,ok,
Playwrite_GB_S_Guides_regular,C:\Users\angel\OneDrive\Desktop\Kern\data\processed\features\Playwrite_GB_S_Guides_regular.npz,52,ok,
Playwrite_GB_S_Guides_italic,C:\Users\angel\OneDrive\Desktop\Kern\data\processed\features\Playwrite_GB_S_Guides_italic.npz,52,ok,
Noto_Sans_Kharoshthi_regular,C:\Users\angel\OneDrive\Desktop\Kern\data\processed\features\Noto_Sans_Kharoshthi_regular.npz,52,ok,
Playwrite_GB_J_Guides_regular,C:\Users\angel\OneDrive\Desktop\Kern\data\processed\features\Playwrite_GB_J_Guides_regular.npz,52,ok,
Playwrite_GB_J_Guides_italic,C:\Users\angel\OneDrive\Desktop\Kern\data\processed\features\Playwrite_GB_J_Guides_italic.npz,52,ok,
Playwrite_DE_VA_100,C:\Users\angel\OneDrive\Desktop\Kern\data\processed\features\Playwrite_DE_VA_100.npz,52,ok,
Playwrite_DE_VA_200,C:\Users\angel\OneDrive\Desktop\Kern\data\processed\features\Playwrite_DE_VA_200.npz,52,ok,
Playwrite_DE_VA_300,C:\Users\angel\OneDrive\Desktop\Kern\data\processed\features\Playwrite_DE_VA_300.npz,52,ok,
Playwrite_DE_VA_regular,C:\Users\angel\OneDrive\Desktop\Kern\data\processed\features\Playwrite_DE_VA_regular.npz,52,ok,
Playwrite_CU_Guides_regular,C:\Users\angel\OneDrive\Desktop\Kern\data\processed\features\Playwrite_CU_Guides_regular.npz,52,ok,
Playwrite_IT_Moderna_Guides_regular,C:\Users\angel\OneDrive\Desktop\Kern\data\processed\features\Playwrite_IT_Moderna_Guides_regular.npz,52,ok,
Yarndings_12_Charted_regular,C:\Users\angel\OneDrive\Desktop\Kern\data\processed\features\Yarndings_12_Charted_regular.npz,52,ok,
Playwrite_BE_WAL_Guides_regular,C:\Users\angel\OneDrive\Desktop\Kern\data\processed\features\Playwrite_BE_WAL_Guides_regular.npz,52,ok,
Playwrite_ES_Deco_Guides_regular,C:\Users\angel\OneDrive\Desktop\Kern\data\processed\features\Playwrite_ES_Deco_Guides_regular.npz,52,ok,
Noto_Sans_Lycian_regular,C:\Users\angel\OneDrive\Desktop\Kern\data\processed\features\Noto_Sans_Lycian_regular.npz,52,ok,
Playwrite_DE_VA_Guides_regular,C:\Users\angel\OneDrive\Desktop\Kern\data\processed\features\Playwrite_DE_VA_Guides_regular.npz,52,ok,
Playwrite_DK_Uloopet_Guides_regular,C:\Users\angel\OneDrive\Desktop\Kern\data\processed\features\Playwrite_DK_Uloopet_Guides_regular.npz,52,ok,
Playwrite_AR_Guides_regular,C:\Users\angel\OneDrive\Desktop\Kern\data\processed\features\Playwrite_AR_Guides_regular.npz,52,ok,
Playwrite_FR_Trad_Guides_regular,C:\Users\angel\OneDrive\Desktop\Kern\data\processed\features\Playwrite_FR_Trad_Guides_regular.npz,52,ok,
Playwrite_FR_Moderne_Guides_regular,C:\Users\angel\OneDrive\Desktop\Kern\data\processed\features\Playwrite_FR_Moderne_Guides_regular.npz,52,ok,
Playwrite_BR_Guides_regular,C:\Users\angel\OneDrive\Desktop\Kern\data\processed\features\Playwrite_BR_Guides_regular.npz,52,ok,
Playwrite_IT_Trad_Guides_regular,C:\Users\angel\OneDrive\Desktop\Kern\data\processed\features\Playwrite_IT_Trad_Guides_regular.npz,52,ok,
Playwrite_AU_SA_Guides_regular,C:\Users\angel\OneDrive\Desktop\Kern\data\processed\features\Playwrite_AU_SA_Guides_regular.npz,52,ok,
Playwrite_DE_LA_Guides_regular,C:\Users\angel\OneDrive\Desktop\Kern\data\processed\features\Playwrite_DE_LA_Guides_regular.npz,52,ok,
Playwrite_US_Modern_Guides_regular,C:\Users\angel\OneDrive\Desktop\Kern\data\processed\features\Playwrite_US_Modern_Guides_regular.npz,52,ok,
Playwrite_ZA_Guides_regular,C:\Users\angel\OneDrive\Desktop\Kern\data\processed\features\Playwrite_ZA_Guides_regular.npz,52,ok,
Playwrite_CL_Guides_regular,C:\Users\angel\OneDrive\Desktop\Kern\data\processed\features\Playwrite_CL_Guides_regular.npz,52,ok,
Playwrite_DK_Loopet_Guides_regular,C:\Users\angel\OneDrive\Desktop\Kern\data\processed\features\Playwrite_DK_Loopet_Guides_regular.npz,52,ok,
Playwrite_NO_Guides_regular,C:\Users\angel\OneDrive\Desktop\Kern\data\processed\features\Playwrite_NO_Guides_regular.npz,52,ok,
Playwrite_HU_Guides_regular,C:\Users\angel\OneDrive\Desktop\Kern\data\processed\features\Playwrite_HU_Guides_regular.npz,52,ok,
Playwrite_ID_Guides_regular,C:\Users\angel\OneDrive\Desktop\Kern\data\processed\features\Playwrite_ID_Guides_regular.npz,52,ok,
Playwrite_AU_TAS_Guides_regular,C:\Users\angel\OneDrive\Desktop\Kern\data\processed\features\Playwrite_AU_TAS_Guides_regular.npz,52,ok,
Playwrite_NL_Guides_regular,C:\Users\angel\OneDrive\Desktop\Kern\data\processed\features\Playwrite_NL_Guides_regular.npz,52,ok,
Playwrite_NG_Modern_Guides_regular,C:\Users\angel\OneDrive\Desktop\Kern\data\processed\features\Playwrite_NG_Modern_Guides_regular.npz,52,ok,
Playwrite_ES_Guides_regular,C:\Users\angel\OneDrive\Desktop\Kern\data\processed\features\Playwrite_ES_Guides_regular.npz,52,ok,
Playwrite_AT_Guides_regular,C:\Users\angel\OneDrive\Desktop\Kern\data\processed\features\Playwrite_AT_Guides_regular.npz,52,ok,
Playwrite_AT_Guides_italic,C:\Users\angel\OneDrive\Desktop\Kern\data\processed\features\Playwrite_AT_Guides_italic.npz,52,ok,
Playwrite_AU_QLD_Guides_regular,C:\Users\angel\OneDrive\Desktop\Kern\data\processed\features\Playwrite_AU_QLD_Guides_regular.npz,52,ok,
Playwrite_AU_NSW_Guides_regular,C:\Users\angel\OneDrive\Desktop\Kern\data\processed\features\Playwrite_AU_NSW_Guides_regular.npz,52,ok,
Playwrite_BE_VLG_Guides_regular,C:\Users\angel\OneDrive\Desktop\Kern\data\processed\features\Playwrite_BE_VLG_Guides_regular.npz,52,ok,
Playwrite_HR_Lijeva_Guides_regular,C:\Users\angel\OneDrive\Desktop\Kern\data\processed\features\Playwrite_HR_Lijeva_Guides_regular.npz,52,ok,
Playwrite_DE_SAS_Guides_regular,C:\Users\angel\OneDrive\Desktop\Kern\data\processed\features\Playwrite_DE_SAS_Guides_regular.npz,52,ok,
Playwrite_CA_Guides_regular,C:\Users\angel\OneDrive\Desktop\Kern\data\processed\features\Playwrite_CA_Guides_regular.npz,52,ok,
Playwrite_HR_Guides_regular,C:\Users\angel\OneDrive\Desktop\Kern\data\processed\features\Playwrite_HR_Guides_regular.npz,52,ok,
Playwrite_SK_Guides_regular,C:\Users\angel\OneDrive\Desktop\Kern\data\processed\features\Playwrite_SK_Guides_regular.npz,52,ok,
Playwrite_CZ_Guides_regular,C:\Users\angel\OneDrive\Desktop\Kern\data\processed\features\Playwrite_CZ_Guides_regular.npz,52,ok,
Playwrite_IS_Guides_regular,C:\Users\angel\OneDrive\Desktop\Kern\data\processed\features\Playwrite_IS_Guides_regular.npz,52,ok,
Playwrite_RO_Guides_regular,C:\Users\angel\OneDrive\Desktop\Kern\data\processed\features\Playwrite_RO_Guides_regular.npz,52,ok,
