family,stem,variant,ttf,status,num_pairs,total_pairs,zero_kern,num_explicit,num_class,error
Roboto,Roboto_100,100,C:\Users\angel\OneDrive\Desktop\Kern\data\raw\fonts\Roboto_100.ttf,ok,52,3218,3166,52,0,
Roboto,Roboto_200,200,C:\Users\angel\OneDrive\Desktop\Kern\data\raw\fonts\Roboto_200.ttf,ok,52,3218,3166,52,0,
Roboto,Roboto_300,300,C:\Users\angel\OneDrive\Desktop\Kern\data\raw\fonts\Roboto_300.ttf,ok,52,3218,3166,52,0,
Roboto,Roboto_regular,regular,C:\Users\angel\OneDrive\Desktop\Kern\data\raw\fonts\Roboto_regular.ttf,ok,52,3218,3166,52,0,
Roboto,Roboto_500,500,C:\Users\angel\OneDrive\Desktop\Kern\data\raw\fonts\Roboto_500.ttf,ok,52,3218,3166,52,0,
Roboto,Roboto_600,600,C:\Users\angel\OneDrive\Desktop\Kern\data\raw\fonts\Roboto_600.ttf,ok,52,3218,3166,52,0,
Roboto,Roboto_700,700,C:\Users\angel\OneDrive\Desktop\Kern\data\raw\fonts\Roboto_700.ttf,ok,52,3218,3166,52,0,
Roboto,Roboto_800,800,C:\Users\angel\OneDrive\Desktop\Kern\data\raw\fonts\Roboto_800.ttf,ok,52,3218,3166,52,0,
Roboto,Roboto_900,900,C:\Users\angel\OneDrive\Desktop\Kern\data\raw\fonts\Roboto_900.ttf,ok,52,3218,3166,52,0,
Roboto,Roboto_100italic,100italic,C:\Users\angel\OneDrive\Desktop\Kern\data\raw\fonts\Roboto_100italic.ttf,ok,52,3218,3166,52,0,
Roboto,Roboto_200italic,200italic,C:\Users\angel\OneDrive\Desktop\Kern\data\raw\fonts\Roboto_200italic.ttf,ok,52,3218,3166,52,0,
Roboto,Roboto_300italic,300italic,C:\Users\angel\OneDrive\Desktop\Kern\data\raw\fonts\Roboto_300italic.ttf,ok,52,3218,3166,52,0,
Roboto,Roboto_italic,italic,C:\Users\angel\OneDrive\Desktop\Kern\data\raw\fonts\Roboto_italic.ttf,ok,52,3218,3166,52,0,
Roboto,Roboto_500italic,500italic,C:\Users\angel\OneDrive\Desktop\Kern\data\raw\fonts\Roboto_500italic.ttf,ok,52,3218,3166,52,0,
Roboto,Roboto_600italic,600italic,C:\Users\angel\OneDrive\Desktop\Kern\data\raw\fonts\Roboto_600italic.ttf,ok,52,3218,3166,52,0,
Roboto,Roboto_700italic,700italic,C:\Users\angel\OneDrive\Desktop\Kern\data\raw\fonts\Roboto_700italic.ttf,ok,52,3218,3166,52,0,
Roboto,Roboto_800italic,800italic,C:\Users\angel\OneDrive\Desktop\Kern\data\raw\fonts\Roboto_800italic.ttf,ok,52,3218,3166,52,0,
Roboto,Roboto_900italic,900italic,C:\Users\angel\OneDrive\Desktop\Kern\data\raw\fonts\Roboto_900italic.ttf,ok,52,3218,3166,52,0,
Open Sans,Open_Sans_300,300,C:\Users\angel\OneDrive\Desktop\Kern\data\raw\fonts\Open_Sans_300.ttf,ok,0,0,0,0,0,
Open Sans,Open_Sans_regular,regular,C:\Users\angel\OneDrive\Desktop\Kern\data\raw\fonts\Open_Sans_regular.ttf,ok,0,0,0,0,0,
Open Sans,Open_Sans_500,500,C:\Users\angel\OneDrive\Desktop\Kern\data\raw\fonts\Open_Sans_500.ttf,ok,0,0,0,0,0,
Open Sans,Open_Sans_600,600,C:\Users\angel\OneDrive\Desktop\Kern\data\raw\fonts\Open_Sans_600.ttf,ok,0,0,0,0,0,
Open Sans,Open_Sans_700,700,C:\Users\angel\OneDrive\Desktop\Kern\data\raw\fonts\Open_Sans_700.ttf,ok,0,0,0,0,0,
Open Sans,Open_Sans_800,800,C:\Users\angel\OneDrive\Desktop\Kern\data\raw\fonts\Open_Sans_800.ttf,ok,0,0,0,0,0,
Open Sans,Open_Sans_300italic,300italic,C:\Users\angel\OneDrive\Desktop\Kern\data\raw\fonts\Open_Sans_300italic.ttf,ok,0,0,0,0,0,
Open Sans,Open_Sans_italic,italic,C:\Users\angel\OneDrive\Desktop\Kern\data\raw\fonts\Open_Sans_italic.ttf,ok,0,0,0,0,0,
Open Sans,Open_Sans_500italic,500italic,C:\Users\angel\OneDrive\Desktop\Kern\data\raw\fonts\Open_Sans_500italic.ttf,ok,0,0,0,0,0,
Open Sans,Open_Sans_600italic,600italic,C:\Users\angel\OneDrive\Desktop\Kern\data\raw\fonts\Open_Sans_600italic.ttf,ok,0,0,0,0,0,
Open Sans,Open_Sans_700italic,700italic,C:\Users\angel\OneDrive\Desktop\Kern\data\raw\fonts\Open_Sans_700italic.ttf,ok,0,0,0,0,0,
Open Sans,Open_Sans_800italic,800italic,C:\Users\angel\OneDrive\Desktop\Kern\data\raw\fonts\Open_Sans_800italic.ttf,ok,0,0,0,0,0,
Google Sans,Google_Sans_regular,regular,C:\Users\angel\OneDrive\Desktop\Kern\data\raw\fonts\Google_Sans_regular.ttf,ok,1,168215,168214,1,0,
Google Sans,Google_Sans_500,500,C:\Users\angel\OneDrive\Desktop\Kern\data\raw\fonts\Google_Sans_500.ttf,ok,1,168215,168214,1,0,
Google Sans,Google_Sans_600,600,C:\Users\angel\OneDrive\Desktop\Kern\data\raw\fonts\Google_Sans_600.ttf,ok,1,168215,168214,1,0,
Google Sans,Google_Sans_700,700,C:\Users\angel\OneDrive\Desktop\Kern\data\raw\fonts\Google_Sans_700.ttf,ok,1,168215,168214,1,0,
Google Sans,Google_Sans_italic,italic,C:\Users\angel\OneDrive\Desktop\Kern\data\raw\fonts\Google_Sans_italic.ttf,ok,2,163685,163683,2,0,
Google Sans,Google_Sans_500italic,500italic,C:\Users\angel\OneDrive\Desktop\Kern\data\raw\fonts\Google_Sans_500italic.ttf,ok,2,163685,163683,2,0,
Google Sans,Google_Sans_600italic,600italic,C:\Users\angel\OneDrive\Desktop\Kern\data\raw\fonts\Google_Sans_600italic.ttf,ok,2,163685,163683,2,0,
Google Sans,Google_Sans_700italic,700italic,C:\Users\angel\OneDrive\Desktop\Kern\data\raw\fonts\Google_Sans_700italic.ttf,ok,2,163685,163683,2,0,
Inter,Inter_100,100,C:\Users\angel\OneDrive\Desktop\Kern\data\raw\fonts\Inter_100.ttf,ok,0,2704,2704,0,0,
Inter,Inter_200,200,C:\Users\angel\OneDrive\Desktop\Kern\data\raw\fonts\Inter_200.ttf,ok,0,2704,2704,0,0,
Inter,Inter_300,300,C:\Users\angel\OneDrive\Desktop\Kern\data\raw\fonts\Inter_300.ttf,ok,0,2704,2704,0,0,
Inter,Inter_regular,regular,C:\Users\angel\OneDrive\Desktop\Kern\data\raw\fonts\Inter_regular.ttf,ok,0,2704,2704,0,0,
Inter,Inter_500,500,C:\Users\angel\OneDrive\Desktop\Kern\data\raw\fonts\Inter_500.ttf,ok,0,2704,2704,0,0,
Inter,Inter_600,600,C:\Users\angel\OneDrive\Desktop\Kern\data\raw\fonts\Inter_600.ttf,ok,0,2704,2704,0,0,
Inter,Inter_700,700,C:\Users\angel\OneDrive\Desktop\Kern\data\raw\fonts\Inter_700.ttf,ok,0,2704,2704,0,0,
Inter,Inter_800,800,C:\Users\angel\OneDrive\Desktop\Kern\data\raw\fonts\Inter_800.ttf,ok,0,2704,2704,0,0,
Inter,Inter_900,900,C:\Users\angel\OneDrive\Desktop\Kern\data\raw\fonts\Inter_900.ttf,ok,0,2704,2704,0,0,
Inter,Inter_100italic,100italic,C:\Users\angel\OneDrive\Desktop\Kern\data\raw\fonts\Inter_100italic.ttf,ok,0,2704,2704,0,0,
Inter,Inter_200italic,200italic,C:\Users\angel\OneDrive\Desktop\Kern\data\raw\fonts\Inter_200italic.ttf,ok,0,2704,2704,0,0,
Inter,Inter_300italic,300italic,C:\Users\angel\OneDrive\Desktop\Kern\data\raw\fonts\Inter_300italic.ttf,ok,0,2704,2704,0,0,
Inter,Inter_italic,italic,C:\Users\angel\OneDrive\Desktop\Kern\data\raw\fonts\Inter_italic.ttf,ok,0,2704,2704,0,0,
Inter,Inter_500italic,500italic,C:\Users\angel\OneDrive\Desktop\Kern\data\raw\fonts\Inter_500italic.ttf,ok,0,2704,2704,0,0,
Inter,Inter_600italic,600italic,C:\Users\angel\OneDrive\Desktop\Kern\data\raw\fonts\Inter_600italic.ttf,ok,0,2704,2704,0,0,
Inter,Inter_700italic,700italic,C:\Users\angel\OneDrive\Desktop\Kern\data\raw\fonts\Inter_700italic.ttf,ok,0,2704,2704,0,0,
Inter,Inter_800italic,800italic,C:\Users\angel\OneDrive\Desktop\Kern\data\raw\fonts\Inter_800italic.ttf,ok,0,2704,2704,0,0,
Inter,Inter_900italic,900italic,C:\Users\angel\OneDrive\Desktop\Kern\data\raw\fonts\Inter_900italic.ttf,ok,0,2704,2704,0,0,
Montserrat,Montserrat_100,100,C:\Users\angel\OneDrive\Desktop\Kern\data\raw\fonts\Montserrat_100.ttf,ok,1,4746,4745,1,0,
Montserrat,Montserrat_200,200,C:\Users\angel\OneDrive\Desktop\Kern\data\raw\fonts\Montserrat_200.ttf,ok,1,4746,4745,1,0,
Montserrat,Montserrat_300,300,C:\Users\angel\OneDrive\Desktop\Kern\data\raw\fonts\Montserrat_300.ttf,ok,1,4746,4745,1,0,
Montserrat,Montserrat_regular,regular,C:\Users\angel\OneDrive\Desktop\Kern\data\raw\fonts\Montserrat_regular.ttf,ok,1,4746,4745,1,0,
Montserrat,Montserrat_500,500,C:\Users\angel\OneDrive\Desktop\Kern\data\raw\fonts\Montserrat_500.ttf,ok,1,4746,4745,1,0,
Montserrat,Montserrat_600,600,C:\Users\angel\OneDrive\Desktop\Kern\data\raw\fonts\Montserrat_600.ttf,ok,2,4746,4744,2,0,
Montserrat,Montserrat_700,700,C:\Users\angel\OneDrive\Desktop\Kern\data\raw\fonts\Montserrat_700.ttf,ok,2,4746,4744,2,0,
Montserrat,Montserrat_800,800,C:\Users\angel\OneDrive\Desktop\Kern\data\raw\fonts\Montserrat_800.ttf,ok,2,4746,4744,2,0,
Montserrat,Montserrat_900,900,C:\Users\angel\OneDrive\Desktop\Kern\data\raw\fonts\Montserrat_900.ttf,ok,1,4746,4745,1,0,
Montserrat,Montserrat_100italic,100italic,C:\Users\angel\OneDrive\Desktop\Kern\data\raw\fonts\Montserrat_100italic.ttf,ok,1,4746,4745,1,0,
Montserrat,Montserrat_200italic,200italic,C:\Users\angel\OneDrive\Desktop\Kern\data\raw\fonts\Montserrat_200italic.ttf,ok,1,4746,4745,1,0,
Montserrat,Montserrat_300italic,300italic,C:\Users\angel\OneDrive\Desktop\Kern\data\raw\fonts\Montserrat_300italic.ttf,ok,1,4746,4745,1,0,
Montserrat,Montserrat_italic,italic,C:\Users\angel\OneDrive\Desktop\Kern\data\raw\fonts\Montserrat_italic.ttf,ok,1,4746,4745,1,0,
Montserrat,Montserrat_500italic,500italic,C:\Users\angel\OneDrive\Desktop\Kern\data\raw\fonts\Montserrat_500italic.ttf,ok,1,4746,4745,1,0,
Montserrat,Montserrat_600italic,600italic,C:\Users\angel\OneDrive\Desktop\Kern\data\raw\fonts\Montserrat_600italic.ttf,ok,2,4746,4744,2,0,
Montserrat,Montserrat_700italic,700italic,C:\Users\angel\OneDrive\Desktop\Kern\data\raw\fonts\Montserrat_700italic.ttf,ok,2,4746,4744,2,0,
Montserrat,Montserrat_800italic,800italic,C:\Users\angel\OneDrive\Desktop\Kern\data\raw\fonts\Montserrat_800italic.ttf,ok,2,4746,4744,2,0,
Montserrat,Montserrat_900italic,900italic,C:\Users\angel\OneDrive\Desktop\Kern\data\raw\fonts\Montserrat_900italic.ttf,ok,1,4746,4745,1,0,
Poppins,Poppins_100,100,C:\Users\angel\OneDrive\Desktop\Kern\data\raw\fonts\Poppins_100.ttf,ok,0,0,0,0,0,
Poppins,Poppins_100italic,100italic,C:\Users\angel\OneDrive\Desktop\Kern\data\raw\fonts\Poppins_100italic.ttf,ok,0,0,0,0,0,
Poppins,Poppins_200,200,C:\Users\angel\OneDrive\Desktop\Kern\data\raw\fonts\Poppins_200.ttf,ok,0,0,0,0,0,
Poppins,Poppins_200italic,200italic,C:\Users\angel\OneDrive\Desktop\Kern\data\raw\fonts\Poppins_200italic.ttf,ok,0,0,0,0,0,
Poppins,Poppins_300,300,C:\Users\angel\OneDrive\Desktop\Kern\data\raw\fonts\Poppins_300.ttf,ok,0,0,0,0,0,
Poppins,Poppins_300italic,300italic,C:\Users\angel\OneDrive\Desktop\Kern\data\raw\fonts\Poppins_300italic.ttf,ok,0,0,0,0,0,
Poppins,Poppins_regular,regular,C:\Users\angel\OneDrive\Desktop\Kern\data\raw\fonts\Poppins_regular.ttf,ok,0,0,0,0,0,
Poppins,Poppins_italic,italic,C:\Users\angel\OneDrive\Desktop\Kern\data\raw\fonts\Poppins_italic.ttf,ok,0,0,0,0,0,
Poppins,Poppins_500,500,C:\Users\angel\OneDrive\Desktop\Kern\data\raw\fonts\Poppins_500.ttf,ok,0,0,0,0,0,
Poppins,Poppins_500italic,500italic,C:\Users\angel\OneDrive\Desktop\Kern\data\raw\fonts\Poppins_500italic.ttf,ok,0,0,0,0,0,
Poppins,Poppins_600,600,C:\Users\angel\OneDrive\Desktop\Kern\data\raw\fonts\Poppins_600.ttf,ok,0,0,0,0,0,
Poppins,Poppins_600italic,600italic,C:\Users\angel\OneDrive\Desktop\Kern\data\raw\fonts\Poppins_600italic.ttf,ok,0,0,0,0,0,
Poppins,Poppins_700,700,C:\Users\angel\OneDrive\Desktop\Kern\data\raw\fonts\Poppins_700.ttf,ok,0,0,0,0,0,
Poppins,Poppins_700italic,700italic,C:\Users\angel\OneDrive\Desktop\Kern\data\raw\fonts\Poppins_700italic.ttf,ok,0,0,0,0,0,
Poppins,Poppins_800,800,C:\Users\angel\OneDrive\Desktop\Kern\data\raw\fonts\Poppins_800.ttf,ok,0,0,0,0,0,
Poppins,Poppins_800italic,800italic,C:\Users\angel\OneDrive\Desktop\Kern\data\raw\fonts\Poppins_800italic.ttf,ok,0,0,0,0,0,
Poppins,Poppins_900,900,C:\Users\angel\OneDrive\Desktop\Kern\data\raw\fonts\Poppins_900.ttf,ok,0,0,0,0,0,
Poppins,Poppins_900italic,900italic,C:\Users\angel\OneDrive\Desktop\Kern\data\raw\fonts\Poppins_900italic.ttf,ok,0,0,0,0,0,
Lato,Lato_100,100,C:\Users\angel\OneDrive\Desktop\Kern\data\raw\fonts\Lato_100.ttf,ok,251,251,0,251,0,
Lato,Lato_100italic,100italic,C:\Users\angel\OneDrive\Desktop\Kern\data\raw\fonts\Lato_100italic.ttf,ok,216,216,0,216,0,
Lato,Lato_300,300,C:\Users\angel\OneDrive\Desktop\Kern\data\raw\fonts\Lato_300.ttf,ok,251,251,0,251,0,
Lato,Lato_300italic,300italic,C:\Users\angel\OneDrive\Desktop\Kern\data\raw\fonts\Lato_300italic.ttf,ok,218,218,0,218,0,
Lato,Lato_regular,regular,C:\Users\angel\OneDrive\Desktop\Kern\data\raw\fonts\Lato_regular.ttf,ok,251,251,0,251,0,
Lato,Lato_italic,italic,C:\Users\angel\OneDrive\Desktop\Kern\data\raw\fonts\Lato_italic.ttf,ok,218,218,0,218,0,
Lato,Lato_700,700,C:\Users\angel\OneDrive\Desktop\Kern\data\raw\fonts\Lato_700.ttf,ok,251,251,0,251,0,
Lato,Lato_700italic,700italic,C:\Users\angel\OneDrive\Desktop\Kern\data\raw\fonts\Lato_700italic.ttf,ok,218,218,0,218,0,
Lato,Lato_900,900,C:\Users\angel\OneDrive\Desktop\Kern\data\raw\fonts\Lato_900.ttf,ok,251,251,0,251,0,
Lato,Lato_900italic,900italic,C:\Users\angel\OneDrive\Desktop\Kern\data\raw\fonts\Lato_900italic.ttf,ok,218,218,0,218,0,
Noto Sans JP,Noto_Sans_JP_100,100,C:\Users\angel\OneDrive\Desktop\Kern\data\raw\fonts\Noto_Sans_JP_100.ttf,ok,0,128,128,0,0,
Noto Sans JP,Noto_Sans_JP_200,200,C:\Users\angel\OneDrive\Desktop\Kern\data\raw\fonts\Noto_Sans_JP_200.ttf,ok,0,128,128,0,0,
Noto Sans JP,Noto_Sans_JP_300,300,C:\Users\angel\OneDrive\Desktop\Kern\data\raw\fonts\Noto_Sans_JP_300.ttf,ok,0,128,128,0,0,
Noto Sans JP,Noto_Sans_JP_regular,regular,C:\Users\angel\OneDrive\Desktop\Kern\data\raw\fonts\Noto_Sans_JP_regular.ttf,ok,0,128,128,0,0,
Noto Sans JP,Noto_Sans_JP_500,500,C:\Users\angel\OneDrive\Desktop\Kern\data\raw\fonts\Noto_Sans_JP_500.ttf,ok,0,128,128,0,0,
Noto Sans JP,Noto_Sans_JP_600,600,C:\Users\angel\OneDrive\Desktop\Kern\data\raw\fonts\Noto_Sans_JP_600.ttf,ok,0,128,128,0,0,
Noto Sans JP,Noto_Sans_JP_700,700,C:\Users\angel\OneDrive\Desktop\Kern\data\raw\fonts\Noto_Sans_JP_700.ttf,ok,0,128,128,0,0,
Noto Sans JP,Noto_Sans_JP_800,800,C:\Users\angel\OneDrive\Desktop\Kern\data\raw\fonts\Noto_Sans_JP_800.ttf,ok,0,128,128,0,0,
Noto Sans JP,Noto_Sans_JP_900,900,C:\Users\angel\OneDrive\Desktop\Kern\data\raw\fonts\Noto_Sans_JP_900.ttf,ok,0,128,128,0,0,
Roboto Condensed,Roboto_Condensed_100,100,C:\Users\angel\OneDrive\Desktop\Kern\data\raw\fonts\Roboto_Condensed_100.ttf,ok,52,8582,8530,52,0,
Roboto Condensed,Roboto_Condensed_200,200,C:\Users\angel\OneDrive\Desktop\Kern\data\raw\fonts\Roboto_Condensed_200.ttf,ok,52,8582,8530,52,0,
Roboto Condensed,Roboto_Condensed_300,300,C:\Users\angel\OneDrive\Desktop\Kern\data\raw\fonts\Roboto_Condensed_300.ttf,ok,52,8582,8530,52,0,
Roboto Condensed,Roboto_Condensed_regular,regular,C:\Users\angel\OneDrive\Desktop\Kern\data\raw\fonts\Roboto_Condensed_regular.ttf,ok,52,8582,8530,52,0,
Roboto Condensed,Roboto_Condensed_500,500,C:\Users\angel\OneDrive\Desktop\Kern\data\raw\fonts\Roboto_Condensed_500.ttf,ok,52,8582,8530,52,0,
Roboto Condensed,Roboto_Condensed_600,600,C:\Users\angel\OneDrive\Desktop\Kern\data\raw\fonts\Roboto_Condensed_600.ttf,ok,52,8582,8530,52,0,
Roboto Condensed,Roboto_Condensed_700,700,C:\Users\angel\OneDrive\Desktop\Kern\data\raw\fonts\Roboto_Condensed_700.ttf,ok,52,8582,8530,52,0,
Roboto Condensed,Roboto_Condensed_800,800,C:\Users\angel\OneDrive\Desktop\Kern\data\raw\fonts\Roboto_Condensed_800.ttf,ok,52,8582,8530,52,0,
Roboto Condensed,Roboto_Condensed_900,900,C:\Users\angel\OneDrive\Desktop\Kern\data\raw\fonts\Roboto_Condensed_900.ttf,ok,52,8582,8530,52,0,
Roboto Condensed,Roboto_Condensed_100italic,100italic,C:\Users\angel\OneDrive\Desktop\Kern\data\raw\fonts\Roboto_Condensed_100italic.ttf,ok,52,8582,8530,52,0,
Roboto Condensed,Roboto_Condensed_200italic,200italic,C:\Users\angel\OneDrive\Desktop\Kern\data\raw\fonts\Roboto_Condensed_200italic.ttf,ok,52,8582,8530,52,0,
Roboto Condensed,Roboto_Condensed_300italic,300italic,C:\Users\angel\OneDrive\Desktop\Kern\data\raw\fonts\Roboto_Condensed_300italic.ttf,ok,52,8582,8530,52,0,
Roboto Condensed,Roboto_Condensed_italic,italic,C:\Users\angel\OneDrive\Desktop\Kern\data\raw\fonts\Roboto_Condensed_italic.ttf,ok,52,8582,8530,52,0,
Roboto Condensed,Roboto_Condensed_500italic,500italic,C:\Users\angel\OneDrive\Desktop\Kern\data\raw\fonts\Roboto_Condensed_500italic.ttf,ok,52,8582,8530,52,0,
Roboto Condensed,Roboto_Condensed_600italic,600italic,C:\Users\angel\OneDrive\Desktop\Kern\data\raw\fonts\Roboto_Condensed_600italic.ttf,ok,52,8582,8530,52,0,
Roboto Condensed,Roboto_Condensed_700italic,700italic,C:\Users\angel\OneDrive\Desktop\Kern\data\raw\fonts\Roboto_Condensed_700italic.ttf,ok,52,8582,8530,52,0,
Roboto Condensed,Roboto_Condensed_800italic,800italic,C:\Users\angel\OneDrive\Desktop\Kern\data\raw\fonts\Roboto_Condensed_800italic.ttf,ok,52,8582,8530,52,0,
Roboto Condensed,Roboto_Condensed_900italic,900italic,C:\Users\angel\OneDrive\Desktop\Kern\data\raw\fonts\Roboto_Condensed_900italic.ttf,ok,52,8582,8530,52,0,
Arimo,Arimo_regular,regular,C:\Users\angel\OneDrive\Desktop\Kern\data\raw\fonts\Arimo_regular.ttf,ok,55,56,1,55,0,
Arimo,Arimo_500,500,C:\Users\angel\OneDrive\Desktop\Kern\data\raw\fonts\Arimo_500.ttf,ok,56,56,0,56,0,
Arimo,Arimo_600,600,C:\Users\angel\OneDrive\Desktop\Kern\data\raw\fonts\Arimo_600.ttf,ok,56,56,0,56,0,
Arimo,Arimo_700,700,C:\Users\angel\OneDrive\Desktop\Kern\data\raw\fonts\Arimo_700.ttf,ok,54,56,2,54,0,
Arimo,Arimo_italic,italic,C:\Users\angel\OneDrive\Desktop\Kern\data\raw\fonts\Arimo_italic.ttf,ok,51,56,5,51,0,
Arimo,Arimo_500italic,500italic,C:\Users\angel\OneDrive\Desktop\Kern\data\raw\fonts\Arimo_500italic.ttf,ok,56,56,0,56,0,
Arimo,Arimo_600italic,600italic,C:\Users\angel\OneDrive\Desktop\Kern\data\raw\fonts\Arimo_600italic.ttf,ok,56,56,0,56,0,
Arimo,Arimo_700italic,700italic,C:\Users\angel\OneDrive\Desktop\Kern\data\raw\fonts\Arimo_700italic.ttf,ok,51,56,5,51,0,
Noto Sans,Noto_Sans_100,100,C:\Users\angel\OneDrive\Desktop\Kern\data\raw\fonts\Noto_Sans_100.ttf,ok,7,3952,3945,7,0,
Noto Sans,Noto_Sans_200,200,C:\Users\angel\OneDrive\Desktop\Kern\data\raw\fonts\Noto_Sans_200.ttf,ok,7,3952,3945,7,0,
Noto Sans,Noto_Sans_300,300,C:\Users\angel\OneDrive\Desktop\Kern\data\raw\fonts\Noto_Sans_300.ttf,ok,7,3952,3945,7,0,
Noto Sans,Noto_Sans_regular,regular,C:\Users\angel\OneDrive\Desktop\Kern\data\raw\fonts\Noto_Sans_regular.ttf,ok,7,3952,3945,7,0,
Noto Sans,Noto_Sans_500,500,C:\Users\angel\OneDrive\Desktop\Kern\data\raw\fonts\Noto_Sans_500.ttf,ok,7,3952,3945,7,0,
Noto Sans,Noto_Sans_600,600,C:\Users\angel\OneDrive\Desktop\Kern\data\raw\fonts\Noto_Sans_600.ttf,ok,7,3952,3945,7,0,
Noto Sans,Noto_Sans_700,700,C:\Users\angel\OneDrive\Desktop\Kern\data\raw\fonts\Noto_Sans_700.ttf,ok,7,3952,3945,7,0,
Noto Sans,Noto_Sans_800,800,C:\Users\angel\OneDrive\Desktop\Kern\data\raw\fonts\Noto_Sans_800.ttf,ok,7,3952,3945,7,0,
Noto Sans,Noto_Sans_900,900,C:\Users\angel\OneDrive\Desktop\Kern\data\raw\fonts\Noto_Sans_900.ttf,ok,7,3952,3945,7,0,
Noto Sans,Noto_Sans_100italic,100italic,C:\Users\angel\OneDrive\Desktop\Kern\data\raw\fonts\Noto_Sans_100italic.ttf,ok,7,4061,4054,7,0,
Noto Sans,Noto_Sans_200italic,200italic,C:\Users\angel\OneDrive\Desktop\Kern\data\raw\fonts\Noto_Sans_200italic.ttf,ok,7,4061,4054,7,0,
Noto Sans,Noto_Sans_300italic,300italic,C:\Users\angel\OneDrive\Desktop\Kern\data\raw\fonts\Noto_Sans_300italic.ttf,ok,7,4061,4054,7,0,
Noto Sans,Noto_Sans_italic,italic,C:\Users\angel\OneDrive\Desktop\Kern\data\raw\fonts\Noto_Sans_italic.ttf,ok,7,4061,4054,7,0,
Noto Sans,Noto_Sans_500italic,500italic,C:\Users\angel\OneDrive\Desktop\Kern\data\raw\fonts\Noto_Sans_500italic.ttf,ok,7,4061,4054,7,0,
Noto Sans,Noto_Sans_600italic,600italic,C:\Users\angel\OneDrive\Desktop\Kern\data\raw\fonts\Noto_Sans_600italic.ttf,ok,7,4061,4054,7,0,
Noto Sans,Noto_Sans_700italic,700italic,C:\Users\angel\OneDrive\Desktop\Kern\data\raw\fonts\Noto_Sans_700italic.ttf,ok,7,4061,4054,7,0,
Noto Sans,Noto_Sans_800italic,800italic,C:\Users\angel\OneDrive\Desktop\Kern\data\raw\fonts\Noto_Sans_800italic.ttf,ok,7,4061,4054,7,0,
Noto Sans,Noto_Sans_900italic,900italic,C:\Users\angel\OneDrive\Desktop\Kern\data\raw\fonts\Noto_Sans_900italic.ttf,ok,7,4061,4054,7,0,
Oswald,Oswald_200,200,C:\Users\angel\OneDrive\Desktop\Kern\data\raw\fonts\Oswald_200.ttf,ok,53,214,161,53,0,
Oswald,Oswald_300,300,C:\Users\angel\OneDrive\Desktop\Kern\data\raw\fonts\Oswald_300.ttf,ok,116,214,98,116,0,
Oswald,Oswald_regular,regular,C:\Users\angel\OneDrive\Desktop\Kern\data\raw\fonts\Oswald_regular.ttf,ok,115,214,99,115,0,
Oswald,Oswald_500,500,C:\Users\angel\OneDrive\Desktop\Kern\data\raw\fonts\Oswald_500.ttf,ok,119,214,95,119,0,
Oswald,Oswald_600,600,C:\Users\angel\OneDrive\Desktop\Kern\data\raw\fonts\Oswald_600.ttf,ok,119,214,95,119,0,
Oswald,Oswald_700,700,C:\Users\angel\OneDrive\Desktop\Kern\data\raw\fonts\Oswald_700.ttf,ok,118,214,96,118,0,
Raleway,Raleway_100,100,C:\Users\angel\OneDrive\Desktop\Kern\data\raw\fonts\Raleway_100.ttf,ok,207,269,62,207,0,
Raleway,Raleway_200,200,C:\Users\angel\OneDrive\Desktop\Kern\data\raw\fonts\Raleway_200.ttf,ok,222,269,47,222,0,
Raleway,Raleway_300,300,C:\Users\angel\OneDrive\Desktop\Kern\data\raw\fonts\Raleway_300.ttf,ok,222,269,47,222,0,
Raleway,Raleway_regular,regular,C:\Users\angel\OneDrive\Desktop\Kern\data\raw\fonts\Raleway_regular.ttf,ok,222,269,47,222,0,
Raleway,Raleway_500,500,C:\Users\angel\OneDrive\Desktop\Kern\data\raw\fonts\Raleway_500.ttf,ok,221,269,48,221,0,
Raleway,Raleway_600,600,C:\Users\angel\OneDrive\Desktop\Kern\data\raw\fonts\Raleway_600.ttf,ok,236,269,33,236,0,
Raleway,Raleway_700,700,C:\Users\angel\OneDrive\Desktop\Kern\data\raw\fonts\Raleway_700.ttf,ok,236,269,33,236,0,
Raleway,Raleway_800,800,C:\Users\angel\OneDrive\Desktop\Kern\data\raw\fonts\Raleway_800.ttf,ok,236,269,33,236,0,
Raleway,Raleway_900,900,C:\Users\angel\OneDrive\Desktop\Kern\data\raw\fonts\Raleway_900.ttf,ok,226,269,43,226,0,
Raleway,Raleway_100italic,100italic,C:\Users\angel\OneDrive\Desktop\Kern\data\raw\fonts\Raleway_100italic.ttf,ok,198,286,88,198,0,
Raleway,Raleway_200italic,200italic,C:\Users\angel\OneDrive\Desktop\Kern\data\raw\fonts\Raleway_200italic.ttf,ok,230,286,56,230,0,
Raleway,Raleway_300italic,300italic,C:\Users\angel\OneDrive\Desktop\Kern\data\raw\fonts\Raleway_300italic.ttf,ok,230,286,56,230,0,
Raleway,Raleway_italic,italic,C:\Users\angel\OneDrive\Desktop\Kern\data\raw\fonts\Raleway_italic.ttf,ok,230,286,56,230,0,
Raleway,Raleway_500italic,500italic,C:\Users\angel\OneDrive\Desktop\Kern\data\raw\fonts\Raleway_500italic.ttf,ok,225,286,61,225,0,
Raleway,Raleway_600italic,600italic,C:\Users\angel\OneDrive\Desktop\Kern\data\raw\fonts\Raleway_600italic.ttf,ok,250,286,36,250,0,
Raleway,Raleway_700italic,700italic,C:\Users\angel\OneDrive\Desktop\Kern\data\raw\fonts\Raleway_700italic.ttf,ok,250,286,36,250,0,
Raleway,Raleway_800italic,800italic,C:\Users\angel\OneDrive\Desktop\Kern\data\raw\fonts\Raleway_800italic.ttf,ok,250,286,36,250,0,
Raleway,Raleway_900italic,900italic,C:\Users\angel\OneDrive\Desktop\Kern\data\raw\fonts\Raleway_900italic.ttf,ok,215,286,71,215,0,
DM Sans,DM_Sans_100,100,C:\Users\angel\OneDrive\Desktop\Kern\data\raw\fonts\DM_Sans_100.ttf,ok,105,258,153,105,0,
DM Sans,DM_Sans_200,200,C:\Users\angel\OneDrive\Desktop\Kern\data\raw\fonts\DM_Sans_200.ttf,ok,105,258,153,105,0,
DM Sans,DM_Sans_300,300,C:\Users\angel\OneDrive\Desktop\Kern\data\raw\fonts\DM_Sans_300.ttf,ok,100,258,158,100,0,
DM Sans,DM_Sans_regular,regular,C:\Users\angel\OneDrive\Desktop\Kern\data\raw\fonts\DM_Sans_regular.ttf,ok,103,258,155,103,0,
DM Sans,DM_Sans_500,500,C:\Users\angel\OneDrive\Desktop\Kern\data\raw\fonts\DM_Sans_500.ttf,ok,103,258,155,103,0,
DM Sans,DM_Sans_600,600,C:\Users\angel\OneDrive\Desktop\Kern\data\raw\fonts\DM_Sans_600.ttf,ok,103,258,155,103,0,
DM Sans,DM_Sans_700,700,C:\Users\angel\OneDrive\Desktop\Kern\data\raw\fonts\DM_Sans_700.ttf,ok,103,258,155,103,0,
DM Sans,DM_Sans_800,800,C:\Users\angel\OneDrive\Desktop\Kern\data\raw\fonts\DM_Sans_800.ttf,ok,103,258,155,103,0,
DM Sans,DM_Sans_900,900,C:\Users\angel\OneDrive\Desktop\Kern\data\raw\fonts\DM_Sans_900.ttf,ok,103,258,155,103,0,
DM Sans,DM_Sans_100italic,100italic,C:\Users\angel\OneDrive\Desktop\Kern\data\raw\fonts\DM_Sans_100italic.ttf,ok,171,666,495,171,0,
DM Sans,DM_Sans_200italic,200italic,C:\Users\angel\OneDrive\Desktop\Kern\data\raw\fonts\DM_Sans_200italic.ttf,ok,171,666,495,171,0,
DM Sans,DM_Sans_300italic,300italic,C:\Users\angel\OneDrive\Desktop\Kern\data\raw\fonts\DM_Sans_300italic.ttf,ok,171,666,495,171,0,
DM Sans,DM_Sans_italic,italic,C:\Users\angel\OneDrive\Desktop\Kern\data\raw\fonts\DM_Sans_italic.ttf,ok,174,666,492,174,0,
DM Sans,DM_Sans_500italic,500italic,C:\Users\angel\OneDrive\Desktop\Kern\data\raw\fonts\DM_Sans_500italic.ttf,ok,180,666,486,180,0,
DM Sans,DM_Sans_600italic,600italic,C:\Users\angel\OneDrive\Desktop\Kern\data\raw\fonts\DM_Sans_600italic.ttf,ok,180,666,486,180,0,
DM Sans,DM_Sans_700italic,700italic,C:\Users\angel\OneDrive\Desktop\Kern\data\raw\fonts\DM_Sans_700italic.ttf,ok,180,666,486,180,0,
DM Sans,DM_Sans_800italic,800italic,C:\Users\angel\OneDrive\Desktop\Kern\data\raw\fonts\DM_Sans_800italic.ttf,ok,180,666,486,180,0,
DM Sans,DM_Sans_900italic,900italic,C:\Users\angel\OneDrive\Desktop\Kern\data\raw\fonts\DM_Sans_900italic.ttf,ok,180,666,486,180,0,
Nunito Sans,Nunito_Sans_200,200,C:\Users\angel\OneDrive\Desktop\Kern\data\raw\fonts\Nunito_Sans_200.ttf,ok,4,4,0,4,0,
Nunito Sans,Nunito_Sans_300,300,C:\Users\angel\OneDrive\Desktop\Kern\data\raw\fonts\Nunito_Sans_300.ttf,ok,4,4,0,4,0,
Nunito Sans,Nunito_Sans_regular,regular,C:\Users\angel\OneDrive\Desktop\Kern\data\raw\fonts\Nunito_Sans_regular.ttf,ok,4,4,0,4,0,
Nunito Sans,Nunito_Sans_500,500,C:\Users\angel\OneDrive\Desktop\Kern\data\raw\fonts\Nunito_Sans_500.ttf,ok,4,4,0,4,0,
Nunito Sans,Nunito_Sans_600,600,C:\Users\angel\OneDrive\Desktop\Kern\data\raw\fonts\Nunito_Sans_600.ttf,ok,4,4,0,4,0,
Nunito Sans,Nunito_Sans_700,700,C:\Users\angel\OneDrive\Desktop\Kern\data\raw\fonts\Nunito_Sans_700.ttf,ok,4,4,0,4,0,
Nunito Sans,Nunito_Sans_800,800,C:\Users\angel\OneDrive\Desktop\Kern\data\raw\fonts\Nunito_Sans_800.ttf,ok,4,4,0,4,0,
Nunito Sans,Nunito_Sans_900,900,C:\Users\angel\OneDrive\Desktop\Kern\data\raw\fonts\Nunito_Sans_900.ttf,ok,4,4,0,4,0,
Nunito Sans,Nunito_Sans_200italic,200italic,C:\Users\angel\OneDrive\Desktop\Kern\data\raw\fonts\Nunito_Sans_200italic.ttf,ok,4,4,0,4,0,
Nunito Sans,Nunito_Sans_300italic,300italic,C:\Users\angel\OneDrive\Desktop\Kern\data\raw\fonts\Nunito_Sans_300italic.ttf,ok,4,4,0,4,0,
Nunito Sans,Nunito_Sans_italic,italic,C:\Users\angel\OneDrive\Desktop\Kern\data\raw\fonts\Nunito_Sans_italic.ttf,ok,4,4,0,4,0,
Nunito Sans,Nunito_Sans_500italic,500italic,C:\Users\angel\OneDrive\Desktop\Kern\data\raw\fonts\Nunito_Sans_500italic.ttf,ok,4,4,0,4,0,
Nunito Sans,Nunito_Sans_600italic,600italic,C:\Users\angel\OneDrive\Desktop\Kern\data\raw\fonts\Nunito_Sans_600italic.ttf,ok,4,4,0,4,0,
Nunito Sans,Nunito_Sans_700italic,700italic,C:\Users\angel\OneDrive\Desktop\Kern\data\raw\fonts\Nunito_Sans_700italic.ttf,ok,4,4,0,4,0,
Nunito Sans,Nunito_Sans_800italic,800italic,C:\Users\angel\OneDrive\Desktop\Kern\data\raw\fonts\Nunito_Sans_800italic.ttf,ok,4,4,0,4,0,
Nunito Sans,Nunito_Sans_900italic,900italic,C:\Users\angel\OneDrive\Desktop\Kern\data\raw\fonts\Nunito_Sans_900italic.ttf,ok,4,4,0,4,0,
Nunito,Nunito_200,200,C:\Users\angel\OneDrive\Desktop\Kern\data\raw\fonts\Nunito_200.ttf,ok,4,4,0,4,0,
Nunito,Nunito_300,300,C:\Users\angel\OneDrive\Desktop\Kern\data\raw\fonts\Nunito_300.ttf,ok,4,4,0,4,0,
Nunito,Nunito_regular,regular,C:\Users\angel\OneDrive\Desktop\Kern\data\raw\fonts\Nunito_regular.ttf,ok,4,4,0,4,0,
Nunito,Nunito_500,500,C:\Users\angel\OneDrive\Desktop\Kern\data\raw\fonts\Nunito_500.ttf,ok,4,4,0,4,0,
Nunito,Nunito_600,600,C:\Users\angel\OneDrive\Desktop\Kern\data\raw\fonts\Nunito_600.ttf,ok,4,4,0,4,0,
Nunito,Nunito_700,700,C:\Users\angel\OneDrive\Desktop\Kern\data\raw\fonts\Nunito_700.ttf,ok,4,4,0,4,0,
Nunito,Nunito_800,800,C:\Users\angel\OneDrive\Desktop\Kern\data\raw\fonts\Nunito_800.ttf,ok,4,4,0,4,0,
Nunito,Nunito_900,900,C:\Users\angel\OneDrive\Desktop\Kern\data\raw\fonts\Nunito_900.ttf,ok,4,4,0,4,0,
Nunito,Nunito_200italic,200italic,C:\Users\angel\OneDrive\Desktop\Kern\data\raw\fonts\Nunito_200italic.ttf,ok,4,4,0,4,0,
Nunito,Nunito_300italic,300italic,C:\Users\angel\OneDrive\Desktop\Kern\data\raw\fonts\Nunito_300italic.ttf,ok,4,4,0,4,0,
Nunito,Nunito_italic,italic,C:\Users\angel\OneDrive\Desktop\Kern\data\raw\fonts\Nunito_italic.ttf,ok,4,4,0,4,0,
Nunito,Nunito_500italic,500italic,C:\Users\angel\OneDrive\Desktop\Kern\data\raw\fonts\Nunito_500italic.ttf,ok,4,4,0,4,0,
Nunito,Nunito_600italic,600italic,C:\Users\angel\OneDrive\Desktop\Kern\data\raw\fonts\Nunito_600italic.ttf,ok,4,4,0,4,0,
Nunito,Nunito_700italic,700italic,C:\Users\angel\OneDrive\Desktop\Kern\data\raw\fonts\Nunito_700italic.ttf,ok,4,4,0,4,0,
Nunito,Nunito_800italic,800italic,C:\Users\angel\OneDrive\Desktop\Kern\data\raw\fonts\Nunito_800italic.ttf,ok,4,4,0,4,0,
Nunito,Nunito_900italic,900italic,C:\Users\angel\OneDrive\Desktop\Kern\data\raw\fonts\Nunito_900italic.ttf,ok,4,4,0,4,0,
Playfair Display,Playfair_Display_regular,regular,C:\Users\angel\OneDrive\Desktop\Kern\data\raw\fonts\Playfair_Display_regular.ttf,ok,213,288,75,213,0,
Playfair Display,Playfair_Display_500,500,C:\Users\angel\OneDrive\Desktop\Kern\data\raw\fonts\Playfair_Display_500.ttf,ok,243,288,45,243,0,
Playfair Display,Playfair_Display_600,600,C:\Users\angel\OneDrive\Desktop\Kern\data\raw\fonts\Playfair_Display_600.ttf,ok,243,288,45,243,0,
Playfair Display,Playfair_Display_700,700,C:\Users\angel\OneDrive\Desktop\Kern\data\raw\fonts\Playfair_Display_700.ttf,ok,243,288,45,243,0,
Playfair Display,Playfair_Display_800,800,C:\Users\angel\OneDrive\Desktop\Kern\data\raw\fonts\Playfair_Display_800.ttf,ok,243,288,45,243,0,
Playfair Display,Playfair_Display_900,900,C:\Users\angel\OneDrive\Desktop\Kern\data\raw\fonts\Playfair_Display_900.ttf,ok,205,288,83,205,0,
Playfair Display,Playfair_Display_italic,italic,C:\Users\angel\OneDrive\Desktop\Kern\data\raw\fonts\Playfair_Display_italic.ttf,ok,7,7,0,7,0,
Playfair Display,Playfair_Display_500italic,500italic,C:\Users\angel\OneDrive\Desktop\Kern\data\raw\fonts\Playfair_Display_500italic.ttf,ok,7,7,0,7,0,
Playfair Display,Playfair_Display_600italic,600italic,C:\Users\angel\OneDrive\Desktop\Kern\data\raw\fonts\Playfair_Display_600italic.ttf,ok,7,7,0,7,0,
Playfair Display,Playfair_Display_700italic,700italic,C:\Users\angel\OneDrive\Desktop\Kern\data\raw\fonts\Playfair_Display_700italic.ttf,ok,7,7,0,7,0,
Playfair Display,Playfair_Display_800italic,800italic,C:\Users\angel\OneDrive\Desktop\Kern\data\raw\fonts\Playfair_Display_800italic.ttf,ok,7,7,0,7,0,
Playfair Display,Playfair_Display_900italic,900italic,C:\Users\angel\OneDrive\Desktop\Kern\data\raw\fonts\Playfair_Display_900italic.ttf,ok,3,7,4,3,0,
Archivo Black,Archivo_Black_regular,regular,C:\Users\angel\OneDrive\Desktop\Kern\data\raw\fonts\Archivo_Black_regular.ttf,ok,214,214,0,214,0,
Rubik,Rubik_300,300,C:\Users\angel\OneDrive\Desktop\Kern\data\raw\fonts\Rubik_300.ttf,ok,194,8407,8213,194,0,
Rubik,Rubik_regular,regular,C:\Users\angel\OneDrive\Desktop\Kern\data\raw\fonts\Rubik_regular.ttf,ok,234,8407,8173,234,0,
Rubik,Rubik_500,500,C:\Users\angel\OneDrive\Desktop\Kern\data\raw\fonts\Rubik_500.ttf,ok,234,8407,8173,234,0,
Rubik,Rubik_600,600,C:\Users\angel\OneDrive\Desktop\Kern\data\raw\fonts\Rubik_600.ttf,ok,234,8407,8173,234,0,
Rubik,Rubik_700,700,C:\Users\angel\OneDrive\Desktop\Kern\data\raw\fonts\Rubik_700.ttf,ok,234,8407,8173,234,0,
Rubik,Rubik_800,800,C:\Users\angel\OneDrive\Desktop\Kern\data\raw\fonts\Rubik_800.ttf,ok,234,8407,8173,234,0,
Rubik,Rubik_900,900,C:\Users\angel\OneDrive\Desktop\Kern\data\raw\fonts\Rubik_900.ttf,ok,217,8407,8190,217,0,
Rubik,Rubik_300italic,300italic,C:\Users\angel\OneDrive\Desktop\Kern\data\raw\fonts\Rubik_300italic.ttf,ok,177,8387,8210,177,0,
Rubik,Rubik_italic,italic,C:\Users\angel\OneDrive\Desktop\Kern\data\raw\fonts\Rubik_italic.ttf,ok,203,8387,8184,203,0,
Rubik,Rubik_500italic,500italic,C:\Users\angel\OneDrive\Desktop\Kern\data\raw\fonts\Rubik_500italic.ttf,ok,203,8387,8184,203,0,
Rubik,Rubik_600italic,600italic,C:\Users\angel\OneDrive\Desktop\Kern\data\raw\fonts\Rubik_600italic.ttf,ok,203,8387,8184,203,0,
Rubik,Rubik_700italic,700italic,C:\Users\angel\OneDrive\Desktop\Kern\data\raw\fonts\Rubik_700italic.ttf,ok,203,8387,8184,203,0,
Rubik,Rubik_800italic,800italic,C:\Users\angel\OneDrive\Desktop\Kern\data\raw\fonts\Rubik_800italic.ttf,ok,203,8387,8184,203,0,
Rubik,Rubik_900italic,900italic,C:\Users\angel\OneDrive\Desktop\Kern\data\raw\fonts\Rubik_900italic.ttf,ok,187,8387,8200,187,0,
Roboto Slab,Roboto_Slab_100,100,C:\Users\angel\OneDrive\Desktop\Kern\data\raw\fonts\Roboto_Slab_100.ttf,ok,78,485,407,78,0,
Roboto Slab,Roboto_Slab_200,200,C:\Users\angel\OneDrive\Desktop\Kern\data\raw\fonts\Roboto_Slab_200.ttf,ok,112,485,373,112,0,
Roboto Slab,Roboto_Slab_300,300,C:\Users\angel\OneDrive\Desktop\Kern\data\raw\fonts\Roboto_Slab_300.ttf,ok,112,485,373,112,0,
Roboto Slab,Roboto_Slab_regular,regular,C:\Users\angel\OneDrive\Desktop\Kern\data\raw\fonts\Roboto_Slab_regular.ttf,ok,104,485,381,104,0,
Roboto Slab,Roboto_Slab_500,500,C:\Users\angel\OneDrive\Desktop\Kern\data\raw\fonts\Roboto_Slab_500.ttf,ok,117,485,368,117,0,
Roboto Slab,Roboto_Slab_600,600,C:\Users\angel\OneDrive\Desktop\Kern\data\raw\fonts\Roboto_Slab_600.ttf,ok,117,485,368,117,0,
Roboto Slab,Roboto_Slab_700,700,C:\Users\angel\OneDrive\Desktop\Kern\data\raw\fonts\Roboto_Slab_700.ttf,ok,89,485,396,89,0,
Roboto Slab,Roboto_Slab_800,800,C:\Users\angel\OneDrive\Desktop\Kern\data\raw\fonts\Roboto_Slab_800.ttf,ok,117,485,368,117,0,
Roboto Slab,Roboto_Slab_900,900,C:\Users\angel\OneDrive\Desktop\Kern\data\raw\fonts\Roboto_Slab_900.ttf,ok,113,485,372,113,0,
Noto Sans KR,Noto_Sans_KR_100,100,C:\Users\angel\OneDrive\Desktop\Kern\data\raw\fonts\Noto_Sans_KR_100.ttf,ok,0,128,128,0,0,
Noto Sans KR,Noto_Sans_KR_200,200,C:\Users\angel\OneDrive\Desktop\Kern\data\raw\fonts\Noto_Sans_KR_200.ttf,ok,0,128,128,0,0,
Noto Sans KR,Noto_Sans_KR_300,300,C:\Users\angel\OneDrive\Desktop\Kern\data\raw\fonts\Noto_Sans_KR_300.ttf,ok,0,128,128,0,0,
Noto Sans KR,Noto_Sans_KR_regular,regular,C:\Users\angel\OneDrive\Desktop\Kern\data\raw\fonts\Noto_Sans_KR_regular.ttf,ok,0,128,128,0,0,
Noto Sans KR,Noto_Sans_KR_500,500,C:\Users\angel\OneDrive\Desktop\Kern\data\raw\fonts\Noto_Sans_KR_500.ttf,ok,0,128,128,0,0,
Noto Sans KR,Noto_Sans_KR_600,600,C:\Users\angel\OneDrive\Desktop\Kern\data\raw\fonts\Noto_Sans_KR_600.ttf,ok,0,128,128,0,0,
Noto Sans KR,Noto_Sans_KR_700,700,C:\Users\angel\OneDrive\Desktop\Kern\data\raw\fonts\Noto_Sans_KR_700.ttf,ok,0,128,128,0,0,
Noto Sans KR,Noto_Sans_KR_800,800,C:\Users\angel\OneDrive\Desktop\Kern\data\raw\fonts\Noto_Sans_KR_800.ttf,ok,0,128,128,0,0,
Noto Sans KR,Noto_Sans_KR_900,900,C:\Users\angel\OneDrive\Desktop\Kern\data\raw\fonts\Noto_Sans_KR_900.ttf,ok,0,128,128,0,0,
Ubuntu,Ubuntu_300,300,C:\Users\angel\OneDrive\Desktop\Kern\data\raw\fonts\Ubuntu_300.ttf,ok,0,14108,14108,0,0,
Ubuntu,Ubuntu_300italic,300italic,C:\Users\angel\OneDrive\Desktop\Kern\data\raw\fonts\Ubuntu_300italic.ttf,ok,0,20860,20860,0,0,
Ubuntu,Ubuntu_regular,regular,C:\Users\angel\OneDrive\Desktop\Kern\data\raw\fonts\Ubuntu_regular.ttf,ok,0,14785,14785,0,0,
Ubuntu,Ubuntu_italic,italic,C:\Users\angel\OneDrive\Desktop\Kern\data\raw\fonts\Ubuntu_italic.ttf,ok,0,14674,14674,0,0,
Ubuntu,Ubuntu_500,500,C:\Users\angel\OneDrive\Desktop\Kern\data\raw\fonts\Ubuntu_500.ttf,ok,0,14796,14796,0,0,
Ubuntu,Ubuntu_500italic,500italic,C:\Users\angel\OneDrive\Desktop\Kern\data\raw\fonts\Ubuntu_500italic.ttf,ok,0,14737,14737,0,0,
Ubuntu,Ubuntu_700,700,C:\Users\angel\OneDrive\Desktop\Kern\data\raw\fonts\Ubuntu_700.ttf,ok,0,12072,12072,0,0,
Ubuntu,Ubuntu_700italic,700italic,C:\Users\angel\OneDrive\Desktop\Kern\data\raw\fonts\Ubuntu_700italic.ttf,ok,0,14144,14144,0,0,
Kanit,Kanit_100,100,C:\Users\angel\OneDrive\Desktop\Kern\data\raw\fonts\Kanit_100.ttf,ok,1,1,0,1,0,
Kanit,Kanit_100italic,100italic,C:\Users\angel\OneDrive\Desktop\Kern\data\raw\fonts\Kanit_100italic.ttf,ok,1,1,0,1,0,
Kanit,Kanit_200,200,C:\Users\angel\OneDrive\Desktop\Kern\data\raw\fonts\Kanit_200.ttf,ok,1,1,0,1,0,
Kanit,Kanit_200italic,200italic,C:\Users\angel\OneDrive\Desktop\Kern\data\raw\fonts\Kanit_200italic.ttf,ok,1,1,0,1,0,
Kanit,Kanit_300,300,C:\Users\angel\OneDrive\Desktop\Kern\data\raw\fonts\Kanit_300.ttf,ok,1,1,0,1,0,
Kanit,Kanit_300italic,300italic,C:\Users\angel\OneDrive\Desktop\Kern\data\raw\fonts\Kanit_300italic.ttf,ok,1,1,0,1,0,
Kanit,Kanit_regular,regular,C:\Users\angel\OneDrive\Desktop\Kern\data\raw\fonts\Kanit_regular.ttf,ok,1,1,0,1,0,
Kanit,Kanit_italic,italic,C:\Users\angel\OneDrive\Desktop\Kern\data\raw\fonts\Kanit_italic.ttf,ok,1,1,0,1,0,
Kanit,Kanit_500,500,C:\Users\angel\OneDrive\Desktop\Kern\data\raw\fonts\Kanit_500.ttf,ok,1,4,3,1,0,
Kanit,Kanit_500italic,500italic,C:\Users\angel\OneDrive\Desktop\Kern\data\raw\fonts\Kanit_500italic.ttf,ok,1,1,0,1,0,
Kanit,Kanit_600,600,C:\Users\angel\OneDrive\Desktop\Kern\data\raw\fonts\Kanit_600.ttf,ok,1,4,3,1,0,
Kanit,Kanit_600italic,600italic,C:\Users\angel\OneDrive\Desktop\Kern\data\raw\fonts\Kanit_600italic.ttf,ok,1,1,0,1,0,
Kanit,Kanit_700,700,C:\Users\angel\OneDrive\Desktop\Kern\data\raw\fonts\Kanit_700.ttf,ok,1,5,4,1,0,
Kanit,Kanit_700italic,700italic,C:\Users\angel\OneDrive\Desktop\Kern\data\raw\fonts\Kanit_700italic.ttf,ok,1,1,0,1,0,
Kanit,Kanit_800,800,C:\Users\angel\OneDrive\Desktop\Kern\data\raw\fonts\Kanit_800.ttf,ok,1,5,4,1,0,
Kanit,Kanit_800italic,800italic,C:\Users\angel\OneDrive\Desktop\Kern\data\raw\fonts\Kanit_800italic.ttf,ok,1,1,0,1,0,
Kanit,Kanit_900,900,C:\Users\angel\OneDrive\Desktop\Kern\data\raw\fonts\Kanit_900.ttf,ok,1,5,4,1,0,
Kanit,Kanit_900italic,900italic,C:\Users\angel\OneDrive\Desktop\Kern\data\raw\fonts\Kanit_900italic.ttf,ok,1,2,1,1,0,
Outfit,Outfit_100,100,C:\Users\angel\OneDrive\Desktop\Kern\data\raw\fonts\Outfit_100.ttf,ok,543,912,369,543,0,
Outfit,Outfit_200,200,C:\Users\angel\OneDrive\Desktop\Kern\data\raw\fonts\Outfit_200.ttf,ok,548,912,364,548,0,
Outfit,Outfit_300,300,C:\Users\angel\OneDrive\Desktop\Kern\data\raw\fonts\Outfit_300.ttf,ok,548,912,364,548,0,
Outfit,Outfit_regular,regular,C:\Users\angel\OneDrive\Desktop\Kern\data\raw\fonts\Outfit_regular.ttf,ok,548,912,364,548,0,
Outfit,Outfit_500,500,C:\Users\angel\OneDrive\Desktop\Kern\data\raw\fonts\Outfit_500.ttf,ok,545,912,367,545,0,
Outfit,Outfit_600,600,C:\Users\angel\OneDrive\Desktop\Kern\data\raw\fonts\Outfit_600.ttf,ok,557,912,355,557,0,
Outfit,Outfit_700,700,C:\Users\angel\OneDrive\Desktop\Kern\data\raw\fonts\Outfit_700.ttf,ok,557,912,355,557,0,
Outfit,Outfit_800,800,C:\Users\angel\OneDrive\Desktop\Kern\data\raw\fonts\Outfit_800.ttf,ok,556,912,356,556,0,
Outfit,Outfit_900,900,C:\Users\angel\OneDrive\Desktop\Kern\data\raw\fonts\Outfit_900.ttf,ok,542,912,370,542,0,
Merriweather,Merriweather_300,300,C:\Users\angel\OneDrive\Desktop\Kern\data\raw\fonts\Merriweather_300.ttf,ok,2355,2704,349,2355,0,
Merriweather,Merriweather_regular,regular,C:\Users\angel\OneDrive\Desktop\Kern\data\raw\fonts\Merriweather_regular.ttf,ok,2588,2704,116,2588,0,
Merriweather,Merriweather_500,500,C:\Users\angel\OneDrive\Desktop\Kern\data\raw\fonts\Merriweather_500.ttf,ok,2586,2704,118,2586,0,
Merriweather,Merriweather_600,600,C:\Users\angel\OneDrive\Desktop\Kern\data\raw\fonts\Merriweather_600.ttf,ok,2592,2704,112,2592,0,
Merriweather,Merriweather_700,700,C:\Users\angel\OneDrive\Desktop\Kern\data\raw\fonts\Merriweather_700.ttf,ok,2593,2704,111,2593,0,
Merriweather,Merriweather_800,800,C:\Users\angel\OneDrive\Desktop\Kern\data\raw\fonts\Merriweather_800.ttf,ok,2543,2704,161,2543,0,
Merriweather,Merriweather_900,900,C:\Users\angel\OneDrive\Desktop\Kern\data\raw\fonts\Merriweather_900.ttf,ok,2339,2704,365,2339,0,
Merriweather,Merriweather_300italic,300italic,C:\Users\angel\OneDrive\Desktop\Kern\data\raw\fonts\Merriweather_300italic.ttf,ok,2319,2704,385,2319,0,
Merriweather,Merriweather_italic,italic,C:\Users\angel\OneDrive\Desktop\Kern\data\raw\fonts\Merriweather_italic.ttf,ok,2565,2704,139,2565,0,
Merriweather,Merriweather_500italic,500italic,C:\Users\angel\OneDrive\Desktop\Kern\data\raw\fonts\Merriweather_500italic.ttf,ok,2562,2704,142,2562,0,
Merriweather,Merriweather_600italic,600italic,C:\Users\angel\OneDrive\Desktop\Kern\data\raw\fonts\Merriweather_600italic.ttf,ok,2565,2704,139,2565,0,
Merriweather,Merriweather_700italic,700italic,C:\Users\angel\OneDrive\Desktop\Kern\data\raw\fonts\Merriweather_700italic.ttf,ok,2564,2704,140,2564,0,
Merriweather,Merriweather_800italic,800italic,C:\Users\angel\OneDrive\Desktop\Kern\data\raw\fonts\Merriweather_800italic.ttf,ok,2531,2704,173,2531,0,
Merriweather,Merriweather_900italic,900italic,C:\Users\angel\OneDrive\Desktop\Kern\data\raw\fonts\Merriweather_900italic.ttf,ok,2263,2704,441,2263,0,
Manrope,Manrope_200,200,C:\Users\angel\OneDrive\Desktop\Kern\data\raw\fonts\Manrope_200.ttf,ok,15,120,105,15,0,
Manrope,Manrope_300,300,C:\Users\angel\OneDrive\Desktop\Kern\data\raw\fonts\Manrope_300.ttf,ok,21,120,99,21,0,
Manrope,Manrope_regular,regular,C:\Users\angel\OneDrive\Desktop\Kern\data\raw\fonts\Manrope_regular.ttf,ok,21,120,99,21,0,
Manrope,Manrope_500,500,C:\Users\angel\OneDrive\Desktop\Kern\data\raw\fonts\Manrope_500.ttf,ok,21,120,99,21,0,
Manrope,Manrope_600,600,C:\Users\angel\OneDrive\Desktop\Kern\data\raw\fonts\Manrope_600.ttf,ok,21,120,99,21,0,
Manrope,Manrope_700,700,C:\Users\angel\OneDrive\Desktop\Kern\data\raw\fonts\Manrope_700.ttf,ok,21,120,99,21,0,
Manrope,Manrope_800,800,C:\Users\angel\OneDrive\Desktop\Kern\data\raw\fonts\Manrope_800.ttf,ok,21,120,99,21,0,
Black Ops One,Black_Ops_One_regular,regular,C:\Users\angel\OneDrive\Desktop\Kern\data\raw\fonts\Black_Ops_One_regular.ttf,ok,217,268,51,217,0,
Work Sans,Work_Sans_100,100,C:\Users\angel\OneDrive\Desktop\Kern\data\raw\fonts\Work_Sans_100.ttf,ok,195,261,66,195,0,
Work Sans,Work_Sans_200,200,C:\Users\angel\OneDrive\Desktop\Kern\data\raw\fonts\Work_Sans_200.ttf,ok,209,261,52,209,0,
Work Sans,Work_Sans_300,300,C:\Users\angel\OneDrive\Desktop\Kern\data\raw\fonts\Work_Sans_300.ttf,ok,209,261,52,209,0,
Work Sans,Work_Sans_regular,regular,C:\Users\angel\OneDrive\Desktop\Kern\data\raw\fonts\Work_Sans_regular.ttf,ok,193,261,68,193,0,
Work Sans,Work_Sans_500,500,C:\Users\angel\OneDrive\Desktop\Kern\data\raw\fonts\Work_Sans_500.ttf,ok,211,261,50,211,0,
Work Sans,Work_Sans_600,600,C:\Users\angel\OneDrive\Desktop\Kern\data\raw\fonts\Work_Sans_600.ttf,ok,211,261,50,211,0,
Work Sans,Work_Sans_700,700,C:\Users\angel\OneDrive\Desktop\Kern\data\raw\fonts\Work_Sans_700.ttf,ok,211,261,50,211,0,
Work Sans,Work_Sans_800,800,C:\Users\angel\OneDrive\Desktop\Kern\data\raw\fonts\Work_Sans_800.ttf,ok,210,261,51,210,0,
Work Sans,Work_Sans_900,900,C:\Users\angel\OneDrive\Desktop\Kern\data\raw\fonts\Work_Sans_900.ttf,ok,118,261,143,118,0,
Work Sans,Work_Sans_100italic,100italic,C:\Users\angel\OneDrive\Desktop\Kern\data\raw\fonts\Work_Sans_100italic.ttf,ok,252,340,88,252,0,
Work Sans,Work_Sans_200italic,200italic,C:\Users\angel\OneDrive\Desktop\Kern\data\raw\fonts\Work_Sans_200italic.ttf,ok,275,340,65,275,0,
Work Sans,Work_Sans_300italic,300italic,C:\Users\angel\OneDrive\Desktop\Kern\data\raw\fonts\Work_Sans_300italic.ttf,ok,275,340,65,275,0,
Work Sans,Work_Sans_italic,italic,C:\Users\angel\OneDrive\Desktop\Kern\data\raw\fonts\Work_Sans_italic.ttf,ok,260,340,80,260,0,
Work Sans,Work_Sans_500italic,500italic,C:\Users\angel\OneDrive\Desktop\Kern\data\raw\fonts\Work_Sans_500italic.ttf,ok,277,340,63,277,0,
Work Sans,Work_Sans_600italic,600italic,C:\Users\angel\OneDrive\Desktop\Kern\data\raw\fonts\Work_Sans_600italic.ttf,ok,283,340,57,283,0,
Work Sans,Work_Sans_700italic,700italic,C:\Users\angel\OneDrive\Desktop\Kern\data\raw\fonts\Work_Sans_700italic.ttf,ok,284,340,56,284,0,
Work Sans,Work_Sans_800italic,800italic,C:\Users\angel\OneDrive\Desktop\Kern\data\raw\fonts\Work_Sans_800italic.ttf,ok,284,340,56,284,0,
Work Sans,Work_Sans_900italic,900italic,C:\Users\angel\OneDrive\Desktop\Kern\data\raw\fonts\Work_Sans_900italic.ttf,ok,169,340,171,169,0,
Prompt,Prompt_100,100,C:\Users\angel\OneDrive\Desktop\Kern\data\raw\fonts\Prompt_100.ttf,ok,112,625,513,112,0,
Prompt,Prompt_100italic,100italic,C:\Users\angel\OneDrive\Desktop\Kern\data\raw\fonts\Prompt_100italic.ttf,ok,112,625,513,112,0,
Prompt,Prompt_200,200,C:\Users\angel\OneDrive\Desktop\Kern\data\raw\fonts\Prompt_200.ttf,ok,112,625,513,112,0,
Prompt,Prompt_200italic,200italic,C:\Users\angel\OneDrive\Desktop\Kern\data\raw\fonts\Prompt_200italic.ttf,ok,112,625,513,112,0,
Prompt,Prompt_300,300,C:\Users\angel\OneDrive\Desktop\Kern\data\raw\fonts\Prompt_300.ttf,ok,111,624,513,111,0,
Prompt,Prompt_300italic,300italic,C:\Users\angel\OneDrive\Desktop\Kern\data\raw\fonts\Prompt_300italic.ttf,ok,111,624,513,111,0,
Prompt,Prompt_regular,regular,C:\Users\angel\OneDrive\Desktop\Kern\data\raw\fonts\Prompt_regular.ttf,ok,111,624,513,111,0,
Prompt,Prompt_italic,italic,C:\Users\angel\OneDrive\Desktop\Kern\data\raw\fonts\Prompt_italic.ttf,ok,111,624,513,111,0,
Prompt,Prompt_500,500,C:\Users\angel\OneDrive\Desktop\Kern\data\raw\fonts\Prompt_500.ttf,ok,111,624,513,111,0,
Prompt,Prompt_500italic,500italic,C:\Users\angel\OneDrive\Desktop\Kern\data\raw\fonts\Prompt_500italic.ttf,ok,111,624,513,111,0,
Prompt,Prompt_600,600,C:\Users\angel\OneDrive\Desktop\Kern\data\raw\fonts\Prompt_600.ttf,ok,887,887,0,887,0,
Prompt,Prompt_600italic,600italic,C:\Users\angel\OneDrive\Desktop\Kern\data\raw\fonts\Prompt_600italic.ttf,ok,111,624,513,111,0,
Prompt,Prompt_700,700,C:\Users\angel\OneDrive\Desktop\Kern\data\raw\fonts\Prompt_700.ttf,ok,115,574,459,115,0,
Prompt,Prompt_700italic,700italic,C:\Users\angel\OneDrive\Desktop\Kern\data\raw\fonts\Prompt_700italic.ttf,ok,115,574,459,115,0,
Prompt,Prompt_800,800,C:\Users\angel\OneDrive\Desktop\Kern\data\raw\fonts\Prompt_800.ttf,ok,115,574,459,115,0,
Prompt,Prompt_800italic,800italic,C:\Users\angel\OneDrive\Desktop\Kern\data\raw\fonts\Prompt_800italic.ttf,ok,115,574,459,115,0,
Prompt,Prompt_900,900,C:\Users\angel\OneDrive\Desktop\Kern\data\raw\fonts\Prompt_900.ttf,ok,115,574,459,115,0,
Prompt,Prompt_900italic,900italic,C:\Users\angel\OneDrive\Desktop\Kern\data\raw\fonts\Prompt_900italic.ttf,ok,944,3610,2666,944,0,
Lora,Lora_regular,regular,C:\Users\angel\OneDrive\Desktop\Kern\data\raw\fonts\Lora_regular.ttf,ok,503,6115,5612,503,0,
Lora,Lora_500,500,C:\Users\angel\OneDrive\Desktop\Kern\data\raw\fonts\Lora_500.ttf,ok,593,6115,5522,593,0,
Lora,Lora_600,600,C:\Users\angel\OneDrive\Desktop\Kern\data\raw\fonts\Lora_600.ttf,ok,594,6115,5521,594,0,
Lora,Lora_700,700,C:\Users\angel\OneDrive\Desktop\Kern\data\raw\fonts\Lora_700.ttf,ok,543,6115,5572,543,0,
Lora,Lora_italic,italic,C:\Users\angel\OneDrive\Desktop\Kern\data\raw\fonts\Lora_italic.ttf,ok,439,3334,2895,439,0,
Lora,Lora_500italic,500italic,C:\Users\angel\OneDrive\Desktop\Kern\data\raw\fonts\Lora_500italic.ttf,ok,513,3334,2821,513,0,
Lora,Lora_600italic,600italic,C:\Users\angel\OneDrive\Desktop\Kern\data\raw\fonts\Lora_600italic.ttf,ok,513,3334,2821,513,0,
Lora,Lora_700italic,700italic,C:\Users\angel\OneDrive\Desktop\Kern\data\raw\fonts\Lora_700italic.ttf,ok,484,3334,2850,484,0,
Saira,Saira_100,100,C:\Users\angel\OneDrive\Desktop\Kern\data\raw\fonts\Saira_100.ttf,ok,110,461,351,110,0,
Saira,Saira_200,200,C:\Users\angel\OneDrive\Desktop\Kern\data\raw\fonts\Saira_200.ttf,ok,110,461,351,110,0,
Saira,Saira_300,300,C:\Users\angel\OneDrive\Desktop\Kern\data\raw\fonts\Saira_300.ttf,ok,110,461,351,110,0,
Saira,Saira_regular,regular,C:\Users\angel\OneDrive\Desktop\Kern\data\raw\fonts\Saira_regular.ttf,ok,110,461,351,110,0,
Saira,Saira_500,500,C:\Users\angel\OneDrive\Desktop\Kern\data\raw\fonts\Saira_500.ttf,ok,110,461,351,110,0,
Saira,Saira_600,600,C:\Users\angel\OneDrive\Desktop\Kern\data\raw\fonts\Saira_600.ttf,ok,109,461,352,109,0,
Saira,Saira_700,700,C:\Users\angel\OneDrive\Desktop\Kern\data\raw\fonts\Saira_700.ttf,ok,109,461,352,109,0,
Saira,Saira_800,800,C:\Users\angel\OneDrive\Desktop\Kern\data\raw\fonts\Saira_800.ttf,ok,109,461,352,109,0,
Saira,Saira_900,900,C:\Users\angel\OneDrive\Desktop\Kern\data\raw\fonts\Saira_900.ttf,ok,109,461,352,109,0,
Saira,Saira_100italic,100italic,C:\Users\angel\OneDrive\Desktop\Kern\data\raw\fonts\Saira_100italic.ttf,ok,63,593,530,63,0,
Saira,Saira_200italic,200italic,C:\Users\angel\OneDrive\Desktop\Kern\data\raw\fonts\Saira_200italic.ttf,ok,77,593,516,77,0,
Saira,Saira_300italic,300italic,C:\Users\angel\OneDrive\Desktop\Kern\data\raw\fonts\Saira_300italic.ttf,ok,78,593,515,78,0,
Saira,Saira_italic,italic,C:\Users\angel\OneDrive\Desktop\Kern\data\raw\fonts\Saira_italic.ttf,ok,78,593,515,78,0,
Saira,Saira_500italic,500italic,C:\Users\angel\OneDrive\Desktop\Kern\data\raw\fonts\Saira_500italic.ttf,ok,78,593,515,78,0,
Saira,Saira_600italic,600italic,C:\Users\angel\OneDrive\Desktop\Kern\data\raw\fonts\Saira_600italic.ttf,ok,78,593,515,78,0,
Saira,Saira_700italic,700italic,C:\Users\angel\OneDrive\Desktop\Kern\data\raw\fonts\Saira_700italic.ttf,ok,78,593,515,78,0,
Saira,Saira_800italic,800italic,C:\Users\angel\OneDrive\Desktop\Kern\data\raw\fonts\Saira_800italic.ttf,ok,78,593,515,78,0,
Saira,Saira_900italic,900italic,C:\Users\angel\OneDrive\Desktop\Kern\data\raw\fonts\Saira_900italic.ttf,ok,62,593,531,62,0,
PT Sans,PT_Sans_regular,regular,C:\Users\angel\OneDrive\Desktop\Kern\data\raw\fonts\PT_Sans_regular.ttf,ok,12,564,552,12,0,
PT Sans,PT_Sans_italic,italic,C:\Users\angel\OneDrive\Desktop\Kern\data\raw\fonts\PT_Sans_italic.ttf,ok,6,486,480,6,0,
PT Sans,PT_Sans_700,700,C:\Users\angel\OneDrive\Desktop\Kern\data\raw\fonts\PT_Sans_700.ttf,ok,15,567,552,15,0,
PT Sans,PT_Sans_700italic,700italic,C:\Users\angel\OneDrive\Desktop\Kern\data\raw\fonts\PT_Sans_700italic.ttf,ok,38,538,500,38,0,
Bebas Neue,Bebas_Neue_regular,regular,C:\Users\angel\OneDrive\Desktop\Kern\data\raw\fonts\Bebas_Neue_regular.ttf,ok,0,11455,11455,0,0,
Noto Sans TC,Noto_Sans_TC_100,100,C:\Users\angel\OneDrive\Desktop\Kern\data\raw\fonts\Noto_Sans_TC_100.ttf,ok,0,128,128,0,0,
Noto Sans TC,Noto_Sans_TC_200,200,C:\Users\angel\OneDrive\Desktop\Kern\data\raw\fonts\Noto_Sans_TC_200.ttf,ok,0,128,128,0,0,
Noto Sans TC,Noto_Sans_TC_300,300,C:\Users\angel\OneDrive\Desktop\Kern\data\raw\fonts\Noto_Sans_TC_300.ttf,ok,0,128,128,0,0,
Noto Sans TC,Noto_Sans_TC_regular,regular,C:\Users\angel\OneDrive\Desktop\Kern\data\raw\fonts\Noto_Sans_TC_regular.ttf,ok,0,128,128,0,0,
Noto Sans TC,Noto_Sans_TC_500,500,C:\Users\angel\OneDrive\Desktop\Kern\data\raw\fonts\Noto_Sans_TC_500.ttf,ok,0,128,128,0,0,
Noto Sans TC,Noto_Sans_TC_600,600,C:\Users\angel\OneDrive\Desktop\Kern\data\raw\fonts\Noto_Sans_TC_600.ttf,ok,0,128,128,0,0,
Noto Sans TC,Noto_Sans_TC_700,700,C:\Users\angel\OneDrive\Desktop\Kern\data\raw\fonts\Noto_Sans_TC_700.ttf,ok,0,128,128,0,0,
Noto Sans TC,Noto_Sans_TC_800,800,C:\Users\angel\OneDrive\Desktop\Kern\data\raw\fonts\Noto_Sans_TC_800.ttf,ok,0,128,128,0,0,
Noto Sans TC,Noto_Sans_TC_900,900,C:\Users\angel\OneDrive\Desktop\Kern\data\raw\fonts\Noto_Sans_TC_900.ttf,ok,0,128,128,0,0,
Mulish,Mulish_200,200,C:\Users\angel\OneDrive\Desktop\Kern\data\raw\fonts\Mulish_200.ttf,ok,4,4,0,4,0,
Mulish,Mulish_300,300,C:\Users\angel\OneDrive\Desktop\Kern\data\raw\fonts\Mulish_300.ttf,ok,4,4,0,4,0,
Mulish,Mulish_regular,regular,C:\Users\angel\OneDrive\Desktop\Kern\data\raw\fonts\Mulish_regular.ttf,ok,4,4,0,4,0,
Mulish,Mulish_500,500,C:\Users\angel\OneDrive\Desktop\Kern\data\raw\fonts\Mulish_500.ttf,ok,4,4,0,4,0,
Mulish,Mulish_600,600,C:\Users\angel\OneDrive\Desktop\Kern\data\raw\fonts\Mulish_600.ttf,ok,4,4,0,4,0,
Mulish,Mulish_700,700,C:\Users\angel\OneDrive\Desktop\Kern\data\raw\fonts\Mulish_700.ttf,ok,4,4,0,4,0,
Mulish,Mulish_800,800,C:\Users\angel\OneDrive\Desktop\Kern\data\raw\fonts\Mulish_800.ttf,ok,4,4,0,4,0,
Mulish,Mulish_900,900,C:\Users\angel\OneDrive\Desktop\Kern\data\raw\fonts\Mulish_900.ttf,ok,4,4,0,4,0,
Mulish,Mulish_200italic,200italic,C:\Users\angel\OneDrive\Desktop\Kern\data\raw\fonts\Mulish_200italic.ttf,ok,4,4,0,4,0,
Mulish,Mulish_300italic,300italic,C:\Users\angel\OneDrive\Desktop\Kern\data\raw\fonts\Mulish_300italic.ttf,ok,4,4,0,4,0,
Mulish,Mulish_italic,italic,C:\Users\angel\OneDrive\Desktop\Kern\data\raw\fonts\Mulish_italic.ttf,ok,4,4,0,4,0,
Mulish,Mulish_500italic,500italic,C:\Users\angel\OneDrive\Desktop\Kern\data\raw\fonts\Mulish_500italic.ttf,ok,4,4,0,4,0,
Mulish,Mulish_600italic,600italic,C:\Users\angel\OneDrive\Desktop\Kern\data\raw\fonts\Mulish_600italic.ttf,ok,4,4,0,4,0,
Mulish,Mulish_700italic,700italic,C:\Users\angel\OneDrive\Desktop\Kern\data\raw\fonts\Mulish_700italic.ttf,ok,4,4,0,4,0,
Mulish,Mulish_800italic,800italic,C:\Users\angel\OneDrive\Desktop\Kern\data\raw\fonts\Mulish_800italic.ttf,ok,4,4,0,4,0,
Mulish,Mulish_900italic,900italic,C:\Users\angel\OneDrive\Desktop\Kern\data\raw\fonts\Mulish_900italic.ttf,ok,4,4,0,4,0,
Figtree,Figtree_300,300,C:\Users\angel\OneDrive\Desktop\Kern\data\raw\fonts\Figtree_300.ttf,ok,96,1389,1293,96,0,
Figtree,Figtree_regular,regular,C:\Users\angel\OneDrive\Desktop\Kern\data\raw\fonts\Figtree_regular.ttf,ok,163,1389,1226,163,0,
Figtree,Figtree_500,500,C:\Users\angel\OneDrive\Desktop\Kern\data\raw\fonts\Figtree_500.ttf,ok,164,1389,1225,164,0,
Figtree,Figtree_600,600,C:\Users\angel\OneDrive\Desktop\Kern\data\raw\fonts\Figtree_600.ttf,ok,164,1389,1225,164,0,
Figtree,Figtree_700,700,C:\Users\angel\OneDrive\Desktop\Kern\data\raw\fonts\Figtree_700.ttf,ok,165,1389,1224,165,0,
Figtree,Figtree_800,800,C:\Users\angel\OneDrive\Desktop\Kern\data\raw\fonts\Figtree_800.ttf,ok,165,1389,1224,165,0,
Figtree,Figtree_900,900,C:\Users\angel\OneDrive\Desktop\Kern\data\raw\fonts\Figtree_900.ttf,ok,157,1389,1232,157,0,
Figtree,Figtree_300italic,300italic,C:\Users\angel\OneDrive\Desktop\Kern\data\raw\fonts\Figtree_300italic.ttf,ok,96,1426,1330,96,0,
Figtree,Figtree_italic,italic,C:\Users\angel\OneDrive\Desktop\Kern\data\raw\fonts\Figtree_italic.ttf,ok,163,1426,1263,163,0,
Figtree,Figtree_500italic,500italic,C:\Users\angel\OneDrive\Desktop\Kern\data\raw\fonts\Figtree_500italic.ttf,ok,164,1426,1262,164,0,
Figtree,Figtree_600italic,600italic,C:\Users\angel\OneDrive\Desktop\Kern\data\raw\fonts\Figtree_600italic.ttf,ok,164,1426,1262,164,0,
Figtree,Figtree_700italic,700italic,C:\Users\angel\OneDrive\Desktop\Kern\data\raw\fonts\Figtree_700italic.ttf,ok,165,1426,1261,165,0,
Figtree,Figtree_800italic,800italic,C:\Users\angel\OneDrive\Desktop\Kern\data\raw\fonts\Figtree_800italic.ttf,ok,165,1426,1261,165,0,
Figtree,Figtree_900italic,900italic,C:\Users\angel\OneDrive\Desktop\Kern\data\raw\fonts\Figtree_900italic.ttf,ok,157,1426,1269,157,0,
Plus Jakarta Sans,Plus_Jakarta_Sans_200,200,C:\Users\angel\OneDrive\Desktop\Kern\data\raw\fonts\Plus_Jakarta_Sans_200.ttf,ok,74,220,146,74,0,
Plus Jakarta Sans,Plus_Jakarta_Sans_300,300,C:\Users\angel\OneDrive\Desktop\Kern\data\raw\fonts\Plus_Jakarta_Sans_300.ttf,ok,75,220,145,75,0,
Plus Jakarta Sans,Plus_Jakarta_Sans_regular,regular,C:\Users\angel\OneDrive\Desktop\Kern\data\raw\fonts\Plus_Jakarta_Sans_regular.ttf,ok,75,220,145,75,0,
Plus Jakarta Sans,Plus_Jakarta_Sans_500,500,C:\Users\angel\OneDrive\Desktop\Kern\data\raw\fonts\Plus_Jakarta_Sans_500.ttf,ok,75,220,145,75,0,
Plus Jakarta Sans,Plus_Jakarta_Sans_600,600,C:\Users\angel\OneDrive\Desktop\Kern\data\raw\fonts\Plus_Jakarta_Sans_600.ttf,ok,75,220,145,75,0,
Plus Jakarta Sans,Plus_Jakarta_Sans_700,700,C:\Users\angel\OneDrive\Desktop\Kern\data\raw\fonts\Plus_Jakarta_Sans_700.ttf,ok,75,220,145,75,0,
Plus Jakarta Sans,Plus_Jakarta_Sans_800,800,C:\Users\angel\OneDrive\Desktop\Kern\data\raw\fonts\Plus_Jakarta_Sans_800.ttf,ok,74,220,146,74,0,
Plus Jakarta Sans,Plus_Jakarta_Sans_200italic,200italic,C:\Users\angel\OneDrive\Desktop\Kern\data\raw\fonts\Plus_Jakarta_Sans_200italic.ttf,ok,74,187,113,74,0,
Plus Jakarta Sans,Plus_Jakarta_Sans_300italic,300italic,C:\Users\angel\OneDrive\Desktop\Kern\data\raw\fonts\Plus_Jakarta_Sans_300italic.ttf,ok,75,187,112,75,0,
Plus Jakarta Sans,Plus_Jakarta_Sans_italic,italic,C:\Users\angel\OneDrive\Desktop\Kern\data\raw\fonts\Plus_Jakarta_Sans_italic.ttf,ok,68,187,119,68,0,
Plus Jakarta Sans,Plus_Jakarta_Sans_500italic,500italic,C:\Users\angel\OneDrive\Desktop\Kern\data\raw\fonts\Plus_Jakarta_Sans_500italic.ttf,ok,75,187,112,75,0,
Plus Jakarta Sans,Plus_Jakarta_Sans_600italic,600italic,C:\Users\angel\OneDrive\Desktop\Kern\data\raw\fonts\Plus_Jakarta_Sans_600italic.ttf,ok,75,187,112,75,0,
Plus Jakarta Sans,Plus_Jakarta_Sans_700italic,700italic,C:\Users\angel\OneDrive\Desktop\Kern\data\raw\fonts\Plus_Jakarta_Sans_700italic.ttf,ok,75,187,112,75,0,
Plus Jakarta Sans,Plus_Jakarta_Sans_800italic,800italic,C:\Users\angel\OneDrive\Desktop\Kern\data\raw\fonts\Plus_Jakarta_Sans_800italic.ttf,ok,75,187,112,75,0,
Share Tech,Share_Tech_regular,regular,C:\Users\angel\OneDrive\Desktop\Kern\data\raw\fonts\Share_Tech_regular.ttf,ok,400,400,0,400,0,
Smooch Sans,Smooch_Sans_100,100,C:\Users\angel\OneDrive\Desktop\Kern\data\raw\fonts\Smooch_Sans_100.ttf,ok,7,347,340,7,0,
Smooch Sans,Smooch_Sans_200,200,C:\Users\angel\OneDrive\Desktop\Kern\data\raw\fonts\Smooch_Sans_200.ttf,ok,7,347,340,7,0,
Smooch Sans,Smooch_Sans_300,300,C:\Users\angel\OneDrive\Desktop\Kern\data\raw\fonts\Smooch_Sans_300.ttf,ok,7,347,340,7,0,
Smooch Sans,Smooch_Sans_regular,regular,C:\Users\angel\OneDrive\Desktop\Kern\data\raw\fonts\Smooch_Sans_regular.ttf,ok,7,347,340,7,0,
Smooch Sans,Smooch_Sans_500,500,C:\Users\angel\OneDrive\Desktop\Kern\data\raw\fonts\Smooch_Sans_500.ttf,ok,7,347,340,7,0,
Smooch Sans,Smooch_Sans_600,600,C:\Users\angel\OneDrive\Desktop\Kern\data\raw\fonts\Smooch_Sans_600.ttf,ok,7,347,340,7,0,
Smooch Sans,Smooch_Sans_700,700,C:\Users\angel\OneDrive\Desktop\Kern\data\raw\fonts\Smooch_Sans_700.ttf,ok,7,347,340,7,0,
Smooch Sans,Smooch_Sans_800,800,C:\Users\angel\OneDrive\Desktop\Kern\data\raw\fonts\Smooch_Sans_800.ttf,ok,7,347,340,7,0,
Smooch Sans,Smooch_Sans_900,900,C:\Users\angel\OneDrive\Desktop\Kern\data\raw\fonts\Smooch_Sans_900.ttf,ok,6,347,341,6,0,
Bricolage Grotesque,Bricolage_Grotesque_200,200,C:\Users\angel\OneDrive\Desktop\Kern\data\raw\fonts\Bricolage_Grotesque_200.ttf,ok,47,139,92,47,0,
Bricolage Grotesque,Bricolage_Grotesque_300,300,C:\Users\angel\OneDrive\Desktop\Kern\data\raw\fonts\Bricolage_Grotesque_300.ttf,ok,51,139,88,51,0,
Bricolage Grotesque,Bricolage_Grotesque_regular,regular,C:\Users\angel\OneDrive\Desktop\Kern\data\raw\fonts\Bricolage_Grotesque_regular.ttf,ok,53,139,86,53,0,
Bricolage Grotesque,Bricolage_Grotesque_500,500,C:\Users\angel\OneDrive\Desktop\Kern\data\raw\fonts\Bricolage_Grotesque_500.ttf,ok,53,139,86,53,0,
Bricolage Grotesque,Bricolage_Grotesque_600,600,C:\Users\angel\OneDrive\Desktop\Kern\data\raw\fonts\Bricolage_Grotesque_600.ttf,ok,53,139,86,53,0,
Bricolage Grotesque,Bricolage_Grotesque_700,700,C:\Users\angel\OneDrive\Desktop\Kern\data\raw\fonts\Bricolage_Grotesque_700.ttf,ok,51,139,88,51,0,
Bricolage Grotesque,Bricolage_Grotesque_800,800,C:\Users\angel\OneDrive\Desktop\Kern\data\raw\fonts\Bricolage_Grotesque_800.ttf,ok,42,139,97,42,0,
Source Sans 3,Source_Sans_3_200,200,C:\Users\angel\OneDrive\Desktop\Kern\data\raw\fonts\Source_Sans_3_200.ttf,ok,0,1896,1896,0,0,
Source Sans 3,Source_Sans_3_300,300,C:\Users\angel\OneDrive\Desktop\Kern\data\raw\fonts\Source_Sans_3_300.ttf,ok,0,1896,1896,0,0,
Source Sans 3,Source_Sans_3_regular,regular,C:\Users\angel\OneDrive\Desktop\Kern\data\raw\fonts\Source_Sans_3_regular.ttf,ok,0,1896,1896,0,0,
Source Sans 3,Source_Sans_3_500,500,C:\Users\angel\OneDrive\Desktop\Kern\data\raw\fonts\Source_Sans_3_500.ttf,ok,0,1896,1896,0,0,
Source Sans 3,Source_Sans_3_600,600,C:\Users\angel\OneDrive\Desktop\Kern\data\raw\fonts\Source_Sans_3_600.ttf,ok,0,1896,1896,0,0,
Source Sans 3,Source_Sans_3_700,700,C:\Users\angel\OneDrive\Desktop\Kern\data\raw\fonts\Source_Sans_3_700.ttf,ok,0,1896,1896,0,0,
Source Sans 3,Source_Sans_3_800,800,C:\Users\angel\OneDrive\Desktop\Kern\data\raw\fonts\Source_Sans_3_800.ttf,ok,0,1896,1896,0,0,
Source Sans 3,Source_Sans_3_900,900,C:\Users\angel\OneDrive\Desktop\Kern\data\raw\fonts\Source_Sans_3_900.ttf,ok,0,1896,1896,0,0,
Source Sans 3,Source_Sans_3_200italic,200italic,C:\Users\angel\OneDrive\Desktop\Kern\data\raw\fonts\Source_Sans_3_200italic.ttf,ok,0,1054,1054,0,0,
Source Sans 3,Source_Sans_3_300italic,300italic,C:\Users\angel\OneDrive\Desktop\Kern\data\raw\fonts\Source_Sans_3_300italic.ttf,ok,0,1054,1054,0,0,
Source Sans 3,Source_Sans_3_italic,italic,C:\Users\angel\OneDrive\Desktop\Kern\data\raw\fonts\Source_Sans_3_italic.ttf,ok,0,1054,1054,0,0,
Source Sans 3,Source_Sans_3_500italic,500italic,C:\Users\angel\OneDrive\Desktop\Kern\data\raw\fonts\Source_Sans_3_500italic.ttf,ok,0,1054,1054,0,0,
Source Sans 3,Source_Sans_3_600italic,600italic,C:\Users\angel\OneDrive\Desktop\Kern\data\raw\fonts\Source_Sans_3_600italic.ttf,ok,0,1054,1054,0,0,
Source Sans 3,Source_Sans_3_700italic,700italic,C:\Users\angel\OneDrive\Desktop\Kern\data\raw\fonts\Source_Sans_3_700italic.ttf,ok,0,1054,1054,0,0,
Source Sans 3,Source_Sans_3_800italic,800italic,C:\Users\angel\OneDrive\Desktop\Kern\data\raw\fonts\Source_Sans_3_800italic.ttf,ok,0,1054,1054,0,0,
Source Sans 3,Source_Sans_3_900italic,900italic,C:\Users\angel\OneDrive\Desktop\Kern\data\raw\fonts\Source_Sans_3_900italic.ttf,ok,0,1054,1054,0,0,
Barlow,Barlow_100,100,C:\Users\angel\OneDrive\Desktop\Kern\data\raw\fonts\Barlow_100.ttf,ok,53,15925,15872,53,0,
Barlow,Barlow_100italic,100italic,C:\Users\angel\OneDrive\Desktop\Kern\data\raw\fonts\Barlow_100italic.ttf,ok,54,15894,15840,54,0,
Barlow,Barlow_200,200,C:\Users\angel\OneDrive\Desktop\Kern\data\raw\fonts\Barlow_200.ttf,ok,54,15891,15837,54,0,
Barlow,Barlow_200italic,200italic,C:\Users\angel\OneDrive\Desktop\Kern\data\raw\fonts\Barlow_200italic.ttf,ok,55,15861,15806,55,0,
Barlow,Barlow_300,300,C:\Users\angel\OneDrive\Desktop\Kern\data\raw\fonts\Barlow_300.ttf,ok,54,15861,15807,54,0,
Barlow,Barlow_300italic,300italic,C:\Users\angel\OneDrive\Desktop\Kern\data\raw\fonts\Barlow_300italic.ttf,ok,55,15831,15776,55,0,
Barlow,Barlow_regular,regular,C:\Users\angel\OneDrive\Desktop\Kern\data\raw\fonts\Barlow_regular.ttf,ok,54,15861,15807,54,0,
Barlow,Barlow_italic,italic,C:\Users\angel\OneDrive\Desktop\Kern\data\raw\fonts\Barlow_italic.ttf,ok,55,15831,15776,55,0,
Barlow,Barlow_500,500,C:\Users\angel\OneDrive\Desktop\Kern\data\raw\fonts\Barlow_500.ttf,ok,54,15861,15807,54,0,
Barlow,Barlow_500italic,500italic,C:\Users\angel\OneDrive\Desktop\Kern\data\raw\fonts\Barlow_500italic.ttf,ok,55,15831,15776,55,0,
Barlow,Barlow_600,600,C:\Users\angel\OneDrive\Desktop\Kern\data\raw\fonts\Barlow_600.ttf,ok,55,15861,15806,55,0,
Barlow,Barlow_600italic,600italic,C:\Users\angel\OneDrive\Desktop\Kern\data\raw\fonts\Barlow_600italic.ttf,ok,55,15831,15776,55,0,
Barlow,Barlow_700,700,C:\Users\angel\OneDrive\Desktop\Kern\data\raw\fonts\Barlow_700.ttf,ok,55,15861,15806,55,0,
Barlow,Barlow_700italic,700italic,C:\Users\angel\OneDrive\Desktop\Kern\data\raw\fonts\Barlow_700italic.ttf,ok,55,15831,15776,55,0,
Barlow,Barlow_800,800,C:\Users\angel\OneDrive\Desktop\Kern\data\raw\fonts\Barlow_800.ttf,ok,55,15894,15839,55,0,
Barlow,Barlow_800italic,800italic,C:\Users\angel\OneDrive\Desktop\Kern\data\raw\fonts\Barlow_800italic.ttf,ok,55,15863,15808,55,0,
Barlow,Barlow_900,900,C:\Users\angel\OneDrive\Desktop\Kern\data\raw\fonts\Barlow_900.ttf,ok,46,16384,16338,46,0,
Barlow,Barlow_900italic,900italic,C:\Users\angel\OneDrive\Desktop\Kern\data\raw\fonts\Barlow_900italic.ttf,ok,46,16353,16307,46,0,
Quicksand,Quicksand_300,300,C:\Users\angel\OneDrive\Desktop\Kern\data\raw\fonts\Quicksand_300.ttf,ok,1,105,104,1,0,
Quicksand,Quicksand_regular,regular,C:\Users\angel\OneDrive\Desktop\Kern\data\raw\fonts\Quicksand_regular.ttf,ok,1,105,104,1,0,
Quicksand,Quicksand_500,500,C:\Users\angel\OneDrive\Desktop\Kern\data\raw\fonts\Quicksand_500.ttf,ok,1,105,104,1,0,
Quicksand,Quicksand_600,600,C:\Users\angel\OneDrive\Desktop\Kern\data\raw\fonts\Quicksand_600.ttf,ok,1,105,104,1,0,
Quicksand,Quicksand_700,700,C:\Users\angel\OneDrive\Desktop\Kern\data\raw\fonts\Quicksand_700.ttf,ok,1,105,104,1,0,
IBM Plex Sans,IBM_Plex_Sans_100,100,C:\Users\angel\OneDrive\Desktop\Kern\data\raw\fonts\IBM_Plex_Sans_100.ttf,ok,235,8591,8356,235,0,
IBM Plex Sans,IBM_Plex_Sans_200,200,C:\Users\angel\OneDrive\Desktop\Kern\data\raw\fonts\IBM_Plex_Sans_200.ttf,ok,256,8591,8335,256,0,
IBM Plex Sans,IBM_Plex_Sans_300,300,C:\Users\angel\OneDrive\Desktop\Kern\data\raw\fonts\IBM_Plex_Sans_300.ttf,ok,256,8591,8335,256,0,
IBM Plex Sans,IBM_Plex_Sans_regular,regular,C:\Users\angel\OneDrive\Desktop\Kern\data\raw\fonts\IBM_Plex_Sans_regular.ttf,ok,228,8591,8363,228,0,
IBM Plex Sans,IBM_Plex_Sans_500,500,C:\Users\angel\OneDrive\Desktop\Kern\data\raw\fonts\IBM_Plex_Sans_500.ttf,ok,245,8591,8346,245,0,
IBM Plex Sans,IBM_Plex_Sans_600,600,C:\Users\angel\OneDrive\Desktop\Kern\data\raw\fonts\IBM_Plex_Sans_600.ttf,ok,245,8591,8346,245,0,
IBM Plex Sans,IBM_Plex_Sans_700,700,C:\Users\angel\OneDrive\Desktop\Kern\data\raw\fonts\IBM_Plex_Sans_700.ttf,ok,240,8591,8351,240,0,
IBM Plex Sans,IBM_Plex_Sans_100italic,100italic,C:\Users\angel\OneDrive\Desktop\Kern\data\raw\fonts\IBM_Plex_Sans_100italic.ttf,ok,254,8575,8321,254,0,
IBM Plex Sans,IBM_Plex_Sans_200italic,200italic,C:\Users\angel\OneDrive\Desktop\Kern\data\raw\fonts\IBM_Plex_Sans_200italic.ttf,ok,265,8575,8310,265,0,
IBM Plex Sans,IBM_Plex_Sans_300italic,300italic,C:\Users\angel\OneDrive\Desktop\Kern\data\raw\fonts\IBM_Plex_Sans_300italic.ttf,ok,264,8575,8311,264,0,
IBM Plex Sans,IBM_Plex_Sans_italic,italic,C:\Users\angel\OneDrive\Desktop\Kern\data\raw\fonts\IBM_Plex_Sans_italic.ttf,ok,228,8575,8347,228,0,
IBM Plex Sans,IBM_Plex_Sans_500italic,500italic,C:\Users\angel\OneDrive\Desktop\Kern\data\raw\fonts\IBM_Plex_Sans_500italic.ttf,ok,256,8575,8319,256,0,
IBM Plex Sans,IBM_Plex_Sans_600italic,600italic,C:\Users\angel\OneDrive\Desktop\Kern\data\raw\fonts\IBM_Plex_Sans_600italic.ttf,ok,256,8575,8319,256,0,
IBM Plex Sans,IBM_Plex_Sans_700italic,700italic,C:\Users\angel\OneDrive\Desktop\Kern\data\raw\fonts\IBM_Plex_Sans_700italic.ttf,ok,233,8575,8342,233,0,
Jost,Jost_100,100,C:\Users\angel\OneDrive\Desktop\Kern\data\raw\fonts\Jost_100.ttf,ok,0,418,418,0,0,
Jost,Jost_200,200,C:\Users\angel\OneDrive\Desktop\Kern\data\raw\fonts\Jost_200.ttf,ok,0,418,418,0,0,
Jost,Jost_300,300,C:\Users\angel\OneDrive\Desktop\Kern\data\raw\fonts\Jost_300.ttf,ok,0,418,418,0,0,
Jost,Jost_regular,regular,C:\Users\angel\OneDrive\Desktop\Kern\data\raw\fonts\Jost_regular.ttf,ok,0,418,418,0,0,
Jost,Jost_500,500,C:\Users\angel\OneDrive\Desktop\Kern\data\raw\fonts\Jost_500.ttf,ok,0,418,418,0,0,
Jost,Jost_600,600,C:\Users\angel\OneDrive\Desktop\Kern\data\raw\fonts\Jost_600.ttf,ok,0,418,418,0,0,
Jost,Jost_700,700,C:\Users\angel\OneDrive\Desktop\Kern\data\raw\fonts\Jost_700.ttf,ok,0,418,418,0,0,
Jost,Jost_800,800,C:\Users\angel\OneDrive\Desktop\Kern\data\raw\fonts\Jost_800.ttf,ok,0,418,418,0,0,
Jost,Jost_900,900,C:\Users\angel\OneDrive\Desktop\Kern\data\raw\fonts\Jost_900.ttf,ok,0,418,418,0,0,
Jost,Jost_100italic,100italic,C:\Users\angel\OneDrive\Desktop\Kern\data\raw\fonts\Jost_100italic.ttf,ok,0,418,418,0,0,
Jost,Jost_200italic,200italic,C:\Users\angel\OneDrive\Desktop\Kern\data\raw\fonts\Jost_200italic.ttf,ok,0,418,418,0,0,
Jost,Jost_300italic,300italic,C:\Users\angel\OneDrive\Desktop\Kern\data\raw\fonts\Jost_300italic.ttf,ok,0,418,418,0,0,
Jost,Jost_italic,italic,C:\Users\angel\OneDrive\Desktop\Kern\data\raw\fonts\Jost_italic.ttf,ok,0,418,418,0,0,
Jost,Jost_500italic,500italic,C:\Users\angel\OneDrive\Desktop\Kern\data\raw\fonts\Jost_500italic.ttf,ok,0,418,418,0,0,
Jost,Jost_600italic,600italic,C:\Users\angel\OneDrive\Desktop\Kern\data\raw\fonts\Jost_600italic.ttf,ok,0,418,418,0,0,
Jost,Jost_700italic,700italic,C:\Users\angel\OneDrive\Desktop\Kern\data\raw\fonts\Jost_700italic.ttf,ok,0,418,418,0,0,
Jost,Jost_800italic,800italic,C:\Users\angel\OneDrive\Desktop\Kern\data\raw\fonts\Jost_800italic.ttf,ok,0,418,418,0,0,
Jost,Jost_900italic,900italic,C:\Users\angel\OneDrive\Desktop\Kern\data\raw\fonts\Jost_900italic.ttf,ok,0,418,418,0,0,
Karla,Karla_200,200,C:\Users\angel\OneDrive\Desktop\Kern\data\raw\fonts\Karla_200.ttf,ok,113,1373,1260,113,0,
Karla,Karla_300,300,C:\Users\angel\OneDrive\Desktop\Kern\data\raw\fonts\Karla_300.ttf,ok,118,1373,1255,118,0,
Karla,Karla_regular,regular,C:\Users\angel\OneDrive\Desktop\Kern\data\raw\fonts\Karla_regular.ttf,ok,118,1373,1255,118,0,
Karla,Karla_500,500,C:\Users\angel\OneDrive\Desktop\Kern\data\raw\fonts\Karla_500.ttf,ok,118,1373,1255,118,0,
Karla,Karla_600,600,C:\Users\angel\OneDrive\Desktop\Kern\data\raw\fonts\Karla_600.ttf,ok,118,1373,1255,118,0,
Karla,Karla_700,700,C:\Users\angel\OneDrive\Desktop\Kern\data\raw\fonts\Karla_700.ttf,ok,118,1373,1255,118,0,
Karla,Karla_800,800,C:\Users\angel\OneDrive\Desktop\Kern\data\raw\fonts\Karla_800.ttf,ok,114,1373,1259,114,0,
Karla,Karla_200italic,200italic,C:\Users\angel\OneDrive\Desktop\Kern\data\raw\fonts\Karla_200italic.ttf,ok,84,865,781,84,0,
Karla,Karla_300italic,300italic,C:\Users\angel\OneDrive\Desktop\Kern\data\raw\fonts\Karla_300italic.ttf,ok,84,865,781,84,0,
Karla,Karla_italic,italic,C:\Users\angel\OneDrive\Desktop\Kern\data\raw\fonts\Karla_italic.ttf,ok,84,865,781,84,0,
Karla,Karla_500italic,500italic,C:\Users\angel\OneDrive\Desktop\Kern\data\raw\fonts\Karla_500italic.ttf,ok,84,865,781,84,0,
Karla,Karla_600italic,600italic,C:\Users\angel\OneDrive\Desktop\Kern\data\raw\fonts\Karla_600italic.ttf,ok,84,865,781,84,0,
Karla,Karla_700italic,700italic,C:\Users\angel\OneDrive\Desktop\Kern\data\raw\fonts\Karla_700italic.ttf,ok,84,865,781,84,0,
Karla,Karla_800italic,800italic,C:\Users\angel\OneDrive\Desktop\Kern\data\raw\fonts\Karla_800italic.ttf,ok,84,865,781,84,0,
Fira Sans,Fira_Sans_100,100,C:\Users\angel\OneDrive\Desktop\Kern\data\raw\fonts\Fira_Sans_100.ttf,ok,0,46059,46059,0,0,
Fira Sans,Fira_Sans_100italic,100italic,C:\Users\angel\OneDrive\Desktop\Kern\data\raw\fonts\Fira_Sans_100italic.ttf,ok,0,47936,47936,0,0,
Fira Sans,Fira_Sans_200,200,C:\Users\angel\OneDrive\Desktop\Kern\data\raw\fonts\Fira_Sans_200.ttf,ok,0,45955,45955,0,0,
Fira Sans,Fira_Sans_200italic,200italic,C:\Users\angel\OneDrive\Desktop\Kern\data\raw\fonts\Fira_Sans_200italic.ttf,ok,0,47831,47831,0,0,
Fira Sans,Fira_Sans_300,300,C:\Users\angel\OneDrive\Desktop\Kern\data\raw\fonts\Fira_Sans_300.ttf,ok,0,45955,45955,0,0,
Fira Sans,Fira_Sans_300italic,300italic,C:\Users\angel\OneDrive\Desktop\Kern\data\raw\fonts\Fira_Sans_300italic.ttf,ok,0,47831,47831,0,0,
Fira Sans,Fira_Sans_regular,regular,C:\Users\angel\OneDrive\Desktop\Kern\data\raw\fonts\Fira_Sans_regular.ttf,ok,0,45955,45955,0,0,
Fira Sans,Fira_Sans_italic,italic,C:\Users\angel\OneDrive\Desktop\Kern\data\raw\fonts\Fira_Sans_italic.ttf,ok,0,47831,47831,0,0,
Fira Sans,Fira_Sans_500,500,C:\Users\angel\OneDrive\Desktop\Kern\data\raw\fonts\Fira_Sans_500.ttf,ok,0,45955,45955,0,0,
Fira Sans,Fira_Sans_500italic,500italic,C:\Users\angel\OneDrive\Desktop\Kern\data\raw\fonts\Fira_Sans_500italic.ttf,ok,0,47831,47831,0,0,
Fira Sans,Fira_Sans_600,600,C:\Users\angel\OneDrive\Desktop\Kern\data\raw\fonts\Fira_Sans_600.ttf,ok,0,45955,45955,0,0,
Fira Sans,Fira_Sans_600italic,600italic,C:\Users\angel\OneDrive\Desktop\Kern\data\raw\fonts\Fira_Sans_600italic.ttf,ok,0,47831,47831,0,0,
Fira Sans,Fira_Sans_700,700,C:\Users\angel\OneDrive\Desktop\Kern\data\raw\fonts\Fira_Sans_700.ttf,ok,0,45955,45955,0,0,
Fira Sans,Fira_Sans_700italic,700italic,C:\Users\angel\OneDrive\Desktop\Kern\data\raw\fonts\Fira_Sans_700italic.ttf,ok,0,47831,47831,0,0,
Fira Sans,Fira_Sans_800,800,C:\Users\angel\OneDrive\Desktop\Kern\data\raw\fonts\Fira_Sans_800.ttf,ok,0,45955,45955,0,0,
Fira Sans,Fira_Sans_800italic,800italic,C:\Users\angel\OneDrive\Desktop\Kern\data\raw\fonts\Fira_Sans_800italic.ttf,ok,0,47831,47831,0,0,
Fira Sans,Fira_Sans_900,900,C:\Users\angel\OneDrive\Desktop\Kern\data\raw\fonts\Fira_Sans_900.ttf,ok,0,45955,45955,0,0,
Fira Sans,Fira_Sans_900italic,900italic,C:\Users\angel\OneDrive\Desktop\Kern\data\raw\fonts\Fira_Sans_900italic.ttf,ok,0,47831,47831,0,0,
Archivo,Archivo_100,100,C:\Users\angel\OneDrive\Desktop\Kern\data\raw\fonts\Archivo_100.ttf,ok,0,280,280,0,0,
Archivo,Archivo_200,200,C:\Users\angel\OneDrive\Desktop\Kern\data\raw\fonts\Archivo_200.ttf,ok,0,280,280,0,0,
Archivo,Archivo_300,300,C:\Users\angel\OneDrive\Desktop\Kern\data\raw\fonts\Archivo_300.ttf,ok,0,280,280,0,0,
Archivo,Archivo_regular,regular,C:\Users\angel\OneDrive\Desktop\Kern\data\raw\fonts\Archivo_regular.ttf,ok,0,280,280,0,0,
Archivo,Archivo_500,500,C:\Users\angel\OneDrive\Desktop\Kern\data\raw\fonts\Archivo_500.ttf,ok,0,280,280,0,0,
Archivo,Archivo_600,600,C:\Users\angel\OneDrive\Desktop\Kern\data\raw\fonts\Archivo_600.ttf,ok,0,280,280,0,0,
Archivo,Archivo_700,700,C:\Users\angel\OneDrive\Desktop\Kern\data\raw\fonts\Archivo_700.ttf,ok,0,280,280,0,0,
Archivo,Archivo_800,800,C:\Users\angel\OneDrive\Desktop\Kern\data\raw\fonts\Archivo_800.ttf,ok,0,280,280,0,0,
Archivo,Archivo_900,900,C:\Users\angel\OneDrive\Desktop\Kern\data\raw\fonts\Archivo_900.ttf,ok,0,280,280,0,0,
Archivo,Archivo_100italic,100italic,C:\Users\angel\OneDrive\Desktop\Kern\data\raw\fonts\Archivo_100italic.ttf,ok,0,294,294,0,0,
Archivo,Archivo_200italic,200italic,C:\Users\angel\OneDrive\Desktop\Kern\data\raw\fonts\Archivo_200italic.ttf,ok,0,294,294,0,0,
Archivo,Archivo_300italic,300italic,C:\Users\angel\OneDrive\Desktop\Kern\data\raw\fonts\Archivo_300italic.ttf,ok,0,294,294,0,0,
Archivo,Archivo_italic,italic,C:\Users\angel\OneDrive\Desktop\Kern\data\raw\fonts\Archivo_italic.ttf,ok,0,294,294,0,0,
Archivo,Archivo_500italic,500italic,C:\Users\angel\OneDrive\Desktop\Kern\data\raw\fonts\Archivo_500italic.ttf,ok,0,294,294,0,0,
Archivo,Archivo_600italic,600italic,C:\Users\angel\OneDrive\Desktop\Kern\data\raw\fonts\Archivo_600italic.ttf,ok,0,294,294,0,0,
Archivo,Archivo_700italic,700italic,C:\Users\angel\OneDrive\Desktop\Kern\data\raw\fonts\Archivo_700italic.ttf,ok,0,294,294,0,0,
Archivo,Archivo_800italic,800italic,C:\Users\angel\OneDrive\Desktop\Kern\data\raw\fonts\Archivo_800italic.ttf,ok,0,294,294,0,0,
Archivo,Archivo_900italic,900italic,C:\Users\angel\OneDrive\Desktop\Kern\data\raw\fonts\Archivo_900italic.ttf,ok,0,294,294,0,0,
Noto Serif,Noto_Serif_100,100,C:\Users\angel\OneDrive\Desktop\Kern\data\raw\fonts\Noto_Serif_100.ttf,ok,5,2758,2753,5,0,
Noto Serif,Noto_Serif_200,200,C:\Users\angel\OneDrive\Desktop\Kern\data\raw\fonts\Noto_Serif_200.ttf,ok,5,2758,2753,5,0,
Noto Serif,Noto_Serif_300,300,C:\Users\angel\OneDrive\Desktop\Kern\data\raw\fonts\Noto_Serif_300.ttf,ok,5,2758,2753,5,0,
Noto Serif,Noto_Serif_regular,regular,C:\Users\angel\OneDrive\Desktop\Kern\data\raw\fonts\Noto_Serif_regular.ttf,ok,5,2758,2753,5,0,
Noto Serif,Noto_Serif_500,500,C:\Users\angel\OneDrive\Desktop\Kern\data\raw\fonts\Noto_Serif_500.ttf,ok,5,2758,2753,5,0,
Noto Serif,Noto_Serif_600,600,C:\Users\angel\OneDrive\Desktop\Kern\data\raw\fonts\Noto_Serif_600.ttf,ok,5,2758,2753,5,0,
Noto Serif,Noto_Serif_700,700,C:\Users\angel\OneDrive\Desktop\Kern\data\raw\fonts\Noto_Serif_700.ttf,ok,5,2758,2753,5,0,
Noto Serif,Noto_Serif_800,800,C:\Users\angel\OneDrive\Desktop\Kern\data\raw\fonts\Noto_Serif_800.ttf,ok,5,2758,2753,5,0,
Noto Serif,Noto_Serif_900,900,C:\Users\angel\OneDrive\Desktop\Kern\data\raw\fonts\Noto_Serif_900.ttf,ok,5,2758,2753,5,0,
Noto Serif,Noto_Serif_100italic,100italic,C:\Users\angel\OneDrive\Desktop\Kern\data\raw\fonts\Noto_Serif_100italic.ttf,ok,7,8163,8156,7,0,
Noto Serif,Noto_Serif_200italic,200italic,C:\Users\angel\OneDrive\Desktop\Kern\data\raw\fonts\Noto_Serif_200italic.ttf,ok,7,8163,8156,7,0,
Noto Serif,Noto_Serif_300italic,300italic,C:\Users\angel\OneDrive\Desktop\Kern\data\raw\fonts\Noto_Serif_300italic.ttf,ok,7,8163,8156,7,0,
Noto Serif,Noto_Serif_italic,italic,C:\Users\angel\OneDrive\Desktop\Kern\data\raw\fonts\Noto_Serif_italic.ttf,ok,7,8163,8156,7,0,
Noto Serif,Noto_Serif_500italic,500italic,C:\Users\angel\OneDrive\Desktop\Kern\data\raw\fonts\Noto_Serif_500italic.ttf,ok,7,8163,8156,7,0,
Noto Serif,Noto_Serif_600italic,600italic,C:\Users\angel\OneDrive\Desktop\Kern\data\raw\fonts\Noto_Serif_600italic.ttf,ok,7,8163,8156,7,0,
Noto Serif,Noto_Serif_700italic,700italic,C:\Users\angel\OneDrive\Desktop\Kern\data\raw\fonts\Noto_Serif_700italic.ttf,ok,7,8163,8156,7,0,
Noto Serif,Noto_Serif_800italic,800italic,C:\Users\angel\OneDrive\Desktop\Kern\data\raw\fonts\Noto_Serif_800italic.ttf,ok,7,8163,8156,7,0,
Noto Serif,Noto_Serif_900italic,900italic,C:\Users\angel\OneDrive\Desktop\Kern\data\raw\fonts\Noto_Serif_900italic.ttf,ok,7,8163,8156,7,0,
Heebo,Heebo_100,100,C:\Users\angel\OneDrive\Desktop\Kern\data\raw\fonts\Heebo_100.ttf,ok,171,2727,2556,171,0,
Heebo,Heebo_200,200,C:\Users\angel\OneDrive\Desktop\Kern\data\raw\fonts\Heebo_200.ttf,ok,172,2727,2555,172,0,
Heebo,Heebo_300,300,C:\Users\angel\OneDrive\Desktop\Kern\data\raw\fonts\Heebo_300.ttf,ok,172,2727,2555,172,0,
Heebo,Heebo_regular,regular,C:\Users\angel\OneDrive\Desktop\Kern\data\raw\fonts\Heebo_regular.ttf,ok,172,2727,2555,172,0,
Heebo,Heebo_500,500,C:\Users\angel\OneDrive\Desktop\Kern\data\raw\fonts\Heebo_500.ttf,ok,179,2727,2548,179,0,
Heebo,Heebo_600,600,C:\Users\angel\OneDrive\Desktop\Kern\data\raw\fonts\Heebo_600.ttf,ok,179,2727,2548,179,0,
Heebo,Heebo_700,700,C:\Users\angel\OneDrive\Desktop\Kern\data\raw\fonts\Heebo_700.ttf,ok,179,2727,2548,179,0,
Heebo,Heebo_800,800,C:\Users\angel\OneDrive\Desktop\Kern\data\raw\fonts\Heebo_800.ttf,ok,172,2727,2555,172,0,
Heebo,Heebo_900,900,C:\Users\angel\OneDrive\Desktop\Kern\data\raw\fonts\Heebo_900.ttf,ok,179,2727,2548,179,0,
Space Grotesk,Space_Grotesk_300,300,C:\Users\angel\OneDrive\Desktop\Kern\data\raw\fonts\Space_Grotesk_300.ttf,ok,6,96,90,6,0,
Space Grotesk,Space_Grotesk_regular,regular,C:\Users\angel\OneDrive\Desktop\Kern\data\raw\fonts\Space_Grotesk_regular.ttf,ok,6,96,90,6,0,
Space Grotesk,Space_Grotesk_500,500,C:\Users\angel\OneDrive\Desktop\Kern\data\raw\fonts\Space_Grotesk_500.ttf,ok,6,96,90,6,0,
Space Grotesk,Space_Grotesk_600,600,C:\Users\angel\OneDrive\Desktop\Kern\data\raw\fonts\Space_Grotesk_600.ttf,ok,6,96,90,6,0,
Space Grotesk,Space_Grotesk_700,700,C:\Users\angel\OneDrive\Desktop\Kern\data\raw\fonts\Space_Grotesk_700.ttf,ok,6,96,90,6,0,
Titillium Web,Titillium_Web_200,200,C:\Users\angel\OneDrive\Desktop\Kern\data\raw\fonts\Titillium_Web_200.ttf,ok,201,246,45,201,0,
Titillium Web,Titillium_Web_200italic,200italic,C:\Users\angel\OneDrive\Desktop\Kern\data\raw\fonts\Titillium_Web_200italic.ttf,ok,189,288,99,189,0,
Titillium Web,Titillium_Web_300,300,C:\Users\angel\OneDrive\Desktop\Kern\data\raw\fonts\Titillium_Web_300.ttf,ok,202,247,45,202,0,
Titillium Web,Titillium_Web_300italic,300italic,C:\Users\angel\OneDrive\Desktop\Kern\data\raw\fonts\Titillium_Web_300italic.ttf,ok,191,281,90,191,0,
Titillium Web,Titillium_Web_regular,regular,C:\Users\angel\OneDrive\Desktop\Kern\data\raw\fonts\Titillium_Web_regular.ttf,ok,207,252,45,207,0,
Titillium Web,Titillium_Web_italic,italic,C:\Users\angel\OneDrive\Desktop\Kern\data\raw\fonts\Titillium_Web_italic.ttf,ok,192,237,45,192,0,
Titillium Web,Titillium_Web_600,600,C:\Users\angel\OneDrive\Desktop\Kern\data\raw\fonts\Titillium_Web_600.ttf,ok,205,250,45,205,0,
Titillium Web,Titillium_Web_600italic,600italic,C:\Users\angel\OneDrive\Desktop\Kern\data\raw\fonts\Titillium_Web_600italic.ttf,ok,195,240,45,195,0,
Titillium Web,Titillium_Web_700,700,C:\Users\angel\OneDrive\Desktop\Kern\data\raw\fonts\Titillium_Web_700.ttf,ok,189,254,65,189,0,
Titillium Web,Titillium_Web_700italic,700italic,C:\Users\angel\OneDrive\Desktop\Kern\data\raw\fonts\Titillium_Web_700italic.ttf,ok,179,244,65,179,0,
Titillium Web,Titillium_Web_900,900,C:\Users\angel\OneDrive\Desktop\Kern\data\raw\fonts\Titillium_Web_900.ttf,ok,413,413,0,413,0,
Changa One,Changa_One_regular,regular,C:\Users\angel\OneDrive\Desktop\Kern\data\raw\fonts\Changa_One_regular.ttf,ok,22,2038,2016,22,0,
Changa One,Changa_One_italic,italic,C:\Users\angel\OneDrive\Desktop\Kern\data\raw\fonts\Changa_One_italic.ttf,ok,26,26,0,26,0,
PT Serif,PT_Serif_regular,regular,C:\Users\angel\OneDrive\Desktop\Kern\data\raw\fonts\PT_Serif_regular.ttf,ok,7,582,575,7,0,
PT Serif,PT_Serif_italic,italic,C:\Users\angel\OneDrive\Desktop\Kern\data\raw\fonts\PT_Serif_italic.ttf,ok,15,565,550,15,0,
PT Serif,PT_Serif_700,700,C:\Users\angel\OneDrive\Desktop\Kern\data\raw\fonts\PT_Serif_700.ttf,ok,7,582,575,7,0,
PT Serif,PT_Serif_700italic,700italic,C:\Users\angel\OneDrive\Desktop\Kern\data\raw\fonts\PT_Serif_700italic.ttf,ok,15,565,550,15,0,
Noto Color Emoji,Noto_Color_Emoji_regular,regular,C:\Users\angel\OneDrive\Desktop\Kern\data\raw\fonts\Noto_Color_Emoji_regular.ttf,ok,0,0,0,0,0,
Fjalla One,Fjalla_One_regular,regular,C:\Users\angel\OneDrive\Desktop\Kern\data\raw\fonts\Fjalla_One_regular.ttf,ok,249,305,56,249,0,
Dancing Script,Dancing_Script_regular,regular,C:\Users\angel\OneDrive\Desktop\Kern\data\raw\fonts\Dancing_Script_regular.ttf,ok,698,1418,720,698,0,
Dancing Script,Dancing_Script_500,500,C:\Users\angel\OneDrive\Desktop\Kern\data\raw\fonts\Dancing_Script_500.ttf,ok,728,1418,690,728,0,
Dancing Script,Dancing_Script_600,600,C:\Users\angel\OneDrive\Desktop\Kern\data\raw\fonts\Dancing_Script_600.ttf,ok,728,1418,690,728,0,
Dancing Script,Dancing_Script_700,700,C:\Users\angel\OneDrive\Desktop\Kern\data\raw\fonts\Dancing_Script_700.ttf,ok,708,1418,710,708,0,
Libre Baskerville,Libre_Baskerville_regular,regular,C:\Users\angel\OneDrive\Desktop\Kern\data\raw\fonts\Libre_Baskerville_regular.ttf,ok,330,3133,2803,330,0,
Libre Baskerville,Libre_Baskerville_500,500,C:\Users\angel\OneDrive\Desktop\Kern\data\raw\fonts\Libre_Baskerville_500.ttf,ok,345,3133,2788,345,0,
Libre Baskerville,Libre_Baskerville_600,600,C:\Users\angel\OneDrive\Desktop\Kern\data\raw\fonts\Libre_Baskerville_600.ttf,ok,345,3133,2788,345,0,
Libre Baskerville,Libre_Baskerville_700,700,C:\Users\angel\OneDrive\Desktop\Kern\data\raw\fonts\Libre_Baskerville_700.ttf,ok,295,3133,2838,295,0,
Libre Baskerville,Libre_Baskerville_italic,italic,C:\Users\angel\OneDrive\Desktop\Kern\data\raw\fonts\Libre_Baskerville_italic.ttf,ok,418,3230,2812,418,0,
Libre Baskerville,Libre_Baskerville_500italic,500italic,C:\Users\angel\OneDrive\Desktop\Kern\data\raw\fonts\Libre_Baskerville_500italic.ttf,ok,418,3230,2812,418,0,
Libre Baskerville,Libre_Baskerville_600italic,600italic,C:\Users\angel\OneDrive\Desktop\Kern\data\raw\fonts\Libre_Baskerville_600italic.ttf,ok,418,3230,2812,418,0,
Libre Baskerville,Libre_Baskerville_700italic,700italic,C:\Users\angel\OneDrive\Desktop\Kern\data\raw\fonts\Libre_Baskerville_700italic.ttf,ok,418,3230,2812,418,0,
Noto Sans SC,Noto_Sans_SC_100,100,C:\Users\angel\OneDrive\Desktop\Kern\data\raw\fonts\Noto_Sans_SC_100.ttf,ok,0,128,128,0,0,
Noto Sans SC,Noto_Sans_SC_200,200,C:\Users\angel\OneDrive\Desktop\Kern\data\raw\fonts\Noto_Sans_SC_200.ttf,ok,0,128,128,0,0,
Noto Sans SC,Noto_Sans_SC_300,300,C:\Users\angel\OneDrive\Desktop\Kern\data\raw\fonts\Noto_Sans_SC_300.ttf,ok,0,128,128,0,0,
Noto Sans SC,Noto_Sans_SC_regular,regular,C:\Users\angel\OneDrive\Desktop\Kern\data\raw\fonts\Noto_Sans_SC_regular.ttf,ok,0,128,128,0,0,
Noto Sans SC,Noto_Sans_SC_500,500,C:\Users\angel\OneDrive\Desktop\Kern\data\raw\fonts\Noto_Sans_SC_500.ttf,ok,0,128,128,0,0,
Noto Sans SC,Noto_Sans_SC_600,600,C:\Users\angel\OneDrive\Desktop\Kern\data\raw\fonts\Noto_Sans_SC_600.ttf,ok,0,128,128,0,0,
Noto Sans SC,Noto_Sans_SC_700,700,C:\Users\angel\OneDrive\Desktop\Kern\data\raw\fonts\Noto_Sans_SC_700.ttf,ok,0,128,128,0,0,
Noto Sans SC,Noto_Sans_SC_800,800,C:\Users\angel\OneDrive\Desktop\Kern\data\raw\fonts\Noto_Sans_SC_800.ttf,ok,0,128,128,0,0,
Noto Sans SC,Noto_Sans_SC_900,900,C:\Users\angel\OneDrive\Desktop\Kern\data\raw\fonts\Noto_Sans_SC_900.ttf,ok,0,128,128,0,0,
Lobster Two,Lobster_Two_regular,regular,C:\Users\angel\OneDrive\Desktop\Kern\data\raw\fonts\Lobster_Two_regular.ttf,ok,299,299,0,299,0,
Lobster Two,Lobster_Two_italic,italic,C:\Users\angel\OneDrive\Desktop\Kern\data\raw\fonts\Lobster_Two_italic.ttf,ok,346,346,0,346,0,
Lobster Two,Lobster_Two_700,700,C:\Users\angel\OneDrive\Desktop\Kern\data\raw\fonts\Lobster_Two_700.ttf,ok,247,247,0,247,0,
Lobster Two,Lobster_Two_700italic,700italic,C:\Users\angel\OneDrive\Desktop\Kern\data\raw\fonts\Lobster_Two_700italic.ttf,ok,273,273,0,273,0,
Libre Franklin,Libre_Franklin_100,100,C:\Users\angel\OneDrive\Desktop\Kern\data\raw\fonts\Libre_Franklin_100.ttf,ok,0,0,0,0,0,
Libre Franklin,Libre_Franklin_200,200,C:\Users\angel\OneDrive\Desktop\Kern\data\raw\fonts\Libre_Franklin_200.ttf,ok,0,0,0,0,0,
Libre Franklin,Libre_Franklin_300,300,C:\Users\angel\OneDrive\Desktop\Kern\data\raw\fonts\Libre_Franklin_300.ttf,ok,0,0,0,0,0,
Libre Franklin,Libre_Franklin_regular,regular,C:\Users\angel\OneDrive\Desktop\Kern\data\raw\fonts\Libre_Franklin_regular.ttf,ok,0,0,0,0,0,
Libre Franklin,Libre_Franklin_500,500,C:\Users\angel\OneDrive\Desktop\Kern\data\raw\fonts\Libre_Franklin_500.ttf,ok,0,0,0,0,0,
Libre Franklin,Libre_Franklin_600,600,C:\Users\angel\OneDrive\Desktop\Kern\data\raw\fonts\Libre_Franklin_600.ttf,ok,0,0,0,0,0,
Libre Franklin,Libre_Franklin_700,700,C:\Users\angel\OneDrive\Desktop\Kern\data\raw\fonts\Libre_Franklin_700.ttf,ok,0,0,0,0,0,
Libre Franklin,Libre_Franklin_800,800,C:\Users\angel\OneDrive\Desktop\Kern\data\raw\fonts\Libre_Franklin_800.ttf,ok,0,0,0,0,0,
Libre Franklin,Libre_Franklin_900,900,C:\Users\angel\OneDrive\Desktop\Kern\data\raw\fonts\Libre_Franklin_900.ttf,ok,0,0,0,0,0,
Libre Franklin,Libre_Franklin_100italic,100italic,C:\Users\angel\OneDrive\Desktop\Kern\data\raw\fonts\Libre_Franklin_100italic.ttf,ok,0,0,0,0,0,
Libre Franklin,Libre_Franklin_200italic,200italic,C:\Users\angel\OneDrive\Desktop\Kern\data\raw\fonts\Libre_Franklin_200italic.ttf,ok,0,0,0,0,0,
Libre Franklin,Libre_Franklin_300italic,300italic,C:\Users\angel\OneDrive\Desktop\Kern\data\raw\fonts\Libre_Franklin_300italic.ttf,ok,0,0,0,0,0,
Libre Franklin,Libre_Franklin_italic,italic,C:\Users\angel\OneDrive\Desktop\Kern\data\raw\fonts\Libre_Franklin_italic.ttf,ok,0,0,0,0,0,
Libre Franklin,Libre_Franklin_500italic,500italic,C:\Users\angel\OneDrive\Desktop\Kern\data\raw\fonts\Libre_Franklin_500italic.ttf,ok,0,0,0,0,0,
Libre Franklin,Libre_Franklin_600italic,600italic,C:\Users\angel\OneDrive\Desktop\Kern\data\raw\fonts\Libre_Franklin_600italic.ttf,ok,0,0,0,0,0,
Libre Franklin,Libre_Franklin_700italic,700italic,C:\Users\angel\OneDrive\Desktop\Kern\data\raw\fonts\Libre_Franklin_700italic.ttf,ok,0,0,0,0,0,
Libre Franklin,Libre_Franklin_800italic,800italic,C:\Users\angel\OneDrive\Desktop\Kern\data\raw\fonts\Libre_Franklin_800italic.ttf,ok,0,0,0,0,0,
Libre Franklin,Libre_Franklin_900italic,900italic,C:\Users\angel\OneDrive\Desktop\Kern\data\raw\fonts\Libre_Franklin_900italic.ttf,ok,0,0,0,0,0,
Barlow Condensed,Barlow_Condensed_100,100,C:\Users\angel\OneDrive\Desktop\Kern\data\raw\fonts\Barlow_Condensed_100.ttf,ok,49,10558,10509,49,0,
Barlow Condensed,Barlow_Condensed_100italic,100italic,C:\Users\angel\OneDrive\Desktop\Kern\data\raw\fonts\Barlow_Condensed_100italic.ttf,ok,50,10522,10472,50,0,
Barlow Condensed,Barlow_Condensed_200,200,C:\Users\angel\OneDrive\Desktop\Kern\data\raw\fonts\Barlow_Condensed_200.ttf,ok,50,10487,10437,50,0,
Barlow Condensed,Barlow_Condensed_200italic,200italic,C:\Users\angel\OneDrive\Desktop\Kern\data\raw\fonts\Barlow_Condensed_200italic.ttf,ok,51,10452,10401,51,0,
Barlow Condensed,Barlow_Condensed_300,300,C:\Users\angel\OneDrive\Desktop\Kern\data\raw\fonts\Barlow_Condensed_300.ttf,ok,50,10487,10437,50,0,
Barlow Condensed,Barlow_Condensed_300italic,300italic,C:\Users\angel\OneDrive\Desktop\Kern\data\raw\fonts\Barlow_Condensed_300italic.ttf,ok,51,10452,10401,51,0,
Barlow Condensed,Barlow_Condensed_regular,regular,C:\Users\angel\OneDrive\Desktop\Kern\data\raw\fonts\Barlow_Condensed_regular.ttf,ok,51,10487,10436,51,0,
Barlow Condensed,Barlow_Condensed_italic,italic,C:\Users\angel\OneDrive\Desktop\Kern\data\raw\fonts\Barlow_Condensed_italic.ttf,ok,52,10452,10400,52,0,
Barlow Condensed,Barlow_Condensed_500,500,C:\Users\angel\OneDrive\Desktop\Kern\data\raw\fonts\Barlow_Condensed_500.ttf,ok,51,10487,10436,51,0,
Barlow Condensed,Barlow_Condensed_500italic,500italic,C:\Users\angel\OneDrive\Desktop\Kern\data\raw\fonts\Barlow_Condensed_500italic.ttf,ok,52,10452,10400,52,0,
Barlow Condensed,Barlow_Condensed_600,600,C:\Users\angel\OneDrive\Desktop\Kern\data\raw\fonts\Barlow_Condensed_600.ttf,ok,51,10487,10436,51,0,
Barlow Condensed,Barlow_Condensed_600italic,600italic,C:\Users\angel\OneDrive\Desktop\Kern\data\raw\fonts\Barlow_Condensed_600italic.ttf,ok,52,10452,10400,52,0,
Barlow Condensed,Barlow_Condensed_700,700,C:\Users\angel\OneDrive\Desktop\Kern\data\raw\fonts\Barlow_Condensed_700.ttf,ok,51,10487,10436,51,0,
Barlow Condensed,Barlow_Condensed_700italic,700italic,C:\Users\angel\OneDrive\Desktop\Kern\data\raw\fonts\Barlow_Condensed_700italic.ttf,ok,52,10452,10400,52,0,
Barlow Condensed,Barlow_Condensed_800,800,C:\Users\angel\OneDrive\Desktop\Kern\data\raw\fonts\Barlow_Condensed_800.ttf,ok,49,10487,10438,49,0,
Barlow Condensed,Barlow_Condensed_800italic,800italic,C:\Users\angel\OneDrive\Desktop\Kern\data\raw\fonts\Barlow_Condensed_800italic.ttf,ok,50,10452,10402,50,0,
Barlow Condensed,Barlow_Condensed_900,900,C:\Users\angel\OneDrive\Desktop\Kern\data\raw\fonts\Barlow_Condensed_900.ttf,ok,40,8774,8734,40,0,
Barlow Condensed,Barlow_Condensed_900italic,900italic,C:\Users\angel\OneDrive\Desktop\Kern\data\raw\fonts\Barlow_Condensed_900italic.ttf,ok,41,8775,8734,41,0,
Cormorant Garamond,Cormorant_Garamond_300,300,C:\Users\angel\OneDrive\Desktop\Kern\data\raw\fonts\Cormorant_Garamond_300.ttf,ok,0,2942,2942,0,0,
Cormorant Garamond,Cormorant_Garamond_regular,regular,C:\Users\angel\OneDrive\Desktop\Kern\data\raw\fonts\Cormorant_Garamond_regular.ttf,ok,0,2942,2942,0,0,
Cormorant Garamond,Cormorant_Garamond_500,500,C:\Users\angel\OneDrive\Desktop\Kern\data\raw\fonts\Cormorant_Garamond_500.ttf,ok,0,2942,2942,0,0,
Cormorant Garamond,Cormorant_Garamond_600,600,C:\Users\angel\OneDrive\Desktop\Kern\data\raw\fonts\Cormorant_Garamond_600.ttf,ok,0,2942,2942,0,0,
Cormorant Garamond,Cormorant_Garamond_700,700,C:\Users\angel\OneDrive\Desktop\Kern\data\raw\fonts\Cormorant_Garamond_700.ttf,ok,0,2942,2942,0,0,
Cormorant Garamond,Cormorant_Garamond_300italic,300italic,C:\Users\angel\OneDrive\Desktop\Kern\data\raw\fonts\Cormorant_Garamond_300italic.ttf,ok,0,2960,2960,0,0,
Cormorant Garamond,Cormorant_Garamond_italic,italic,C:\Users\angel\OneDrive\Desktop\Kern\data\raw\fonts\Cormorant_Garamond_italic.ttf,ok,0,2960,2960,0,0,
Cormorant Garamond,Cormorant_Garamond_500italic,500italic,C:\Users\angel\OneDrive\Desktop\Kern\data\raw\fonts\Cormorant_Garamond_500italic.ttf,ok,0,2960,2960,0,0,
Cormorant Garamond,Cormorant_Garamond_600italic,600italic,C:\Users\angel\OneDrive\Desktop\Kern\data\raw\fonts\Cormorant_Garamond_600italic.ttf,ok,0,2960,2960,0,0,
Cormorant Garamond,Cormorant_Garamond_700italic,700italic,C:\Users\angel\OneDrive\Desktop\Kern\data\raw\fonts\Cormorant_Garamond_700italic.ttf,ok,0,2960,2960,0,0,
Noto Serif JP,Noto_Serif_JP_200,200,C:\Users\angel\OneDrive\Desktop\Kern\data\raw\fonts\Noto_Serif_JP_200.ttf,ok,16,8131,8115,16,0,
Noto Serif JP,Noto_Serif_JP_300,300,C:\Users\angel\OneDrive\Desktop\Kern\data\raw\fonts\Noto_Serif_JP_300.ttf,ok,19,8131,8112,19,0,
Noto Serif JP,Noto_Serif_JP_regular,regular,C:\Users\angel\OneDrive\Desktop\Kern\data\raw\fonts\Noto_Serif_JP_regular.ttf,ok,19,8131,8112,19,0,
Noto Serif JP,Noto_Serif_JP_500,500,C:\Users\angel\OneDrive\Desktop\Kern\data\raw\fonts\Noto_Serif_JP_500.ttf,ok,19,8131,8112,19,0,
Noto Serif JP,Noto_Serif_JP_600,600,C:\Users\angel\OneDrive\Desktop\Kern\data\raw\fonts\Noto_Serif_JP_600.ttf,ok,19,8131,8112,19,0,
Noto Serif JP,Noto_Serif_JP_700,700,C:\Users\angel\OneDrive\Desktop\Kern\data\raw\fonts\Noto_Serif_JP_700.ttf,ok,19,8131,8112,19,0,
Noto Serif JP,Noto_Serif_JP_800,800,C:\Users\angel\OneDrive\Desktop\Kern\data\raw\fonts\Noto_Serif_JP_800.ttf,ok,19,8131,8112,19,0,
Noto Serif JP,Noto_Serif_JP_900,900,C:\Users\angel\OneDrive\Desktop\Kern\data\raw\fonts\Noto_Serif_JP_900.ttf,ok,18,8131,8113,18,0,
Public Sans,Public_Sans_100,100,C:\Users\angel\OneDrive\Desktop\Kern\data\raw\fonts\Public_Sans_100.ttf,ok,20,39,19,20,0,
Public Sans,Public_Sans_200,200,C:\Users\angel\OneDrive\Desktop\Kern\data\raw\fonts\Public_Sans_200.ttf,ok,26,39,13,26,0,
Public Sans,Public_Sans_300,300,C:\Users\angel\OneDrive\Desktop\Kern\data\raw\fonts\Public_Sans_300.ttf,ok,26,39,13,26,0,
Public Sans,Public_Sans_regular,regular,C:\Users\angel\OneDrive\Desktop\Kern\data\raw\fonts\Public_Sans_regular.ttf,ok,26,39,13,26,0,
Public Sans,Public_Sans_500,500,C:\Users\angel\OneDrive\Desktop\Kern\data\raw\fonts\Public_Sans_500.ttf,ok,26,39,13,26,0,
Public Sans,Public_Sans_600,600,C:\Users\angel\OneDrive\Desktop\Kern\data\raw\fonts\Public_Sans_600.ttf,ok,26,39,13,26,0,
Public Sans,Public_Sans_700,700,C:\Users\angel\OneDrive\Desktop\Kern\data\raw\fonts\Public_Sans_700.ttf,ok,26,39,13,26,0,
Public Sans,Public_Sans_800,800,C:\Users\angel\OneDrive\Desktop\Kern\data\raw\fonts\Public_Sans_800.ttf,ok,26,39,13,26,0,
Public Sans,Public_Sans_900,900,C:\Users\angel\OneDrive\Desktop\Kern\data\raw\fonts\Public_Sans_900.ttf,ok,12,39,27,12,0,
Public Sans,Public_Sans_100italic,100italic,C:\Users\angel\OneDrive\Desktop\Kern\data\raw\fonts\Public_Sans_100italic.ttf,ok,20,39,19,20,0,
Public Sans,Public_Sans_200italic,200italic,C:\Users\angel\OneDrive\Desktop\Kern\data\raw\fonts\Public_Sans_200italic.ttf,ok,26,39,13,26,0,
Public Sans,Public_Sans_300italic,300italic,C:\Users\angel\OneDrive\Desktop\Kern\data\raw\fonts\Public_Sans_300italic.ttf,ok,26,39,13,26,0,
Public Sans,Public_Sans_italic,italic,C:\Users\angel\OneDrive\Desktop\Kern\data\raw\fonts\Public_Sans_italic.ttf,ok,26,39,13,26,0,
Public Sans,Public_Sans_500italic,500italic,C:\Users\angel\OneDrive\Desktop\Kern\data\raw\fonts\Public_Sans_500italic.ttf,ok,26,39,13,26,0,
Public Sans,Public_Sans_600italic,600italic,C:\Users\angel\OneDrive\Desktop\Kern\data\raw\fonts\Public_Sans_600italic.ttf,ok,26,39,13,26,0,
Public Sans,Public_Sans_700italic,700italic,C:\Users\angel\OneDrive\Desktop\Kern\data\raw\fonts\Public_Sans_700italic.ttf,ok,26,39,13,26,0,
Public Sans,Public_Sans_800italic,800italic,C:\Users\angel\OneDrive\Desktop\Kern\data\raw\fonts\Public_Sans_800italic.ttf,ok,26,39,13,26,0,
Public Sans,Public_Sans_900italic,900italic,C:\Users\angel\OneDrive\Desktop\Kern\data\raw\fonts\Public_Sans_900italic.ttf,ok,12,39,27,12,0,
Anton,Anton_regular,regular,C:\Users\angel\OneDrive\Desktop\Kern\data\raw\fonts\Anton_regular.ttf,ok,8,1900,1892,8,0,
Josefin Sans,Josefin_Sans_100,100,C:\Users\angel\OneDrive\Desktop\Kern\data\raw\fonts\Josefin_Sans_100.ttf,ok,102,1233,1131,102,0,
Josefin Sans,Josefin_Sans_200,200,C:\Users\angel\OneDrive\Desktop\Kern\data\raw\fonts\Josefin_Sans_200.ttf,ok,147,1233,1086,147,0,
Josefin Sans,Josefin_Sans_300,300,C:\Users\angel\OneDrive\Desktop\Kern\data\raw\fonts\Josefin_Sans_300.ttf,ok,146,1233,1087,146,0,
Josefin Sans,Josefin_Sans_regular,regular,C:\Users\angel\OneDrive\Desktop\Kern\data\raw\fonts\Josefin_Sans_regular.ttf,ok,146,1233,1087,146,0,
Josefin Sans,Josefin_Sans_500,500,C:\Users\angel\OneDrive\Desktop\Kern\data\raw\fonts\Josefin_Sans_500.ttf,ok,146,1233,1087,146,0,
Josefin Sans,Josefin_Sans_600,600,C:\Users\angel\OneDrive\Desktop\Kern\data\raw\fonts\Josefin_Sans_600.ttf,ok,146,1233,1087,146,0,
Josefin Sans,Josefin_Sans_700,700,C:\Users\angel\OneDrive\Desktop\Kern\data\raw\fonts\Josefin_Sans_700.ttf,ok,135,1233,1098,135,0,
Josefin Sans,Josefin_Sans_100italic,100italic,C:\Users\angel\OneDrive\Desktop\Kern\data\raw\fonts\Josefin_Sans_100italic.ttf,ok,103,1249,1146,103,0,
Josefin Sans,Josefin_Sans_200italic,200italic,C:\Users\angel\OneDrive\Desktop\Kern\data\raw\fonts\Josefin_Sans_200italic.ttf,ok,148,1249,1101,148,0,
Josefin Sans,Josefin_Sans_300italic,300italic,C:\Users\angel\OneDrive\Desktop\Kern\data\raw\fonts\Josefin_Sans_300italic.ttf,ok,147,1249,1102,147,0,
Josefin Sans,Josefin_Sans_italic,italic,C:\Users\angel\OneDrive\Desktop\Kern\data\raw\fonts\Josefin_Sans_italic.ttf,ok,147,1249,1102,147,0,
Josefin Sans,Josefin_Sans_500italic,500italic,C:\Users\angel\OneDrive\Desktop\Kern\data\raw\fonts\Josefin_Sans_500italic.ttf,ok,147,1249,1102,147,0,
Josefin Sans,Josefin_Sans_600italic,600italic,C:\Users\angel\OneDrive\Desktop\Kern\data\raw\fonts\Josefin_Sans_600italic.ttf,ok,147,1249,1102,147,0,
Josefin Sans,Josefin_Sans_700italic,700italic,C:\Users\angel\OneDrive\Desktop\Kern\data\raw\fonts\Josefin_Sans_700italic.ttf,ok,135,1249,1114,135,0,
EB Garamond,EB_Garamond_regular,regular,C:\Users\angel\OneDrive\Desktop\Kern\data\raw\fonts\EB_Garamond_regular.ttf,ok,1,7,6,1,0,
EB Garamond,EB_Garamond_500,500,C:\Users\angel\OneDrive\Desktop\Kern\data\raw\fonts\EB_Garamond_500.ttf,ok,1,7,6,1,0,
EB Garamond,EB_Garamond_600,600,C:\Users\angel\OneDrive\Desktop\Kern\data\raw\fonts\EB_Garamond_600.ttf,ok,1,7,6,1,0,
EB Garamond,EB_Garamond_700,700,C:\Users\angel\OneDrive\Desktop\Kern\data\raw\fonts\EB_Garamond_700.ttf,ok,1,7,6,1,0,
EB Garamond,EB_Garamond_800,800,C:\Users\angel\OneDrive\Desktop\Kern\data\raw\fonts\EB_Garamond_800.ttf,ok,1,7,6,1,0,
EB Garamond,EB_Garamond_italic,italic,C:\Users\angel\OneDrive\Desktop\Kern\data\raw\fonts\EB_Garamond_italic.ttf,ok,0,52,52,0,0,
EB Garamond,EB_Garamond_500italic,500italic,C:\Users\angel\OneDrive\Desktop\Kern\data\raw\fonts\EB_Garamond_500italic.ttf,ok,0,52,52,0,0,
EB Garamond,EB_Garamond_600italic,600italic,C:\Users\angel\OneDrive\Desktop\Kern\data\raw\fonts\EB_Garamond_600italic.ttf,ok,0,52,52,0,0,
EB Garamond,EB_Garamond_700italic,700italic,C:\Users\angel\OneDrive\Desktop\Kern\data\raw\fonts\EB_Garamond_700italic.ttf,ok,0,52,52,0,0,
EB Garamond,EB_Garamond_800italic,800italic,C:\Users\angel\OneDrive\Desktop\Kern\data\raw\fonts\EB_Garamond_800italic.ttf,ok,0,52,52,0,0,
Sora,Sora_100,100,C:\Users\angel\OneDrive\Desktop\Kern\data\raw\fonts\Sora_100.ttf,ok,73,249,176,73,0,
Sora,Sora_200,200,C:\Users\angel\OneDrive\Desktop\Kern\data\raw\fonts\Sora_200.ttf,ok,72,249,177,72,0,
Sora,Sora_300,300,C:\Users\angel\OneDrive\Desktop\Kern\data\raw\fonts\Sora_300.ttf,ok,73,249,176,73,0,
Sora,Sora_regular,regular,C:\Users\angel\OneDrive\Desktop\Kern\data\raw\fonts\Sora_regular.ttf,ok,73,249,176,73,0,
Sora,Sora_500,500,C:\Users\angel\OneDrive\Desktop\Kern\data\raw\fonts\Sora_500.ttf,ok,73,249,176,73,0,
Sora,Sora_600,600,C:\Users\angel\OneDrive\Desktop\Kern\data\raw\fonts\Sora_600.ttf,ok,73,249,176,73,0,
Sora,Sora_700,700,C:\Users\angel\OneDrive\Desktop\Kern\data\raw\fonts\Sora_700.ttf,ok,73,249,176,73,0,
Sora,Sora_800,800,C:\Users\angel\OneDrive\Desktop\Kern\data\raw\fonts\Sora_800.ttf,ok,73,249,176,73,0,
Nanum Gothic,Nanum_Gothic_regular,regular,C:\Users\angel\OneDrive\Desktop\Kern\data\raw\fonts\Nanum_Gothic_regular.ttf,ok,0,0,0,0,0,
Nanum Gothic,Nanum_Gothic_700,700,C:\Users\angel\OneDrive\Desktop\Kern\data\raw\fonts\Nanum_Gothic_700.ttf,ok,0,0,0,0,0,
Nanum Gothic,Nanum_Gothic_800,800,C:\Users\angel\OneDrive\Desktop\Kern\data\raw\fonts\Nanum_Gothic_800.ttf,ok,0,0,0,0,0,
Alfa Slab One,Alfa_Slab_One_regular,regular,C:\Users\angel\OneDrive\Desktop\Kern\data\raw\fonts\Alfa_Slab_One_regular.ttf,ok,1,4069,4068,1,0,
Assistant,Assistant_200,200,C:\Users\angel\OneDrive\Desktop\Kern\data\raw\fonts\Assistant_200.ttf,ok,0,2874,2874,0,0,
Assistant,Assistant_300,300,C:\Users\angel\OneDrive\Desktop\Kern\data\raw\fonts\Assistant_300.ttf,ok,0,2874,2874,0,0,
Assistant,Assistant_regular,regular,C:\Users\angel\OneDrive\Desktop\Kern\data\raw\fonts\Assistant_regular.ttf,ok,0,2874,2874,0,0,
Assistant,Assistant_500,500,C:\Users\angel\OneDrive\Desktop\Kern\data\raw\fonts\Assistant_500.ttf,ok,0,2874,2874,0,0,
Assistant,Assistant_600,600,C:\Users\angel\OneDrive\Desktop\Kern\data\raw\fonts\Assistant_600.ttf,ok,0,2874,2874,0,0,
Assistant,Assistant_700,700,C:\Users\angel\OneDrive\Desktop\Kern\data\raw\fonts\Assistant_700.ttf,ok,0,2874,2874,0,0,
Assistant,Assistant_800,800,C:\Users\angel\OneDrive\Desktop\Kern\data\raw\fonts\Assistant_800.ttf,ok,0,2874,2874,0,0,
Cairo,Cairo_200,200,C:\Users\angel\OneDrive\Desktop\Kern\data\raw\fonts\Cairo_200.ttf,ok,469,5937,5468,469,0,
Cairo,Cairo_300,300,C:\Users\angel\OneDrive\Desktop\Kern\data\raw\fonts\Cairo_300.ttf,ok,469,5937,5468,469,0,
Cairo,Cairo_regular,regular,C:\Users\angel\OneDrive\Desktop\Kern\data\raw\fonts\Cairo_regular.ttf,ok,469,5937,5468,469,0,
Cairo,Cairo_500,500,C:\Users\angel\OneDrive\Desktop\Kern\data\raw\fonts\Cairo_500.ttf,ok,469,5937,5468,469,0,
Cairo,Cairo_600,600,C:\Users\angel\OneDrive\Desktop\Kern\data\raw\fonts\Cairo_600.ttf,ok,469,5937,5468,469,0,
Cairo,Cairo_700,700,C:\Users\angel\OneDrive\Desktop\Kern\data\raw\fonts\Cairo_700.ttf,ok,469,5937,5468,469,0,
Cairo,Cairo_800,800,C:\Users\angel\OneDrive\Desktop\Kern\data\raw\fonts\Cairo_800.ttf,ok,469,5937,5468,469,0,
Cairo,Cairo_900,900,C:\Users\angel\OneDrive\Desktop\Kern\data\raw\fonts\Cairo_900.ttf,ok,469,5937,5468,469,0,
Inter Tight,Inter_Tight_100,100,C:\Users\angel\OneDrive\Desktop\Kern\data\raw\fonts\Inter_Tight_100.ttf,ok,3,10,7,3,0,
Inter Tight,Inter_Tight_200,200,C:\Users\angel\OneDrive\Desktop\Kern\data\raw\fonts\Inter_Tight_200.ttf,ok,3,10,7,3,0,
Inter Tight,Inter_Tight_300,300,C:\Users\angel\OneDrive\Desktop\Kern\data\raw\fonts\Inter_Tight_300.ttf,ok,3,10,7,3,0,
Inter Tight,Inter_Tight_regular,regular,C:\Users\angel\OneDrive\Desktop\Kern\data\raw\fonts\Inter_Tight_regular.ttf,ok,3,10,7,3,0,
Inter Tight,Inter_Tight_500,500,C:\Users\angel\OneDrive\Desktop\Kern\data\raw\fonts\Inter_Tight_500.ttf,ok,4,10,6,4,0,
Inter Tight,Inter_Tight_600,600,C:\Users\angel\OneDrive\Desktop\Kern\data\raw\fonts\Inter_Tight_600.ttf,ok,4,10,6,4,0,
Inter Tight,Inter_Tight_700,700,C:\Users\angel\OneDrive\Desktop\Kern\data\raw\fonts\Inter_Tight_700.ttf,ok,4,10,6,4,0,
Inter Tight,Inter_Tight_800,800,C:\Users\angel\OneDrive\Desktop\Kern\data\raw\fonts\Inter_Tight_800.ttf,ok,4,10,6,4,0,
Inter Tight,Inter_Tight_900,900,C:\Users\angel\OneDrive\Desktop\Kern\data\raw\fonts\Inter_Tight_900.ttf,ok,4,10,6,4,0,
Inter Tight,Inter_Tight_100italic,100italic,C:\Users\angel\OneDrive\Desktop\Kern\data\raw\fonts\Inter_Tight_100italic.ttf,ok,3,10,7,3,0,
Inter Tight,Inter_Tight_200italic,200italic,C:\Users\angel\OneDrive\Desktop\Kern\data\raw\fonts\Inter_Tight_200italic.ttf,ok,3,10,7,3,0,
Inter Tight,Inter_Tight_300italic,300italic,C:\Users\angel\OneDrive\Desktop\Kern\data\raw\fonts\Inter_Tight_300italic.ttf,ok,3,10,7,3,0,
Inter Tight,Inter_Tight_italic,italic,C:\Users\angel\OneDrive\Desktop\Kern\data\raw\fonts\Inter_Tight_italic.ttf,ok,3,10,7,3,0,
Inter Tight,Inter_Tight_500italic,500italic,C:\Users\angel\OneDrive\Desktop\Kern\data\raw\fonts\Inter_Tight_500italic.ttf,ok,4,10,6,4,0,
Inter Tight,Inter_Tight_600italic,600italic,C:\Users\angel\OneDrive\Desktop\Kern\data\raw\fonts\Inter_Tight_600italic.ttf,ok,4,10,6,4,0,
Inter Tight,Inter_Tight_700italic,700italic,C:\Users\angel\OneDrive\Desktop\Kern\data\raw\fonts\Inter_Tight_700italic.ttf,ok,4,10,6,4,0,
Inter Tight,Inter_Tight_800italic,800italic,C:\Users\angel\OneDrive\Desktop\Kern\data\raw\fonts\Inter_Tight_800italic.ttf,ok,4,10,6,4,0,
Inter Tight,Inter_Tight_900italic,900italic,C:\Users\angel\OneDrive\Desktop\Kern\data\raw\fonts\Inter_Tight_900italic.ttf,ok,4,10,6,4,0,
Schibsted Grotesk,Schibsted_Grotesk_regular,regular,C:\Users\angel\OneDrive\Desktop\Kern\data\raw\fonts\Schibsted_Grotesk_regular.ttf,ok,27,42,15,27,0,
Schibsted Grotesk,Schibsted_Grotesk_500,500,C:\Users\angel\OneDrive\Desktop\Kern\data\raw\fonts\Schibsted_Grotesk_500.ttf,ok,29,42,13,29,0,
Schibsted Grotesk,Schibsted_Grotesk_600,600,C:\Users\angel\OneDrive\Desktop\Kern\data\raw\fonts\Schibsted_Grotesk_600.ttf,ok,30,42,12,30,0,
Schibsted Grotesk,Schibsted_Grotesk_700,700,C:\Users\angel\OneDrive\Desktop\Kern\data\raw\fonts\Schibsted_Grotesk_700.ttf,ok,30,42,12,30,0,
Schibsted Grotesk,Schibsted_Grotesk_800,800,C:\Users\angel\OneDrive\Desktop\Kern\data\raw\fonts\Schibsted_Grotesk_800.ttf,ok,30,42,12,30,0,
Schibsted Grotesk,Schibsted_Grotesk_900,900,C:\Users\angel\OneDrive\Desktop\Kern\data\raw\fonts\Schibsted_Grotesk_900.ttf,ok,24,42,18,24,0,
Schibsted Grotesk,Schibsted_Grotesk_italic,italic,C:\Users\angel\OneDrive\Desktop\Kern\data\raw\fonts\Schibsted_Grotesk_italic.ttf,ok,24,36,12,24,0,
Schibsted Grotesk,Schibsted_Grotesk_500italic,500italic,C:\Users\angel\OneDrive\Desktop\Kern\data\raw\fonts\Schibsted_Grotesk_500italic.ttf,ok,26,36,10,26,0,
Schibsted Grotesk,Schibsted_Grotesk_600italic,600italic,C:\Users\angel\OneDrive\Desktop\Kern\data\raw\fonts\Schibsted_Grotesk_600italic.ttf,ok,26,36,10,26,0,
Schibsted Grotesk,Schibsted_Grotesk_700italic,700italic,C:\Users\angel\OneDrive\Desktop\Kern\data\raw\fonts\Schibsted_Grotesk_700italic.ttf,ok,26,36,10,26,0,
Schibsted Grotesk,Schibsted_Grotesk_800italic,800italic,C:\Users\angel\OneDrive\Desktop\Kern\data\raw\fonts\Schibsted_Grotesk_800italic.ttf,ok,24,36,12,24,0,
Schibsted Grotesk,Schibsted_Grotesk_900italic,900italic,C:\Users\angel\OneDrive\Desktop\Kern\data\raw\fonts\Schibsted_Grotesk_900italic.ttf,ok,21,36,15,21,0,
Lexend,Lexend_100,100,C:\Users\angel\OneDrive\Desktop\Kern\data\raw\fonts\Lexend_100.ttf,ok,9,24,15,9,0,
Lexend,Lexend_200,200,C:\Users\angel\OneDrive\Desktop\Kern\data\raw\fonts\Lexend_200.ttf,ok,9,24,15,9,0,
Lexend,Lexend_300,300,C:\Users\angel\OneDrive\Desktop\Kern\data\raw\fonts\Lexend_300.ttf,ok,9,24,15,9,0,
Lexend,Lexend_regular,regular,C:\Users\angel\OneDrive\Desktop\Kern\data\raw\fonts\Lexend_regular.ttf,ok,9,24,15,9,0,
Lexend,Lexend_500,500,C:\Users\angel\OneDrive\Desktop\Kern\data\raw\fonts\Lexend_500.ttf,ok,9,24,15,9,0,
Lexend,Lexend_600,600,C:\Users\angel\OneDrive\Desktop\Kern\data\raw\fonts\Lexend_600.ttf,ok,9,24,15,9,0,
Lexend,Lexend_700,700,C:\Users\angel\OneDrive\Desktop\Kern\data\raw\fonts\Lexend_700.ttf,ok,9,24,15,9,0,
Lexend,Lexend_800,800,C:\Users\angel\OneDrive\Desktop\Kern\data\raw\fonts\Lexend_800.ttf,ok,9,24,15,9,0,
Lexend,Lexend_900,900,C:\Users\angel\OneDrive\Desktop\Kern\data\raw\fonts\Lexend_900.ttf,ok,9,24,15,9,0,
Instrument Serif,Instrument_Serif_regular,regular,C:\Users\angel\OneDrive\Desktop\Kern\data\raw\fonts\Instrument_Serif_regular.ttf,ok,357,455,98,357,0,
Instrument Serif,Instrument_Serif_italic,italic,C:\Users\angel\OneDrive\Desktop\Kern\data\raw\fonts\Instrument_Serif_italic.ttf,ok,265,364,99,265,0,
Roboto Flex,Roboto_Flex_regular,regular,C:\Users\angel\OneDrive\Desktop\Kern\data\raw\fonts\Roboto_Flex_regular.ttf,ok,0,0,0,0,0,
Noto Sans Telugu,Noto_Sans_Telugu_100,100,C:\Users\angel\OneDrive\Desktop\Kern\data\raw\fonts\Noto_Sans_Telugu_100.ttf,ok,7,501,494,7,0,
Noto Sans Telugu,Noto_Sans_Telugu_200,200,C:\Users\angel\OneDrive\Desktop\Kern\data\raw\fonts\Noto_Sans_Telugu_200.ttf,ok,7,501,494,7,0,
Noto Sans Telugu,Noto_Sans_Telugu_300,300,C:\Users\angel\OneDrive\Desktop\Kern\data\raw\fonts\Noto_Sans_Telugu_300.ttf,ok,7,501,494,7,0,
Noto Sans Telugu,Noto_Sans_Telugu_regular,regular,C:\Users\angel\OneDrive\Desktop\Kern\data\raw\fonts\Noto_Sans_Telugu_regular.ttf,ok,7,501,494,7,0,
Noto Sans Telugu,Noto_Sans_Telugu_500,500,C:\Users\angel\OneDrive\Desktop\Kern\data\raw\fonts\Noto_Sans_Telugu_500.ttf,ok,7,501,494,7,0,
Noto Sans Telugu,Noto_Sans_Telugu_600,600,C:\Users\angel\OneDrive\Desktop\Kern\data\raw\fonts\Noto_Sans_Telugu_600.ttf,ok,7,501,494,7,0,
Noto Sans Telugu,Noto_Sans_Telugu_700,700,C:\Users\angel\OneDrive\Desktop\Kern\data\raw\fonts\Noto_Sans_Telugu_700.ttf,ok,7,501,494,7,0,
Noto Sans Telugu,Noto_Sans_Telugu_800,800,C:\Users\angel\OneDrive\Desktop\Kern\data\raw\fonts\Noto_Sans_Telugu_800.ttf,ok,7,501,494,7,0,
Noto Sans Telugu,Noto_Sans_Telugu_900,900,C:\Users\angel\OneDrive\Desktop\Kern\data\raw\fonts\Noto_Sans_Telugu_900.ttf,ok,7,501,494,7,0,
Bitter,Bitter_100,100,C:\Users\angel\OneDrive\Desktop\Kern\data\raw\fonts\Bitter_100.ttf,ok,30,2734,2704,30,0,
Bitter,Bitter_200,200,C:\Users\angel\OneDrive\Desktop\Kern\data\raw\fonts\Bitter_200.ttf,ok,30,2734,2704,30,0,
Bitter,Bitter_300,300,C:\Users\angel\OneDrive\Desktop\Kern\data\raw\fonts\Bitter_300.ttf,ok,30,2734,2704,30,0,
Bitter,Bitter_regular,regular,C:\Users\angel\OneDrive\Desktop\Kern\data\raw\fonts\Bitter_regular.ttf,ok,30,2734,2704,30,0,
Bitter,Bitter_500,500,C:\Users\angel\OneDrive\Desktop\Kern\data\raw\fonts\Bitter_500.ttf,ok,29,2734,2705,29,0,
Bitter,Bitter_600,600,C:\Users\angel\OneDrive\Desktop\Kern\data\raw\fonts\Bitter_600.ttf,ok,30,2734,2704,30,0,
Bitter,Bitter_700,700,C:\Users\angel\OneDrive\Desktop\Kern\data\raw\fonts\Bitter_700.ttf,ok,30,2734,2704,30,0,
Bitter,Bitter_800,800,C:\Users\angel\OneDrive\Desktop\Kern\data\raw\fonts\Bitter_800.ttf,ok,30,2734,2704,30,0,
Bitter,Bitter_900,900,C:\Users\angel\OneDrive\Desktop\Kern\data\raw\fonts\Bitter_900.ttf,ok,21,2734,2713,21,0,
Bitter,Bitter_100italic,100italic,C:\Users\angel\OneDrive\Desktop\Kern\data\raw\fonts\Bitter_100italic.ttf,ok,22,2727,2705,22,0,
Bitter,Bitter_200italic,200italic,C:\Users\angel\OneDrive\Desktop\Kern\data\raw\fonts\Bitter_200italic.ttf,ok,23,2727,2704,23,0,
Bitter,Bitter_300italic,300italic,C:\Users\angel\OneDrive\Desktop\Kern\data\raw\fonts\Bitter_300italic.ttf,ok,23,2727,2704,23,0,
Bitter,Bitter_italic,italic,C:\Users\angel\OneDrive\Desktop\Kern\data\raw\fonts\Bitter_italic.ttf,ok,22,2727,2705,22,0,
Bitter,Bitter_500italic,500italic,C:\Users\angel\OneDrive\Desktop\Kern\data\raw\fonts\Bitter_500italic.ttf,ok,23,2727,2704,23,0,
Bitter,Bitter_600italic,600italic,C:\Users\angel\OneDrive\Desktop\Kern\data\raw\fonts\Bitter_600italic.ttf,ok,23,2727,2704,23,0,
Bitter,Bitter_700italic,700italic,C:\Users\angel\OneDrive\Desktop\Kern\data\raw\fonts\Bitter_700italic.ttf,ok,23,2727,2704,23,0,
Bitter,Bitter_800italic,800italic,C:\Users\angel\OneDrive\Desktop\Kern\data\raw\fonts\Bitter_800italic.ttf,ok,23,2727,2704,23,0,
Bitter,Bitter_900italic,900italic,C:\Users\angel\OneDrive\Desktop\Kern\data\raw\fonts\Bitter_900italic.ttf,ok,19,2727,2708,19,0,
Dosis,Dosis_200,200,C:\Users\angel\OneDrive\Desktop\Kern\data\raw\fonts\Dosis_200.ttf,ok,226,307,81,226,0,
Dosis,Dosis_300,300,C:\Users\angel\OneDrive\Desktop\Kern\data\raw\fonts\Dosis_300.ttf,ok,237,307,70,237,0,
Dosis,Dosis_regular,regular,C:\Users\angel\OneDrive\Desktop\Kern\data\raw\fonts\Dosis_regular.ttf,ok,247,307,60,247,0,
Dosis,Dosis_500,500,C:\Users\angel\OneDrive\Desktop\Kern\data\raw\fonts\Dosis_500.ttf,ok,247,307,60,247,0,
Dosis,Dosis_600,600,C:\Users\angel\OneDrive\Desktop\Kern\data\raw\fonts\Dosis_600.ttf,ok,247,307,60,247,0,
Dosis,Dosis_700,700,C:\Users\angel\OneDrive\Desktop\Kern\data\raw\fonts\Dosis_700.ttf,ok,247,307,60,247,0,
Dosis,Dosis_800,800,C:\Users\angel\OneDrive\Desktop\Kern\data\raw\fonts\Dosis_800.ttf,ok,204,307,103,204,0,
Red Hat Display,Red_Hat_Display_300,300,C:\Users\angel\OneDrive\Desktop\Kern\data\raw\fonts\Red_Hat_Display_300.ttf,ok,228,2978,2750,228,0,
Red Hat Display,Red_Hat_Display_regular,regular,C:\Users\angel\OneDrive\Desktop\Kern\data\raw\fonts\Red_Hat_Display_regular.ttf,ok,224,2978,2754,224,0,
Red Hat Display,Red_Hat_Display_500,500,C:\Users\angel\OneDrive\Desktop\Kern\data\raw\fonts\Red_Hat_Display_500.ttf,ok,242,2978,2736,242,0,
Red Hat Display,Red_Hat_Display_600,600,C:\Users\angel\OneDrive\Desktop\Kern\data\raw\fonts\Red_Hat_Display_600.ttf,ok,242,2978,2736,242,0,
Red Hat Display,Red_Hat_Display_700,700,C:\Users\angel\OneDrive\Desktop\Kern\data\raw\fonts\Red_Hat_Display_700.ttf,ok,242,2978,2736,242,0,
Red Hat Display,Red_Hat_Display_800,800,C:\Users\angel\OneDrive\Desktop\Kern\data\raw\fonts\Red_Hat_Display_800.ttf,ok,242,2978,2736,242,0,
Red Hat Display,Red_Hat_Display_900,900,C:\Users\angel\OneDrive\Desktop\Kern\data\raw\fonts\Red_Hat_Display_900.ttf,ok,231,2978,2747,231,0,
Red Hat Display,Red_Hat_Display_300italic,300italic,C:\Users\angel\OneDrive\Desktop\Kern\data\raw\fonts\Red_Hat_Display_300italic.ttf,ok,230,3068,2838,230,0,
Red Hat Display,Red_Hat_Display_italic,italic,C:\Users\angel\OneDrive\Desktop\Kern\data\raw\fonts\Red_Hat_Display_italic.ttf,ok,233,3068,2835,233,0,
Red Hat Display,Red_Hat_Display_500italic,500italic,C:\Users\angel\OneDrive\Desktop\Kern\data\raw\fonts\Red_Hat_Display_500italic.ttf,ok,251,3068,2817,251,0,
Red Hat Display,Red_Hat_Display_600italic,600italic,C:\Users\angel\OneDrive\Desktop\Kern\data\raw\fonts\Red_Hat_Display_600italic.ttf,ok,250,3068,2818,250,0,
Red Hat Display,Red_Hat_Display_700italic,700italic,C:\Users\angel\OneDrive\Desktop\Kern\data\raw\fonts\Red_Hat_Display_700italic.ttf,ok,251,3068,2817,251,0,
Red Hat Display,Red_Hat_Display_800italic,800italic,C:\Users\angel\OneDrive\Desktop\Kern\data\raw\fonts\Red_Hat_Display_800italic.ttf,ok,251,3068,2817,251,0,
Red Hat Display,Red_Hat_Display_900italic,900italic,C:\Users\angel\OneDrive\Desktop\Kern\data\raw\fonts\Red_Hat_Display_900italic.ttf,ok,231,3068,2837,231,0,
Rajdhani,Rajdhani_300,300,C:\Users\angel\OneDrive\Desktop\Kern\data\raw\fonts\Rajdhani_300.ttf,ok,0,0,0,0,0,
Rajdhani,Rajdhani_regular,regular,C:\Users\angel\OneDrive\Desktop\Kern\data\raw\fonts\Rajdhani_regular.ttf,ok,0,0,0,0,0,
Rajdhani,Rajdhani_500,500,C:\Users\angel\OneDrive\Desktop\Kern\data\raw\fonts\Rajdhani_500.ttf,ok,0,0,0,0,0,
Rajdhani,Rajdhani_600,600,C:\Users\angel\OneDrive\Desktop\Kern\data\raw\fonts\Rajdhani_600.ttf,ok,0,0,0,0,0,
Rajdhani,Rajdhani_700,700,C:\Users\angel\OneDrive\Desktop\Kern\data\raw\fonts\Rajdhani_700.ttf,ok,0,0,0,0,0,
Cabin,Cabin_regular,regular,C:\Users\angel\OneDrive\Desktop\Kern\data\raw\fonts\Cabin_regular.ttf,ok,807,1156,349,807,0,
Cabin,Cabin_500,500,C:\Users\angel\OneDrive\Desktop\Kern\data\raw\fonts\Cabin_500.ttf,ok,853,1156,303,853,0,
Cabin,Cabin_600,600,C:\Users\angel\OneDrive\Desktop\Kern\data\raw\fonts\Cabin_600.ttf,ok,853,1156,303,853,0,
Cabin,Cabin_700,700,C:\Users\angel\OneDrive\Desktop\Kern\data\raw\fonts\Cabin_700.ttf,ok,833,1156,323,833,0,
Cabin,Cabin_italic,italic,C:\Users\angel\OneDrive\Desktop\Kern\data\raw\fonts\Cabin_italic.ttf,ok,709,1097,388,709,0,
Cabin,Cabin_500italic,500italic,C:\Users\angel\OneDrive\Desktop\Kern\data\raw\fonts\Cabin_500italic.ttf,ok,759,1097,338,759,0,
Cabin,Cabin_600italic,600italic,C:\Users\angel\OneDrive\Desktop\Kern\data\raw\fonts\Cabin_600italic.ttf,ok,759,1097,338,759,0,
Cabin,Cabin_700italic,700italic,C:\Users\angel\OneDrive\Desktop\Kern\data\raw\fonts\Cabin_700italic.ttf,ok,743,1097,354,743,0,
Ramabhadra,Ramabhadra_regular,regular,C:\Users\angel\OneDrive\Desktop\Kern\data\raw\fonts\Ramabhadra_regular.ttf,ok,0,0,0,0,0,
Noto Sans Khmer,Noto_Sans_Khmer_100,100,C:\Users\angel\OneDrive\Desktop\Kern\data\raw\fonts\Noto_Sans_Khmer_100.ttf,ok,7,501,494,7,0,
Noto Sans Khmer,Noto_Sans_Khmer_200,200,C:\Users\angel\OneDrive\Desktop\Kern\data\raw\fonts\Noto_Sans_Khmer_200.ttf,ok,7,501,494,7,0,
Noto Sans Khmer,Noto_Sans_Khmer_300,300,C:\Users\angel\OneDrive\Desktop\Kern\data\raw\fonts\Noto_Sans_Khmer_300.ttf,ok,7,501,494,7,0,
Noto Sans Khmer,Noto_Sans_Khmer_regular,regular,C:\Users\angel\OneDrive\Desktop\Kern\data\raw\fonts\Noto_Sans_Khmer_regular.ttf,ok,7,501,494,7,0,
Noto Sans Khmer,Noto_Sans_Khmer_500,500,C:\Users\angel\OneDrive\Desktop\Kern\data\raw\fonts\Noto_Sans_Khmer_500.ttf,ok,7,501,494,7,0,
Noto Sans Khmer,Noto_Sans_Khmer_600,600,C:\Users\angel\OneDrive\Desktop\Kern\data\raw\fonts\Noto_Sans_Khmer_600.ttf,ok,7,501,494,7,0,
Noto Sans Khmer,Noto_Sans_Khmer_700,700,C:\Users\angel\OneDrive\Desktop\Kern\data\raw\fonts\Noto_Sans_Khmer_700.ttf,ok,7,501,494,7,0,
Noto Sans Khmer,Noto_Sans_Khmer_800,800,C:\Users\angel\OneDrive\Desktop\Kern\data\raw\fonts\Noto_Sans_Khmer_800.ttf,ok,7,501,494,7,0,
Noto Sans Khmer,Noto_Sans_Khmer_900,900,C:\Users\angel\OneDrive\Desktop\Kern\data\raw\fonts\Noto_Sans_Khmer_900.ttf,ok,7,501,494,7,0,
Anek Telugu,Anek_Telugu_100,100,C:\Users\angel\OneDrive\Desktop\Kern\data\raw\fonts\Anek_Telugu_100.ttf,ok,43,2750,2707,43,0,
Anek Telugu,Anek_Telugu_200,200,C:\Users\angel\OneDrive\Desktop\Kern\data\raw\fonts\Anek_Telugu_200.ttf,ok,46,2750,2704,46,0,
Anek Telugu,Anek_Telugu_300,300,C:\Users\angel\OneDrive\Desktop\Kern\data\raw\fonts\Anek_Telugu_300.ttf,ok,46,2750,2704,46,0,
Anek Telugu,Anek_Telugu_regular,regular,C:\Users\angel\OneDrive\Desktop\Kern\data\raw\fonts\Anek_Telugu_regular.ttf,ok,45,2750,2705,45,0,
Anek Telugu,Anek_Telugu_500,500,C:\Users\angel\OneDrive\Desktop\Kern\data\raw\fonts\Anek_Telugu_500.ttf,ok,46,2750,2704,46,0,
Anek Telugu,Anek_Telugu_600,600,C:\Users\angel\OneDrive\Desktop\Kern\data\raw\fonts\Anek_Telugu_600.ttf,ok,46,2750,2704,46,0,
Anek Telugu,Anek_Telugu_700,700,C:\Users\angel\OneDrive\Desktop\Kern\data\raw\fonts\Anek_Telugu_700.ttf,ok,46,2750,2704,46,0,
Anek Telugu,Anek_Telugu_800,800,C:\Users\angel\OneDrive\Desktop\Kern\data\raw\fonts\Anek_Telugu_800.ttf,ok,45,2750,2705,45,0,
M PLUS Rounded 1c,M_PLUS_Rounded_1c_100,100,C:\Users\angel\OneDrive\Desktop\Kern\data\raw\fonts\M_PLUS_Rounded_1c_100.ttf,ok,916,919,3,916,0,
M PLUS Rounded 1c,M_PLUS_Rounded_1c_300,300,C:\Users\angel\OneDrive\Desktop\Kern\data\raw\fonts\M_PLUS_Rounded_1c_300.ttf,ok,916,919,3,916,0,
M PLUS Rounded 1c,M_PLUS_Rounded_1c_regular,regular,C:\Users\angel\OneDrive\Desktop\Kern\data\raw\fonts\M_PLUS_Rounded_1c_regular.ttf,ok,916,919,3,916,0,
M PLUS Rounded 1c,M_PLUS_Rounded_1c_500,500,C:\Users\angel\OneDrive\Desktop\Kern\data\raw\fonts\M_PLUS_Rounded_1c_500.ttf,ok,916,919,3,916,0,
M PLUS Rounded 1c,M_PLUS_Rounded_1c_700,700,C:\Users\angel\OneDrive\Desktop\Kern\data\raw\fonts\M_PLUS_Rounded_1c_700.ttf,ok,916,919,3,916,0,
M PLUS Rounded 1c,M_PLUS_Rounded_1c_800,800,C:\Users\angel\OneDrive\Desktop\Kern\data\raw\fonts\M_PLUS_Rounded_1c_800.ttf,ok,916,919,3,916,0,
M PLUS Rounded 1c,M_PLUS_Rounded_1c_900,900,C:\Users\angel\OneDrive\Desktop\Kern\data\raw\fonts\M_PLUS_Rounded_1c_900.ttf,ok,916,919,3,916,0,
Hind Siliguri,Hind_Siliguri_300,300,C:\Users\angel\OneDrive\Desktop\Kern\data\raw\fonts\Hind_Siliguri_300.ttf,ok,0,0,0,0,0,
Hind Siliguri,Hind_Siliguri_regular,regular,C:\Users\angel\OneDrive\Desktop\Kern\data\raw\fonts\Hind_Siliguri_regular.ttf,ok,0,0,0,0,0,
Hind Siliguri,Hind_Siliguri_500,500,C:\Users\angel\OneDrive\Desktop\Kern\data\raw\fonts\Hind_Siliguri_500.ttf,ok,0,0,0,0,0,
Hind Siliguri,Hind_Siliguri_600,600,C:\Users\angel\OneDrive\Desktop\Kern\data\raw\fonts\Hind_Siliguri_600.ttf,ok,0,0,0,0,0,
Hind Siliguri,Hind_Siliguri_700,700,C:\Users\angel\OneDrive\Desktop\Kern\data\raw\fonts\Hind_Siliguri_700.ttf,ok,0,0,0,0,0,
Orbitron,Orbitron_regular,regular,C:\Users\angel\OneDrive\Desktop\Kern\data\raw\fonts\Orbitron_regular.ttf,ok,185,346,161,185,0,
Orbitron,Orbitron_500,500,C:\Users\angel\OneDrive\Desktop\Kern\data\raw\fonts\Orbitron_500.ttf,ok,343,346,3,343,0,
Orbitron,Orbitron_600,600,C:\Users\angel\OneDrive\Desktop\Kern\data\raw\fonts\Orbitron_600.ttf,ok,343,346,3,343,0,
Orbitron,Orbitron_700,700,C:\Users\angel\OneDrive\Desktop\Kern\data\raw\fonts\Orbitron_700.ttf,ok,344,346,2,344,0,
Orbitron,Orbitron_800,800,C:\Users\angel\OneDrive\Desktop\Kern\data\raw\fonts\Orbitron_800.ttf,ok,344,346,2,344,0,
Orbitron,Orbitron_900,900,C:\Users\angel\OneDrive\Desktop\Kern\data\raw\fonts\Orbitron_900.ttf,ok,314,346,32,314,0,
Exo 2,Exo_2_100,100,C:\Users\angel\OneDrive\Desktop\Kern\data\raw\fonts\Exo_2_100.ttf,ok,25,2737,2712,25,0,
Exo 2,Exo_2_200,200,C:\Users\angel\OneDrive\Desktop\Kern\data\raw\fonts\Exo_2_200.ttf,ok,28,2737,2709,28,0,
Exo 2,Exo_2_300,300,C:\Users\angel\OneDrive\Desktop\Kern\data\raw\fonts\Exo_2_300.ttf,ok,28,2737,2709,28,0,
Exo 2,Exo_2_regular,regular,C:\Users\angel\OneDrive\Desktop\Kern\data\raw\fonts\Exo_2_regular.ttf,ok,28,2737,2709,28,0,
Exo 2,Exo_2_500,500,C:\Users\angel\OneDrive\Desktop\Kern\data\raw\fonts\Exo_2_500.ttf,ok,30,2737,2707,30,0,
Exo 2,Exo_2_600,600,C:\Users\angel\OneDrive\Desktop\Kern\data\raw\fonts\Exo_2_600.ttf,ok,33,2737,2704,33,0,
Exo 2,Exo_2_700,700,C:\Users\angel\OneDrive\Desktop\Kern\data\raw\fonts\Exo_2_700.ttf,ok,33,2737,2704,33,0,
Exo 2,Exo_2_800,800,C:\Users\angel\OneDrive\Desktop\Kern\data\raw\fonts\Exo_2_800.ttf,ok,33,2737,2704,33,0,
Exo 2,Exo_2_900,900,C:\Users\angel\OneDrive\Desktop\Kern\data\raw\fonts\Exo_2_900.ttf,ok,31,2737,2706,31,0,
Exo 2,Exo_2_100italic,100italic,C:\Users\angel\OneDrive\Desktop\Kern\data\raw\fonts\Exo_2_100italic.ttf,ok,23,2732,2709,23,0,
Exo 2,Exo_2_200italic,200italic,C:\Users\angel\OneDrive\Desktop\Kern\data\raw\fonts\Exo_2_200italic.ttf,ok,27,2732,2705,27,0,
Exo 2,Exo_2_300italic,300italic,C:\Users\angel\OneDrive\Desktop\Kern\data\raw\fonts\Exo_2_300italic.ttf,ok,27,2732,2705,27,0,
Exo 2,Exo_2_italic,italic,C:\Users\angel\OneDrive\Desktop\Kern\data\raw\fonts\Exo_2_italic.ttf,ok,27,2732,2705,27,0,
Exo 2,Exo_2_500italic,500italic,C:\Users\angel\OneDrive\Desktop\Kern\data\raw\fonts\Exo_2_500italic.ttf,ok,28,2732,2704,28,0,
Exo 2,Exo_2_600italic,600italic,C:\Users\angel\OneDrive\Desktop\Kern\data\raw\fonts\Exo_2_600italic.ttf,ok,28,2732,2704,28,0,
Exo 2,Exo_2_700italic,700italic,C:\Users\angel\OneDrive\Desktop\Kern\data\raw\fonts\Exo_2_700italic.ttf,ok,28,2732,2704,28,0,
Exo 2,Exo_2_800italic,800italic,C:\Users\angel\OneDrive\Desktop\Kern\data\raw\fonts\Exo_2_800italic.ttf,ok,27,2732,2705,27,0,
Exo 2,Exo_2_900italic,900italic,C:\Users\angel\OneDrive\Desktop\Kern\data\raw\fonts\Exo_2_900italic.ttf,ok,24,2732,2708,24,0,
Fraunces,Fraunces_100,100,C:\Users\angel\OneDrive\Desktop\Kern\data\raw\fonts\Fraunces_100.ttf,ok,7,10,3,7,0,
Fraunces,Fraunces_200,200,C:\Users\angel\OneDrive\Desktop\Kern\data\raw\fonts\Fraunces_200.ttf,ok,7,10,3,7,0,
Fraunces,Fraunces_300,300,C:\Users\angel\OneDrive\Desktop\Kern\data\raw\fonts\Fraunces_300.ttf,ok,7,10,3,7,0,
Fraunces,Fraunces_regular,regular,C:\Users\angel\OneDrive\Desktop\Kern\data\raw\fonts\Fraunces_regular.ttf,ok,10,10,0,10,0,
Fraunces,Fraunces_500,500,C:\Users\angel\OneDrive\Desktop\Kern\data\raw\fonts\Fraunces_500.ttf,ok,10,10,0,10,0,
Fraunces,Fraunces_600,600,C:\Users\angel\OneDrive\Desktop\Kern\data\raw\fonts\Fraunces_600.ttf,ok,10,10,0,10,0,
Fraunces,Fraunces_700,700,C:\Users\angel\OneDrive\Desktop\Kern\data\raw\fonts\Fraunces_700.ttf,ok,10,10,0,10,0,
Fraunces,Fraunces_800,800,C:\Users\angel\OneDrive\Desktop\Kern\data\raw\fonts\Fraunces_800.ttf,ok,10,10,0,10,0,
Fraunces,Fraunces_900,900,C:\Users\angel\OneDrive\Desktop\Kern\data\raw\fonts\Fraunces_900.ttf,ok,8,10,2,8,0,
Fraunces,Fraunces_100italic,100italic,C:\Users\angel\OneDrive\Desktop\Kern\data\raw\fonts\Fraunces_100italic.ttf,ok,9,14,5,9,0,
Fraunces,Fraunces_200italic,200italic,C:\Users\angel\OneDrive\Desktop\Kern\data\raw\fonts\Fraunces_200italic.ttf,ok,13,14,1,13,0,
Fraunces,Fraunces_300italic,300italic,C:\Users\angel\OneDrive\Desktop\Kern\data\raw\fonts\Fraunces_300italic.ttf,ok,13,14,1,13,0,
Fraunces,Fraunces_italic,italic,C:\Users\angel\OneDrive\Desktop\Kern\data\raw\fonts\Fraunces_italic.ttf,ok,14,14,0,14,0,
Fraunces,Fraunces_500italic,500italic,C:\Users\angel\OneDrive\Desktop\Kern\data\raw\fonts\Fraunces_500italic.ttf,ok,14,14,0,14,0,
Fraunces,Fraunces_600italic,600italic,C:\Users\angel\OneDrive\Desktop\Kern\data\raw\fonts\Fraunces_600italic.ttf,ok,14,14,0,14,0,
Fraunces,Fraunces_700italic,700italic,C:\Users\angel\OneDrive\Desktop\Kern\data\raw\fonts\Fraunces_700italic.ttf,ok,13,14,1,13,0,
Fraunces,Fraunces_800italic,800italic,C:\Users\angel\OneDrive\Desktop\Kern\data\raw\fonts\Fraunces_800italic.ttf,ok,14,14,0,14,0,
Fraunces,Fraunces_900italic,900italic,C:\Users\angel\OneDrive\Desktop\Kern\data\raw\fonts\Fraunces_900italic.ttf,ok,13,14,1,13,0,
Oxygen,Oxygen_300,300,C:\Users\angel\OneDrive\Desktop\Kern\data\raw\fonts\Oxygen_300.ttf,ok,9,685,676,9,0,
Oxygen,Oxygen_regular,regular,C:\Users\angel\OneDrive\Desktop\Kern\data\raw\fonts\Oxygen_regular.ttf,ok,7,736,729,7,0,
Oxygen,Oxygen_700,700,C:\Users\angel\OneDrive\Desktop\Kern\data\raw\fonts\Oxygen_700.ttf,ok,9,332,323,9,0,
Geist,Geist_100,100,C:\Users\angel\OneDrive\Desktop\Kern\data\raw\fonts\Geist_100.ttf,ok,18,2722,2704,18,0,
Geist,Geist_200,200,C:\Users\angel\OneDrive\Desktop\Kern\data\raw\fonts\Geist_200.ttf,ok,18,2722,2704,18,0,
Geist,Geist_300,300,C:\Users\angel\OneDrive\Desktop\Kern\data\raw\fonts\Geist_300.ttf,ok,18,2722,2704,18,0,
Geist,Geist_regular,regular,C:\Users\angel\OneDrive\Desktop\Kern\data\raw\fonts\Geist_regular.ttf,ok,18,2722,2704,18,0,
Geist,Geist_500,500,C:\Users\angel\OneDrive\Desktop\Kern\data\raw\fonts\Geist_500.ttf,ok,18,2722,2704,18,0,
Geist,Geist_600,600,C:\Users\angel\OneDrive\Desktop\Kern\data\raw\fonts\Geist_600.ttf,ok,18,2722,2704,18,0,
Geist,Geist_700,700,C:\Users\angel\OneDrive\Desktop\Kern\data\raw\fonts\Geist_700.ttf,ok,18,2722,2704,18,0,
Geist,Geist_800,800,C:\Users\angel\OneDrive\Desktop\Kern\data\raw\fonts\Geist_800.ttf,ok,18,2722,2704,18,0,
Geist,Geist_900,900,C:\Users\angel\OneDrive\Desktop\Kern\data\raw\fonts\Geist_900.ttf,ok,18,2722,2704,18,0,
Geist,Geist_100italic,100italic,C:\Users\angel\OneDrive\Desktop\Kern\data\raw\fonts\Geist_100italic.ttf,ok,4,2708,2704,4,0,
Geist,Geist_200italic,200italic,C:\Users\angel\OneDrive\Desktop\Kern\data\raw\fonts\Geist_200italic.ttf,ok,4,2708,2704,4,0,
Geist,Geist_300italic,300italic,C:\Users\angel\OneDrive\Desktop\Kern\data\raw\fonts\Geist_300italic.ttf,ok,4,2708,2704,4,0,
Geist,Geist_italic,italic,C:\Users\angel\OneDrive\Desktop\Kern\data\raw\fonts\Geist_italic.ttf,ok,4,2708,2704,4,0,
Geist,Geist_500italic,500italic,C:\Users\angel\OneDrive\Desktop\Kern\data\raw\fonts\Geist_500italic.ttf,ok,4,2708,2704,4,0,
Geist,Geist_600italic,600italic,C:\Users\angel\OneDrive\Desktop\Kern\data\raw\fonts\Geist_600italic.ttf,ok,4,2708,2704,4,0,
Geist,Geist_700italic,700italic,C:\Users\angel\OneDrive\Desktop\Kern\data\raw\fonts\Geist_700italic.ttf,ok,4,2708,2704,4,0,
Geist,Geist_800italic,800italic,C:\Users\angel\OneDrive\Desktop\Kern\data\raw\fonts\Geist_800italic.ttf,ok,4,2708,2704,4,0,
Geist,Geist_900italic,900italic,C:\Users\angel\OneDrive\Desktop\Kern\data\raw\fonts\Geist_900italic.ttf,ok,4,2708,2704,4,0,
Hind,Hind_300,300,C:\Users\angel\OneDrive\Desktop\Kern\data\raw\fonts\Hind_300.ttf,ok,0,0,0,0,0,
Hind,Hind_regular,regular,C:\Users\angel\OneDrive\Desktop\Kern\data\raw\fonts\Hind_regular.ttf,ok,0,0,0,0,0,
Hind,Hind_500,500,C:\Users\angel\OneDrive\Desktop\Kern\data\raw\fonts\Hind_500.ttf,ok,0,0,0,0,0,
Hind,Hind_600,600,C:\Users\angel\OneDrive\Desktop\Kern\data\raw\fonts\Hind_600.ttf,ok,0,0,0,0,0,
Hind,Hind_700,700,C:\Users\angel\OneDrive\Desktop\Kern\data\raw\fonts\Hind_700.ttf,ok,0,0,0,0,0,
Lilita One,Lilita_One_regular,regular,C:\Users\angel\OneDrive\Desktop\Kern\data\raw\fonts\Lilita_One_regular.ttf,ok,110,110,0,110,0,
Urbanist,Urbanist_100,100,C:\Users\angel\OneDrive\Desktop\Kern\data\raw\fonts\Urbanist_100.ttf,ok,4,4,0,4,0,
Urbanist,Urbanist_200,200,C:\Users\angel\OneDrive\Desktop\Kern\data\raw\fonts\Urbanist_200.ttf,ok,4,4,0,4,0,
Urbanist,Urbanist_300,300,C:\Users\angel\OneDrive\Desktop\Kern\data\raw\fonts\Urbanist_300.ttf,ok,4,4,0,4,0,
Urbanist,Urbanist_regular,regular,C:\Users\angel\OneDrive\Desktop\Kern\data\raw\fonts\Urbanist_regular.ttf,ok,4,4,0,4,0,
Urbanist,Urbanist_500,500,C:\Users\angel\OneDrive\Desktop\Kern\data\raw\fonts\Urbanist_500.ttf,ok,4,4,0,4,0,
Urbanist,Urbanist_600,600,C:\Users\angel\OneDrive\Desktop\Kern\data\raw\fonts\Urbanist_600.ttf,ok,4,4,0,4,0,
Urbanist,Urbanist_700,700,C:\Users\angel\OneDrive\Desktop\Kern\data\raw\fonts\Urbanist_700.ttf,ok,4,4,0,4,0,
Urbanist,Urbanist_800,800,C:\Users\angel\OneDrive\Desktop\Kern\data\raw\fonts\Urbanist_800.ttf,ok,4,4,0,4,0,
Urbanist,Urbanist_900,900,C:\Users\angel\OneDrive\Desktop\Kern\data\raw\fonts\Urbanist_900.ttf,ok,4,4,0,4,0,
Urbanist,Urbanist_100italic,100italic,C:\Users\angel\OneDrive\Desktop\Kern\data\raw\fonts\Urbanist_100italic.ttf,ok,4,4,0,4,0,
Urbanist,Urbanist_200italic,200italic,C:\Users\angel\OneDrive\Desktop\Kern\data\raw\fonts\Urbanist_200italic.ttf,ok,4,4,0,4,0,
Urbanist,Urbanist_300italic,300italic,C:\Users\angel\OneDrive\Desktop\Kern\data\raw\fonts\Urbanist_300italic.ttf,ok,4,4,0,4,0,
Urbanist,Urbanist_italic,italic,C:\Users\angel\OneDrive\Desktop\Kern\data\raw\fonts\Urbanist_italic.ttf,ok,4,4,0,4,0,
Urbanist,Urbanist_500italic,500italic,C:\Users\angel\OneDrive\Desktop\Kern\data\raw\fonts\Urbanist_500italic.ttf,ok,4,4,0,4,0,
Urbanist,Urbanist_600italic,600italic,C:\Users\angel\OneDrive\Desktop\Kern\data\raw\fonts\Urbanist_600italic.ttf,ok,4,4,0,4,0,
Urbanist,Urbanist_700italic,700italic,C:\Users\angel\OneDrive\Desktop\Kern\data\raw\fonts\Urbanist_700italic.ttf,ok,4,4,0,4,0,
Urbanist,Urbanist_800italic,800italic,C:\Users\angel\OneDrive\Desktop\Kern\data\raw\fonts\Urbanist_800italic.ttf,ok,4,4,0,4,0,
Urbanist,Urbanist_900italic,900italic,C:\Users\angel\OneDrive\Desktop\Kern\data\raw\fonts\Urbanist_900italic.ttf,ok,4,4,0,4,0,
Caveat,Caveat_regular,regular,C:\Users\angel\OneDrive\Desktop\Kern\data\raw\fonts\Caveat_regular.ttf,ok,916,3620,2704,916,0,
Caveat,Caveat_500,500,C:\Users\angel\OneDrive\Desktop\Kern\data\raw\fonts\Caveat_500.ttf,ok,916,3620,2704,916,0,
Caveat,Caveat_600,600,C:\Users\angel\OneDrive\Desktop\Kern\data\raw\fonts\Caveat_600.ttf,ok,916,3620,2704,916,0,
Caveat,Caveat_700,700,C:\Users\angel\OneDrive\Desktop\Kern\data\raw\fonts\Caveat_700.ttf,ok,916,3620,2704,916,0,
Mukta,Mukta_200,200,C:\Users\angel\OneDrive\Desktop\Kern\data\raw\fonts\Mukta_200.ttf,ok,138,2972,2834,138,0,
Mukta,Mukta_300,300,C:\Users\angel\OneDrive\Desktop\Kern\data\raw\fonts\Mukta_300.ttf,ok,138,2972,2834,138,0,
Mukta,Mukta_regular,regular,C:\Users\angel\OneDrive\Desktop\Kern\data\raw\fonts\Mukta_regular.ttf,ok,208,3000,2792,208,0,
Mukta,Mukta_500,500,C:\Users\angel\OneDrive\Desktop\Kern\data\raw\fonts\Mukta_500.ttf,ok,163,3219,3056,163,0,
Mukta,Mukta_600,600,C:\Users\angel\OneDrive\Desktop\Kern\data\raw\fonts\Mukta_600.ttf,ok,163,3241,3078,163,0,
Mukta,Mukta_700,700,C:\Users\angel\OneDrive\Desktop\Kern\data\raw\fonts\Mukta_700.ttf,ok,163,3219,3056,163,0,
Mukta,Mukta_800,800,C:\Users\angel\OneDrive\Desktop\Kern\data\raw\fonts\Mukta_800.ttf,ok,163,3219,3056,163,0,
DM Serif Display,DM_Serif_Display_regular,regular,C:\Users\angel\OneDrive\Desktop\Kern\data\raw\fonts\DM_Serif_Display_regular.ttf,ok,381,3121,2740,381,0,
DM Serif Display,DM_Serif_Display_italic,italic,C:\Users\angel\OneDrive\Desktop\Kern\data\raw\fonts\DM_Serif_Display_italic.ttf,ok,397,429,32,397,0,
Slabo 27px,Slabo_27px_regular,regular,C:\Users\angel\OneDrive\Desktop\Kern\data\raw\fonts\Slabo_27px_regular.ttf,ok,66,1116,1050,66,0,
Overpass,Overpass_100,100,C:\Users\angel\OneDrive\Desktop\Kern\data\raw\fonts\Overpass_100.ttf,ok,19,19,0,19,0,
Overpass,Overpass_200,200,C:\Users\angel\OneDrive\Desktop\Kern\data\raw\fonts\Overpass_200.ttf,ok,19,19,0,19,0,
Overpass,Overpass_300,300,C:\Users\angel\OneDrive\Desktop\Kern\data\raw\fonts\Overpass_300.ttf,ok,19,19,0,19,0,
Overpass,Overpass_regular,regular,C:\Users\angel\OneDrive\Desktop\Kern\data\raw\fonts\Overpass_regular.ttf,ok,19,19,0,19,0,
Overpass,Overpass_500,500,C:\Users\angel\OneDrive\Desktop\Kern\data\raw\fonts\Overpass_500.ttf,ok,19,19,0,19,0,
Overpass,Overpass_600,600,C:\Users\angel\OneDrive\Desktop\Kern\data\raw\fonts\Overpass_600.ttf,ok,19,19,0,19,0,
Overpass,Overpass_700,700,C:\Users\angel\OneDrive\Desktop\Kern\data\raw\fonts\Overpass_700.ttf,ok,19,19,0,19,0,
Overpass,Overpass_800,800,C:\Users\angel\OneDrive\Desktop\Kern\data\raw\fonts\Overpass_800.ttf,ok,19,19,0,19,0,
Overpass,Overpass_900,900,C:\Users\angel\OneDrive\Desktop\Kern\data\raw\fonts\Overpass_900.ttf,ok,19,19,0,19,0,
Overpass,Overpass_100italic,100italic,C:\Users\angel\OneDrive\Desktop\Kern\data\raw\fonts\Overpass_100italic.ttf,ok,20,20,0,20,0,
Overpass,Overpass_200italic,200italic,C:\Users\angel\OneDrive\Desktop\Kern\data\raw\fonts\Overpass_200italic.ttf,ok,20,20,0,20,0,
Overpass,Overpass_300italic,300italic,C:\Users\angel\OneDrive\Desktop\Kern\data\raw\fonts\Overpass_300italic.ttf,ok,19,20,1,19,0,
Overpass,Overpass_italic,italic,C:\Users\angel\OneDrive\Desktop\Kern\data\raw\fonts\Overpass_italic.ttf,ok,20,20,0,20,0,
Overpass,Overpass_500italic,500italic,C:\Users\angel\OneDrive\Desktop\Kern\data\raw\fonts\Overpass_500italic.ttf,ok,20,20,0,20,0,
Overpass,Overpass_600italic,600italic,C:\Users\angel\OneDrive\Desktop\Kern\data\raw\fonts\Overpass_600italic.ttf,ok,20,20,0,20,0,
Overpass,Overpass_700italic,700italic,C:\Users\angel\OneDrive\Desktop\Kern\data\raw\fonts\Overpass_700italic.ttf,ok,20,20,0,20,0,
Overpass,Overpass_800italic,800italic,C:\Users\angel\OneDrive\Desktop\Kern\data\raw\fonts\Overpass_800italic.ttf,ok,20,20,0,20,0,
Overpass,Overpass_900italic,900italic,C:\Users\angel\OneDrive\Desktop\Kern\data\raw\fonts\Overpass_900italic.ttf,ok,20,20,0,20,0,
Source Serif 4,Source_Serif_4_200,200,C:\Users\angel\OneDrive\Desktop\Kern\data\raw\fonts\Source_Serif_4_200.ttf,ok,15,23,8,15,0,
Source Serif 4,Source_Serif_4_300,300,C:\Users\angel\OneDrive\Desktop\Kern\data\raw\fonts\Source_Serif_4_300.ttf,ok,16,23,7,16,0,
Source Serif 4,Source_Serif_4_regular,regular,C:\Users\angel\OneDrive\Desktop\Kern\data\raw\fonts\Source_Serif_4_regular.ttf,ok,15,23,8,15,0,
Source Serif 4,Source_Serif_4_500,500,C:\Users\angel\OneDrive\Desktop\Kern\data\raw\fonts\Source_Serif_4_500.ttf,ok,19,23,4,19,0,
Source Serif 4,Source_Serif_4_600,600,C:\Users\angel\OneDrive\Desktop\Kern\data\raw\fonts\Source_Serif_4_600.ttf,ok,19,23,4,19,0,
Source Serif 4,Source_Serif_4_700,700,C:\Users\angel\OneDrive\Desktop\Kern\data\raw\fonts\Source_Serif_4_700.ttf,ok,19,23,4,19,0,
Source Serif 4,Source_Serif_4_800,800,C:\Users\angel\OneDrive\Desktop\Kern\data\raw\fonts\Source_Serif_4_800.ttf,ok,19,23,4,19,0,
Source Serif 4,Source_Serif_4_900,900,C:\Users\angel\OneDrive\Desktop\Kern\data\raw\fonts\Source_Serif_4_900.ttf,ok,18,23,5,18,0,
Source Serif 4,Source_Serif_4_200italic,200italic,C:\Users\angel\OneDrive\Desktop\Kern\data\raw\fonts\Source_Serif_4_200italic.ttf,ok,17,28,11,17,0,
Source Serif 4,Source_Serif_4_300italic,300italic,C:\Users\angel\OneDrive\Desktop\Kern\data\raw\fonts\Source_Serif_4_300italic.ttf,ok,23,28,5,23,0,
Source Serif 4,Source_Serif_4_italic,italic,C:\Users\angel\OneDrive\Desktop\Kern\data\raw\fonts\Source_Serif_4_italic.ttf,ok,22,28,6,22,0,
Source Serif 4,Source_Serif_4_500italic,500italic,C:\Users\angel\OneDrive\Desktop\Kern\data\raw\fonts\Source_Serif_4_500italic.ttf,ok,25,28,3,25,0,
Source Serif 4,Source_Serif_4_600italic,600italic,C:\Users\angel\OneDrive\Desktop\Kern\data\raw\fonts\Source_Serif_4_600italic.ttf,ok,25,28,3,25,0,
Source Serif 4,Source_Serif_4_700italic,700italic,C:\Users\angel\OneDrive\Desktop\Kern\data\raw\fonts\Source_Serif_4_700italic.ttf,ok,25,28,3,25,0,
Source Serif 4,Source_Serif_4_800italic,800italic,C:\Users\angel\OneDrive\Desktop\Kern\data\raw\fonts\Source_Serif_4_800italic.ttf,ok,25,28,3,25,0,
Source Serif 4,Source_Serif_4_900italic,900italic,C:\Users\angel\OneDrive\Desktop\Kern\data\raw\fonts\Source_Serif_4_900italic.ttf,ok,20,28,8,20,0,
Crimson Text,Crimson_Text_regular,regular,C:\Users\angel\OneDrive\Desktop\Kern\data\raw\fonts\Crimson_Text_regular.ttf,ok,8,440,432,8,0,
Crimson Text,Crimson_Text_italic,italic,C:\Users\angel\OneDrive\Desktop\Kern\data\raw\fonts\Crimson_Text_italic.ttf,ok,41,606,565,41,0,
Crimson Text,Crimson_Text_600,600,C:\Users\angel\OneDrive\Desktop\Kern\data\raw\fonts\Crimson_Text_600.ttf,ok,5,447,442,5,0,
Crimson Text,Crimson_Text_600italic,600italic,C:\Users\angel\OneDrive\Desktop\Kern\data\raw\fonts\Crimson_Text_600italic.ttf,ok,4,764,760,4,0,
Crimson Text,Crimson_Text_700,700,C:\Users\angel\OneDrive\Desktop\Kern\data\raw\fonts\Crimson_Text_700.ttf,ok,19,435,416,19,0,
Crimson Text,Crimson_Text_700italic,700italic,C:\Users\angel\OneDrive\Desktop\Kern\data\raw\fonts\Crimson_Text_700italic.ttf,ok,38,236,198,38,0,
Fredoka,Fredoka_300,300,C:\Users\angel\OneDrive\Desktop\Kern\data\raw\fonts\Fredoka_300.ttf,ok,516,3882,3366,516,0,
Fredoka,Fredoka_regular,regular,C:\Users\angel\OneDrive\Desktop\Kern\data\raw\fonts\Fredoka_regular.ttf,ok,541,3882,3341,541,0,
Fredoka,Fredoka_500,500,C:\Users\angel\OneDrive\Desktop\Kern\data\raw\fonts\Fredoka_500.ttf,ok,541,3882,3341,541,0,
Fredoka,Fredoka_600,600,C:\Users\angel\OneDrive\Desktop\Kern\data\raw\fonts\Fredoka_600.ttf,ok,541,3882,3341,541,0,
Fredoka,Fredoka_700,700,C:\Users\angel\OneDrive\Desktop\Kern\data\raw\fonts\Fredoka_700.ttf,ok,466,3882,3416,466,0,
Pacifico,Pacifico_regular,regular,C:\Users\angel\OneDrive\Desktop\Kern\data\raw\fonts\Pacifico_regular.ttf,ok,2,14833,14831,2,0,
Tajawal,Tajawal_200,200,C:\Users\angel\OneDrive\Desktop\Kern\data\raw\fonts\Tajawal_200.ttf,ok,0,2704,2704,0,0,
Tajawal,Tajawal_300,300,C:\Users\angel\OneDrive\Desktop\Kern\data\raw\fonts\Tajawal_300.ttf,ok,223,4649,4426,223,0,
Tajawal,Tajawal_regular,regular,C:\Users\angel\OneDrive\Desktop\Kern\data\raw\fonts\Tajawal_regular.ttf,ok,223,4649,4426,223,0,
Tajawal,Tajawal_500,500,C:\Users\angel\OneDrive\Desktop\Kern\data\raw\fonts\Tajawal_500.ttf,ok,223,4649,4426,223,0,
Tajawal,Tajawal_700,700,C:\Users\angel\OneDrive\Desktop\Kern\data\raw\fonts\Tajawal_700.ttf,ok,253,2957,2704,253,0,
Tajawal,Tajawal_800,800,C:\Users\angel\OneDrive\Desktop\Kern\data\raw\fonts\Tajawal_800.ttf,ok,253,2957,2704,253,0,
Tajawal,Tajawal_900,900,C:\Users\angel\OneDrive\Desktop\Kern\data\raw\fonts\Tajawal_900.ttf,ok,253,2957,2704,253,0,
Bungee,Bungee_regular,regular,C:\Users\angel\OneDrive\Desktop\Kern\data\raw\fonts\Bungee_regular.ttf,ok,0,5672,5672,0,0,
Cinzel,Cinzel_regular,regular,C:\Users\angel\OneDrive\Desktop\Kern\data\raw\fonts\Cinzel_regular.ttf,ok,6,28,22,6,0,
Cinzel,Cinzel_500,500,C:\Users\angel\OneDrive\Desktop\Kern\data\raw\fonts\Cinzel_500.ttf,ok,27,28,1,27,0,
Cinzel,Cinzel_600,600,C:\Users\angel\OneDrive\Desktop\Kern\data\raw\fonts\Cinzel_600.ttf,ok,27,28,1,27,0,
Cinzel,Cinzel_700,700,C:\Users\angel\OneDrive\Desktop\Kern\data\raw\fonts\Cinzel_700.ttf,ok,27,28,1,27,0,
Cinzel,Cinzel_800,800,C:\Users\angel\OneDrive\Desktop\Kern\data\raw\fonts\Cinzel_800.ttf,ok,27,28,1,27,0,
Cinzel,Cinzel_900,900,C:\Users\angel\OneDrive\Desktop\Kern\data\raw\fonts\Cinzel_900.ttf,ok,27,28,1,27,0,
Instrument Sans,Instrument_Sans_regular,regular,C:\Users\angel\OneDrive\Desktop\Kern\data\raw\fonts\Instrument_Sans_regular.ttf,ok,41,207,166,41,0,
Instrument Sans,Instrument_Sans_500,500,C:\Users\angel\OneDrive\Desktop\Kern\data\raw\fonts\Instrument_Sans_500.ttf,ok,42,207,165,42,0,
Instrument Sans,Instrument_Sans_600,600,C:\Users\angel\OneDrive\Desktop\Kern\data\raw\fonts\Instrument_Sans_600.ttf,ok,42,207,165,42,0,
Instrument Sans,Instrument_Sans_700,700,C:\Users\angel\OneDrive\Desktop\Kern\data\raw\fonts\Instrument_Sans_700.ttf,ok,41,207,166,41,0,
Instrument Sans,Instrument_Sans_italic,italic,C:\Users\angel\OneDrive\Desktop\Kern\data\raw\fonts\Instrument_Sans_italic.ttf,ok,41,207,166,41,0,
Instrument Sans,Instrument_Sans_500italic,500italic,C:\Users\angel\OneDrive\Desktop\Kern\data\raw\fonts\Instrument_Sans_500italic.ttf,ok,41,207,166,41,0,
Instrument Sans,Instrument_Sans_600italic,600italic,C:\Users\angel\OneDrive\Desktop\Kern\data\raw\fonts\Instrument_Sans_600italic.ttf,ok,41,207,166,41,0,
Instrument Sans,Instrument_Sans_700italic,700italic,C:\Users\angel\OneDrive\Desktop\Kern\data\raw\fonts\Instrument_Sans_700italic.ttf,ok,40,207,167,40,0,
PT Sans Narrow,PT_Sans_Narrow_regular,regular,C:\Users\angel\OneDrive\Desktop\Kern\data\raw\fonts\PT_Sans_Narrow_regular.ttf,ok,15,567,552,15,0,
PT Sans Narrow,PT_Sans_Narrow_700,700,C:\Users\angel\OneDrive\Desktop\Kern\data\raw\fonts\PT_Sans_Narrow_700.ttf,ok,15,567,552,15,0,
Merriweather Sans,Merriweather_Sans_300,300,C:\Users\angel\OneDrive\Desktop\Kern\data\raw\fonts\Merriweather_Sans_300.ttf,ok,0,130,130,0,0,
Merriweather Sans,Merriweather_Sans_regular,regular,C:\Users\angel\OneDrive\Desktop\Kern\data\raw\fonts\Merriweather_Sans_regular.ttf,ok,0,130,130,0,0,
Merriweather Sans,Merriweather_Sans_500,500,C:\Users\angel\OneDrive\Desktop\Kern\data\raw\fonts\Merriweather_Sans_500.ttf,ok,0,130,130,0,0,
Merriweather Sans,Merriweather_Sans_600,600,C:\Users\angel\OneDrive\Desktop\Kern\data\raw\fonts\Merriweather_Sans_600.ttf,ok,0,130,130,0,0,
Merriweather Sans,Merriweather_Sans_700,700,C:\Users\angel\OneDrive\Desktop\Kern\data\raw\fonts\Merriweather_Sans_700.ttf,ok,0,130,130,0,0,
Merriweather Sans,Merriweather_Sans_800,800,C:\Users\angel\OneDrive\Desktop\Kern\data\raw\fonts\Merriweather_Sans_800.ttf,ok,0,130,130,0,0,
Merriweather Sans,Merriweather_Sans_300italic,300italic,C:\Users\angel\OneDrive\Desktop\Kern\data\raw\fonts\Merriweather_Sans_300italic.ttf,ok,0,22,22,0,0,
Merriweather Sans,Merriweather_Sans_italic,italic,C:\Users\angel\OneDrive\Desktop\Kern\data\raw\fonts\Merriweather_Sans_italic.ttf,ok,0,22,22,0,0,
Merriweather Sans,Merriweather_Sans_500italic,500italic,C:\Users\angel\OneDrive\Desktop\Kern\data\raw\fonts\Merriweather_Sans_500italic.ttf,ok,0,22,22,0,0,
Merriweather Sans,Merriweather_Sans_600italic,600italic,C:\Users\angel\OneDrive\Desktop\Kern\data\raw\fonts\Merriweather_Sans_600italic.ttf,ok,0,22,22,0,0,
Merriweather Sans,Merriweather_Sans_700italic,700italic,C:\Users\angel\OneDrive\Desktop\Kern\data\raw\fonts\Merriweather_Sans_700italic.ttf,ok,0,22,22,0,0,
Merriweather Sans,Merriweather_Sans_800italic,800italic,C:\Users\angel\OneDrive\Desktop\Kern\data\raw\fonts\Merriweather_Sans_800italic.ttf,ok,0,22,22,0,0,
Barlow Semi Condensed,Barlow_Semi_Condensed_100,100,C:\Users\angel\OneDrive\Desktop\Kern\data\raw\fonts\Barlow_Semi_Condensed_100.ttf,ok,53,15421,15368,53,0,
Barlow Semi Condensed,Barlow_Semi_Condensed_100italic,100italic,C:\Users\angel\OneDrive\Desktop\Kern\data\raw\fonts\Barlow_Semi_Condensed_100italic.ttf,ok,54,15391,15337,54,0,
Barlow Semi Condensed,Barlow_Semi_Condensed_200,200,C:\Users\angel\OneDrive\Desktop\Kern\data\raw\fonts\Barlow_Semi_Condensed_200.ttf,ok,59,15335,15276,59,0,
Barlow Semi Condensed,Barlow_Semi_Condensed_200italic,200italic,C:\Users\angel\OneDrive\Desktop\Kern\data\raw\fonts\Barlow_Semi_Condensed_200italic.ttf,ok,60,15306,15246,60,0,
Barlow Semi Condensed,Barlow_Semi_Condensed_300,300,C:\Users\angel\OneDrive\Desktop\Kern\data\raw\fonts\Barlow_Semi_Condensed_300.ttf,ok,60,15335,15275,60,0,
Barlow Semi Condensed,Barlow_Semi_Condensed_300italic,300italic,C:\Users\angel\OneDrive\Desktop\Kern\data\raw\fonts\Barlow_Semi_Condensed_300italic.ttf,ok,61,15306,15245,61,0,
Barlow Semi Condensed,Barlow_Semi_Condensed_regular,regular,C:\Users\angel\OneDrive\Desktop\Kern\data\raw\fonts\Barlow_Semi_Condensed_regular.ttf,ok,60,15335,15275,60,0,
Barlow Semi Condensed,Barlow_Semi_Condensed_italic,italic,C:\Users\angel\OneDrive\Desktop\Kern\data\raw\fonts\Barlow_Semi_Condensed_italic.ttf,ok,61,15306,15245,61,0,
Barlow Semi Condensed,Barlow_Semi_Condensed_500,500,C:\Users\angel\OneDrive\Desktop\Kern\data\raw\fonts\Barlow_Semi_Condensed_500.ttf,ok,60,15306,15246,60,0,
Barlow Semi Condensed,Barlow_Semi_Condensed_500italic,500italic,C:\Users\angel\OneDrive\Desktop\Kern\data\raw\fonts\Barlow_Semi_Condensed_500italic.ttf,ok,61,15277,15216,61,0,
Barlow Semi Condensed,Barlow_Semi_Condensed_600,600,C:\Users\angel\OneDrive\Desktop\Kern\data\raw\fonts\Barlow_Semi_Condensed_600.ttf,ok,60,15339,15279,60,0,
Barlow Semi Condensed,Barlow_Semi_Condensed_600italic,600italic,C:\Users\angel\OneDrive\Desktop\Kern\data\raw\fonts\Barlow_Semi_Condensed_600italic.ttf,ok,61,15309,15248,61,0,
Barlow Semi Condensed,Barlow_Semi_Condensed_700,700,C:\Users\angel\OneDrive\Desktop\Kern\data\raw\fonts\Barlow_Semi_Condensed_700.ttf,ok,60,15339,15279,60,0,
Barlow Semi Condensed,Barlow_Semi_Condensed_700italic,700italic,C:\Users\angel\OneDrive\Desktop\Kern\data\raw\fonts\Barlow_Semi_Condensed_700italic.ttf,ok,61,15309,15248,61,0,
Barlow Semi Condensed,Barlow_Semi_Condensed_800,800,C:\Users\angel\OneDrive\Desktop\Kern\data\raw\fonts\Barlow_Semi_Condensed_800.ttf,ok,60,15339,15279,60,0,
Barlow Semi Condensed,Barlow_Semi_Condensed_800italic,800italic,C:\Users\angel\OneDrive\Desktop\Kern\data\raw\fonts\Barlow_Semi_Condensed_800italic.ttf,ok,61,15309,15248,61,0,
Barlow Semi Condensed,Barlow_Semi_Condensed_900,900,C:\Users\angel\OneDrive\Desktop\Kern\data\raw\fonts\Barlow_Semi_Condensed_900.ttf,ok,50,16211,16161,50,0,
Barlow Semi Condensed,Barlow_Semi_Condensed_900italic,900italic,C:\Users\angel\OneDrive\Desktop\Kern\data\raw\fonts\Barlow_Semi_Condensed_900italic.ttf,ok,50,16180,16130,50,0,
Arvo,Arvo_regular,regular,C:\Users\angel\OneDrive\Desktop\Kern\data\raw\fonts\Arvo_regular.ttf,ok,35,35,0,35,0,
Arvo,Arvo_italic,italic,C:\Users\angel\OneDrive\Desktop\Kern\data\raw\fonts\Arvo_italic.ttf,ok,30,30,0,30,0,
Arvo,Arvo_700,700,C:\Users\angel\OneDrive\Desktop\Kern\data\raw\fonts\Arvo_700.ttf,ok,30,30,0,30,0,
Arvo,Arvo_700italic,700italic,C:\Users\angel\OneDrive\Desktop\Kern\data\raw\fonts\Arvo_700italic.ttf,ok,23,23,0,23,0,
Google Sans Flex,Google_Sans_Flex_100,100,C:\Users\angel\OneDrive\Desktop\Kern\data\raw\fonts\Google_Sans_Flex_100.ttf,ok,12,2716,2704,12,0,
Google Sans Flex,Google_Sans_Flex_200,200,C:\Users\angel\OneDrive\Desktop\Kern\data\raw\fonts\Google_Sans_Flex_200.ttf,ok,12,2716,2704,12,0,
Google Sans Flex,Google_Sans_Flex_300,300,C:\Users\angel\OneDrive\Desktop\Kern\data\raw\fonts\Google_Sans_Flex_300.ttf,ok,12,2716,2704,12,0,
Google Sans Flex,Google_Sans_Flex_regular,regular,C:\Users\angel\OneDrive\Desktop\Kern\data\raw\fonts\Google_Sans_Flex_regular.ttf,ok,11,2716,2705,11,0,
Google Sans Flex,Google_Sans_Flex_500,500,C:\Users\angel\OneDrive\Desktop\Kern\data\raw\fonts\Google_Sans_Flex_500.ttf,ok,11,2716,2705,11,0,
Google Sans Flex,Google_Sans_Flex_600,600,C:\Users\angel\OneDrive\Desktop\Kern\data\raw\fonts\Google_Sans_Flex_600.ttf,ok,11,2716,2705,11,0,
Google Sans Flex,Google_Sans_Flex_700,700,C:\Users\angel\OneDrive\Desktop\Kern\data\raw\fonts\Google_Sans_Flex_700.ttf,ok,11,2716,2705,11,0,
Google Sans Flex,Google_Sans_Flex_800,800,C:\Users\angel\OneDrive\Desktop\Kern\data\raw\fonts\Google_Sans_Flex_800.ttf,ok,11,2716,2705,11,0,
Google Sans Flex,Google_Sans_Flex_900,900,C:\Users\angel\OneDrive\Desktop\Kern\data\raw\fonts\Google_Sans_Flex_900.ttf,ok,11,2716,2705,11,0,
Abel,Abel_regular,regular,C:\Users\angel\OneDrive\Desktop\Kern\data\raw\fonts\Abel_regular.ttf,ok,79,79,0,79,0,
Lobster,Lobster_regular,regular,C:\Users\angel\OneDrive\Desktop\Kern\data\raw\fonts\Lobster_regular.ttf,ok,0,13364,13364,0,0,
Comfortaa,Comfortaa_300,300,C:\Users\angel\OneDrive\Desktop\Kern\data\raw\fonts\Comfortaa_300.ttf,ok,0,85,85,0,0,
Comfortaa,Comfortaa_regular,regular,C:\Users\angel\OneDrive\Desktop\Kern\data\raw\fonts\Comfortaa_regular.ttf,ok,0,85,85,0,0,
Comfortaa,Comfortaa_500,500,C:\Users\angel\OneDrive\Desktop\Kern\data\raw\fonts\Comfortaa_500.ttf,ok,0,85,85,0,0,
Comfortaa,Comfortaa_600,600,C:\Users\angel\OneDrive\Desktop\Kern\data\raw\fonts\Comfortaa_600.ttf,ok,0,85,85,0,0,
Comfortaa,Comfortaa_700,700,C:\Users\angel\OneDrive\Desktop\Kern\data\raw\fonts\Comfortaa_700.ttf,ok,0,85,85,0,0,
Teko,Teko_300,300,C:\Users\angel\OneDrive\Desktop\Kern\data\raw\fonts\Teko_300.ttf,ok,0,0,0,0,0,
Teko,Teko_regular,regular,C:\Users\angel\OneDrive\Desktop\Kern\data\raw\fonts\Teko_regular.ttf,ok,0,0,0,0,0,
Teko,Teko_500,500,C:\Users\angel\OneDrive\Desktop\Kern\data\raw\fonts\Teko_500.ttf,ok,0,0,0,0,0,
Teko,Teko_600,600,C:\Users\angel\OneDrive\Desktop\Kern\data\raw\fonts\Teko_600.ttf,ok,0,0,0,0,0,
Teko,Teko_700,700,C:\Users\angel\OneDrive\Desktop\Kern\data\raw\fonts\Teko_700.ttf,ok,0,0,0,0,0,
Chakra Petch,Chakra_Petch_300,300,C:\Users\angel\OneDrive\Desktop\Kern\data\raw\fonts\Chakra_Petch_300.ttf,ok,24,10082,10058,24,0,
Chakra Petch,Chakra_Petch_300italic,300italic,C:\Users\angel\OneDrive\Desktop\Kern\data\raw\fonts\Chakra_Petch_300italic.ttf,ok,24,10082,10058,24,0,
Chakra Petch,Chakra_Petch_regular,regular,C:\Users\angel\OneDrive\Desktop\Kern\data\raw\fonts\Chakra_Petch_regular.ttf,ok,24,10082,10058,24,0,
Chakra Petch,Chakra_Petch_italic,italic,C:\Users\angel\OneDrive\Desktop\Kern\data\raw\fonts\Chakra_Petch_italic.ttf,ok,24,10082,10058,24,0,
Chakra Petch,Chakra_Petch_500,500,C:\Users\angel\OneDrive\Desktop\Kern\data\raw\fonts\Chakra_Petch_500.ttf,ok,24,10082,10058,24,0,
Chakra Petch,Chakra_Petch_500italic,500italic,C:\Users\angel\OneDrive\Desktop\Kern\data\raw\fonts\Chakra_Petch_500italic.ttf,ok,24,10082,10058,24,0,
Chakra Petch,Chakra_Petch_600,600,C:\Users\angel\OneDrive\Desktop\Kern\data\raw\fonts\Chakra_Petch_600.ttf,ok,24,10082,10058,24,0,
Chakra Petch,Chakra_Petch_600italic,600italic,C:\Users\angel\OneDrive\Desktop\Kern\data\raw\fonts\Chakra_Petch_600italic.ttf,ok,24,10082,10058,24,0,
Chakra Petch,Chakra_Petch_700,700,C:\Users\angel\OneDrive\Desktop\Kern\data\raw\fonts\Chakra_Petch_700.ttf,ok,24,10082,10058,24,0,
Chakra Petch,Chakra_Petch_700italic,700italic,C:\Users\angel\OneDrive\Desktop\Kern\data\raw\fonts\Chakra_Petch_700italic.ttf,ok,24,10082,10058,24,0,
Noto Sans Arabic,Noto_Sans_Arabic_100,100,C:\Users\angel\OneDrive\Desktop\Kern\data\raw\fonts\Noto_Sans_Arabic_100.ttf,ok,7,3205,3198,7,0,
Noto Sans Arabic,Noto_Sans_Arabic_200,200,C:\Users\angel\OneDrive\Desktop\Kern\data\raw\fonts\Noto_Sans_Arabic_200.ttf,ok,7,3205,3198,7,0,
Noto Sans Arabic,Noto_Sans_Arabic_300,300,C:\Users\angel\OneDrive\Desktop\Kern\data\raw\fonts\Noto_Sans_Arabic_300.ttf,ok,7,3205,3198,7,0,
Noto Sans Arabic,Noto_Sans_Arabic_regular,regular,C:\Users\angel\OneDrive\Desktop\Kern\data\raw\fonts\Noto_Sans_Arabic_regular.ttf,ok,7,3205,3198,7,0,
Noto Sans Arabic,Noto_Sans_Arabic_500,500,C:\Users\angel\OneDrive\Desktop\Kern\data\raw\fonts\Noto_Sans_Arabic_500.ttf,ok,7,3205,3198,7,0,
Noto Sans Arabic,Noto_Sans_Arabic_600,600,C:\Users\angel\OneDrive\Desktop\Kern\data\raw\fonts\Noto_Sans_Arabic_600.ttf,ok,7,3205,3198,7,0,
Noto Sans Arabic,Noto_Sans_Arabic_700,700,C:\Users\angel\OneDrive\Desktop\Kern\data\raw\fonts\Noto_Sans_Arabic_700.ttf,ok,7,3205,3198,7,0,
Noto Sans Arabic,Noto_Sans_Arabic_800,800,C:\Users\angel\OneDrive\Desktop\Kern\data\raw\fonts\Noto_Sans_Arabic_800.ttf,ok,7,3205,3198,7,0,
Noto Sans Arabic,Noto_Sans_Arabic_900,900,C:\Users\angel\OneDrive\Desktop\Kern\data\raw\fonts\Noto_Sans_Arabic_900.ttf,ok,7,3205,3198,7,0,
M PLUS 1p,M_PLUS_1p_100,100,C:\Users\angel\OneDrive\Desktop\Kern\data\raw\fonts\M_PLUS_1p_100.ttf,ok,918,918,0,918,0,
M PLUS 1p,M_PLUS_1p_300,300,C:\Users\angel\OneDrive\Desktop\Kern\data\raw\fonts\M_PLUS_1p_300.ttf,ok,918,918,0,918,0,
M PLUS 1p,M_PLUS_1p_regular,regular,C:\Users\angel\OneDrive\Desktop\Kern\data\raw\fonts\M_PLUS_1p_regular.ttf,ok,918,918,0,918,0,
M PLUS 1p,M_PLUS_1p_500,500,C:\Users\angel\OneDrive\Desktop\Kern\data\raw\fonts\M_PLUS_1p_500.ttf,ok,918,918,0,918,0,
M PLUS 1p,M_PLUS_1p_700,700,C:\Users\angel\OneDrive\Desktop\Kern\data\raw\fonts\M_PLUS_1p_700.ttf,ok,918,918,0,918,0,
M PLUS 1p,M_PLUS_1p_800,800,C:\Users\angel\OneDrive\Desktop\Kern\data\raw\fonts\M_PLUS_1p_800.ttf,ok,918,918,0,918,0,
M PLUS 1p,M_PLUS_1p_900,900,C:\Users\angel\OneDrive\Desktop\Kern\data\raw\fonts\M_PLUS_1p_900.ttf,ok,918,918,0,918,0,
Newsreader,Newsreader_200,200,C:\Users\angel\OneDrive\Desktop\Kern\data\raw\fonts\Newsreader_200.ttf,ok,373,589,216,373,0,
Newsreader,Newsreader_300,300,C:\Users\angel\OneDrive\Desktop\Kern\data\raw\fonts\Newsreader_300.ttf,ok,410,589,179,410,0,
Newsreader,Newsreader_regular,regular,C:\Users\angel\OneDrive\Desktop\Kern\data\raw\fonts\Newsreader_regular.ttf,ok,394,589,195,394,0,
Newsreader,Newsreader_500,500,C:\Users\angel\OneDrive\Desktop\Kern\data\raw\fonts\Newsreader_500.ttf,ok,453,589,136,453,0,
Newsreader,Newsreader_600,600,C:\Users\angel\OneDrive\Desktop\Kern\data\raw\fonts\Newsreader_600.ttf,ok,461,589,128,461,0,
Newsreader,Newsreader_700,700,C:\Users\angel\OneDrive\Desktop\Kern\data\raw\fonts\Newsreader_700.ttf,ok,461,589,128,461,0,
Newsreader,Newsreader_800,800,C:\Users\angel\OneDrive\Desktop\Kern\data\raw\fonts\Newsreader_800.ttf,ok,442,589,147,442,0,
Newsreader,Newsreader_200italic,200italic,C:\Users\angel\OneDrive\Desktop\Kern\data\raw\fonts\Newsreader_200italic.ttf,ok,384,609,225,384,0,
Newsreader,Newsreader_300italic,300italic,C:\Users\angel\OneDrive\Desktop\Kern\data\raw\fonts\Newsreader_300italic.ttf,ok,405,609,204,405,0,
Newsreader,Newsreader_italic,italic,C:\Users\angel\OneDrive\Desktop\Kern\data\raw\fonts\Newsreader_italic.ttf,ok,374,609,235,374,0,
Newsreader,Newsreader_500italic,500italic,C:\Users\angel\OneDrive\Desktop\Kern\data\raw\fonts\Newsreader_500italic.ttf,ok,450,609,159,450,0,
Newsreader,Newsreader_600italic,600italic,C:\Users\angel\OneDrive\Desktop\Kern\data\raw\fonts\Newsreader_600italic.ttf,ok,479,609,130,479,0,
Newsreader,Newsreader_700italic,700italic,C:\Users\angel\OneDrive\Desktop\Kern\data\raw\fonts\Newsreader_700italic.ttf,ok,479,609,130,479,0,
Newsreader,Newsreader_800italic,800italic,C:\Users\angel\OneDrive\Desktop\Kern\data\raw\fonts\Newsreader_800italic.ttf,ok,473,609,136,473,0,
Noto Sans Thai,Noto_Sans_Thai_100,100,C:\Users\angel\OneDrive\Desktop\Kern\data\raw\fonts\Noto_Sans_Thai_100.ttf,ok,7,3205,3198,7,0,
Noto Sans Thai,Noto_Sans_Thai_200,200,C:\Users\angel\OneDrive\Desktop\Kern\data\raw\fonts\Noto_Sans_Thai_200.ttf,ok,7,3205,3198,7,0,
Noto Sans Thai,Noto_Sans_Thai_300,300,C:\Users\angel\OneDrive\Desktop\Kern\data\raw\fonts\Noto_Sans_Thai_300.ttf,ok,7,3205,3198,7,0,
Noto Sans Thai,Noto_Sans_Thai_regular,regular,C:\Users\angel\OneDrive\Desktop\Kern\data\raw\fonts\Noto_Sans_Thai_regular.ttf,ok,7,3205,3198,7,0,
Noto Sans Thai,Noto_Sans_Thai_500,500,C:\Users\angel\OneDrive\Desktop\Kern\data\raw\fonts\Noto_Sans_Thai_500.ttf,ok,7,3205,3198,7,0,
Noto Sans Thai,Noto_Sans_Thai_600,600,C:\Users\angel\OneDrive\Desktop\Kern\data\raw\fonts\Noto_Sans_Thai_600.ttf,ok,7,3205,3198,7,0,
Noto Sans Thai,Noto_Sans_Thai_700,700,C:\Users\angel\OneDrive\Desktop\Kern\data\raw\fonts\Noto_Sans_Thai_700.ttf,ok,7,3205,3198,7,0,
Noto Sans Thai,Noto_Sans_Thai_800,800,C:\Users\angel\OneDrive\Desktop\Kern\data\raw\fonts\Noto_Sans_Thai_800.ttf,ok,7,3205,3198,7,0,
Noto Sans Thai,Noto_Sans_Thai_900,900,C:\Users\angel\OneDrive\Desktop\Kern\data\raw\fonts\Noto_Sans_Thai_900.ttf,ok,7,3205,3198,7,0,
Bodoni Moda,Bodoni_Moda_regular,regular,C:\Users\angel\OneDrive\Desktop\Kern\data\raw\fonts\Bodoni_Moda_regular.ttf,ok,0,5674,5674,0,0,
Bodoni Moda,Bodoni_Moda_500,500,C:\Users\angel\OneDrive\Desktop\Kern\data\raw\fonts\Bodoni_Moda_500.ttf,ok,0,5674,5674,0,0,
Bodoni Moda,Bodoni_Moda_600,600,C:\Users\angel\OneDrive\Desktop\Kern\data\raw\fonts\Bodoni_Moda_600.ttf,ok,0,5674,5674,0,0,
Bodoni Moda,Bodoni_Moda_700,700,C:\Users\angel\OneDrive\Desktop\Kern\data\raw\fonts\Bodoni_Moda_700.ttf,ok,0,5674,5674,0,0,
Bodoni Moda,Bodoni_Moda_800,800,C:\Users\angel\OneDrive\Desktop\Kern\data\raw\fonts\Bodoni_Moda_800.ttf,ok,0,5674,5674,0,0,
Bodoni Moda,Bodoni_Moda_900,900,C:\Users\angel\OneDrive\Desktop\Kern\data\raw\fonts\Bodoni_Moda_900.ttf,ok,0,5674,5674,0,0,
Bodoni Moda,Bodoni_Moda_italic,italic,C:\Users\angel\OneDrive\Desktop\Kern\data\raw\fonts\Bodoni_Moda_italic.ttf,ok,0,5785,5785,0,0,
Bodoni Moda,Bodoni_Moda_500italic,500italic,C:\Users\angel\OneDrive\Desktop\Kern\data\raw\fonts\Bodoni_Moda_500italic.ttf,ok,0,5785,5785,0,0,
Bodoni Moda,Bodoni_Moda_600italic,600italic,C:\Users\angel\OneDrive\Desktop\Kern\data\raw\fonts\Bodoni_Moda_600italic.ttf,ok,0,5785,5785,0,0,
Bodoni Moda,Bodoni_Moda_700italic,700italic,C:\Users\angel\OneDrive\Desktop\Kern\data\raw\fonts\Bodoni_Moda_700italic.ttf,ok,0,5785,5785,0,0,
Bodoni Moda,Bodoni_Moda_800italic,800italic,C:\Users\angel\OneDrive\Desktop\Kern\data\raw\fonts\Bodoni_Moda_800italic.ttf,ok,0,5785,5785,0,0,
Bodoni Moda,Bodoni_Moda_900italic,900italic,C:\Users\angel\OneDrive\Desktop\Kern\data\raw\fonts\Bodoni_Moda_900italic.ttf,ok,0,5785,5785,0,0,
Asap,Asap_100,100,C:\Users\angel\OneDrive\Desktop\Kern\data\raw\fonts\Asap_100.ttf,ok,0,2970,2970,0,0,
Asap,Asap_200,200,C:\Users\angel\OneDrive\Desktop\Kern\data\raw\fonts\Asap_200.ttf,ok,0,2970,2970,0,0,
Asap,Asap_300,300,C:\Users\angel\OneDrive\Desktop\Kern\data\raw\fonts\Asap_300.ttf,ok,0,2970,2970,0,0,
Asap,Asap_regular,regular,C:\Users\angel\OneDrive\Desktop\Kern\data\raw\fonts\Asap_regular.ttf,ok,0,2970,2970,0,0,
Asap,Asap_500,500,C:\Users\angel\OneDrive\Desktop\Kern\data\raw\fonts\Asap_500.ttf,ok,0,2970,2970,0,0,
Asap,Asap_600,600,C:\Users\angel\OneDrive\Desktop\Kern\data\raw\fonts\Asap_600.ttf,ok,0,2970,2970,0,0,
Asap,Asap_700,700,C:\Users\angel\OneDrive\Desktop\Kern\data\raw\fonts\Asap_700.ttf,ok,0,2970,2970,0,0,
Asap,Asap_800,800,C:\Users\angel\OneDrive\Desktop\Kern\data\raw\fonts\Asap_800.ttf,ok,0,2970,2970,0,0,
Asap,Asap_900,900,C:\Users\angel\OneDrive\Desktop\Kern\data\raw\fonts\Asap_900.ttf,ok,0,2970,2970,0,0,
Asap,Asap_100italic,100italic,C:\Users\angel\OneDrive\Desktop\Kern\data\raw\fonts\Asap_100italic.ttf,ok,0,2956,2956,0,0,
Asap,Asap_200italic,200italic,C:\Users\angel\OneDrive\Desktop\Kern\data\raw\fonts\Asap_200italic.ttf,ok,0,2956,2956,0,0,
Asap,Asap_300italic,300italic,C:\Users\angel\OneDrive\Desktop\Kern\data\raw\fonts\Asap_300italic.ttf,ok,0,2956,2956,0,0,
Asap,Asap_italic,italic,C:\Users\angel\OneDrive\Desktop\Kern\data\raw\fonts\Asap_italic.ttf,ok,0,2956,2956,0,0,
Asap,Asap_500italic,500italic,C:\Users\angel\OneDrive\Desktop\Kern\data\raw\fonts\Asap_500italic.ttf,ok,0,2956,2956,0,0,
Asap,Asap_600italic,600italic,C:\Users\angel\OneDrive\Desktop\Kern\data\raw\fonts\Asap_600italic.ttf,ok,0,2956,2956,0,0,
Asap,Asap_700italic,700italic,C:\Users\angel\OneDrive\Desktop\Kern\data\raw\fonts\Asap_700italic.ttf,ok,0,2956,2956,0,0,
Asap,Asap_800italic,800italic,C:\Users\angel\OneDrive\Desktop\Kern\data\raw\fonts\Asap_800italic.ttf,ok,0,2956,2956,0,0,
Asap,Asap_900italic,900italic,C:\Users\angel\OneDrive\Desktop\Kern\data\raw\fonts\Asap_900italic.ttf,ok,0,2956,2956,0,0,
Lexend Deca,Lexend_Deca_100,100,C:\Users\angel\OneDrive\Desktop\Kern\data\raw\fonts\Lexend_Deca_100.ttf,ok,9,24,15,9,0,
Lexend Deca,Lexend_Deca_200,200,C:\Users\angel\OneDrive\Desktop\Kern\data\raw\fonts\Lexend_Deca_200.ttf,ok,9,24,15,9,0,
Lexend Deca,Lexend_Deca_300,300,C:\Users\angel\OneDrive\Desktop\Kern\data\raw\fonts\Lexend_Deca_300.ttf,ok,9,24,15,9,0,
Lexend Deca,Lexend_Deca_regular,regular,C:\Users\angel\OneDrive\Desktop\Kern\data\raw\fonts\Lexend_Deca_regular.ttf,ok,9,24,15,9,0,
Lexend Deca,Lexend_Deca_500,500,C:\Users\angel\OneDrive\Desktop\Kern\data\raw\fonts\Lexend_Deca_500.ttf,ok,9,24,15,9,0,
Lexend Deca,Lexend_Deca_600,600,C:\Users\angel\OneDrive\Desktop\Kern\data\raw\fonts\Lexend_Deca_600.ttf,ok,9,24,15,9,0,
Lexend Deca,Lexend_Deca_700,700,C:\Users\angel\OneDrive\Desktop\Kern\data\raw\fonts\Lexend_Deca_700.ttf,ok,9,24,15,9,0,
Lexend Deca,Lexend_Deca_800,800,C:\Users\angel\OneDrive\Desktop\Kern\data\raw\fonts\Lexend_Deca_800.ttf,ok,9,24,15,9,0,
Lexend Deca,Lexend_Deca_900,900,C:\Users\angel\OneDrive\Desktop\Kern\data\raw\fonts\Lexend_Deca_900.ttf,ok,9,24,15,9,0,
Maven Pro,Maven_Pro_regular,regular,C:\Users\angel\OneDrive\Desktop\Kern\data\raw\fonts\Maven_Pro_regular.ttf,ok,44,987,943,44,0,
Maven Pro,Maven_Pro_500,500,C:\Users\angel\OneDrive\Desktop\Kern\data\raw\fonts\Maven_Pro_500.ttf,ok,57,987,930,57,0,
Maven Pro,Maven_Pro_600,600,C:\Users\angel\OneDrive\Desktop\Kern\data\raw\fonts\Maven_Pro_600.ttf,ok,57,987,930,57,0,
Maven Pro,Maven_Pro_700,700,C:\Users\angel\OneDrive\Desktop\Kern\data\raw\fonts\Maven_Pro_700.ttf,ok,57,987,930,57,0,
Maven Pro,Maven_Pro_800,800,C:\Users\angel\OneDrive\Desktop\Kern\data\raw\fonts\Maven_Pro_800.ttf,ok,57,987,930,57,0,
Maven Pro,Maven_Pro_900,900,C:\Users\angel\OneDrive\Desktop\Kern\data\raw\fonts\Maven_Pro_900.ttf,ok,57,987,930,57,0,
Hanken Grotesk,Hanken_Grotesk_100,100,C:\Users\angel\OneDrive\Desktop\Kern\data\raw\fonts\Hanken_Grotesk_100.ttf,ok,231,239,8,231,0,
Hanken Grotesk,Hanken_Grotesk_200,200,C:\Users\angel\OneDrive\Desktop\Kern\data\raw\fonts\Hanken_Grotesk_200.ttf,ok,231,239,8,231,0,
Hanken Grotesk,Hanken_Grotesk_300,300,C:\Users\angel\OneDrive\Desktop\Kern\data\raw\fonts\Hanken_Grotesk_300.ttf,ok,231,239,8,231,0,
Hanken Grotesk,Hanken_Grotesk_regular,regular,C:\Users\angel\OneDrive\Desktop\Kern\data\raw\fonts\Hanken_Grotesk_regular.ttf,ok,188,239,51,188,0,
Hanken Grotesk,Hanken_Grotesk_500,500,C:\Users\angel\OneDrive\Desktop\Kern\data\raw\fonts\Hanken_Grotesk_500.ttf,ok,191,239,48,191,0,
Hanken Grotesk,Hanken_Grotesk_600,600,C:\Users\angel\OneDrive\Desktop\Kern\data\raw\fonts\Hanken_Grotesk_600.ttf,ok,191,239,48,191,0,
Hanken Grotesk,Hanken_Grotesk_700,700,C:\Users\angel\OneDrive\Desktop\Kern\data\raw\fonts\Hanken_Grotesk_700.ttf,ok,191,239,48,191,0,
Hanken Grotesk,Hanken_Grotesk_800,800,C:\Users\angel\OneDrive\Desktop\Kern\data\raw\fonts\Hanken_Grotesk_800.ttf,ok,191,239,48,191,0,
Hanken Grotesk,Hanken_Grotesk_900,900,C:\Users\angel\OneDrive\Desktop\Kern\data\raw\fonts\Hanken_Grotesk_900.ttf,ok,155,239,84,155,0,
Hanken Grotesk,Hanken_Grotesk_100italic,100italic,C:\Users\angel\OneDrive\Desktop\Kern\data\raw\fonts\Hanken_Grotesk_100italic.ttf,ok,282,307,25,282,0,
Hanken Grotesk,Hanken_Grotesk_200italic,200italic,C:\Users\angel\OneDrive\Desktop\Kern\data\raw\fonts\Hanken_Grotesk_200italic.ttf,ok,299,307,8,299,0,
Hanken Grotesk,Hanken_Grotesk_300italic,300italic,C:\Users\angel\OneDrive\Desktop\Kern\data\raw\fonts\Hanken_Grotesk_300italic.ttf,ok,299,307,8,299,0,
Hanken Grotesk,Hanken_Grotesk_italic,italic,C:\Users\angel\OneDrive\Desktop\Kern\data\raw\fonts\Hanken_Grotesk_italic.ttf,ok,248,307,59,248,0,
Hanken Grotesk,Hanken_Grotesk_500italic,500italic,C:\Users\angel\OneDrive\Desktop\Kern\data\raw\fonts\Hanken_Grotesk_500italic.ttf,ok,270,307,37,270,0,
Hanken Grotesk,Hanken_Grotesk_600italic,600italic,C:\Users\angel\OneDrive\Desktop\Kern\data\raw\fonts\Hanken_Grotesk_600italic.ttf,ok,270,307,37,270,0,
Hanken Grotesk,Hanken_Grotesk_700italic,700italic,C:\Users\angel\OneDrive\Desktop\Kern\data\raw\fonts\Hanken_Grotesk_700italic.ttf,ok,270,307,37,270,0,
Hanken Grotesk,Hanken_Grotesk_800italic,800italic,C:\Users\angel\OneDrive\Desktop\Kern\data\raw\fonts\Hanken_Grotesk_800italic.ttf,ok,270,307,37,270,0,
Hanken Grotesk,Hanken_Grotesk_900italic,900italic,C:\Users\angel\OneDrive\Desktop\Kern\data\raw\fonts\Hanken_Grotesk_900italic.ttf,ok,211,307,96,211,0,
Abril Fatface,Abril_Fatface_regular,regular,C:\Users\angel\OneDrive\Desktop\Kern\data\raw\fonts\Abril_Fatface_regular.ttf,ok,285,397,112,285,0,
Almarai,Almarai_300,300,C:\Users\angel\OneDrive\Desktop\Kern\data\raw\fonts\Almarai_300.ttf,ok,0,2704,2704,0,0,
Almarai,Almarai_regular,regular,C:\Users\angel\OneDrive\Desktop\Kern\data\raw\fonts\Almarai_regular.ttf,ok,0,2704,2704,0,0,
Almarai,Almarai_700,700,C:\Users\angel\OneDrive\Desktop\Kern\data\raw\fonts\Almarai_700.ttf,ok,0,2704,2704,0,0,
Almarai,Almarai_800,800,C:\Users\angel\OneDrive\Desktop\Kern\data\raw\fonts\Almarai_800.ttf,ok,0,2704,2704,0,0,
Geologica,Geologica_100,100,C:\Users\angel\OneDrive\Desktop\Kern\data\raw\fonts\Geologica_100.ttf,ok,1,9465,9464,1,0,
Geologica,Geologica_200,200,C:\Users\angel\OneDrive\Desktop\Kern\data\raw\fonts\Geologica_200.ttf,ok,1,9465,9464,1,0,
Geologica,Geologica_300,300,C:\Users\angel\OneDrive\Desktop\Kern\data\raw\fonts\Geologica_300.ttf,ok,1,9465,9464,1,0,
Geologica,Geologica_regular,regular,C:\Users\angel\OneDrive\Desktop\Kern\data\raw\fonts\Geologica_regular.ttf,ok,1,9465,9464,1,0,
Geologica,Geologica_500,500,C:\Users\angel\OneDrive\Desktop\Kern\data\raw\fonts\Geologica_500.ttf,ok,1,9465,9464,1,0,
Geologica,Geologica_600,600,C:\Users\angel\OneDrive\Desktop\Kern\data\raw\fonts\Geologica_600.ttf,ok,1,9465,9464,1,0,
Geologica,Geologica_700,700,C:\Users\angel\OneDrive\Desktop\Kern\data\raw\fonts\Geologica_700.ttf,ok,1,9465,9464,1,0,
Geologica,Geologica_800,800,C:\Users\angel\OneDrive\Desktop\Kern\data\raw\fonts\Geologica_800.ttf,ok,1,9465,9464,1,0,
Geologica,Geologica_900,900,C:\Users\angel\OneDrive\Desktop\Kern\data\raw\fonts\Geologica_900.ttf,ok,1,9465,9464,1,0,
Zilla Slab,Zilla_Slab_300,300,C:\Users\angel\OneDrive\Desktop\Kern\data\raw\fonts\Zilla_Slab_300.ttf,ok,0,0,0,0,0,
Zilla Slab,Zilla_Slab_300italic,300italic,C:\Users\angel\OneDrive\Desktop\Kern\data\raw\fonts\Zilla_Slab_300italic.ttf,ok,0,0,0,0,0,
Zilla Slab,Zilla_Slab_regular,regular,C:\Users\angel\OneDrive\Desktop\Kern\data\raw\fonts\Zilla_Slab_regular.ttf,ok,0,0,0,0,0,
Zilla Slab,Zilla_Slab_italic,italic,C:\Users\angel\OneDrive\Desktop\Kern\data\raw\fonts\Zilla_Slab_italic.ttf,ok,0,0,0,0,0,
Zilla Slab,Zilla_Slab_500,500,C:\Users\angel\OneDrive\Desktop\Kern\data\raw\fonts\Zilla_Slab_500.ttf,ok,0,0,0,0,0,
Zilla Slab,Zilla_Slab_500italic,500italic,C:\Users\angel\OneDrive\Desktop\Kern\data\raw\fonts\Zilla_Slab_500italic.ttf,ok,0,0,0,0,0,
Zilla Slab,Zilla_Slab_600,600,C:\Users\angel\OneDrive\Desktop\Kern\data\raw\fonts\Zilla_Slab_600.ttf,ok,0,0,0,0,0,
Zilla Slab,Zilla_Slab_600italic,600italic,C:\Users\angel\OneDrive\Desktop\Kern\data\raw\fonts\Zilla_Slab_600italic.ttf,ok,0,0,0,0,0,
Zilla Slab,Zilla_Slab_700,700,C:\Users\angel\OneDrive\Desktop\Kern\data\raw\fonts\Zilla_Slab_700.ttf,ok,0,0,0,0,0,
Zilla Slab,Zilla_Slab_700italic,700italic,C:\Users\angel\OneDrive\Desktop\Kern\data\raw\fonts\Zilla_Slab_700italic.ttf,ok,0,0,0,0,0,
Zen Kaku Gothic New,Zen_Kaku_Gothic_New_300,300,C:\Users\angel\OneDrive\Desktop\Kern\data\raw\fonts\Zen_Kaku_Gothic_New_300.ttf,ok,0,396,396,0,0,
Zen Kaku Gothic New,Zen_Kaku_Gothic_New_regular,regular,C:\Users\angel\OneDrive\Desktop\Kern\data\raw\fonts\Zen_Kaku_Gothic_New_regular.ttf,ok,0,396,396,0,0,
Zen Kaku Gothic New,Zen_Kaku_Gothic_New_500,500,C:\Users\angel\OneDrive\Desktop\Kern\data\raw\fonts\Zen_Kaku_Gothic_New_500.ttf,ok,0,396,396,0,0,
Zen Kaku Gothic New,Zen_Kaku_Gothic_New_700,700,C:\Users\angel\OneDrive\Desktop\Kern\data\raw\fonts\Zen_Kaku_Gothic_New_700.ttf,ok,0,396,396,0,0,
Zen Kaku Gothic New,Zen_Kaku_Gothic_New_900,900,C:\Users\angel\OneDrive\Desktop\Kern\data\raw\fonts\Zen_Kaku_Gothic_New_900.ttf,ok,0,396,396,0,0,
Domine,Domine_regular,regular,C:\Users\angel\OneDrive\Desktop\Kern\data\raw\fonts\Domine_regular.ttf,ok,284,352,68,284,0,
Domine,Domine_500,500,C:\Users\angel\OneDrive\Desktop\Kern\data\raw\fonts\Domine_500.ttf,ok,292,352,60,292,0,
Domine,Domine_600,600,C:\Users\angel\OneDrive\Desktop\Kern\data\raw\fonts\Domine_600.ttf,ok,292,352,60,292,0,
Domine,Domine_700,700,C:\Users\angel\OneDrive\Desktop\Kern\data\raw\fonts\Domine_700.ttf,ok,283,352,69,283,0,
Play,Play_regular,regular,C:\Users\angel\OneDrive\Desktop\Kern\data\raw\fonts\Play_regular.ttf,ok,0,8112,8112,0,0,
Play,Play_700,700,C:\Users\angel\OneDrive\Desktop\Kern\data\raw\fonts\Play_700.ttf,ok,0,8112,8112,0,0,
Questrial,Questrial_regular,regular,C:\Users\angel\OneDrive\Desktop\Kern\data\raw\fonts\Questrial_regular.ttf,ok,309,409,100,309,0,
ABeeZee,ABeeZee_regular,regular,C:\Users\angel\OneDrive\Desktop\Kern\data\raw\fonts\ABeeZee_regular.ttf,ok,518,518,0,518,0,
ABeeZee,ABeeZee_italic,italic,C:\Users\angel\OneDrive\Desktop\Kern\data\raw\fonts\ABeeZee_italic.ttf,ok,557,557,0,557,0,
Shadows Into Light,Shadows_Into_Light_regular,regular,C:\Users\angel\OneDrive\Desktop\Kern\data\raw\fonts\Shadows_Into_Light_regular.ttf,ok,0,0,0,0,0,
Varela Round,Varela_Round_regular,regular,C:\Users\angel\OneDrive\Desktop\Kern\data\raw\fonts\Varela_Round_regular.ttf,ok,0,5424,5424,0,0,
Albert Sans,Albert_Sans_100,100,C:\Users\angel\OneDrive\Desktop\Kern\data\raw\fonts\Albert_Sans_100.ttf,ok,87,981,894,87,0,
Albert Sans,Albert_Sans_200,200,C:\Users\angel\OneDrive\Desktop\Kern\data\raw\fonts\Albert_Sans_200.ttf,ok,87,981,894,87,0,
Albert Sans,Albert_Sans_300,300,C:\Users\angel\OneDrive\Desktop\Kern\data\raw\fonts\Albert_Sans_300.ttf,ok,87,981,894,87,0,
Albert Sans,Albert_Sans_regular,regular,C:\Users\angel\OneDrive\Desktop\Kern\data\raw\fonts\Albert_Sans_regular.ttf,ok,87,981,894,87,0,
Albert Sans,Albert_Sans_500,500,C:\Users\angel\OneDrive\Desktop\Kern\data\raw\fonts\Albert_Sans_500.ttf,ok,90,981,891,90,0,
Albert Sans,Albert_Sans_600,600,C:\Users\angel\OneDrive\Desktop\Kern\data\raw\fonts\Albert_Sans_600.ttf,ok,90,981,891,90,0,
Albert Sans,Albert_Sans_700,700,C:\Users\angel\OneDrive\Desktop\Kern\data\raw\fonts\Albert_Sans_700.ttf,ok,90,981,891,90,0,
Albert Sans,Albert_Sans_800,800,C:\Users\angel\OneDrive\Desktop\Kern\data\raw\fonts\Albert_Sans_800.ttf,ok,90,981,891,90,0,
Albert Sans,Albert_Sans_900,900,C:\Users\angel\OneDrive\Desktop\Kern\data\raw\fonts\Albert_Sans_900.ttf,ok,90,981,891,90,0,
Albert Sans,Albert_Sans_100italic,100italic,C:\Users\angel\OneDrive\Desktop\Kern\data\raw\fonts\Albert_Sans_100italic.ttf,ok,87,981,894,87,0,
Albert Sans,Albert_Sans_200italic,200italic,C:\Users\angel\OneDrive\Desktop\Kern\data\raw\fonts\Albert_Sans_200italic.ttf,ok,87,981,894,87,0,
Albert Sans,Albert_Sans_300italic,300italic,C:\Users\angel\OneDrive\Desktop\Kern\data\raw\fonts\Albert_Sans_300italic.ttf,ok,87,981,894,87,0,
Albert Sans,Albert_Sans_italic,italic,C:\Users\angel\OneDrive\Desktop\Kern\data\raw\fonts\Albert_Sans_italic.ttf,ok,87,981,894,87,0,
Albert Sans,Albert_Sans_500italic,500italic,C:\Users\angel\OneDrive\Desktop\Kern\data\raw\fonts\Albert_Sans_500italic.ttf,ok,90,981,891,90,0,
Albert Sans,Albert_Sans_600italic,600italic,C:\Users\angel\OneDrive\Desktop\Kern\data\raw\fonts\Albert_Sans_600italic.ttf,ok,90,981,891,90,0,
Albert Sans,Albert_Sans_700italic,700italic,C:\Users\angel\OneDrive\Desktop\Kern\data\raw\fonts\Albert_Sans_700italic.ttf,ok,90,981,891,90,0,
Albert Sans,Albert_Sans_800italic,800italic,C:\Users\angel\OneDrive\Desktop\Kern\data\raw\fonts\Albert_Sans_800italic.ttf,ok,90,981,891,90,0,
Albert Sans,Albert_Sans_900italic,900italic,C:\Users\angel\OneDrive\Desktop\Kern\data\raw\fonts\Albert_Sans_900italic.ttf,ok,90,981,891,90,0,
Alumni Sans,Alumni_Sans_100,100,C:\Users\angel\OneDrive\Desktop\Kern\data\raw\fonts\Alumni_Sans_100.ttf,ok,11,770,759,11,0,
Alumni Sans,Alumni_Sans_200,200,C:\Users\angel\OneDrive\Desktop\Kern\data\raw\fonts\Alumni_Sans_200.ttf,ok,16,770,754,16,0,
Alumni Sans,Alumni_Sans_300,300,C:\Users\angel\OneDrive\Desktop\Kern\data\raw\fonts\Alumni_Sans_300.ttf,ok,16,770,754,16,0,
Alumni Sans,Alumni_Sans_regular,regular,C:\Users\angel\OneDrive\Desktop\Kern\data\raw\fonts\Alumni_Sans_regular.ttf,ok,16,770,754,16,0,
Alumni Sans,Alumni_Sans_500,500,C:\Users\angel\OneDrive\Desktop\Kern\data\raw\fonts\Alumni_Sans_500.ttf,ok,16,770,754,16,0,
Alumni Sans,Alumni_Sans_600,600,C:\Users\angel\OneDrive\Desktop\Kern\data\raw\fonts\Alumni_Sans_600.ttf,ok,16,770,754,16,0,
Alumni Sans,Alumni_Sans_700,700,C:\Users\angel\OneDrive\Desktop\Kern\data\raw\fonts\Alumni_Sans_700.ttf,ok,16,770,754,16,0,
Alumni Sans,Alumni_Sans_800,800,C:\Users\angel\OneDrive\Desktop\Kern\data\raw\fonts\Alumni_Sans_800.ttf,ok,16,770,754,16,0,
Alumni Sans,Alumni_Sans_900,900,C:\Users\angel\OneDrive\Desktop\Kern\data\raw\fonts\Alumni_Sans_900.ttf,ok,16,770,754,16,0,
Alumni Sans,Alumni_Sans_100italic,100italic,C:\Users\angel\OneDrive\Desktop\Kern\data\raw\fonts\Alumni_Sans_100italic.ttf,ok,4,651,647,4,0,
Alumni Sans,Alumni_Sans_200italic,200italic,C:\Users\angel\OneDrive\Desktop\Kern\data\raw\fonts\Alumni_Sans_200italic.ttf,ok,7,651,644,7,0,
Alumni Sans,Alumni_Sans_300italic,300italic,C:\Users\angel\OneDrive\Desktop\Kern\data\raw\fonts\Alumni_Sans_300italic.ttf,ok,7,651,644,7,0,
Alumni Sans,Alumni_Sans_italic,italic,C:\Users\angel\OneDrive\Desktop\Kern\data\raw\fonts\Alumni_Sans_italic.ttf,ok,7,651,644,7,0,
Alumni Sans,Alumni_Sans_500italic,500italic,C:\Users\angel\OneDrive\Desktop\Kern\data\raw\fonts\Alumni_Sans_500italic.ttf,ok,7,651,644,7,0,
Alumni Sans,Alumni_Sans_600italic,600italic,C:\Users\angel\OneDrive\Desktop\Kern\data\raw\fonts\Alumni_Sans_600italic.ttf,ok,7,651,644,7,0,
Alumni Sans,Alumni_Sans_700italic,700italic,C:\Users\angel\OneDrive\Desktop\Kern\data\raw\fonts\Alumni_Sans_700italic.ttf,ok,7,651,644,7,0,
Alumni Sans,Alumni_Sans_800italic,800italic,C:\Users\angel\OneDrive\Desktop\Kern\data\raw\fonts\Alumni_Sans_800italic.ttf,ok,7,651,644,7,0,
Alumni Sans,Alumni_Sans_900italic,900italic,C:\Users\angel\OneDrive\Desktop\Kern\data\raw\fonts\Alumni_Sans_900italic.ttf,ok,7,651,644,7,0,
Kalam,Kalam_300,300,C:\Users\angel\OneDrive\Desktop\Kern\data\raw\fonts\Kalam_300.ttf,ok,0,0,0,0,0,
Kalam,Kalam_regular,regular,C:\Users\angel\OneDrive\Desktop\Kern\data\raw\fonts\Kalam_regular.ttf,ok,0,0,0,0,0,
Kalam,Kalam_700,700,C:\Users\angel\OneDrive\Desktop\Kern\data\raw\fonts\Kalam_700.ttf,ok,0,0,0,0,0,
Rethink Sans,Rethink_Sans_regular,regular,C:\Users\angel\OneDrive\Desktop\Kern\data\raw\fonts\Rethink_Sans_regular.ttf,ok,121,2993,2872,121,0,
Rethink Sans,Rethink_Sans_500,500,C:\Users\angel\OneDrive\Desktop\Kern\data\raw\fonts\Rethink_Sans_500.ttf,ok,189,2993,2804,189,0,
Rethink Sans,Rethink_Sans_600,600,C:\Users\angel\OneDrive\Desktop\Kern\data\raw\fonts\Rethink_Sans_600.ttf,ok,189,2993,2804,189,0,
Rethink Sans,Rethink_Sans_700,700,C:\Users\angel\OneDrive\Desktop\Kern\data\raw\fonts\Rethink_Sans_700.ttf,ok,189,2993,2804,189,0,
Rethink Sans,Rethink_Sans_800,800,C:\Users\angel\OneDrive\Desktop\Kern\data\raw\fonts\Rethink_Sans_800.ttf,ok,250,2993,2743,250,0,
Rethink Sans,Rethink_Sans_italic,italic,C:\Users\angel\OneDrive\Desktop\Kern\data\raw\fonts\Rethink_Sans_italic.ttf,ok,163,3086,2923,163,0,
Rethink Sans,Rethink_Sans_500italic,500italic,C:\Users\angel\OneDrive\Desktop\Kern\data\raw\fonts\Rethink_Sans_500italic.ttf,ok,189,3086,2897,189,0,
Rethink Sans,Rethink_Sans_600italic,600italic,C:\Users\angel\OneDrive\Desktop\Kern\data\raw\fonts\Rethink_Sans_600italic.ttf,ok,189,3086,2897,189,0,
Rethink Sans,Rethink_Sans_700italic,700italic,C:\Users\angel\OneDrive\Desktop\Kern\data\raw\fonts\Rethink_Sans_700italic.ttf,ok,186,3086,2900,186,0,
Rethink Sans,Rethink_Sans_800italic,800italic,C:\Users\angel\OneDrive\Desktop\Kern\data\raw\fonts\Rethink_Sans_800italic.ttf,ok,185,3086,2901,185,0,
IBM Plex Serif,IBM_Plex_Serif_100,100,C:\Users\angel\OneDrive\Desktop\Kern\data\raw\fonts\IBM_Plex_Serif_100.ttf,ok,21,6257,6236,21,0,
IBM Plex Serif,IBM_Plex_Serif_100italic,100italic,C:\Users\angel\OneDrive\Desktop\Kern\data\raw\fonts\IBM_Plex_Serif_100italic.ttf,ok,21,5786,5765,21,0,
IBM Plex Serif,IBM_Plex_Serif_200,200,C:\Users\angel\OneDrive\Desktop\Kern\data\raw\fonts\IBM_Plex_Serif_200.ttf,ok,22,3002,2980,22,0,
IBM Plex Serif,IBM_Plex_Serif_200italic,200italic,C:\Users\angel\OneDrive\Desktop\Kern\data\raw\fonts\IBM_Plex_Serif_200italic.ttf,ok,22,5787,5765,22,0,
IBM Plex Serif,IBM_Plex_Serif_300,300,C:\Users\angel\OneDrive\Desktop\Kern\data\raw\fonts\IBM_Plex_Serif_300.ttf,ok,22,3002,2980,22,0,
IBM Plex Serif,IBM_Plex_Serif_300italic,300italic,C:\Users\angel\OneDrive\Desktop\Kern\data\raw\fonts\IBM_Plex_Serif_300italic.ttf,ok,22,5787,5765,22,0,
IBM Plex Serif,IBM_Plex_Serif_regular,regular,C:\Users\angel\OneDrive\Desktop\Kern\data\raw\fonts\IBM_Plex_Serif_regular.ttf,ok,19,2999,2980,19,0,
IBM Plex Serif,IBM_Plex_Serif_italic,italic,C:\Users\angel\OneDrive\Desktop\Kern\data\raw\fonts\IBM_Plex_Serif_italic.ttf,ok,19,5784,5765,19,0,
IBM Plex Serif,IBM_Plex_Serif_500,500,C:\Users\angel\OneDrive\Desktop\Kern\data\raw\fonts\IBM_Plex_Serif_500.ttf,ok,20,3000,2980,20,0,
IBM Plex Serif,IBM_Plex_Serif_500italic,500italic,C:\Users\angel\OneDrive\Desktop\Kern\data\raw\fonts\IBM_Plex_Serif_500italic.ttf,ok,23,5788,5765,23,0,
IBM Plex Serif,IBM_Plex_Serif_600,600,C:\Users\angel\OneDrive\Desktop\Kern\data\raw\fonts\IBM_Plex_Serif_600.ttf,ok,20,3000,2980,20,0,
IBM Plex Serif,IBM_Plex_Serif_600italic,600italic,C:\Users\angel\OneDrive\Desktop\Kern\data\raw\fonts\IBM_Plex_Serif_600italic.ttf,ok,23,5788,5765,23,0,
IBM Plex Serif,IBM_Plex_Serif_700,700,C:\Users\angel\OneDrive\Desktop\Kern\data\raw\fonts\IBM_Plex_Serif_700.ttf,ok,18,3550,3532,18,0,
IBM Plex Serif,IBM_Plex_Serif_700italic,700italic,C:\Users\angel\OneDrive\Desktop\Kern\data\raw\fonts\IBM_Plex_Serif_700italic.ttf,ok,22,5787,5765,22,0,
Satisfy,Satisfy_regular,regular,C:\Users\angel\OneDrive\Desktop\Kern\data\raw\fonts\Satisfy_regular.ttf,ok,123,123,0,123,0,
Nanum Myeongjo,Nanum_Myeongjo_regular,regular,C:\Users\angel\OneDrive\Desktop\Kern\data\raw\fonts\Nanum_Myeongjo_regular.ttf,ok,55,55,0,55,0,
Nanum Myeongjo,Nanum_Myeongjo_700,700,C:\Users\angel\OneDrive\Desktop\Kern\data\raw\fonts\Nanum_Myeongjo_700.ttf,ok,55,55,0,55,0,
Nanum Myeongjo,Nanum_Myeongjo_800,800,C:\Users\angel\OneDrive\Desktop\Kern\data\raw\fonts\Nanum_Myeongjo_800.ttf,ok,55,55,0,55,0,
Archivo Narrow,Archivo_Narrow_regular,regular,C:\Users\angel\OneDrive\Desktop\Kern\data\raw\fonts\Archivo_Narrow_regular.ttf,ok,0,851,851,0,0,
Archivo Narrow,Archivo_Narrow_500,500,C:\Users\angel\OneDrive\Desktop\Kern\data\raw\fonts\Archivo_Narrow_500.ttf,ok,0,851,851,0,0,
Archivo Narrow,Archivo_Narrow_600,600,C:\Users\angel\OneDrive\Desktop\Kern\data\raw\fonts\Archivo_Narrow_600.ttf,ok,0,851,851,0,0,
Archivo Narrow,Archivo_Narrow_700,700,C:\Users\angel\OneDrive\Desktop\Kern\data\raw\fonts\Archivo_Narrow_700.ttf,ok,0,851,851,0,0,
Archivo Narrow,Archivo_Narrow_italic,italic,C:\Users\angel\OneDrive\Desktop\Kern\data\raw\fonts\Archivo_Narrow_italic.ttf,ok,23,689,666,23,0,
Archivo Narrow,Archivo_Narrow_500italic,500italic,C:\Users\angel\OneDrive\Desktop\Kern\data\raw\fonts\Archivo_Narrow_500italic.ttf,ok,23,689,666,23,0,
Archivo Narrow,Archivo_Narrow_600italic,600italic,C:\Users\angel\OneDrive\Desktop\Kern\data\raw\fonts\Archivo_Narrow_600italic.ttf,ok,23,689,666,23,0,
Archivo Narrow,Archivo_Narrow_700italic,700italic,C:\Users\angel\OneDrive\Desktop\Kern\data\raw\fonts\Archivo_Narrow_700italic.ttf,ok,23,689,666,23,0,
Marcellus,Marcellus_regular,regular,C:\Users\angel\OneDrive\Desktop\Kern\data\raw\fonts\Marcellus_regular.ttf,ok,0,644,644,0,0,
Be Vietnam Pro,Be_Vietnam_Pro_100,100,C:\Users\angel\OneDrive\Desktop\Kern\data\raw\fonts\Be_Vietnam_Pro_100.ttf,ok,16,16,0,16,0,
Be Vietnam Pro,Be_Vietnam_Pro_100italic,100italic,C:\Users\angel\OneDrive\Desktop\Kern\data\raw\fonts\Be_Vietnam_Pro_100italic.ttf,ok,9,13,4,9,0,
Be Vietnam Pro,Be_Vietnam_Pro_200,200,C:\Users\angel\OneDrive\Desktop\Kern\data\raw\fonts\Be_Vietnam_Pro_200.ttf,ok,17,20,3,17,0,
Be Vietnam Pro,Be_Vietnam_Pro_200italic,200italic,C:\Users\angel\OneDrive\Desktop\Kern\data\raw\fonts\Be_Vietnam_Pro_200italic.ttf,ok,9,14,5,9,0,
Be Vietnam Pro,Be_Vietnam_Pro_300,300,C:\Users\angel\OneDrive\Desktop\Kern\data\raw\fonts\Be_Vietnam_Pro_300.ttf,ok,17,20,3,17,0,
Be Vietnam Pro,Be_Vietnam_Pro_300italic,300italic,C:\Users\angel\OneDrive\Desktop\Kern\data\raw\fonts\Be_Vietnam_Pro_300italic.ttf,ok,9,14,5,9,0,
Be Vietnam Pro,Be_Vietnam_Pro_regular,regular,C:\Users\angel\OneDrive\Desktop\Kern\data\raw\fonts\Be_Vietnam_Pro_regular.ttf,ok,17,20,3,17,0,
Be Vietnam Pro,Be_Vietnam_Pro_italic,italic,C:\Users\angel\OneDrive\Desktop\Kern\data\raw\fonts\Be_Vietnam_Pro_italic.ttf,ok,9,14,5,9,0,
Be Vietnam Pro,Be_Vietnam_Pro_500,500,C:\Users\angel\OneDrive\Desktop\Kern\data\raw\fonts\Be_Vietnam_Pro_500.ttf,ok,20,21,1,20,0,
Be Vietnam Pro,Be_Vietnam_Pro_500italic,500italic,C:\Users\angel\OneDrive\Desktop\Kern\data\raw\fonts\Be_Vietnam_Pro_500italic.ttf,ok,10,15,5,10,0,
Be Vietnam Pro,Be_Vietnam_Pro_600,600,C:\Users\angel\OneDrive\Desktop\Kern\data\raw\fonts\Be_Vietnam_Pro_600.ttf,ok,20,21,1,20,0,
Be Vietnam Pro,Be_Vietnam_Pro_600italic,600italic,C:\Users\angel\OneDrive\Desktop\Kern\data\raw\fonts\Be_Vietnam_Pro_600italic.ttf,ok,10,15,5,10,0,
Be Vietnam Pro,Be_Vietnam_Pro_700,700,C:\Users\angel\OneDrive\Desktop\Kern\data\raw\fonts\Be_Vietnam_Pro_700.ttf,ok,20,21,1,20,0,
Be Vietnam Pro,Be_Vietnam_Pro_700italic,700italic,C:\Users\angel\OneDrive\Desktop\Kern\data\raw\fonts\Be_Vietnam_Pro_700italic.ttf,ok,10,15,5,10,0,
Be Vietnam Pro,Be_Vietnam_Pro_800,800,C:\Users\angel\OneDrive\Desktop\Kern\data\raw\fonts\Be_Vietnam_Pro_800.ttf,ok,20,21,1,20,0,
Be Vietnam Pro,Be_Vietnam_Pro_800italic,800italic,C:\Users\angel\OneDrive\Desktop\Kern\data\raw\fonts\Be_Vietnam_Pro_800italic.ttf,ok,10,15,5,10,0,
Be Vietnam Pro,Be_Vietnam_Pro_900,900,C:\Users\angel\OneDrive\Desktop\Kern\data\raw\fonts\Be_Vietnam_Pro_900.ttf,ok,17,22,5,17,0,
Be Vietnam Pro,Be_Vietnam_Pro_900italic,900italic,C:\Users\angel\OneDrive\Desktop\Kern\data\raw\fonts\Be_Vietnam_Pro_900italic.ttf,ok,8,19,11,8,0,
Gravitas One,Gravitas_One_regular,regular,C:\Users\angel\OneDrive\Desktop\Kern\data\raw\fonts\Gravitas_One_regular.ttf,ok,0,0,0,0,0,
Epilogue,Epilogue_100,100,C:\Users\angel\OneDrive\Desktop\Kern\data\raw\fonts\Epilogue_100.ttf,ok,0,456,456,0,0,
Epilogue,Epilogue_200,200,C:\Users\angel\OneDrive\Desktop\Kern\data\raw\fonts\Epilogue_200.ttf,ok,0,456,456,0,0,
Epilogue,Epilogue_300,300,C:\Users\angel\OneDrive\Desktop\Kern\data\raw\fonts\Epilogue_300.ttf,ok,0,456,456,0,0,
Epilogue,Epilogue_regular,regular,C:\Users\angel\OneDrive\Desktop\Kern\data\raw\fonts\Epilogue_regular.ttf,ok,0,456,456,0,0,
Epilogue,Epilogue_500,500,C:\Users\angel\OneDrive\Desktop\Kern\data\raw\fonts\Epilogue_500.ttf,ok,0,456,456,0,0,
Epilogue,Epilogue_600,600,C:\Users\angel\OneDrive\Desktop\Kern\data\raw\fonts\Epilogue_600.ttf,ok,0,456,456,0,0,
Epilogue,Epilogue_700,700,C:\Users\angel\OneDrive\Desktop\Kern\data\raw\fonts\Epilogue_700.ttf,ok,0,456,456,0,0,
Epilogue,Epilogue_800,800,C:\Users\angel\OneDrive\Desktop\Kern\data\raw\fonts\Epilogue_800.ttf,ok,0,456,456,0,0,
Epilogue,Epilogue_900,900,C:\Users\angel\OneDrive\Desktop\Kern\data\raw\fonts\Epilogue_900.ttf,ok,0,456,456,0,0,
Epilogue,Epilogue_100italic,100italic,C:\Users\angel\OneDrive\Desktop\Kern\data\raw\fonts\Epilogue_100italic.ttf,ok,0,516,516,0,0,
Epilogue,Epilogue_200italic,200italic,C:\Users\angel\OneDrive\Desktop\Kern\data\raw\fonts\Epilogue_200italic.ttf,ok,0,516,516,0,0,
Epilogue,Epilogue_300italic,300italic,C:\Users\angel\OneDrive\Desktop\Kern\data\raw\fonts\Epilogue_300italic.ttf,ok,0,516,516,0,0,
Epilogue,Epilogue_italic,italic,C:\Users\angel\OneDrive\Desktop\Kern\data\raw\fonts\Epilogue_italic.ttf,ok,0,516,516,0,0,
Epilogue,Epilogue_500italic,500italic,C:\Users\angel\OneDrive\Desktop\Kern\data\raw\fonts\Epilogue_500italic.ttf,ok,0,516,516,0,0,
Epilogue,Epilogue_600italic,600italic,C:\Users\angel\OneDrive\Desktop\Kern\data\raw\fonts\Epilogue_600italic.ttf,ok,0,516,516,0,0,
Epilogue,Epilogue_700italic,700italic,C:\Users\angel\OneDrive\Desktop\Kern\data\raw\fonts\Epilogue_700italic.ttf,ok,0,516,516,0,0,
Epilogue,Epilogue_800italic,800italic,C:\Users\angel\OneDrive\Desktop\Kern\data\raw\fonts\Epilogue_800italic.ttf,ok,0,516,516,0,0,
Epilogue,Epilogue_900italic,900italic,C:\Users\angel\OneDrive\Desktop\Kern\data\raw\fonts\Epilogue_900italic.ttf,ok,0,516,516,0,0,
Exo,Exo_100,100,C:\Users\angel\OneDrive\Desktop\Kern\data\raw\fonts\Exo_100.ttf,ok,66,286,220,66,0,
Exo,Exo_200,200,C:\Users\angel\OneDrive\Desktop\Kern\data\raw\fonts\Exo_200.ttf,ok,66,286,220,66,0,
Exo,Exo_300,300,C:\Users\angel\OneDrive\Desktop\Kern\data\raw\fonts\Exo_300.ttf,ok,66,286,220,66,0,
Exo,Exo_regular,regular,C:\Users\angel\OneDrive\Desktop\Kern\data\raw\fonts\Exo_regular.ttf,ok,66,286,220,66,0,
Exo,Exo_500,500,C:\Users\angel\OneDrive\Desktop\Kern\data\raw\fonts\Exo_500.ttf,ok,66,286,220,66,0,
Exo,Exo_600,600,C:\Users\angel\OneDrive\Desktop\Kern\data\raw\fonts\Exo_600.ttf,ok,66,286,220,66,0,
Exo,Exo_700,700,C:\Users\angel\OneDrive\Desktop\Kern\data\raw\fonts\Exo_700.ttf,ok,66,286,220,66,0,
Exo,Exo_800,800,C:\Users\angel\OneDrive\Desktop\Kern\data\raw\fonts\Exo_800.ttf,ok,66,286,220,66,0,
Exo,Exo_900,900,C:\Users\angel\OneDrive\Desktop\Kern\data\raw\fonts\Exo_900.ttf,ok,66,286,220,66,0,
Exo,Exo_100italic,100italic,C:\Users\angel\OneDrive\Desktop\Kern\data\raw\fonts\Exo_100italic.ttf,ok,66,286,220,66,0,
Exo,Exo_200italic,200italic,C:\Users\angel\OneDrive\Desktop\Kern\data\raw\fonts\Exo_200italic.ttf,ok,66,286,220,66,0,
Exo,Exo_300italic,300italic,C:\Users\angel\OneDrive\Desktop\Kern\data\raw\fonts\Exo_300italic.ttf,ok,66,286,220,66,0,
Exo,Exo_italic,italic,C:\Users\angel\OneDrive\Desktop\Kern\data\raw\fonts\Exo_italic.ttf,ok,66,286,220,66,0,
Exo,Exo_500italic,500italic,C:\Users\angel\OneDrive\Desktop\Kern\data\raw\fonts\Exo_500italic.ttf,ok,66,286,220,66,0,
Exo,Exo_600italic,600italic,C:\Users\angel\OneDrive\Desktop\Kern\data\raw\fonts\Exo_600italic.ttf,ok,66,286,220,66,0,
Exo,Exo_700italic,700italic,C:\Users\angel\OneDrive\Desktop\Kern\data\raw\fonts\Exo_700italic.ttf,ok,66,286,220,66,0,
Exo,Exo_800italic,800italic,C:\Users\angel\OneDrive\Desktop\Kern\data\raw\fonts\Exo_800italic.ttf,ok,66,286,220,66,0,
Exo,Exo_900italic,900italic,C:\Users\angel\OneDrive\Desktop\Kern\data\raw\fonts\Exo_900italic.ttf,ok,66,286,220,66,0,
Great Vibes,Great_Vibes_regular,regular,C:\Users\angel\OneDrive\Desktop\Kern\data\raw\fonts\Great_Vibes_regular.ttf,ok,344,3093,2749,344,0,
IBM Plex Sans Arabic,IBM_Plex_Sans_Arabic_100,100,C:\Users\angel\OneDrive\Desktop\Kern\data\raw\fonts\IBM_Plex_Sans_Arabic_100.ttf,ok,21,8845,8824,21,0,
IBM Plex Sans Arabic,IBM_Plex_Sans_Arabic_200,200,C:\Users\angel\OneDrive\Desktop\Kern\data\raw\fonts\IBM_Plex_Sans_Arabic_200.ttf,ok,22,8846,8824,22,0,
IBM Plex Sans Arabic,IBM_Plex_Sans_Arabic_300,300,C:\Users\angel\OneDrive\Desktop\Kern\data\raw\fonts\IBM_Plex_Sans_Arabic_300.ttf,ok,22,8846,8824,22,0,
IBM Plex Sans Arabic,IBM_Plex_Sans_Arabic_regular,regular,C:\Users\angel\OneDrive\Desktop\Kern\data\raw\fonts\IBM_Plex_Sans_Arabic_regular.ttf,ok,17,8979,8962,17,0,
IBM Plex Sans Arabic,IBM_Plex_Sans_Arabic_500,500,C:\Users\angel\OneDrive\Desktop\Kern\data\raw\fonts\IBM_Plex_Sans_Arabic_500.ttf,ok,18,11684,11666,18,0,
IBM Plex Sans Arabic,IBM_Plex_Sans_Arabic_600,600,C:\Users\angel\OneDrive\Desktop\Kern\data\raw\fonts\IBM_Plex_Sans_Arabic_600.ttf,ok,18,11684,11666,18,0,
IBM Plex Sans Arabic,IBM_Plex_Sans_Arabic_700,700,C:\Users\angel\OneDrive\Desktop\Kern\data\raw\fonts\IBM_Plex_Sans_Arabic_700.ttf,ok,18,11684,11666,18,0,
Onest,Onest_100,100,C:\Users\angel\OneDrive\Desktop\Kern\data\raw\fonts\Onest_100.ttf,ok,204,1325,1121,204,0,
Onest,Onest_200,200,C:\Users\angel\OneDrive\Desktop\Kern\data\raw\fonts\Onest_200.ttf,ok,204,1325,1121,204,0,
Onest,Onest_300,300,C:\Users\angel\OneDrive\Desktop\Kern\data\raw\fonts\Onest_300.ttf,ok,204,1325,1121,204,0,
Onest,Onest_regular,regular,C:\Users\angel\OneDrive\Desktop\Kern\data\raw\fonts\Onest_regular.ttf,ok,204,1325,1121,204,0,
Onest,Onest_500,500,C:\Users\angel\OneDrive\Desktop\Kern\data\raw\fonts\Onest_500.ttf,ok,205,1325,1120,205,0,
Onest,Onest_600,600,C:\Users\angel\OneDrive\Desktop\Kern\data\raw\fonts\Onest_600.ttf,ok,205,1325,1120,205,0,
Onest,Onest_700,700,C:\Users\angel\OneDrive\Desktop\Kern\data\raw\fonts\Onest_700.ttf,ok,205,1325,1120,205,0,
Onest,Onest_800,800,C:\Users\angel\OneDrive\Desktop\Kern\data\raw\fonts\Onest_800.ttf,ok,205,1325,1120,205,0,
Onest,Onest_900,900,C:\Users\angel\OneDrive\Desktop\Kern\data\raw\fonts\Onest_900.ttf,ok,205,1325,1120,205,0,
Unbounded,Unbounded_200,200,C:\Users\angel\OneDrive\Desktop\Kern\data\raw\fonts\Unbounded_200.ttf,ok,15,24,9,15,0,
Unbounded,Unbounded_300,300,C:\Users\angel\OneDrive\Desktop\Kern\data\raw\fonts\Unbounded_300.ttf,ok,16,24,8,16,0,
Unbounded,Unbounded_regular,regular,C:\Users\angel\OneDrive\Desktop\Kern\data\raw\fonts\Unbounded_regular.ttf,ok,15,24,9,15,0,
Unbounded,Unbounded_500,500,C:\Users\angel\OneDrive\Desktop\Kern\data\raw\fonts\Unbounded_500.ttf,ok,22,24,2,22,0,
Unbounded,Unbounded_600,600,C:\Users\angel\OneDrive\Desktop\Kern\data\raw\fonts\Unbounded_600.ttf,ok,22,24,2,22,0,
Unbounded,Unbounded_700,700,C:\Users\angel\OneDrive\Desktop\Kern\data\raw\fonts\Unbounded_700.ttf,ok,22,24,2,22,0,
Unbounded,Unbounded_800,800,C:\Users\angel\OneDrive\Desktop\Kern\data\raw\fonts\Unbounded_800.ttf,ok,22,24,2,22,0,
Unbounded,Unbounded_900,900,C:\Users\angel\OneDrive\Desktop\Kern\data\raw\fonts\Unbounded_900.ttf,ok,22,24,2,22,0,
League Spartan,League_Spartan_100,100,C:\Users\angel\OneDrive\Desktop\Kern\data\raw\fonts\League_Spartan_100.ttf,ok,54,3004,2950,54,0,
League Spartan,League_Spartan_200,200,C:\Users\angel\OneDrive\Desktop\Kern\data\raw\fonts\League_Spartan_200.ttf,ok,54,3004,2950,54,0,
League Spartan,League_Spartan_300,300,C:\Users\angel\OneDrive\Desktop\Kern\data\raw\fonts\League_Spartan_300.ttf,ok,54,3004,2950,54,0,
League Spartan,League_Spartan_regular,regular,C:\Users\angel\OneDrive\Desktop\Kern\data\raw\fonts\League_Spartan_regular.ttf,ok,54,3004,2950,54,0,
League Spartan,League_Spartan_500,500,C:\Users\angel\OneDrive\Desktop\Kern\data\raw\fonts\League_Spartan_500.ttf,ok,54,3004,2950,54,0,
League Spartan,League_Spartan_600,600,C:\Users\angel\OneDrive\Desktop\Kern\data\raw\fonts\League_Spartan_600.ttf,ok,54,3004,2950,54,0,
League Spartan,League_Spartan_700,700,C:\Users\angel\OneDrive\Desktop\Kern\data\raw\fonts\League_Spartan_700.ttf,ok,54,3004,2950,54,0,
League Spartan,League_Spartan_800,800,C:\Users\angel\OneDrive\Desktop\Kern\data\raw\fonts\League_Spartan_800.ttf,ok,54,3004,2950,54,0,
League Spartan,League_Spartan_900,900,C:\Users\angel\OneDrive\Desktop\Kern\data\raw\fonts\League_Spartan_900.ttf,ok,54,3004,2950,54,0,
Cormorant,Cormorant_300,300,C:\Users\angel\OneDrive\Desktop\Kern\data\raw\fonts\Cormorant_300.ttf,ok,0,238,238,0,0,
Cormorant,Cormorant_regular,regular,C:\Users\angel\OneDrive\Desktop\Kern\data\raw\fonts\Cormorant_regular.ttf,ok,0,238,238,0,0,
Cormorant,Cormorant_500,500,C:\Users\angel\OneDrive\Desktop\Kern\data\raw\fonts\Cormorant_500.ttf,ok,0,238,238,0,0,
Cormorant,Cormorant_600,600,C:\Users\angel\OneDrive\Desktop\Kern\data\raw\fonts\Cormorant_600.ttf,ok,0,238,238,0,0,
Cormorant,Cormorant_700,700,C:\Users\angel\OneDrive\Desktop\Kern\data\raw\fonts\Cormorant_700.ttf,ok,0,238,238,0,0,
Cormorant,Cormorant_300italic,300italic,C:\Users\angel\OneDrive\Desktop\Kern\data\raw\fonts\Cormorant_300italic.ttf,ok,0,272,272,0,0,
Cormorant,Cormorant_italic,italic,C:\Users\angel\OneDrive\Desktop\Kern\data\raw\fonts\Cormorant_italic.ttf,ok,0,272,272,0,0,
Cormorant,Cormorant_500italic,500italic,C:\Users\angel\OneDrive\Desktop\Kern\data\raw\fonts\Cormorant_500italic.ttf,ok,0,272,272,0,0,
Cormorant,Cormorant_600italic,600italic,C:\Users\angel\OneDrive\Desktop\Kern\data\raw\fonts\Cormorant_600italic.ttf,ok,0,272,272,0,0,
Cormorant,Cormorant_700italic,700italic,C:\Users\angel\OneDrive\Desktop\Kern\data\raw\fonts\Cormorant_700italic.ttf,ok,0,272,272,0,0,
Spectral,Spectral_200,200,C:\Users\angel\OneDrive\Desktop\Kern\data\raw\fonts\Spectral_200.ttf,ok,1,2705,2704,1,0,
Spectral,Spectral_200italic,200italic,C:\Users\angel\OneDrive\Desktop\Kern\data\raw\fonts\Spectral_200italic.ttf,ok,0,2709,2709,0,0,
Spectral,Spectral_300,300,C:\Users\angel\OneDrive\Desktop\Kern\data\raw\fonts\Spectral_300.ttf,ok,1,2705,2704,1,0,
Spectral,Spectral_300italic,300italic,C:\Users\angel\OneDrive\Desktop\Kern\data\raw\fonts\Spectral_300italic.ttf,ok,0,2704,2704,0,0,
Spectral,Spectral_regular,regular,C:\Users\angel\OneDrive\Desktop\Kern\data\raw\fonts\Spectral_regular.ttf,ok,0,2704,2704,0,0,
Spectral,Spectral_italic,italic,C:\Users\angel\OneDrive\Desktop\Kern\data\raw\fonts\Spectral_italic.ttf,ok,0,2704,2704,0,0,
Spectral,Spectral_500,500,C:\Users\angel\OneDrive\Desktop\Kern\data\raw\fonts\Spectral_500.ttf,ok,0,2704,2704,0,0,
Spectral,Spectral_500italic,500italic,C:\Users\angel\OneDrive\Desktop\Kern\data\raw\fonts\Spectral_500italic.ttf,ok,0,2704,2704,0,0,
Spectral,Spectral_600,600,C:\Users\angel\OneDrive\Desktop\Kern\data\raw\fonts\Spectral_600.ttf,ok,0,2704,2704,0,0,
Spectral,Spectral_600italic,600italic,C:\Users\angel\OneDrive\Desktop\Kern\data\raw\fonts\Spectral_600italic.ttf,ok,0,2704,2704,0,0,
Spectral,Spectral_700,700,C:\Users\angel\OneDrive\Desktop\Kern\data\raw\fonts\Spectral_700.ttf,ok,0,2704,2704,0,0,
Spectral,Spectral_700italic,700italic,C:\Users\angel\OneDrive\Desktop\Kern\data\raw\fonts\Spectral_700italic.ttf,ok,0,2704,2704,0,0,
Spectral,Spectral_800,800,C:\Users\angel\OneDrive\Desktop\Kern\data\raw\fonts\Spectral_800.ttf,ok,0,2752,2752,0,0,
Spectral,Spectral_800italic,800italic,C:\Users\angel\OneDrive\Desktop\Kern\data\raw\fonts\Spectral_800italic.ttf,ok,0,2704,2704,0,0,
Frank Ruhl Libre,Frank_Ruhl_Libre_300,300,C:\Users\angel\OneDrive\Desktop\Kern\data\raw\fonts\Frank_Ruhl_Libre_300.ttf,ok,212,3092,2880,212,0,
Frank Ruhl Libre,Frank_Ruhl_Libre_regular,regular,C:\Users\angel\OneDrive\Desktop\Kern\data\raw\fonts\Frank_Ruhl_Libre_regular.ttf,ok,212,3092,2880,212,0,
Frank Ruhl Libre,Frank_Ruhl_Libre_500,500,C:\Users\angel\OneDrive\Desktop\Kern\data\raw\fonts\Frank_Ruhl_Libre_500.ttf,ok,212,3092,2880,212,0,
Frank Ruhl Libre,Frank_Ruhl_Libre_600,600,C:\Users\angel\OneDrive\Desktop\Kern\data\raw\fonts\Frank_Ruhl_Libre_600.ttf,ok,212,3092,2880,212,0,
Frank Ruhl Libre,Frank_Ruhl_Libre_700,700,C:\Users\angel\OneDrive\Desktop\Kern\data\raw\fonts\Frank_Ruhl_Libre_700.ttf,ok,212,3092,2880,212,0,
Frank Ruhl Libre,Frank_Ruhl_Libre_800,800,C:\Users\angel\OneDrive\Desktop\Kern\data\raw\fonts\Frank_Ruhl_Libre_800.ttf,ok,212,3092,2880,212,0,
Frank Ruhl Libre,Frank_Ruhl_Libre_900,900,C:\Users\angel\OneDrive\Desktop\Kern\data\raw\fonts\Frank_Ruhl_Libre_900.ttf,ok,212,3092,2880,212,0,
Syne,Syne_regular,regular,C:\Users\angel\OneDrive\Desktop\Kern\data\raw\fonts\Syne_regular.ttf,ok,78,664,586,78,0,
Syne,Syne_500,500,C:\Users\angel\OneDrive\Desktop\Kern\data\raw\fonts\Syne_500.ttf,ok,102,664,562,102,0,
Syne,Syne_600,600,C:\Users\angel\OneDrive\Desktop\Kern\data\raw\fonts\Syne_600.ttf,ok,102,664,562,102,0,
Syne,Syne_700,700,C:\Users\angel\OneDrive\Desktop\Kern\data\raw\fonts\Syne_700.ttf,ok,102,664,562,102,0,
Syne,Syne_800,800,C:\Users\angel\OneDrive\Desktop\Kern\data\raw\fonts\Syne_800.ttf,ok,77,664,587,77,0,
Indie Flower,Indie_Flower_regular,regular,C:\Users\angel\OneDrive\Desktop\Kern\data\raw\fonts\Indie_Flower_regular.ttf,ok,0,0,0,0,0,
Noto Serif KR,Noto_Serif_KR_200,200,C:\Users\angel\OneDrive\Desktop\Kern\data\raw\fonts\Noto_Serif_KR_200.ttf,ok,16,8131,8115,16,0,
Noto Serif KR,Noto_Serif_KR_300,300,C:\Users\angel\OneDrive\Desktop\Kern\data\raw\fonts\Noto_Serif_KR_300.ttf,ok,19,8131,8112,19,0,
Noto Serif KR,Noto_Serif_KR_regular,regular,C:\Users\angel\OneDrive\Desktop\Kern\data\raw\fonts\Noto_Serif_KR_regular.ttf,ok,19,8131,8112,19,0,
Noto Serif KR,Noto_Serif_KR_500,500,C:\Users\angel\OneDrive\Desktop\Kern\data\raw\fonts\Noto_Serif_KR_500.ttf,ok,19,8131,8112,19,0,
Noto Serif KR,Noto_Serif_KR_600,600,C:\Users\angel\OneDrive\Desktop\Kern\data\raw\fonts\Noto_Serif_KR_600.ttf,ok,19,8131,8112,19,0,
Noto Serif KR,Noto_Serif_KR_700,700,C:\Users\angel\OneDrive\Desktop\Kern\data\raw\fonts\Noto_Serif_KR_700.ttf,ok,19,8131,8112,19,0,
Noto Serif KR,Noto_Serif_KR_800,800,C:\Users\angel\OneDrive\Desktop\Kern\data\raw\fonts\Noto_Serif_KR_800.ttf,ok,19,8131,8112,19,0,
Noto Serif KR,Noto_Serif_KR_900,900,C:\Users\angel\OneDrive\Desktop\Kern\data\raw\fonts\Noto_Serif_KR_900.ttf,ok,18,8131,8113,18,0,
Sarabun,Sarabun_100,100,C:\Users\angel\OneDrive\Desktop\Kern\data\raw\fonts\Sarabun_100.ttf,ok,26,4431,4405,26,0,
Sarabun,Sarabun_100italic,100italic,C:\Users\angel\OneDrive\Desktop\Kern\data\raw\fonts\Sarabun_100italic.ttf,ok,26,4431,4405,26,0,
Sarabun,Sarabun_200,200,C:\Users\angel\OneDrive\Desktop\Kern\data\raw\fonts\Sarabun_200.ttf,ok,26,4431,4405,26,0,
Sarabun,Sarabun_200italic,200italic,C:\Users\angel\OneDrive\Desktop\Kern\data\raw\fonts\Sarabun_200italic.ttf,ok,26,4431,4405,26,0,
Sarabun,Sarabun_300,300,C:\Users\angel\OneDrive\Desktop\Kern\data\raw\fonts\Sarabun_300.ttf,ok,26,4431,4405,26,0,
Sarabun,Sarabun_300italic,300italic,C:\Users\angel\OneDrive\Desktop\Kern\data\raw\fonts\Sarabun_300italic.ttf,ok,26,4431,4405,26,0,
Sarabun,Sarabun_regular,regular,C:\Users\angel\OneDrive\Desktop\Kern\data\raw\fonts\Sarabun_regular.ttf,ok,26,4431,4405,26,0,
Sarabun,Sarabun_italic,italic,C:\Users\angel\OneDrive\Desktop\Kern\data\raw\fonts\Sarabun_italic.ttf,ok,26,4431,4405,26,0,
Sarabun,Sarabun_500,500,C:\Users\angel\OneDrive\Desktop\Kern\data\raw\fonts\Sarabun_500.ttf,ok,26,4431,4405,26,0,
Sarabun,Sarabun_500italic,500italic,C:\Users\angel\OneDrive\Desktop\Kern\data\raw\fonts\Sarabun_500italic.ttf,ok,26,4431,4405,26,0,
Sarabun,Sarabun_600,600,C:\Users\angel\OneDrive\Desktop\Kern\data\raw\fonts\Sarabun_600.ttf,ok,26,4431,4405,26,0,
Sarabun,Sarabun_600italic,600italic,C:\Users\angel\OneDrive\Desktop\Kern\data\raw\fonts\Sarabun_600italic.ttf,ok,26,4431,4405,26,0,
Sarabun,Sarabun_700,700,C:\Users\angel\OneDrive\Desktop\Kern\data\raw\fonts\Sarabun_700.ttf,ok,26,4431,4405,26,0,
Sarabun,Sarabun_700italic,700italic,C:\Users\angel\OneDrive\Desktop\Kern\data\raw\fonts\Sarabun_700italic.ttf,ok,26,4431,4405,26,0,
Sarabun,Sarabun_800,800,C:\Users\angel\OneDrive\Desktop\Kern\data\raw\fonts\Sarabun_800.ttf,ok,26,4431,4405,26,0,
Sarabun,Sarabun_800italic,800italic,C:\Users\angel\OneDrive\Desktop\Kern\data\raw\fonts\Sarabun_800italic.ttf,ok,26,4431,4405,26,0,
Noto Serif TC,Noto_Serif_TC_200,200,C:\Users\angel\OneDrive\Desktop\Kern\data\raw\fonts\Noto_Serif_TC_200.ttf,ok,16,8131,8115,16,0,
Noto Serif TC,Noto_Serif_TC_300,300,C:\Users\angel\OneDrive\Desktop\Kern\data\raw\fonts\Noto_Serif_TC_300.ttf,ok,19,8131,8112,19,0,
Noto Serif TC,Noto_Serif_TC_regular,regular,C:\Users\angel\OneDrive\Desktop\Kern\data\raw\fonts\Noto_Serif_TC_regular.ttf,ok,19,8131,8112,19,0,
Noto Serif TC,Noto_Serif_TC_500,500,C:\Users\angel\OneDrive\Desktop\Kern\data\raw\fonts\Noto_Serif_TC_500.ttf,ok,19,8131,8112,19,0,
Noto Serif TC,Noto_Serif_TC_600,600,C:\Users\angel\OneDrive\Desktop\Kern\data\raw\fonts\Noto_Serif_TC_600.ttf,ok,19,8131,8112,19,0,
Noto Serif TC,Noto_Serif_TC_700,700,C:\Users\angel\OneDrive\Desktop\Kern\data\raw\fonts\Noto_Serif_TC_700.ttf,ok,19,8131,8112,19,0,
Noto Serif TC,Noto_Serif_TC_800,800,C:\Users\angel\OneDrive\Desktop\Kern\data\raw\fonts\Noto_Serif_TC_800.ttf,ok,19,8131,8112,19,0,
Noto Serif TC,Noto_Serif_TC_900,900,C:\Users\angel\OneDrive\Desktop\Kern\data\raw\fonts\Noto_Serif_TC_900.ttf,ok,18,8131,8113,18,0,
Zen Maru Gothic,Zen_Maru_Gothic_300,300,C:\Users\angel\OneDrive\Desktop\Kern\data\raw\fonts\Zen_Maru_Gothic_300.ttf,ok,0,308,308,0,0,
Zen Maru Gothic,Zen_Maru_Gothic_regular,regular,C:\Users\angel\OneDrive\Desktop\Kern\data\raw\fonts\Zen_Maru_Gothic_regular.ttf,ok,0,308,308,0,0,
Zen Maru Gothic,Zen_Maru_Gothic_500,500,C:\Users\angel\OneDrive\Desktop\Kern\data\raw\fonts\Zen_Maru_Gothic_500.ttf,ok,0,308,308,0,0,
Zen Maru Gothic,Zen_Maru_Gothic_700,700,C:\Users\angel\OneDrive\Desktop\Kern\data\raw\fonts\Zen_Maru_Gothic_700.ttf,ok,0,308,308,0,0,
Zen Maru Gothic,Zen_Maru_Gothic_900,900,C:\Users\angel\OneDrive\Desktop\Kern\data\raw\fonts\Zen_Maru_Gothic_900.ttf,ok,0,308,308,0,0,
Permanent Marker,Permanent_Marker_regular,regular,C:\Users\angel\OneDrive\Desktop\Kern\data\raw\fonts\Permanent_Marker_regular.ttf,ok,438,438,0,438,0,
Noto Serif SC,Noto_Serif_SC_200,200,C:\Users\angel\OneDrive\Desktop\Kern\data\raw\fonts\Noto_Serif_SC_200.ttf,ok,16,8131,8115,16,0,
Noto Serif SC,Noto_Serif_SC_300,300,C:\Users\angel\OneDrive\Desktop\Kern\data\raw\fonts\Noto_Serif_SC_300.ttf,ok,19,8131,8112,19,0,
Noto Serif SC,Noto_Serif_SC_regular,regular,C:\Users\angel\OneDrive\Desktop\Kern\data\raw\fonts\Noto_Serif_SC_regular.ttf,ok,19,8131,8112,19,0,
Noto Serif SC,Noto_Serif_SC_500,500,C:\Users\angel\OneDrive\Desktop\Kern\data\raw\fonts\Noto_Serif_SC_500.ttf,ok,19,8131,8112,19,0,
Noto Serif SC,Noto_Serif_SC_600,600,C:\Users\angel\OneDrive\Desktop\Kern\data\raw\fonts\Noto_Serif_SC_600.ttf,ok,19,8131,8112,19,0,
Noto Serif SC,Noto_Serif_SC_700,700,C:\Users\angel\OneDrive\Desktop\Kern\data\raw\fonts\Noto_Serif_SC_700.ttf,ok,19,8131,8112,19,0,
Noto Serif SC,Noto_Serif_SC_800,800,C:\Users\angel\OneDrive\Desktop\Kern\data\raw\fonts\Noto_Serif_SC_800.ttf,ok,19,8131,8112,19,0,
Noto Serif SC,Noto_Serif_SC_900,900,C:\Users\angel\OneDrive\Desktop\Kern\data\raw\fonts\Noto_Serif_SC_900.ttf,ok,18,8131,8113,18,0,
Yanone Kaffeesatz,Yanone_Kaffeesatz_200,200,C:\Users\angel\OneDrive\Desktop\Kern\data\raw\fonts\Yanone_Kaffeesatz_200.ttf,ok,0,2804,2804,0,0,
Yanone Kaffeesatz,Yanone_Kaffeesatz_300,300,C:\Users\angel\OneDrive\Desktop\Kern\data\raw\fonts\Yanone_Kaffeesatz_300.ttf,ok,0,2804,2804,0,0,
Yanone Kaffeesatz,Yanone_Kaffeesatz_regular,regular,C:\Users\angel\OneDrive\Desktop\Kern\data\raw\fonts\Yanone_Kaffeesatz_regular.ttf,ok,0,2804,2804,0,0,
Yanone Kaffeesatz,Yanone_Kaffeesatz_500,500,C:\Users\angel\OneDrive\Desktop\Kern\data\raw\fonts\Yanone_Kaffeesatz_500.ttf,ok,0,2804,2804,0,0,
Yanone Kaffeesatz,Yanone_Kaffeesatz_600,600,C:\Users\angel\OneDrive\Desktop\Kern\data\raw\fonts\Yanone_Kaffeesatz_600.ttf,ok,0,2804,2804,0,0,
Yanone Kaffeesatz,Yanone_Kaffeesatz_700,700,C:\Users\angel\OneDrive\Desktop\Kern\data\raw\fonts\Yanone_Kaffeesatz_700.ttf,ok,0,2804,2804,0,0,
Roboto Serif,Roboto_Serif_100,100,C:\Users\angel\OneDrive\Desktop\Kern\data\raw\fonts\Roboto_Serif_100.ttf,ok,119,227,108,119,0,
Roboto Serif,Roboto_Serif_200,200,C:\Users\angel\OneDrive\Desktop\Kern\data\raw\fonts\Roboto_Serif_200.ttf,ok,154,227,73,154,0,
Roboto Serif,Roboto_Serif_300,300,C:\Users\angel\OneDrive\Desktop\Kern\data\raw\fonts\Roboto_Serif_300.ttf,ok,153,227,74,153,0,
Roboto Serif,Roboto_Serif_regular,regular,C:\Users\angel\OneDrive\Desktop\Kern\data\raw\fonts\Roboto_Serif_regular.ttf,ok,133,227,94,133,0,
Roboto Serif,Roboto_Serif_500,500,C:\Users\angel\OneDrive\Desktop\Kern\data\raw\fonts\Roboto_Serif_500.ttf,ok,168,227,59,168,0,
Roboto Serif,Roboto_Serif_600,600,C:\Users\angel\OneDrive\Desktop\Kern\data\raw\fonts\Roboto_Serif_600.ttf,ok,168,227,59,168,0,
Roboto Serif,Roboto_Serif_700,700,C:\Users\angel\OneDrive\Desktop\Kern\data\raw\fonts\Roboto_Serif_700.ttf,ok,168,227,59,168,0,
Roboto Serif,Roboto_Serif_800,800,C:\Users\angel\OneDrive\Desktop\Kern\data\raw\fonts\Roboto_Serif_800.ttf,ok,168,227,59,168,0,
Roboto Serif,Roboto_Serif_900,900,C:\Users\angel\OneDrive\Desktop\Kern\data\raw\fonts\Roboto_Serif_900.ttf,ok,148,227,79,148,0,
Roboto Serif,Roboto_Serif_100italic,100italic,C:\Users\angel\OneDrive\Desktop\Kern\data\raw\fonts\Roboto_Serif_100italic.ttf,ok,226,297,71,226,0,
Roboto Serif,Roboto_Serif_200italic,200italic,C:\Users\angel\OneDrive\Desktop\Kern\data\raw\fonts\Roboto_Serif_200italic.ttf,ok,236,297,61,236,0,
Roboto Serif,Roboto_Serif_300italic,300italic,C:\Users\angel\OneDrive\Desktop\Kern\data\raw\fonts\Roboto_Serif_300italic.ttf,ok,232,297,65,232,0,
Roboto Serif,Roboto_Serif_italic,italic,C:\Users\angel\OneDrive\Desktop\Kern\data\raw\fonts\Roboto_Serif_italic.ttf,ok,206,297,91,206,0,
Roboto Serif,Roboto_Serif_500italic,500italic,C:\Users\angel\OneDrive\Desktop\Kern\data\raw\fonts\Roboto_Serif_500italic.ttf,ok,242,297,55,242,0,
Roboto Serif,Roboto_Serif_600italic,600italic,C:\Users\angel\OneDrive\Desktop\Kern\data\raw\fonts\Roboto_Serif_600italic.ttf,ok,238,297,59,238,0,
Roboto Serif,Roboto_Serif_700italic,700italic,C:\Users\angel\OneDrive\Desktop\Kern\data\raw\fonts\Roboto_Serif_700italic.ttf,ok,242,297,55,242,0,
Roboto Serif,Roboto_Serif_800italic,800italic,C:\Users\angel\OneDrive\Desktop\Kern\data\raw\fonts\Roboto_Serif_800italic.ttf,ok,241,297,56,241,0,
Roboto Serif,Roboto_Serif_900italic,900italic,C:\Users\angel\OneDrive\Desktop\Kern\data\raw\fonts\Roboto_Serif_900italic.ttf,ok,217,297,80,217,0,
Crimson Pro,Crimson_Pro_200,200,C:\Users\angel\OneDrive\Desktop\Kern\data\raw\fonts\Crimson_Pro_200.ttf,ok,4,4,0,4,0,
Crimson Pro,Crimson_Pro_300,300,C:\Users\angel\OneDrive\Desktop\Kern\data\raw\fonts\Crimson_Pro_300.ttf,ok,4,4,0,4,0,
Crimson Pro,Crimson_Pro_regular,regular,C:\Users\angel\OneDrive\Desktop\Kern\data\raw\fonts\Crimson_Pro_regular.ttf,ok,4,4,0,4,0,
Crimson Pro,Crimson_Pro_500,500,C:\Users\angel\OneDrive\Desktop\Kern\data\raw\fonts\Crimson_Pro_500.ttf,ok,4,4,0,4,0,
Crimson Pro,Crimson_Pro_600,600,C:\Users\angel\OneDrive\Desktop\Kern\data\raw\fonts\Crimson_Pro_600.ttf,ok,4,4,0,4,0,
Crimson Pro,Crimson_Pro_700,700,C:\Users\angel\OneDrive\Desktop\Kern\data\raw\fonts\Crimson_Pro_700.ttf,ok,4,4,0,4,0,
Crimson Pro,Crimson_Pro_800,800,C:\Users\angel\OneDrive\Desktop\Kern\data\raw\fonts\Crimson_Pro_800.ttf,ok,4,4,0,4,0,
Crimson Pro,Crimson_Pro_900,900,C:\Users\angel\OneDrive\Desktop\Kern\data\raw\fonts\Crimson_Pro_900.ttf,ok,4,4,0,4,0,
Crimson Pro,Crimson_Pro_200italic,200italic,C:\Users\angel\OneDrive\Desktop\Kern\data\raw\fonts\Crimson_Pro_200italic.ttf,ok,4,7,3,4,0,
Crimson Pro,Crimson_Pro_300italic,300italic,C:\Users\angel\OneDrive\Desktop\Kern\data\raw\fonts\Crimson_Pro_300italic.ttf,ok,7,7,0,7,0,
Crimson Pro,Crimson_Pro_italic,italic,C:\Users\angel\OneDrive\Desktop\Kern\data\raw\fonts\Crimson_Pro_italic.ttf,ok,7,7,0,7,0,
Crimson Pro,Crimson_Pro_500italic,500italic,C:\Users\angel\OneDrive\Desktop\Kern\data\raw\fonts\Crimson_Pro_500italic.ttf,ok,7,7,0,7,0,
Crimson Pro,Crimson_Pro_600italic,600italic,C:\Users\angel\OneDrive\Desktop\Kern\data\raw\fonts\Crimson_Pro_600italic.ttf,ok,7,7,0,7,0,
Crimson Pro,Crimson_Pro_700italic,700italic,C:\Users\angel\OneDrive\Desktop\Kern\data\raw\fonts\Crimson_Pro_700italic.ttf,ok,7,7,0,7,0,
Crimson Pro,Crimson_Pro_800italic,800italic,C:\Users\angel\OneDrive\Desktop\Kern\data\raw\fonts\Crimson_Pro_800italic.ttf,ok,7,7,0,7,0,
Crimson Pro,Crimson_Pro_900italic,900italic,C:\Users\angel\OneDrive\Desktop\Kern\data\raw\fonts\Crimson_Pro_900italic.ttf,ok,4,7,3,4,0,
Saira Condensed,Saira_Condensed_100,100,C:\Users\angel\OneDrive\Desktop\Kern\data\raw\fonts\Saira_Condensed_100.ttf,ok,12,9683,9671,12,0,
Saira Condensed,Saira_Condensed_200,200,C:\Users\angel\OneDrive\Desktop\Kern\data\raw\fonts\Saira_Condensed_200.ttf,ok,20,9691,9671,20,0,
Saira Condensed,Saira_Condensed_300,300,C:\Users\angel\OneDrive\Desktop\Kern\data\raw\fonts\Saira_Condensed_300.ttf,ok,20,9691,9671,20,0,
Saira Condensed,Saira_Condensed_regular,regular,C:\Users\angel\OneDrive\Desktop\Kern\data\raw\fonts\Saira_Condensed_regular.ttf,ok,20,9691,9671,20,0,
Saira Condensed,Saira_Condensed_500,500,C:\Users\angel\OneDrive\Desktop\Kern\data\raw\fonts\Saira_Condensed_500.ttf,ok,20,9691,9671,20,0,
Saira Condensed,Saira_Condensed_600,600,C:\Users\angel\OneDrive\Desktop\Kern\data\raw\fonts\Saira_Condensed_600.ttf,ok,24,9696,9672,24,0,
Saira Condensed,Saira_Condensed_700,700,C:\Users\angel\OneDrive\Desktop\Kern\data\raw\fonts\Saira_Condensed_700.ttf,ok,21,9692,9671,21,0,
Saira Condensed,Saira_Condensed_800,800,C:\Users\angel\OneDrive\Desktop\Kern\data\raw\fonts\Saira_Condensed_800.ttf,ok,21,9692,9671,21,0,
Saira Condensed,Saira_Condensed_900,900,C:\Users\angel\OneDrive\Desktop\Kern\data\raw\fonts\Saira_Condensed_900.ttf,ok,21,9692,9671,21,0,
Vollkorn,Vollkorn_regular,regular,C:\Users\angel\OneDrive\Desktop\Kern\data\raw\fonts\Vollkorn_regular.ttf,ok,9,12,3,9,0,
Vollkorn,Vollkorn_500,500,C:\Users\angel\OneDrive\Desktop\Kern\data\raw\fonts\Vollkorn_500.ttf,ok,12,12,0,12,0,
Vollkorn,Vollkorn_600,600,C:\Users\angel\OneDrive\Desktop\Kern\data\raw\fonts\Vollkorn_600.ttf,ok,12,12,0,12,0,
Vollkorn,Vollkorn_700,700,C:\Users\angel\OneDrive\Desktop\Kern\data\raw\fonts\Vollkorn_700.ttf,ok,12,12,0,12,0,
Vollkorn,Vollkorn_800,800,C:\Users\angel\OneDrive\Desktop\Kern\data\raw\fonts\Vollkorn_800.ttf,ok,12,12,0,12,0,
Vollkorn,Vollkorn_900,900,C:\Users\angel\OneDrive\Desktop\Kern\data\raw\fonts\Vollkorn_900.ttf,ok,12,12,0,12,0,
Vollkorn,Vollkorn_italic,italic,C:\Users\angel\OneDrive\Desktop\Kern\data\raw\fonts\Vollkorn_italic.ttf,ok,8,13,5,8,0,
Vollkorn,Vollkorn_500italic,500italic,C:\Users\angel\OneDrive\Desktop\Kern\data\raw\fonts\Vollkorn_500italic.ttf,ok,13,13,0,13,0,
Vollkorn,Vollkorn_600italic,600italic,C:\Users\angel\OneDrive\Desktop\Kern\data\raw\fonts\Vollkorn_600italic.ttf,ok,13,13,0,13,0,
Vollkorn,Vollkorn_700italic,700italic,C:\Users\angel\OneDrive\Desktop\Kern\data\raw\fonts\Vollkorn_700italic.ttf,ok,13,13,0,13,0,
Vollkorn,Vollkorn_800italic,800italic,C:\Users\angel\OneDrive\Desktop\Kern\data\raw\fonts\Vollkorn_800italic.ttf,ok,13,13,0,13,0,
Vollkorn,Vollkorn_900italic,900italic,C:\Users\angel\OneDrive\Desktop\Kern\data\raw\fonts\Vollkorn_900italic.ttf,ok,13,13,0,13,0,
Alegreya Sans,Alegreya_Sans_100,100,C:\Users\angel\OneDrive\Desktop\Kern\data\raw\fonts\Alegreya_Sans_100.ttf,ok,0,11875,11875,0,0,
Alegreya Sans,Alegreya_Sans_100italic,100italic,C:\Users\angel\OneDrive\Desktop\Kern\data\raw\fonts\Alegreya_Sans_100italic.ttf,ok,18,25963,25945,18,0,
Alegreya Sans,Alegreya_Sans_300,300,C:\Users\angel\OneDrive\Desktop\Kern\data\raw\fonts\Alegreya_Sans_300.ttf,ok,0,11875,11875,0,0,
Alegreya Sans,Alegreya_Sans_300italic,300italic,C:\Users\angel\OneDrive\Desktop\Kern\data\raw\fonts\Alegreya_Sans_300italic.ttf,ok,18,25936,25918,18,0,
Alegreya Sans,Alegreya_Sans_regular,regular,C:\Users\angel\OneDrive\Desktop\Kern\data\raw\fonts\Alegreya_Sans_regular.ttf,ok,0,11875,11875,0,0,
Alegreya Sans,Alegreya_Sans_italic,italic,C:\Users\angel\OneDrive\Desktop\Kern\data\raw\fonts\Alegreya_Sans_italic.ttf,ok,18,25936,25918,18,0,
Alegreya Sans,Alegreya_Sans_500,500,C:\Users\angel\OneDrive\Desktop\Kern\data\raw\fonts\Alegreya_Sans_500.ttf,ok,0,10668,10668,0,0,
Alegreya Sans,Alegreya_Sans_500italic,500italic,C:\Users\angel\OneDrive\Desktop\Kern\data\raw\fonts\Alegreya_Sans_500italic.ttf,ok,22,27355,27333,22,0,
Alegreya Sans,Alegreya_Sans_700,700,C:\Users\angel\OneDrive\Desktop\Kern\data\raw\fonts\Alegreya_Sans_700.ttf,ok,0,10668,10668,0,0,
Alegreya Sans,Alegreya_Sans_700italic,700italic,C:\Users\angel\OneDrive\Desktop\Kern\data\raw\fonts\Alegreya_Sans_700italic.ttf,ok,22,27355,27333,22,0,
Alegreya Sans,Alegreya_Sans_800,800,C:\Users\angel\OneDrive\Desktop\Kern\data\raw\fonts\Alegreya_Sans_800.ttf,ok,0,10668,10668,0,0,
Alegreya Sans,Alegreya_Sans_800italic,800italic,C:\Users\angel\OneDrive\Desktop\Kern\data\raw\fonts\Alegreya_Sans_800italic.ttf,ok,22,27355,27333,22,0,
Alegreya Sans,Alegreya_Sans_900,900,C:\Users\angel\OneDrive\Desktop\Kern\data\raw\fonts\Alegreya_Sans_900.ttf,ok,0,8785,8785,0,0,
Alegreya Sans,Alegreya_Sans_900italic,900italic,C:\Users\angel\OneDrive\Desktop\Kern\data\raw\fonts\Alegreya_Sans_900italic.ttf,ok,22,23066,23044,22,0,
Sofia Sans,Sofia_Sans_100,100,C:\Users\angel\OneDrive\Desktop\Kern\data\raw\fonts\Sofia_Sans_100.ttf,ok,4,4,0,4,0,
Sofia Sans,Sofia_Sans_200,200,C:\Users\angel\OneDrive\Desktop\Kern\data\raw\fonts\Sofia_Sans_200.ttf,ok,4,4,0,4,0,
Sofia Sans,Sofia_Sans_300,300,C:\Users\angel\OneDrive\Desktop\Kern\data\raw\fonts\Sofia_Sans_300.ttf,ok,4,4,0,4,0,
Sofia Sans,Sofia_Sans_regular,regular,C:\Users\angel\OneDrive\Desktop\Kern\data\raw\fonts\Sofia_Sans_regular.ttf,ok,4,4,0,4,0,
Sofia Sans,Sofia_Sans_500,500,C:\Users\angel\OneDrive\Desktop\Kern\data\raw\fonts\Sofia_Sans_500.ttf,ok,4,4,0,4,0,
Sofia Sans,Sofia_Sans_600,600,C:\Users\angel\OneDrive\Desktop\Kern\data\raw\fonts\Sofia_Sans_600.ttf,ok,4,4,0,4,0,
Sofia Sans,Sofia_Sans_700,700,C:\Users\angel\OneDrive\Desktop\Kern\data\raw\fonts\Sofia_Sans_700.ttf,ok,4,4,0,4,0,
Sofia Sans,Sofia_Sans_800,800,C:\Users\angel\OneDrive\Desktop\Kern\data\raw\fonts\Sofia_Sans_800.ttf,ok,4,4,0,4,0,
Sofia Sans,Sofia_Sans_900,900,C:\Users\angel\OneDrive\Desktop\Kern\data\raw\fonts\Sofia_Sans_900.ttf,ok,4,4,0,4,0,
Sofia Sans,Sofia_Sans_100italic,100italic,C:\Users\angel\OneDrive\Desktop\Kern\data\raw\fonts\Sofia_Sans_100italic.ttf,ok,5,5,0,5,0,
Sofia Sans,Sofia_Sans_200italic,200italic,C:\Users\angel\OneDrive\Desktop\Kern\data\raw\fonts\Sofia_Sans_200italic.ttf,ok,5,5,0,5,0,
Sofia Sans,Sofia_Sans_300italic,300italic,C:\Users\angel\OneDrive\Desktop\Kern\data\raw\fonts\Sofia_Sans_300italic.ttf,ok,5,5,0,5,0,
Sofia Sans,Sofia_Sans_italic,italic,C:\Users\angel\OneDrive\Desktop\Kern\data\raw\fonts\Sofia_Sans_italic.ttf,ok,5,5,0,5,0,
Sofia Sans,Sofia_Sans_500italic,500italic,C:\Users\angel\OneDrive\Desktop\Kern\data\raw\fonts\Sofia_Sans_500italic.ttf,ok,5,5,0,5,0,
Sofia Sans,Sofia_Sans_600italic,600italic,C:\Users\angel\OneDrive\Desktop\Kern\data\raw\fonts\Sofia_Sans_600italic.ttf,ok,5,5,0,5,0,
Sofia Sans,Sofia_Sans_700italic,700italic,C:\Users\angel\OneDrive\Desktop\Kern\data\raw\fonts\Sofia_Sans_700italic.ttf,ok,5,5,0,5,0,
Sofia Sans,Sofia_Sans_800italic,800italic,C:\Users\angel\OneDrive\Desktop\Kern\data\raw\fonts\Sofia_Sans_800italic.ttf,ok,5,5,0,5,0,
Sofia Sans,Sofia_Sans_900italic,900italic,C:\Users\angel\OneDrive\Desktop\Kern\data\raw\fonts\Sofia_Sans_900italic.ttf,ok,5,5,0,5,0,
Noto Kufi Arabic,Noto_Kufi_Arabic_100,100,C:\Users\angel\OneDrive\Desktop\Kern\data\raw\fonts\Noto_Kufi_Arabic_100.ttf,ok,7,501,494,7,0,
Noto Kufi Arabic,Noto_Kufi_Arabic_200,200,C:\Users\angel\OneDrive\Desktop\Kern\data\raw\fonts\Noto_Kufi_Arabic_200.ttf,ok,7,501,494,7,0,
Noto Kufi Arabic,Noto_Kufi_Arabic_300,300,C:\Users\angel\OneDrive\Desktop\Kern\data\raw\fonts\Noto_Kufi_Arabic_300.ttf,ok,7,501,494,7,0,
Noto Kufi Arabic,Noto_Kufi_Arabic_regular,regular,C:\Users\angel\OneDrive\Desktop\Kern\data\raw\fonts\Noto_Kufi_Arabic_regular.ttf,ok,7,501,494,7,0,
Noto Kufi Arabic,Noto_Kufi_Arabic_500,500,C:\Users\angel\OneDrive\Desktop\Kern\data\raw\fonts\Noto_Kufi_Arabic_500.ttf,ok,7,501,494,7,0,
Noto Kufi Arabic,Noto_Kufi_Arabic_600,600,C:\Users\angel\OneDrive\Desktop\Kern\data\raw\fonts\Noto_Kufi_Arabic_600.ttf,ok,7,501,494,7,0,
Noto Kufi Arabic,Noto_Kufi_Arabic_700,700,C:\Users\angel\OneDrive\Desktop\Kern\data\raw\fonts\Noto_Kufi_Arabic_700.ttf,ok,7,501,494,7,0,
Noto Kufi Arabic,Noto_Kufi_Arabic_800,800,C:\Users\angel\OneDrive\Desktop\Kern\data\raw\fonts\Noto_Kufi_Arabic_800.ttf,ok,7,501,494,7,0,
Noto Kufi Arabic,Noto_Kufi_Arabic_900,900,C:\Users\angel\OneDrive\Desktop\Kern\data\raw\fonts\Noto_Kufi_Arabic_900.ttf,ok,7,501,494,7,0,
Amiri,Amiri_regular,regular,C:\Users\angel\OneDrive\Desktop\Kern\data\raw\fonts\Amiri_regular.ttf,ok,0,27040,27040,0,0,
Amiri,Amiri_italic,italic,C:\Users\angel\OneDrive\Desktop\Kern\data\raw\fonts\Amiri_italic.ttf,ok,0,34898,34898,0,0,
Amiri,Amiri_700,700,C:\Users\angel\OneDrive\Desktop\Kern\data\raw\fonts\Amiri_700.ttf,ok,0,27040,27040,0,0,
Amiri,Amiri_700italic,700italic,C:\Users\angel\OneDrive\Desktop\Kern\data\raw\fonts\Amiri_700italic.ttf,ok,0,34898,34898,0,0,
Literata,Literata_200,200,C:\Users\angel\OneDrive\Desktop\Kern\data\raw\fonts\Literata_200.ttf,ok,180,455,275,180,0,
Literata,Literata_300,300,C:\Users\angel\OneDrive\Desktop\Kern\data\raw\fonts\Literata_300.ttf,ok,247,455,208,247,0,
Literata,Literata_regular,regular,C:\Users\angel\OneDrive\Desktop\Kern\data\raw\fonts\Literata_regular.ttf,ok,229,455,226,229,0,
Literata,Literata_500,500,C:\Users\angel\OneDrive\Desktop\Kern\data\raw\fonts\Literata_500.ttf,ok,239,455,216,239,0,
Literata,Literata_600,600,C:\Users\angel\OneDrive\Desktop\Kern\data\raw\fonts\Literata_600.ttf,ok,239,455,216,239,0,
Literata,Literata_700,700,C:\Users\angel\OneDrive\Desktop\Kern\data\raw\fonts\Literata_700.ttf,ok,238,455,217,238,0,
Literata,Literata_800,800,C:\Users\angel\OneDrive\Desktop\Kern\data\raw\fonts\Literata_800.ttf,ok,239,455,216,239,0,
Literata,Literata_900,900,C:\Users\angel\OneDrive\Desktop\Kern\data\raw\fonts\Literata_900.ttf,ok,190,455,265,190,0,
Literata,Literata_200italic,200italic,C:\Users\angel\OneDrive\Desktop\Kern\data\raw\fonts\Literata_200italic.ttf,ok,207,834,627,207,0,
Literata,Literata_300italic,300italic,C:\Users\angel\OneDrive\Desktop\Kern\data\raw\fonts\Literata_300italic.ttf,ok,224,834,610,224,0,
Literata,Literata_italic,italic,C:\Users\angel\OneDrive\Desktop\Kern\data\raw\fonts\Literata_italic.ttf,ok,186,834,648,186,0,
Literata,Literata_500italic,500italic,C:\Users\angel\OneDrive\Desktop\Kern\data\raw\fonts\Literata_500italic.ttf,ok,243,834,591,243,0,
Literata,Literata_600italic,600italic,C:\Users\angel\OneDrive\Desktop\Kern\data\raw\fonts\Literata_600italic.ttf,ok,243,834,591,243,0,
Literata,Literata_700italic,700italic,C:\Users\angel\OneDrive\Desktop\Kern\data\raw\fonts\Literata_700italic.ttf,ok,243,834,591,243,0,
Literata,Literata_800italic,800italic,C:\Users\angel\OneDrive\Desktop\Kern\data\raw\fonts\Literata_800italic.ttf,ok,243,834,591,243,0,
Literata,Literata_900italic,900italic,C:\Users\angel\OneDrive\Desktop\Kern\data\raw\fonts\Literata_900italic.ttf,ok,226,834,608,226,0,
Signika,Signika_300,300,C:\Users\angel\OneDrive\Desktop\Kern\data\raw\fonts\Signika_300.ttf,ok,170,3085,2915,170,0,
Signika,Signika_regular,regular,C:\Users\angel\OneDrive\Desktop\Kern\data\raw\fonts\Signika_regular.ttf,ok,171,3085,2914,171,0,
Signika,Signika_500,500,C:\Users\angel\OneDrive\Desktop\Kern\data\raw\fonts\Signika_500.ttf,ok,171,3085,2914,171,0,
Signika,Signika_600,600,C:\Users\angel\OneDrive\Desktop\Kern\data\raw\fonts\Signika_600.ttf,ok,171,3085,2914,171,0,
Signika,Signika_700,700,C:\Users\angel\OneDrive\Desktop\Kern\data\raw\fonts\Signika_700.ttf,ok,171,3085,2914,171,0,
Press Start 2P,Press_Start_2P_regular,regular,C:\Users\angel\OneDrive\Desktop\Kern\data\raw\fonts\Press_Start_2P_regular.ttf,ok,0,0,0,0,0,
Fira Sans Condensed,Fira_Sans_Condensed_100,100,C:\Users\angel\OneDrive\Desktop\Kern\data\raw\fonts\Fira_Sans_Condensed_100.ttf,ok,0,46059,46059,0,0,
Fira Sans Condensed,Fira_Sans_Condensed_100italic,100italic,C:\Users\angel\OneDrive\Desktop\Kern\data\raw\fonts\Fira_Sans_Condensed_100italic.ttf,ok,0,47936,47936,0,0,
Fira Sans Condensed,Fira_Sans_Condensed_200,200,C:\Users\angel\OneDrive\Desktop\Kern\data\raw\fonts\Fira_Sans_Condensed_200.ttf,ok,0,45955,45955,0,0,
Fira Sans Condensed,Fira_Sans_Condensed_200italic,200italic,C:\Users\angel\OneDrive\Desktop\Kern\data\raw\fonts\Fira_Sans_Condensed_200italic.ttf,ok,0,47831,47831,0,0,
Fira Sans Condensed,Fira_Sans_Condensed_300,300,C:\Users\angel\OneDrive\Desktop\Kern\data\raw\fonts\Fira_Sans_Condensed_300.ttf,ok,0,45955,45955,0,0,
Fira Sans Condensed,Fira_Sans_Condensed_300italic,300italic,C:\Users\angel\OneDrive\Desktop\Kern\data\raw\fonts\Fira_Sans_Condensed_300italic.ttf,ok,0,47831,47831,0,0,
Fira Sans Condensed,Fira_Sans_Condensed_regular,regular,C:\Users\angel\OneDrive\Desktop\Kern\data\raw\fonts\Fira_Sans_Condensed_regular.ttf,ok,0,45955,45955,0,0,
Fira Sans Condensed,Fira_Sans_Condensed_italic,italic,C:\Users\angel\OneDrive\Desktop\Kern\data\raw\fonts\Fira_Sans_Condensed_italic.ttf,ok,0,47831,47831,0,0,
Fira Sans Condensed,Fira_Sans_Condensed_500,500,C:\Users\angel\OneDrive\Desktop\Kern\data\raw\fonts\Fira_Sans_Condensed_500.ttf,ok,0,45955,45955,0,0,
Fira Sans Condensed,Fira_Sans_Condensed_500italic,500italic,C:\Users\angel\OneDrive\Desktop\Kern\data\raw\fonts\Fira_Sans_Condensed_500italic.ttf,ok,0,47831,47831,0,0,
Fira Sans Condensed,Fira_Sans_Condensed_600,600,C:\Users\angel\OneDrive\Desktop\Kern\data\raw\fonts\Fira_Sans_Condensed_600.ttf,ok,0,45955,45955,0,0,
Fira Sans Condensed,Fira_Sans_Condensed_600italic,600italic,C:\Users\angel\OneDrive\Desktop\Kern\data\raw\fonts\Fira_Sans_Condensed_600italic.ttf,ok,0,47831,47831,0,0,
Fira Sans Condensed,Fira_Sans_Condensed_700,700,C:\Users\angel\OneDrive\Desktop\Kern\data\raw\fonts\Fira_Sans_Condensed_700.ttf,ok,0,45955,45955,0,0,
Fira Sans Condensed,Fira_Sans_Condensed_700italic,700italic,C:\Users\angel\OneDrive\Desktop\Kern\data\raw\fonts\Fira_Sans_Condensed_700italic.ttf,ok,0,47831,47831,0,0,
Fira Sans Condensed,Fira_Sans_Condensed_800,800,C:\Users\angel\OneDrive\Desktop\Kern\data\raw\fonts\Fira_Sans_Condensed_800.ttf,ok,0,45955,45955,0,0,
Fira Sans Condensed,Fira_Sans_Condensed_800italic,800italic,C:\Users\angel\OneDrive\Desktop\Kern\data\raw\fonts\Fira_Sans_Condensed_800italic.ttf,ok,0,47831,47831,0,0,
Fira Sans Condensed,Fira_Sans_Condensed_900,900,C:\Users\angel\OneDrive\Desktop\Kern\data\raw\fonts\Fira_Sans_Condensed_900.ttf,ok,0,45955,45955,0,0,
Fira Sans Condensed,Fira_Sans_Condensed_900italic,900italic,C:\Users\angel\OneDrive\Desktop\Kern\data\raw\fonts\Fira_Sans_Condensed_900italic.ttf,ok,0,47831,47831,0,0,
News Cycle,News_Cycle_regular,regular,C:\Users\angel\OneDrive\Desktop\Kern\data\raw\fonts\News_Cycle_regular.ttf,ok,61,61,0,61,0,
News Cycle,News_Cycle_700,700,C:\Users\angel\OneDrive\Desktop\Kern\data\raw\fonts\News_Cycle_700.ttf,ok,61,67,6,61,0,
Unna,Unna_regular,regular,C:\Users\angel\OneDrive\Desktop\Kern\data\raw\fonts\Unna_regular.ttf,ok,16,2429,2413,16,0,
Unna,Unna_italic,italic,C:\Users\angel\OneDrive\Desktop\Kern\data\raw\fonts\Unna_italic.ttf,ok,37,2061,2024,37,0,
Unna,Unna_700,700,C:\Users\angel\OneDrive\Desktop\Kern\data\raw\fonts\Unna_700.ttf,ok,22,2435,2413,22,0,
Unna,Unna_700italic,700italic,C:\Users\angel\OneDrive\Desktop\Kern\data\raw\fonts\Unna_700italic.ttf,ok,40,1907,1867,40,0,
Catamaran,Catamaran_100,100,C:\Users\angel\OneDrive\Desktop\Kern\data\raw\fonts\Catamaran_100.ttf,ok,0,2704,2704,0,0,
Catamaran,Catamaran_200,200,C:\Users\angel\OneDrive\Desktop\Kern\data\raw\fonts\Catamaran_200.ttf,ok,0,2704,2704,0,0,
Catamaran,Catamaran_300,300,C:\Users\angel\OneDrive\Desktop\Kern\data\raw\fonts\Catamaran_300.ttf,ok,0,2704,2704,0,0,
Catamaran,Catamaran_regular,regular,C:\Users\angel\OneDrive\Desktop\Kern\data\raw\fonts\Catamaran_regular.ttf,ok,0,2704,2704,0,0,
Catamaran,Catamaran_500,500,C:\Users\angel\OneDrive\Desktop\Kern\data\raw\fonts\Catamaran_500.ttf,ok,0,2704,2704,0,0,
Catamaran,Catamaran_600,600,C:\Users\angel\OneDrive\Desktop\Kern\data\raw\fonts\Catamaran_600.ttf,ok,0,2704,2704,0,0,
Catamaran,Catamaran_700,700,C:\Users\angel\OneDrive\Desktop\Kern\data\raw\fonts\Catamaran_700.ttf,ok,0,2704,2704,0,0,
Catamaran,Catamaran_800,800,C:\Users\angel\OneDrive\Desktop\Kern\data\raw\fonts\Catamaran_800.ttf,ok,0,2704,2704,0,0,
Catamaran,Catamaran_900,900,C:\Users\angel\OneDrive\Desktop\Kern\data\raw\fonts\Catamaran_900.ttf,ok,0,2704,2704,0,0,
Montserrat Alternates,Montserrat_Alternates_100,100,C:\Users\angel\OneDrive\Desktop\Kern\data\raw\fonts\Montserrat_Alternates_100.ttf,ok,2,16527,16525,2,0,
Montserrat Alternates,Montserrat_Alternates_100italic,100italic,C:\Users\angel\OneDrive\Desktop\Kern\data\raw\fonts\Montserrat_Alternates_100italic.ttf,ok,2,19551,19549,2,0,
Montserrat Alternates,Montserrat_Alternates_200,200,C:\Users\angel\OneDrive\Desktop\Kern\data\raw\fonts\Montserrat_Alternates_200.ttf,ok,2,16159,16157,2,0,
Montserrat Alternates,Montserrat_Alternates_200italic,200italic,C:\Users\angel\OneDrive\Desktop\Kern\data\raw\fonts\Montserrat_Alternates_200italic.ttf,ok,2,19171,19169,2,0,
Montserrat Alternates,Montserrat_Alternates_300,300,C:\Users\angel\OneDrive\Desktop\Kern\data\raw\fonts\Montserrat_Alternates_300.ttf,ok,2,16159,16157,2,0,
Montserrat Alternates,Montserrat_Alternates_300italic,300italic,C:\Users\angel\OneDrive\Desktop\Kern\data\raw\fonts\Montserrat_Alternates_300italic.ttf,ok,2,19171,19169,2,0,
Montserrat Alternates,Montserrat_Alternates_regular,regular,C:\Users\angel\OneDrive\Desktop\Kern\data\raw\fonts\Montserrat_Alternates_regular.ttf,ok,2,16159,16157,2,0,
Montserrat Alternates,Montserrat_Alternates_italic,italic,C:\Users\angel\OneDrive\Desktop\Kern\data\raw\fonts\Montserrat_Alternates_italic.ttf,ok,2,19171,19169,2,0,
Montserrat Alternates,Montserrat_Alternates_500,500,C:\Users\angel\OneDrive\Desktop\Kern\data\raw\fonts\Montserrat_Alternates_500.ttf,ok,2,16159,16157,2,0,
Montserrat Alternates,Montserrat_Alternates_500italic,500italic,C:\Users\angel\OneDrive\Desktop\Kern\data\raw\fonts\Montserrat_Alternates_500italic.ttf,ok,2,19171,19169,2,0,
Montserrat Alternates,Montserrat_Alternates_600,600,C:\Users\angel\OneDrive\Desktop\Kern\data\raw\fonts\Montserrat_Alternates_600.ttf,ok,2,16159,16157,2,0,
Montserrat Alternates,Montserrat_Alternates_600italic,600italic,C:\Users\angel\OneDrive\Desktop\Kern\data\raw\fonts\Montserrat_Alternates_600italic.ttf,ok,2,19171,19169,2,0,
Montserrat Alternates,Montserrat_Alternates_700,700,C:\Users\angel\OneDrive\Desktop\Kern\data\raw\fonts\Montserrat_Alternates_700.ttf,ok,2,16159,16157,2,0,
Montserrat Alternates,Montserrat_Alternates_700italic,700italic,C:\Users\angel\OneDrive\Desktop\Kern\data\raw\fonts\Montserrat_Alternates_700italic.ttf,ok,2,19171,19169,2,0,
Montserrat Alternates,Montserrat_Alternates_800,800,C:\Users\angel\OneDrive\Desktop\Kern\data\raw\fonts\Montserrat_Alternates_800.ttf,ok,1,16159,16158,1,0,
Montserrat Alternates,Montserrat_Alternates_800italic,800italic,C:\Users\angel\OneDrive\Desktop\Kern\data\raw\fonts\Montserrat_Alternates_800italic.ttf,ok,1,19171,19170,1,0,
Montserrat Alternates,Montserrat_Alternates_900,900,C:\Users\angel\OneDrive\Desktop\Kern\data\raw\fonts\Montserrat_Alternates_900.ttf,ok,2,18485,18483,2,0,
Montserrat Alternates,Montserrat_Alternates_900italic,900italic,C:\Users\angel\OneDrive\Desktop\Kern\data\raw\fonts\Montserrat_Alternates_900italic.ttf,ok,2,21175,21173,2,0,
DM Serif Text,DM_Serif_Text_regular,regular,C:\Users\angel\OneDrive\Desktop\Kern\data\raw\fonts\DM_Serif_Text_regular.ttf,ok,380,3120,2740,380,0,
DM Serif Text,DM_Serif_Text_italic,italic,C:\Users\angel\OneDrive\Desktop\Kern\data\raw\fonts\DM_Serif_Text_italic.ttf,ok,396,428,32,396,0,
Noto Sans Tamil,Noto_Sans_Tamil_100,100,C:\Users\angel\OneDrive\Desktop\Kern\data\raw\fonts\Noto_Sans_Tamil_100.ttf,ok,7,501,494,7,0,
Noto Sans Tamil,Noto_Sans_Tamil_200,200,C:\Users\angel\OneDrive\Desktop\Kern\data\raw\fonts\Noto_Sans_Tamil_200.ttf,ok,7,501,494,7,0,
Noto Sans Tamil,Noto_Sans_Tamil_300,300,C:\Users\angel\OneDrive\Desktop\Kern\data\raw\fonts\Noto_Sans_Tamil_300.ttf,ok,7,501,494,7,0,
Noto Sans Tamil,Noto_Sans_Tamil_regular,regular,C:\Users\angel\OneDrive\Desktop\Kern\data\raw\fonts\Noto_Sans_Tamil_regular.ttf,ok,7,501,494,7,0,
Noto Sans Tamil,Noto_Sans_Tamil_500,500,C:\Users\angel\OneDrive\Desktop\Kern\data\raw\fonts\Noto_Sans_Tamil_500.ttf,ok,7,501,494,7,0,
Noto Sans Tamil,Noto_Sans_Tamil_600,600,C:\Users\angel\OneDrive\Desktop\Kern\data\raw\fonts\Noto_Sans_Tamil_600.ttf,ok,7,501,494,7,0,
Noto Sans Tamil,Noto_Sans_Tamil_700,700,C:\Users\angel\OneDrive\Desktop\Kern\data\raw\fonts\Noto_Sans_Tamil_700.ttf,ok,7,501,494,7,0,
Noto Sans Tamil,Noto_Sans_Tamil_800,800,C:\Users\angel\OneDrive\Desktop\Kern\data\raw\fonts\Noto_Sans_Tamil_800.ttf,ok,7,501,494,7,0,
Noto Sans Tamil,Noto_Sans_Tamil_900,900,C:\Users\angel\OneDrive\Desktop\Kern\data\raw\fonts\Noto_Sans_Tamil_900.ttf,ok,7,501,494,7,0,
Righteous,Righteous_regular,regular,C:\Users\angel\OneDrive\Desktop\Kern\data\raw\fonts\Righteous_regular.ttf,ok,577,577,0,577,0,
Luckiest Guy,Luckiest_Guy_regular,regular,C:\Users\angel\OneDrive\Desktop\Kern\data\raw\fonts\Luckiest_Guy_regular.ttf,ok,118,160,42,118,0,
Bree Serif,Bree_Serif_regular,regular,C:\Users\angel\OneDrive\Desktop\Kern\data\raw\fonts\Bree_Serif_regular.ttf,ok,333,333,0,333,0,
Rowdies,Rowdies_300,300,C:\Users\angel\OneDrive\Desktop\Kern\data\raw\fonts\Rowdies_300.ttf,ok,0,405,405,0,0,
Rowdies,Rowdies_regular,regular,C:\Users\angel\OneDrive\Desktop\Kern\data\raw\fonts\Rowdies_regular.ttf,ok,0,405,405,0,0,
Rowdies,Rowdies_700,700,C:\Users\angel\OneDrive\Desktop\Kern\data\raw\fonts\Rowdies_700.ttf,ok,0,405,405,0,0,
Cardo,Cardo_regular,regular,C:\Users\angel\OneDrive\Desktop\Kern\data\raw\fonts\Cardo_regular.ttf,ok,0,0,0,0,0,
Cardo,Cardo_italic,italic,C:\Users\angel\OneDrive\Desktop\Kern\data\raw\fonts\Cardo_italic.ttf,ok,87,2022,1935,87,0,
Cardo,Cardo_700,700,C:\Users\angel\OneDrive\Desktop\Kern\data\raw\fonts\Cardo_700.ttf,ok,136,136,0,136,0,
Red Hat Text,Red_Hat_Text_300,300,C:\Users\angel\OneDrive\Desktop\Kern\data\raw\fonts\Red_Hat_Text_300.ttf,ok,234,2984,2750,234,0,
Red Hat Text,Red_Hat_Text_regular,regular,C:\Users\angel\OneDrive\Desktop\Kern\data\raw\fonts\Red_Hat_Text_regular.ttf,ok,224,2984,2760,224,0,
Red Hat Text,Red_Hat_Text_500,500,C:\Users\angel\OneDrive\Desktop\Kern\data\raw\fonts\Red_Hat_Text_500.ttf,ok,248,2984,2736,248,0,
Red Hat Text,Red_Hat_Text_600,600,C:\Users\angel\OneDrive\Desktop\Kern\data\raw\fonts\Red_Hat_Text_600.ttf,ok,248,2984,2736,248,0,
Red Hat Text,Red_Hat_Text_700,700,C:\Users\angel\OneDrive\Desktop\Kern\data\raw\fonts\Red_Hat_Text_700.ttf,ok,237,2984,2747,237,0,
Red Hat Text,Red_Hat_Text_300italic,300italic,C:\Users\angel\OneDrive\Desktop\Kern\data\raw\fonts\Red_Hat_Text_300italic.ttf,ok,230,3068,2838,230,0,
Red Hat Text,Red_Hat_Text_italic,italic,C:\Users\angel\OneDrive\Desktop\Kern\data\raw\fonts\Red_Hat_Text_italic.ttf,ok,233,3068,2835,233,0,
Red Hat Text,Red_Hat_Text_500italic,500italic,C:\Users\angel\OneDrive\Desktop\Kern\data\raw\fonts\Red_Hat_Text_500italic.ttf,ok,251,3068,2817,251,0,
Red Hat Text,Red_Hat_Text_600italic,600italic,C:\Users\angel\OneDrive\Desktop\Kern\data\raw\fonts\Red_Hat_Text_600italic.ttf,ok,251,3068,2817,251,0,
Red Hat Text,Red_Hat_Text_700italic,700italic,C:\Users\angel\OneDrive\Desktop\Kern\data\raw\fonts\Red_Hat_Text_700italic.ttf,ok,234,3068,2834,234,0,
Antic Slab,Antic_Slab_regular,regular,C:\Users\angel\OneDrive\Desktop\Kern\data\raw\fonts\Antic_Slab_regular.ttf,ok,647,692,45,647,0,
Baskervville,Baskervville_regular,regular,C:\Users\angel\OneDrive\Desktop\Kern\data\raw\fonts\Baskervville_regular.ttf,ok,0,2704,2704,0,0,
Baskervville,Baskervville_500,500,C:\Users\angel\OneDrive\Desktop\Kern\data\raw\fonts\Baskervville_500.ttf,ok,0,2704,2704,0,0,
Baskervville,Baskervville_600,600,C:\Users\angel\OneDrive\Desktop\Kern\data\raw\fonts\Baskervville_600.ttf,ok,0,2704,2704,0,0,
Baskervville,Baskervville_700,700,C:\Users\angel\OneDrive\Desktop\Kern\data\raw\fonts\Baskervville_700.ttf,ok,0,2704,2704,0,0,
Baskervville,Baskervville_italic,italic,C:\Users\angel\OneDrive\Desktop\Kern\data\raw\fonts\Baskervville_italic.ttf,ok,1,2720,2719,1,0,
Baskervville,Baskervville_500italic,500italic,C:\Users\angel\OneDrive\Desktop\Kern\data\raw\fonts\Baskervville_500italic.ttf,ok,1,2720,2719,1,0,
Baskervville,Baskervville_600italic,600italic,C:\Users\angel\OneDrive\Desktop\Kern\data\raw\fonts\Baskervville_600italic.ttf,ok,1,2720,2719,1,0,
Baskervville,Baskervville_700italic,700italic,C:\Users\angel\OneDrive\Desktop\Kern\data\raw\fonts\Baskervville_700italic.ttf,ok,1,2720,2719,1,0,
Hammersmith One,Hammersmith_One_regular,regular,C:\Users\angel\OneDrive\Desktop\Kern\data\raw\fonts\Hammersmith_One_regular.ttf,ok,0,0,0,0,0,
Russo One,Russo_One_regular,regular,C:\Users\angel\OneDrive\Desktop\Kern\data\raw\fonts\Russo_One_regular.ttf,ok,246,246,0,246,0,
Yellowtail,Yellowtail_regular,regular,C:\Users\angel\OneDrive\Desktop\Kern\data\raw\fonts\Yellowtail_regular.ttf,ok,0,0,0,0,0,
Atkinson Hyperlegible,Atkinson_Hyperlegible_regular,regular,C:\Users\angel\OneDrive\Desktop\Kern\data\raw\fonts\Atkinson_Hyperlegible_regular.ttf,ok,155,1025,870,155,0,
Atkinson Hyperlegible,Atkinson_Hyperlegible_italic,italic,C:\Users\angel\OneDrive\Desktop\Kern\data\raw\fonts\Atkinson_Hyperlegible_italic.ttf,ok,155,1025,870,155,0,
Atkinson Hyperlegible,Atkinson_Hyperlegible_700,700,C:\Users\angel\OneDrive\Desktop\Kern\data\raw\fonts\Atkinson_Hyperlegible_700.ttf,ok,174,1044,870,174,0,
Atkinson Hyperlegible,Atkinson_Hyperlegible_700italic,700italic,C:\Users\angel\OneDrive\Desktop\Kern\data\raw\fonts\Atkinson_Hyperlegible_700italic.ttf,ok,173,1043,870,173,0,
Baloo 2,Baloo_2_regular,regular,C:\Users\angel\OneDrive\Desktop\Kern\data\raw\fonts\Baloo_2_regular.ttf,ok,231,407,176,231,0,
Baloo 2,Baloo_2_500,500,C:\Users\angel\OneDrive\Desktop\Kern\data\raw\fonts\Baloo_2_500.ttf,ok,231,407,176,231,0,
Baloo 2,Baloo_2_600,600,C:\Users\angel\OneDrive\Desktop\Kern\data\raw\fonts\Baloo_2_600.ttf,ok,230,407,177,230,0,
Baloo 2,Baloo_2_700,700,C:\Users\angel\OneDrive\Desktop\Kern\data\raw\fonts\Baloo_2_700.ttf,ok,230,407,177,230,0,
Baloo 2,Baloo_2_800,800,C:\Users\angel\OneDrive\Desktop\Kern\data\raw\fonts\Baloo_2_800.ttf,ok,221,407,186,221,0,
Angkor,Angkor_regular,regular,C:\Users\angel\OneDrive\Desktop\Kern\data\raw\fonts\Angkor_regular.ttf,ok,170,170,0,170,0,
Tinos,Tinos_regular,regular,C:\Users\angel\OneDrive\Desktop\Kern\data\raw\fonts\Tinos_regular.ttf,ok,58,58,0,58,0,
Tinos,Tinos_italic,italic,C:\Users\angel\OneDrive\Desktop\Kern\data\raw\fonts\Tinos_italic.ttf,ok,63,63,0,63,0,
Tinos,Tinos_700,700,C:\Users\angel\OneDrive\Desktop\Kern\data\raw\fonts\Tinos_700.ttf,ok,61,61,0,61,0,
Tinos,Tinos_700italic,700italic,C:\Users\angel\OneDrive\Desktop\Kern\data\raw\fonts\Tinos_700italic.ttf,ok,56,56,0,56,0,
Viga,Viga_regular,regular,C:\Users\angel\OneDrive\Desktop\Kern\data\raw\fonts\Viga_regular.ttf,ok,0,0,0,0,0,
Noto Sans Devanagari,Noto_Sans_Devanagari_100,100,C:\Users\angel\OneDrive\Desktop\Kern\data\raw\fonts\Noto_Sans_Devanagari_100.ttf,ok,7,3205,3198,7,0,
Noto Sans Devanagari,Noto_Sans_Devanagari_200,200,C:\Users\angel\OneDrive\Desktop\Kern\data\raw\fonts\Noto_Sans_Devanagari_200.ttf,ok,7,3205,3198,7,0,
Noto Sans Devanagari,Noto_Sans_Devanagari_300,300,C:\Users\angel\OneDrive\Desktop\Kern\data\raw\fonts\Noto_Sans_Devanagari_300.ttf,ok,7,3205,3198,7,0,
Noto Sans Devanagari,Noto_Sans_Devanagari_regular,regular,C:\Users\angel\OneDrive\Desktop\Kern\data\raw\fonts\Noto_Sans_Devanagari_regular.ttf,ok,7,3205,3198,7,0,
Noto Sans Devanagari,Noto_Sans_Devanagari_500,500,C:\Users\angel\OneDrive\Desktop\Kern\data\raw\fonts\Noto_Sans_Devanagari_500.ttf,ok,7,3205,3198,7,0,
Noto Sans Devanagari,Noto_Sans_Devanagari_600,600,C:\Users\angel\OneDrive\Desktop\Kern\data\raw\fonts\Noto_Sans_Devanagari_600.ttf,ok,7,3205,3198,7,0,
Noto Sans Devanagari,Noto_Sans_Devanagari_700,700,C:\Users\angel\OneDrive\Desktop\Kern\data\raw\fonts\Noto_Sans_Devanagari_700.ttf,ok,7,3205,3198,7,0,
Noto Sans Devanagari,Noto_Sans_Devanagari_800,800,C:\Users\angel\OneDrive\Desktop\Kern\data\raw\fonts\Noto_Sans_Devanagari_800.ttf,ok,7,3205,3198,7,0,
Noto Sans Devanagari,Noto_Sans_Devanagari_900,900,C:\Users\angel\OneDrive\Desktop\Kern\data\raw\fonts\Noto_Sans_Devanagari_900.ttf,ok,7,3205,3198,7,0,
Aleo,Aleo_100,100,C:\Users\angel\OneDrive\Desktop\Kern\data\raw\fonts\Aleo_100.ttf,ok,250,1440,1190,250,0,
Aleo,Aleo_200,200,C:\Users\angel\OneDrive\Desktop\Kern\data\raw\fonts\Aleo_200.ttf,ok,250,1440,1190,250,0,
Aleo,Aleo_300,300,C:\Users\angel\OneDrive\Desktop\Kern\data\raw\fonts\Aleo_300.ttf,ok,250,1440,1190,250,0,
Aleo,Aleo_regular,regular,C:\Users\angel\OneDrive\Desktop\Kern\data\raw\fonts\Aleo_regular.ttf,ok,250,1440,1190,250,0,
Aleo,Aleo_500,500,C:\Users\angel\OneDrive\Desktop\Kern\data\raw\fonts\Aleo_500.ttf,ok,250,1440,1190,250,0,
Aleo,Aleo_600,600,C:\Users\angel\OneDrive\Desktop\Kern\data\raw\fonts\Aleo_600.ttf,ok,250,1440,1190,250,0,
Aleo,Aleo_700,700,C:\Users\angel\OneDrive\Desktop\Kern\data\raw\fonts\Aleo_700.ttf,ok,250,1440,1190,250,0,
Aleo,Aleo_800,800,C:\Users\angel\OneDrive\Desktop\Kern\data\raw\fonts\Aleo_800.ttf,ok,250,1440,1190,250,0,
Aleo,Aleo_900,900,C:\Users\angel\OneDrive\Desktop\Kern\data\raw\fonts\Aleo_900.ttf,ok,248,1440,1192,248,0,
Aleo,Aleo_100italic,100italic,C:\Users\angel\OneDrive\Desktop\Kern\data\raw\fonts\Aleo_100italic.ttf,ok,250,1306,1056,250,0,
Aleo,Aleo_200italic,200italic,C:\Users\angel\OneDrive\Desktop\Kern\data\raw\fonts\Aleo_200italic.ttf,ok,250,1306,1056,250,0,
Aleo,Aleo_300italic,300italic,C:\Users\angel\OneDrive\Desktop\Kern\data\raw\fonts\Aleo_300italic.ttf,ok,250,1306,1056,250,0,
Aleo,Aleo_italic,italic,C:\Users\angel\OneDrive\Desktop\Kern\data\raw\fonts\Aleo_italic.ttf,ok,250,1306,1056,250,0,
Aleo,Aleo_500italic,500italic,C:\Users\angel\OneDrive\Desktop\Kern\data\raw\fonts\Aleo_500italic.ttf,ok,250,1306,1056,250,0,
Aleo,Aleo_600italic,600italic,C:\Users\angel\OneDrive\Desktop\Kern\data\raw\fonts\Aleo_600italic.ttf,ok,250,1306,1056,250,0,
Aleo,Aleo_700italic,700italic,C:\Users\angel\OneDrive\Desktop\Kern\data\raw\fonts\Aleo_700italic.ttf,ok,250,1306,1056,250,0,
Aleo,Aleo_800italic,800italic,C:\Users\angel\OneDrive\Desktop\Kern\data\raw\fonts\Aleo_800italic.ttf,ok,250,1306,1056,250,0,
Aleo,Aleo_900italic,900italic,C:\Users\angel\OneDrive\Desktop\Kern\data\raw\fonts\Aleo_900italic.ttf,ok,248,1306,1058,248,0,
LINE Seed JP,LINE_Seed_JP_100,100,C:\Users\angel\OneDrive\Desktop\Kern\data\raw\fonts\LINE_Seed_JP_100.ttf,ok,123,690,567,123,0,
LINE Seed JP,LINE_Seed_JP_regular,regular,C:\Users\angel\OneDrive\Desktop\Kern\data\raw\fonts\LINE_Seed_JP_regular.ttf,ok,176,3020,2844,176,0,
LINE Seed JP,LINE_Seed_JP_700,700,C:\Users\angel\OneDrive\Desktop\Kern\data\raw\fonts\LINE_Seed_JP_700.ttf,ok,176,3020,2844,176,0,
LINE Seed JP,LINE_Seed_JP_800,800,C:\Users\angel\OneDrive\Desktop\Kern\data\raw\fonts\LINE_Seed_JP_800.ttf,ok,0,2788,2788,0,0,
Sawarabi Mincho,Sawarabi_Mincho_regular,regular,C:\Users\angel\OneDrive\Desktop\Kern\data\raw\fonts\Sawarabi_Mincho_regular.ttf,ok,0,2704,2704,0,0,
Gothic A1,Gothic_A1_100,100,C:\Users\angel\OneDrive\Desktop\Kern\data\raw\fonts\Gothic_A1_100.ttf,ok,260,265,5,260,0,
Gothic A1,Gothic_A1_200,200,C:\Users\angel\OneDrive\Desktop\Kern\data\raw\fonts\Gothic_A1_200.ttf,ok,258,265,7,258,0,
Gothic A1,Gothic_A1_300,300,C:\Users\angel\OneDrive\Desktop\Kern\data\raw\fonts\Gothic_A1_300.ttf,ok,261,265,4,261,0,
Gothic A1,Gothic_A1_regular,regular,C:\Users\angel\OneDrive\Desktop\Kern\data\raw\fonts\Gothic_A1_regular.ttf,ok,260,265,5,260,0,
Gothic A1,Gothic_A1_500,500,C:\Users\angel\OneDrive\Desktop\Kern\data\raw\fonts\Gothic_A1_500.ttf,ok,263,265,2,263,0,
Gothic A1,Gothic_A1_600,600,C:\Users\angel\OneDrive\Desktop\Kern\data\raw\fonts\Gothic_A1_600.ttf,ok,264,265,1,264,0,
Gothic A1,Gothic_A1_700,700,C:\Users\angel\OneDrive\Desktop\Kern\data\raw\fonts\Gothic_A1_700.ttf,ok,262,265,3,262,0,
Gothic A1,Gothic_A1_800,800,C:\Users\angel\OneDrive\Desktop\Kern\data\raw\fonts\Gothic_A1_800.ttf,ok,262,265,3,262,0,
Gothic A1,Gothic_A1_900,900,C:\Users\angel\OneDrive\Desktop\Kern\data\raw\fonts\Gothic_A1_900.ttf,ok,264,265,1,264,0,
Shippori Mincho,Shippori_Mincho_regular,regular,C:\Users\angel\OneDrive\Desktop\Kern\data\raw\fonts\Shippori_Mincho_regular.ttf,ok,0,0,0,0,0,
Shippori Mincho,Shippori_Mincho_500,500,C:\Users\angel\OneDrive\Desktop\Kern\data\raw\fonts\Shippori_Mincho_500.ttf,ok,0,0,0,0,0,
Shippori Mincho,Shippori_Mincho_600,600,C:\Users\angel\OneDrive\Desktop\Kern\data\raw\fonts\Shippori_Mincho_600.ttf,ok,0,0,0,0,0,
Shippori Mincho,Shippori_Mincho_700,700,C:\Users\angel\OneDrive\Desktop\Kern\data\raw\fonts\Shippori_Mincho_700.ttf,ok,0,0,0,0,0,
Shippori Mincho,Shippori_Mincho_800,800,C:\Users\angel\OneDrive\Desktop\Kern\data\raw\fonts\Shippori_Mincho_800.ttf,ok,0,0,0,0,0,
Khand,Khand_300,300,C:\Users\angel\OneDrive\Desktop\Kern\data\raw\fonts\Khand_300.ttf,ok,0,0,0,0,0,
Khand,Khand_regular,regular,C:\Users\angel\OneDrive\Desktop\Kern\data\raw\fonts\Khand_regular.ttf,ok,0,0,0,0,0,
Khand,Khand_500,500,C:\Users\angel\OneDrive\Desktop\Kern\data\raw\fonts\Khand_500.ttf,ok,0,0,0,0,0,
Khand,Khand_600,600,C:\Users\angel\OneDrive\Desktop\Kern\data\raw\fonts\Khand_600.ttf,ok,0,0,0,0,0,
Khand,Khand_700,700,C:\Users\angel\OneDrive\Desktop\Kern\data\raw\fonts\Khand_700.ttf,ok,0,0,0,0,0,
Amatic SC,Amatic_SC_regular,regular,C:\Users\angel\OneDrive\Desktop\Kern\data\raw\fonts\Amatic_SC_regular.ttf,ok,7,8,1,7,0,
Amatic SC,Amatic_SC_700,700,C:\Users\angel\OneDrive\Desktop\Kern\data\raw\fonts\Amatic_SC_700.ttf,ok,8,8,0,8,0,
Readex Pro,Readex_Pro_200,200,C:\Users\angel\OneDrive\Desktop\Kern\data\raw\fonts\Readex_Pro_200.ttf,ok,9,2728,2719,9,0,
Readex Pro,Readex_Pro_300,300,C:\Users\angel\OneDrive\Desktop\Kern\data\raw\fonts\Readex_Pro_300.ttf,ok,9,2728,2719,9,0,
Readex Pro,Readex_Pro_regular,regular,C:\Users\angel\OneDrive\Desktop\Kern\data\raw\fonts\Readex_Pro_regular.ttf,ok,9,2728,2719,9,0,
Readex Pro,Readex_Pro_500,500,C:\Users\angel\OneDrive\Desktop\Kern\data\raw\fonts\Readex_Pro_500.ttf,ok,9,2728,2719,9,0,
Readex Pro,Readex_Pro_600,600,C:\Users\angel\OneDrive\Desktop\Kern\data\raw\fonts\Readex_Pro_600.ttf,ok,9,2728,2719,9,0,
Readex Pro,Readex_Pro_700,700,C:\Users\angel\OneDrive\Desktop\Kern\data\raw\fonts\Readex_Pro_700.ttf,ok,9,2728,2719,9,0,
Acme,Acme_regular,regular,C:\Users\angel\OneDrive\Desktop\Kern\data\raw\fonts\Acme_regular.ttf,ok,0,0,0,0,0,
Titan One,Titan_One_regular,regular,C:\Users\angel\OneDrive\Desktop\Kern\data\raw\fonts\Titan_One_regular.ttf,ok,71,71,0,71,0,
Prata,Prata_regular,regular,C:\Users\angel\OneDrive\Desktop\Kern\data\raw\fonts\Prata_regular.ttf,ok,0,17540,17540,0,0,
Sanchez,Sanchez_regular,regular,C:\Users\angel\OneDrive\Desktop\Kern\data\raw\fonts\Sanchez_regular.ttf,ok,448,476,28,448,0,
Sanchez,Sanchez_italic,italic,C:\Users\angel\OneDrive\Desktop\Kern\data\raw\fonts\Sanchez_italic.ttf,ok,267,295,28,267,0,
Playfair,Playfair_300,300,C:\Users\angel\OneDrive\Desktop\Kern\data\raw\fonts\Playfair_300.ttf,ok,31,5563,5532,31,0,
Playfair,Playfair_regular,regular,C:\Users\angel\OneDrive\Desktop\Kern\data\raw\fonts\Playfair_regular.ttf,ok,31,5563,5532,31,0,
Playfair,Playfair_500,500,C:\Users\angel\OneDrive\Desktop\Kern\data\raw\fonts\Playfair_500.ttf,ok,33,5563,5530,33,0,
Playfair,Playfair_600,600,C:\Users\angel\OneDrive\Desktop\Kern\data\raw\fonts\Playfair_600.ttf,ok,33,5563,5530,33,0,
Playfair,Playfair_700,700,C:\Users\angel\OneDrive\Desktop\Kern\data\raw\fonts\Playfair_700.ttf,ok,34,5563,5529,34,0,
Playfair,Playfair_800,800,C:\Users\angel\OneDrive\Desktop\Kern\data\raw\fonts\Playfair_800.ttf,ok,34,5563,5529,34,0,
Playfair,Playfair_900,900,C:\Users\angel\OneDrive\Desktop\Kern\data\raw\fonts\Playfair_900.ttf,ok,34,5563,5529,34,0,
Playfair,Playfair_300italic,300italic,C:\Users\angel\OneDrive\Desktop\Kern\data\raw\fonts\Playfair_300italic.ttf,ok,28,5560,5532,28,0,
Playfair,Playfair_italic,italic,C:\Users\angel\OneDrive\Desktop\Kern\data\raw\fonts\Playfair_italic.ttf,ok,28,5560,5532,28,0,
Playfair,Playfair_500italic,500italic,C:\Users\angel\OneDrive\Desktop\Kern\data\raw\fonts\Playfair_500italic.ttf,ok,30,5560,5530,30,0,
Playfair,Playfair_600italic,600italic,C:\Users\angel\OneDrive\Desktop\Kern\data\raw\fonts\Playfair_600italic.ttf,ok,30,5560,5530,30,0,
Playfair,Playfair_700italic,700italic,C:\Users\angel\OneDrive\Desktop\Kern\data\raw\fonts\Playfair_700italic.ttf,ok,34,5560,5526,34,0,
Playfair,Playfair_800italic,800italic,C:\Users\angel\OneDrive\Desktop\Kern\data\raw\fonts\Playfair_800italic.ttf,ok,35,5560,5525,35,0,
Playfair,Playfair_900italic,900italic,C:\Users\angel\OneDrive\Desktop\Kern\data\raw\fonts\Playfair_900italic.ttf,ok,34,5560,5526,34,0,
Zeyada,Zeyada_regular,regular,C:\Users\angel\OneDrive\Desktop\Kern\data\raw\fonts\Zeyada_regular.ttf,ok,0,0,0,0,0,
Advent Pro,Advent_Pro_100,100,C:\Users\angel\OneDrive\Desktop\Kern\data\raw\fonts\Advent_Pro_100.ttf,ok,1,157,156,1,0,
Advent Pro,Advent_Pro_200,200,C:\Users\angel\OneDrive\Desktop\Kern\data\raw\fonts\Advent_Pro_200.ttf,ok,1,157,156,1,0,
Advent Pro,Advent_Pro_300,300,C:\Users\angel\OneDrive\Desktop\Kern\data\raw\fonts\Advent_Pro_300.ttf,ok,1,157,156,1,0,
Advent Pro,Advent_Pro_regular,regular,C:\Users\angel\OneDrive\Desktop\Kern\data\raw\fonts\Advent_Pro_regular.ttf,ok,1,157,156,1,0,
Advent Pro,Advent_Pro_500,500,C:\Users\angel\OneDrive\Desktop\Kern\data\raw\fonts\Advent_Pro_500.ttf,ok,1,157,156,1,0,
Advent Pro,Advent_Pro_600,600,C:\Users\angel\OneDrive\Desktop\Kern\data\raw\fonts\Advent_Pro_600.ttf,ok,1,157,156,1,0,
Advent Pro,Advent_Pro_700,700,C:\Users\angel\OneDrive\Desktop\Kern\data\raw\fonts\Advent_Pro_700.ttf,ok,1,157,156,1,0,
Advent Pro,Advent_Pro_800,800,C:\Users\angel\OneDrive\Desktop\Kern\data\raw\fonts\Advent_Pro_800.ttf,ok,1,157,156,1,0,
Advent Pro,Advent_Pro_900,900,C:\Users\angel\OneDrive\Desktop\Kern\data\raw\fonts\Advent_Pro_900.ttf,ok,1,157,156,1,0,
Advent Pro,Advent_Pro_100italic,100italic,C:\Users\angel\OneDrive\Desktop\Kern\data\raw\fonts\Advent_Pro_100italic.ttf,ok,1,157,156,1,0,
Advent Pro,Advent_Pro_200italic,200italic,C:\Users\angel\OneDrive\Desktop\Kern\data\raw\fonts\Advent_Pro_200italic.ttf,ok,1,157,156,1,0,
Advent Pro,Advent_Pro_300italic,300italic,C:\Users\angel\OneDrive\Desktop\Kern\data\raw\fonts\Advent_Pro_300italic.ttf,ok,1,157,156,1,0,
Advent Pro,Advent_Pro_italic,italic,C:\Users\angel\OneDrive\Desktop\Kern\data\raw\fonts\Advent_Pro_italic.ttf,ok,1,157,156,1,0,
Advent Pro,Advent_Pro_500italic,500italic,C:\Users\angel\OneDrive\Desktop\Kern\data\raw\fonts\Advent_Pro_500italic.ttf,ok,1,157,156,1,0,
Advent Pro,Advent_Pro_600italic,600italic,C:\Users\angel\OneDrive\Desktop\Kern\data\raw\fonts\Advent_Pro_600italic.ttf,ok,1,157,156,1,0,
Advent Pro,Advent_Pro_700italic,700italic,C:\Users\angel\OneDrive\Desktop\Kern\data\raw\fonts\Advent_Pro_700italic.ttf,ok,1,157,156,1,0,
Advent Pro,Advent_Pro_800italic,800italic,C:\Users\angel\OneDrive\Desktop\Kern\data\raw\fonts\Advent_Pro_800italic.ttf,ok,1,157,156,1,0,
Advent Pro,Advent_Pro_900italic,900italic,C:\Users\angel\OneDrive\Desktop\Kern\data\raw\fonts\Advent_Pro_900italic.ttf,ok,1,157,156,1,0,
Alegreya,Alegreya_regular,regular,C:\Users\angel\OneDrive\Desktop\Kern\data\raw\fonts\Alegreya_regular.ttf,ok,0,7,7,0,0,
Alegreya,Alegreya_500,500,C:\Users\angel\OneDrive\Desktop\Kern\data\raw\fonts\Alegreya_500.ttf,ok,0,7,7,0,0,
Alegreya,Alegreya_600,600,C:\Users\angel\OneDrive\Desktop\Kern\data\raw\fonts\Alegreya_600.ttf,ok,0,7,7,0,0,
Alegreya,Alegreya_700,700,C:\Users\angel\OneDrive\Desktop\Kern\data\raw\fonts\Alegreya_700.ttf,ok,0,7,7,0,0,
Alegreya,Alegreya_800,800,C:\Users\angel\OneDrive\Desktop\Kern\data\raw\fonts\Alegreya_800.ttf,ok,0,7,7,0,0,
Alegreya,Alegreya_900,900,C:\Users\angel\OneDrive\Desktop\Kern\data\raw\fonts\Alegreya_900.ttf,ok,0,7,7,0,0,
Alegreya,Alegreya_italic,italic,C:\Users\angel\OneDrive\Desktop\Kern\data\raw\fonts\Alegreya_italic.ttf,ok,0,7,7,0,0,
Alegreya,Alegreya_500italic,500italic,C:\Users\angel\OneDrive\Desktop\Kern\data\raw\fonts\Alegreya_500italic.ttf,ok,3,7,4,3,0,
Alegreya,Alegreya_600italic,600italic,C:\Users\angel\OneDrive\Desktop\Kern\data\raw\fonts\Alegreya_600italic.ttf,ok,3,7,4,3,0,
Alegreya,Alegreya_700italic,700italic,C:\Users\angel\OneDrive\Desktop\Kern\data\raw\fonts\Alegreya_700italic.ttf,ok,3,7,4,3,0,
Alegreya,Alegreya_800italic,800italic,C:\Users\angel\OneDrive\Desktop\Kern\data\raw\fonts\Alegreya_800italic.ttf,ok,3,7,4,3,0,
Alegreya,Alegreya_900italic,900italic,C:\Users\angel\OneDrive\Desktop\Kern\data\raw\fonts\Alegreya_900italic.ttf,ok,3,7,4,3,0,
Alata,Alata_regular,regular,C:\Users\angel\OneDrive\Desktop\Kern\data\raw\fonts\Alata_regular.ttf,ok,109,2854,2745,109,0,
Kumbh Sans,Kumbh_Sans_100,100,C:\Users\angel\OneDrive\Desktop\Kern\data\raw\fonts\Kumbh_Sans_100.ttf,ok,247,559,312,247,0,
Kumbh Sans,Kumbh_Sans_200,200,C:\Users\angel\OneDrive\Desktop\Kern\data\raw\fonts\Kumbh_Sans_200.ttf,ok,247,559,312,247,0,
Kumbh Sans,Kumbh_Sans_300,300,C:\Users\angel\OneDrive\Desktop\Kern\data\raw\fonts\Kumbh_Sans_300.ttf,ok,247,559,312,247,0,
Kumbh Sans,Kumbh_Sans_regular,regular,C:\Users\angel\OneDrive\Desktop\Kern\data\raw\fonts\Kumbh_Sans_regular.ttf,ok,247,559,312,247,0,
Kumbh Sans,Kumbh_Sans_500,500,C:\Users\angel\OneDrive\Desktop\Kern\data\raw\fonts\Kumbh_Sans_500.ttf,ok,247,559,312,247,0,
Kumbh Sans,Kumbh_Sans_600,600,C:\Users\angel\OneDrive\Desktop\Kern\data\raw\fonts\Kumbh_Sans_600.ttf,ok,247,559,312,247,0,
Kumbh Sans,Kumbh_Sans_700,700,C:\Users\angel\OneDrive\Desktop\Kern\data\raw\fonts\Kumbh_Sans_700.ttf,ok,247,559,312,247,0,
Kumbh Sans,Kumbh_Sans_800,800,C:\Users\angel\OneDrive\Desktop\Kern\data\raw\fonts\Kumbh_Sans_800.ttf,ok,247,559,312,247,0,
Kumbh Sans,Kumbh_Sans_900,900,C:\Users\angel\OneDrive\Desktop\Kern\data\raw\fonts\Kumbh_Sans_900.ttf,ok,247,559,312,247,0,
Tenor Sans,Tenor_Sans_regular,regular,C:\Users\angel\OneDrive\Desktop\Kern\data\raw\fonts\Tenor_Sans_regular.ttf,ok,39,39,0,39,0,
Chivo,Chivo_100,100,C:\Users\angel\OneDrive\Desktop\Kern\data\raw\fonts\Chivo_100.ttf,ok,17,18,1,17,0,
Chivo,Chivo_200,200,C:\Users\angel\OneDrive\Desktop\Kern\data\raw\fonts\Chivo_200.ttf,ok,17,18,1,17,0,
Chivo,Chivo_300,300,C:\Users\angel\OneDrive\Desktop\Kern\data\raw\fonts\Chivo_300.ttf,ok,18,18,0,18,0,
Chivo,Chivo_regular,regular,C:\Users\angel\OneDrive\Desktop\Kern\data\raw\fonts\Chivo_regular.ttf,ok,18,18,0,18,0,
Chivo,Chivo_500,500,C:\Users\angel\OneDrive\Desktop\Kern\data\raw\fonts\Chivo_500.ttf,ok,18,18,0,18,0,
Chivo,Chivo_600,600,C:\Users\angel\OneDrive\Desktop\Kern\data\raw\fonts\Chivo_600.ttf,ok,18,18,0,18,0,
Chivo,Chivo_700,700,C:\Users\angel\OneDrive\Desktop\Kern\data\raw\fonts\Chivo_700.ttf,ok,18,18,0,18,0,
Chivo,Chivo_800,800,C:\Users\angel\OneDrive\Desktop\Kern\data\raw\fonts\Chivo_800.ttf,ok,18,18,0,18,0,
Chivo,Chivo_900,900,C:\Users\angel\OneDrive\Desktop\Kern\data\raw\fonts\Chivo_900.ttf,ok,6,18,12,6,0,
Chivo,Chivo_100italic,100italic,C:\Users\angel\OneDrive\Desktop\Kern\data\raw\fonts\Chivo_100italic.ttf,ok,43,43,0,43,0,
Chivo,Chivo_200italic,200italic,C:\Users\angel\OneDrive\Desktop\Kern\data\raw\fonts\Chivo_200italic.ttf,ok,43,43,0,43,0,
Chivo,Chivo_300italic,300italic,C:\Users\angel\OneDrive\Desktop\Kern\data\raw\fonts\Chivo_300italic.ttf,ok,43,43,0,43,0,
Chivo,Chivo_italic,italic,C:\Users\angel\OneDrive\Desktop\Kern\data\raw\fonts\Chivo_italic.ttf,ok,43,43,0,43,0,
Chivo,Chivo_500italic,500italic,C:\Users\angel\OneDrive\Desktop\Kern\data\raw\fonts\Chivo_500italic.ttf,ok,25,43,18,25,0,
Chivo,Chivo_600italic,600italic,C:\Users\angel\OneDrive\Desktop\Kern\data\raw\fonts\Chivo_600italic.ttf,ok,25,43,18,25,0,
Chivo,Chivo_700italic,700italic,C:\Users\angel\OneDrive\Desktop\Kern\data\raw\fonts\Chivo_700italic.ttf,ok,25,43,18,25,0,
Chivo,Chivo_800italic,800italic,C:\Users\angel\OneDrive\Desktop\Kern\data\raw\fonts\Chivo_800italic.ttf,ok,25,43,18,25,0,
Chivo,Chivo_900italic,900italic,C:\Users\angel\OneDrive\Desktop\Kern\data\raw\fonts\Chivo_900italic.ttf,ok,18,43,25,18,0,
Noto Sans Display,Noto_Sans_Display_100,100,C:\Users\angel\OneDrive\Desktop\Kern\data\raw\fonts\Noto_Sans_Display_100.ttf,ok,7,432,425,7,0,
Noto Sans Display,Noto_Sans_Display_200,200,C:\Users\angel\OneDrive\Desktop\Kern\data\raw\fonts\Noto_Sans_Display_200.ttf,ok,7,432,425,7,0,
Noto Sans Display,Noto_Sans_Display_300,300,C:\Users\angel\OneDrive\Desktop\Kern\data\raw\fonts\Noto_Sans_Display_300.ttf,ok,7,432,425,7,0,
Noto Sans Display,Noto_Sans_Display_regular,regular,C:\Users\angel\OneDrive\Desktop\Kern\data\raw\fonts\Noto_Sans_Display_regular.ttf,ok,7,432,425,7,0,
Noto Sans Display,Noto_Sans_Display_500,500,C:\Users\angel\OneDrive\Desktop\Kern\data\raw\fonts\Noto_Sans_Display_500.ttf,ok,7,432,425,7,0,
Noto Sans Display,Noto_Sans_Display_600,600,C:\Users\angel\OneDrive\Desktop\Kern\data\raw\fonts\Noto_Sans_Display_600.ttf,ok,7,432,425,7,0,
Noto Sans Display,Noto_Sans_Display_700,700,C:\Users\angel\OneDrive\Desktop\Kern\data\raw\fonts\Noto_Sans_Display_700.ttf,ok,7,432,425,7,0,
Noto Sans Display,Noto_Sans_Display_800,800,C:\Users\angel\OneDrive\Desktop\Kern\data\raw\fonts\Noto_Sans_Display_800.ttf,ok,7,432,425,7,0,
Noto Sans Display,Noto_Sans_Display_900,900,C:\Users\angel\OneDrive\Desktop\Kern\data\raw\fonts\Noto_Sans_Display_900.ttf,ok,7,432,425,7,0,
Noto Sans Display,Noto_Sans_Display_100italic,100italic,C:\Users\angel\OneDrive\Desktop\Kern\data\raw\fonts\Noto_Sans_Display_100italic.ttf,ok,7,601,594,7,0,
Noto Sans Display,Noto_Sans_Display_200italic,200italic,C:\Users\angel\OneDrive\Desktop\Kern\data\raw\fonts\Noto_Sans_Display_200italic.ttf,ok,7,601,594,7,0,
Noto Sans Display,Noto_Sans_Display_300italic,300italic,C:\Users\angel\OneDrive\Desktop\Kern\data\raw\fonts\Noto_Sans_Display_300italic.ttf,ok,7,601,594,7,0,
Noto Sans Display,Noto_Sans_Display_italic,italic,C:\Users\angel\OneDrive\Desktop\Kern\data\raw\fonts\Noto_Sans_Display_italic.ttf,ok,7,601,594,7,0,
Noto Sans Display,Noto_Sans_Display_500italic,500italic,C:\Users\angel\OneDrive\Desktop\Kern\data\raw\fonts\Noto_Sans_Display_500italic.ttf,ok,7,601,594,7,0,
Noto Sans Display,Noto_Sans_Display_600italic,600italic,C:\Users\angel\OneDrive\Desktop\Kern\data\raw\fonts\Noto_Sans_Display_600italic.ttf,ok,7,601,594,7,0,
Noto Sans Display,Noto_Sans_Display_700italic,700italic,C:\Users\angel\OneDrive\Desktop\Kern\data\raw\fonts\Noto_Sans_Display_700italic.ttf,ok,7,601,594,7,0,
Noto Sans Display,Noto_Sans_Display_800italic,800italic,C:\Users\angel\OneDrive\Desktop\Kern\data\raw\fonts\Noto_Sans_Display_800italic.ttf,ok,7,601,594,7,0,
Noto Sans Display,Noto_Sans_Display_900italic,900italic,C:\Users\angel\OneDrive\Desktop\Kern\data\raw\fonts\Noto_Sans_Display_900italic.ttf,ok,7,601,594,7,0,
Martel,Martel_200,200,C:\Users\angel\OneDrive\Desktop\Kern\data\raw\fonts\Martel_200.ttf,ok,0,4504,4504,0,0,
Martel,Martel_300,300,C:\Users\angel\OneDrive\Desktop\Kern\data\raw\fonts\Martel_300.ttf,ok,0,4504,4504,0,0,
Martel,Martel_regular,regular,C:\Users\angel\OneDrive\Desktop\Kern\data\raw\fonts\Martel_regular.ttf,ok,0,4504,4504,0,0,
Martel,Martel_600,600,C:\Users\angel\OneDrive\Desktop\Kern\data\raw\fonts\Martel_600.ttf,ok,0,4504,4504,0,0,
Martel,Martel_700,700,C:\Users\angel\OneDrive\Desktop\Kern\data\raw\fonts\Martel_700.ttf,ok,0,4504,4504,0,0,
Martel,Martel_800,800,C:\Users\angel\OneDrive\Desktop\Kern\data\raw\fonts\Martel_800.ttf,ok,0,4504,4504,0,0,
Martel,Martel_900,900,C:\Users\angel\OneDrive\Desktop\Kern\data\raw\fonts\Martel_900.ttf,ok,0,0,0,0,0,
Allura,Allura_regular,regular,C:\Users\angel\OneDrive\Desktop\Kern\data\raw\fonts\Allura_regular.ttf,ok,19,19,0,19,0,
Courgette,Courgette_regular,regular,C:\Users\angel\OneDrive\Desktop\Kern\data\raw\fonts\Courgette_regular.ttf,ok,0,0,0,0,0,
Comic Neue,Comic_Neue_300,300,C:\Users\angel\OneDrive\Desktop\Kern\data\raw\fonts\Comic_Neue_300.ttf,ok,37,7086,7049,37,0,
Comic Neue,Comic_Neue_300italic,300italic,C:\Users\angel\OneDrive\Desktop\Kern\data\raw\fonts\Comic_Neue_300italic.ttf,ok,5,10357,10352,5,0,
Comic Neue,Comic_Neue_regular,regular,C:\Users\angel\OneDrive\Desktop\Kern\data\raw\fonts\Comic_Neue_regular.ttf,ok,41,7099,7058,41,0,
Comic Neue,Comic_Neue_italic,italic,C:\Users\angel\OneDrive\Desktop\Kern\data\raw\fonts\Comic_Neue_italic.ttf,ok,5,10383,10378,5,0,
Comic Neue,Comic_Neue_700,700,C:\Users\angel\OneDrive\Desktop\Kern\data\raw\fonts\Comic_Neue_700.ttf,ok,39,5389,5350,39,0,
Comic Neue,Comic_Neue_700italic,700italic,C:\Users\angel\OneDrive\Desktop\Kern\data\raw\fonts\Comic_Neue_700italic.ttf,ok,5,10383,10378,5,0,
Crete Round,Crete_Round_regular,regular,C:\Users\angel\OneDrive\Desktop\Kern\data\raw\fonts\Crete_Round_regular.ttf,ok,284,284,0,284,0,
Crete Round,Crete_Round_italic,italic,C:\Users\angel\OneDrive\Desktop\Kern\data\raw\fonts\Crete_Round_italic.ttf,ok,277,277,0,277,0,
Passion One,Passion_One_regular,regular,C:\Users\angel\OneDrive\Desktop\Kern\data\raw\fonts\Passion_One_regular.ttf,ok,0,0,0,0,0,
Passion One,Passion_One_700,700,C:\Users\angel\OneDrive\Desktop\Kern\data\raw\fonts\Passion_One_700.ttf,ok,0,0,0,0,0,
Passion One,Passion_One_900,900,C:\Users\angel\OneDrive\Desktop\Kern\data\raw\fonts\Passion_One_900.ttf,ok,0,0,0,0,0,
Noto Nastaliq Urdu,Noto_Nastaliq_Urdu_regular,regular,C:\Users\angel\OneDrive\Desktop\Kern\data\raw\fonts\Noto_Nastaliq_Urdu_regular.ttf,ok,5,225,220,5,0,
Noto Nastaliq Urdu,Noto_Nastaliq_Urdu_500,500,C:\Users\angel\OneDrive\Desktop\Kern\data\raw\fonts\Noto_Nastaliq_Urdu_500.ttf,ok,5,225,220,5,0,
Noto Nastaliq Urdu,Noto_Nastaliq_Urdu_600,600,C:\Users\angel\OneDrive\Desktop\Kern\data\raw\fonts\Noto_Nastaliq_Urdu_600.ttf,ok,5,225,220,5,0,
Noto Nastaliq Urdu,Noto_Nastaliq_Urdu_700,700,C:\Users\angel\OneDrive\Desktop\Kern\data\raw\fonts\Noto_Nastaliq_Urdu_700.ttf,ok,5,225,220,5,0,
Bangers,Bangers_regular,regular,C:\Users\angel\OneDrive\Desktop\Kern\data\raw\fonts\Bangers_regular.ttf,ok,155,155,0,155,0,
Special Elite,Special_Elite_regular,regular,C:\Users\angel\OneDrive\Desktop\Kern\data\raw\fonts\Special_Elite_regular.ttf,ok,32,110,78,32,0,
Lexend Giga,Lexend_Giga_100,100,C:\Users\angel\OneDrive\Desktop\Kern\data\raw\fonts\Lexend_Giga_100.ttf,ok,12,24,12,12,0,
Lexend Giga,Lexend_Giga_200,200,C:\Users\angel\OneDrive\Desktop\Kern\data\raw\fonts\Lexend_Giga_200.ttf,ok,12,24,12,12,0,
Lexend Giga,Lexend_Giga_300,300,C:\Users\angel\OneDrive\Desktop\Kern\data\raw\fonts\Lexend_Giga_300.ttf,ok,12,24,12,12,0,
Lexend Giga,Lexend_Giga_regular,regular,C:\Users\angel\OneDrive\Desktop\Kern\data\raw\fonts\Lexend_Giga_regular.ttf,ok,12,24,12,12,0,
Lexend Giga,Lexend_Giga_500,500,C:\Users\angel\OneDrive\Desktop\Kern\data\raw\fonts\Lexend_Giga_500.ttf,ok,12,24,12,12,0,
Lexend Giga,Lexend_Giga_600,600,C:\Users\angel\OneDrive\Desktop\Kern\data\raw\fonts\Lexend_Giga_600.ttf,ok,12,24,12,12,0,
Lexend Giga,Lexend_Giga_700,700,C:\Users\angel\OneDrive\Desktop\Kern\data\raw\fonts\Lexend_Giga_700.ttf,ok,12,24,12,12,0,
Lexend Giga,Lexend_Giga_800,800,C:\Users\angel\OneDrive\Desktop\Kern\data\raw\fonts\Lexend_Giga_800.ttf,ok,12,24,12,12,0,
Lexend Giga,Lexend_Giga_900,900,C:\Users\angel\OneDrive\Desktop\Kern\data\raw\fonts\Lexend_Giga_900.ttf,ok,9,24,15,9,0,
Noticia Text,Noticia_Text_regular,regular,C:\Users\angel\OneDrive\Desktop\Kern\data\raw\fonts\Noticia_Text_regular.ttf,ok,47,47,0,47,0,
Noticia Text,Noticia_Text_italic,italic,C:\Users\angel\OneDrive\Desktop\Kern\data\raw\fonts\Noticia_Text_italic.ttf,ok,0,0,0,0,0,
Noticia Text,Noticia_Text_700,700,C:\Users\angel\OneDrive\Desktop\Kern\data\raw\fonts\Noticia_Text_700.ttf,ok,48,48,0,48,0,
Noticia Text,Noticia_Text_700italic,700italic,C:\Users\angel\OneDrive\Desktop\Kern\data\raw\fonts\Noticia_Text_700italic.ttf,ok,0,0,0,0,0,
Kaushan Script,Kaushan_Script_regular,regular,C:\Users\angel\OneDrive\Desktop\Kern\data\raw\fonts\Kaushan_Script_regular.ttf,ok,428,428,0,428,0,
Noto Naskh Arabic,Noto_Naskh_Arabic_regular,regular,C:\Users\angel\OneDrive\Desktop\Kern\data\raw\fonts\Noto_Naskh_Arabic_regular.ttf,ok,5,2929,2924,5,0,
Noto Naskh Arabic,Noto_Naskh_Arabic_500,500,C:\Users\angel\OneDrive\Desktop\Kern\data\raw\fonts\Noto_Naskh_Arabic_500.ttf,ok,5,2929,2924,5,0,
Noto Naskh Arabic,Noto_Naskh_Arabic_600,600,C:\Users\angel\OneDrive\Desktop\Kern\data\raw\fonts\Noto_Naskh_Arabic_600.ttf,ok,5,2929,2924,5,0,
Noto Naskh Arabic,Noto_Naskh_Arabic_700,700,C:\Users\angel\OneDrive\Desktop\Kern\data\raw\fonts\Noto_Naskh_Arabic_700.ttf,ok,5,2929,2924,5,0,
Patua One,Patua_One_regular,regular,C:\Users\angel\OneDrive\Desktop\Kern\data\raw\fonts\Patua_One_regular.ttf,ok,482,482,0,482,0,
Sawarabi Gothic,Sawarabi_Gothic_regular,regular,C:\Users\angel\OneDrive\Desktop\Kern\data\raw\fonts\Sawarabi_Gothic_regular.ttf,ok,0,0,0,0,0,
Hind Madurai,Hind_Madurai_300,300,C:\Users\angel\OneDrive\Desktop\Kern\data\raw\fonts\Hind_Madurai_300.ttf,ok,0,0,0,0,0,
Hind Madurai,Hind_Madurai_regular,regular,C:\Users\angel\OneDrive\Desktop\Kern\data\raw\fonts\Hind_Madurai_regular.ttf,ok,0,0,0,0,0,
Hind Madurai,Hind_Madurai_500,500,C:\Users\angel\OneDrive\Desktop\Kern\data\raw\fonts\Hind_Madurai_500.ttf,ok,0,0,0,0,0,
Hind Madurai,Hind_Madurai_600,600,C:\Users\angel\OneDrive\Desktop\Kern\data\raw\fonts\Hind_Madurai_600.ttf,ok,0,0,0,0,0,
Hind Madurai,Hind_Madurai_700,700,C:\Users\angel\OneDrive\Desktop\Kern\data\raw\fonts\Hind_Madurai_700.ttf,ok,0,0,0,0,0,
League Gothic,League_Gothic_regular,regular,C:\Users\angel\OneDrive\Desktop\Kern\data\raw\fonts\League_Gothic_regular.ttf,ok,50,1122,1072,50,0,
Cantarell,Cantarell_regular,regular,C:\Users\angel\OneDrive\Desktop\Kern\data\raw\fonts\Cantarell_regular.ttf,ok,0,0,0,0,0,
Cantarell,Cantarell_italic,italic,C:\Users\angel\OneDrive\Desktop\Kern\data\raw\fonts\Cantarell_italic.ttf,ok,0,0,0,0,0,
Cantarell,Cantarell_700,700,C:\Users\angel\OneDrive\Desktop\Kern\data\raw\fonts\Cantarell_700.ttf,ok,0,0,0,0,0,
Cantarell,Cantarell_700italic,700italic,C:\Users\angel\OneDrive\Desktop\Kern\data\raw\fonts\Cantarell_700italic.ttf,ok,0,0,0,0,0,
Libre Caslon Text,Libre_Caslon_Text_regular,regular,C:\Users\angel\OneDrive\Desktop\Kern\data\raw\fonts\Libre_Caslon_Text_regular.ttf,ok,18,14594,14576,18,0,
Libre Caslon Text,Libre_Caslon_Text_italic,italic,C:\Users\angel\OneDrive\Desktop\Kern\data\raw\fonts\Libre_Caslon_Text_italic.ttf,ok,26,14486,14460,26,0,
Libre Caslon Text,Libre_Caslon_Text_700,700,C:\Users\angel\OneDrive\Desktop\Kern\data\raw\fonts\Libre_Caslon_Text_700.ttf,ok,20,13628,13608,20,0,
Changa,Changa_200,200,C:\Users\angel\OneDrive\Desktop\Kern\data\raw\fonts\Changa_200.ttf,ok,6,1493,1487,6,0,
Changa,Changa_300,300,C:\Users\angel\OneDrive\Desktop\Kern\data\raw\fonts\Changa_300.ttf,ok,6,1493,1487,6,0,
Changa,Changa_regular,regular,C:\Users\angel\OneDrive\Desktop\Kern\data\raw\fonts\Changa_regular.ttf,ok,6,1493,1487,6,0,
Changa,Changa_500,500,C:\Users\angel\OneDrive\Desktop\Kern\data\raw\fonts\Changa_500.ttf,ok,6,1493,1487,6,0,
Changa,Changa_600,600,C:\Users\angel\OneDrive\Desktop\Kern\data\raw\fonts\Changa_600.ttf,ok,6,1493,1487,6,0,
Changa,Changa_700,700,C:\Users\angel\OneDrive\Desktop\Kern\data\raw\fonts\Changa_700.ttf,ok,6,1493,1487,6,0,
Changa,Changa_800,800,C:\Users\angel\OneDrive\Desktop\Kern\data\raw\fonts\Changa_800.ttf,ok,6,1493,1487,6,0,
Golos Text,Golos_Text_regular,regular,C:\Users\angel\OneDrive\Desktop\Kern\data\raw\fonts\Golos_Text_regular.ttf,ok,349,743,394,349,0,
Golos Text,Golos_Text_500,500,C:\Users\angel\OneDrive\Desktop\Kern\data\raw\fonts\Golos_Text_500.ttf,ok,377,743,366,377,0,
Golos Text,Golos_Text_600,600,C:\Users\angel\OneDrive\Desktop\Kern\data\raw\fonts\Golos_Text_600.ttf,ok,374,743,369,374,0,
Golos Text,Golos_Text_700,700,C:\Users\angel\OneDrive\Desktop\Kern\data\raw\fonts\Golos_Text_700.ttf,ok,387,743,356,387,0,
Golos Text,Golos_Text_800,800,C:\Users\angel\OneDrive\Desktop\Kern\data\raw\fonts\Golos_Text_800.ttf,ok,424,743,319,424,0,
Golos Text,Golos_Text_900,900,C:\Users\angel\OneDrive\Desktop\Kern\data\raw\fonts\Golos_Text_900.ttf,ok,374,743,369,374,0,
Nanum Gothic Coding,Nanum_Gothic_Coding_regular,regular,C:\Users\angel\OneDrive\Desktop\Kern\data\raw\fonts\Nanum_Gothic_Coding_regular.ttf,ok,0,0,0,0,0,
Nanum Gothic Coding,Nanum_Gothic_Coding_700,700,C:\Users\angel\OneDrive\Desktop\Kern\data\raw\fonts\Nanum_Gothic_Coding_700.ttf,ok,0,0,0,0,0,
Noto Sans Bengali,Noto_Sans_Bengali_100,100,C:\Users\angel\OneDrive\Desktop\Kern\data\raw\fonts\Noto_Sans_Bengali_100.ttf,ok,7,5909,5902,7,0,
Noto Sans Bengali,Noto_Sans_Bengali_200,200,C:\Users\angel\OneDrive\Desktop\Kern\data\raw\fonts\Noto_Sans_Bengali_200.ttf,ok,7,5909,5902,7,0,
Noto Sans Bengali,Noto_Sans_Bengali_300,300,C:\Users\angel\OneDrive\Desktop\Kern\data\raw\fonts\Noto_Sans_Bengali_300.ttf,ok,7,5909,5902,7,0,
Noto Sans Bengali,Noto_Sans_Bengali_regular,regular,C:\Users\angel\OneDrive\Desktop\Kern\data\raw\fonts\Noto_Sans_Bengali_regular.ttf,ok,7,5909,5902,7,0,
Noto Sans Bengali,Noto_Sans_Bengali_500,500,C:\Users\angel\OneDrive\Desktop\Kern\data\raw\fonts\Noto_Sans_Bengali_500.ttf,ok,7,5909,5902,7,0,
Noto Sans Bengali,Noto_Sans_Bengali_600,600,C:\Users\angel\OneDrive\Desktop\Kern\data\raw\fonts\Noto_Sans_Bengali_600.ttf,ok,7,5909,5902,7,0,
Noto Sans Bengali,Noto_Sans_Bengali_700,700,C:\Users\angel\OneDrive\Desktop\Kern\data\raw\fonts\Noto_Sans_Bengali_700.ttf,ok,7,5909,5902,7,0,
Noto Sans Bengali,Noto_Sans_Bengali_800,800,C:\Users\angel\OneDrive\Desktop\Kern\data\raw\fonts\Noto_Sans_Bengali_800.ttf,ok,7,5909,5902,7,0,
Noto Sans Bengali,Noto_Sans_Bengali_900,900,C:\Users\angel\OneDrive\Desktop\Kern\data\raw\fonts\Noto_Sans_Bengali_900.ttf,ok,7,5909,5902,7,0,
Chelsea Market,Chelsea_Market_regular,regular,C:\Users\angel\OneDrive\Desktop\Kern\data\raw\fonts\Chelsea_Market_regular.ttf,ok,0,0,0,0,0,
Quattrocento,Quattrocento_regular,regular,C:\Users\angel\OneDrive\Desktop\Kern\data\raw\fonts\Quattrocento_regular.ttf,ok,213,213,0,213,0,
Quattrocento,Quattrocento_700,700,C:\Users\angel\OneDrive\Desktop\Kern\data\raw\fonts\Quattrocento_700.ttf,ok,240,240,0,240,0,
STIX Two Text,STIX_Two_Text_regular,regular,C:\Users\angel\OneDrive\Desktop\Kern\data\raw\fonts\STIX_Two_Text_regular.ttf,ok,25,205,180,25,0,
STIX Two Text,STIX_Two_Text_500,500,C:\Users\angel\OneDrive\Desktop\Kern\data\raw\fonts\STIX_Two_Text_500.ttf,ok,25,205,180,25,0,
STIX Two Text,STIX_Two_Text_600,600,C:\Users\angel\OneDrive\Desktop\Kern\data\raw\fonts\STIX_Two_Text_600.ttf,ok,25,205,180,25,0,
STIX Two Text,STIX_Two_Text_700,700,C:\Users\angel\OneDrive\Desktop\Kern\data\raw\fonts\STIX_Two_Text_700.ttf,ok,25,205,180,25,0,
STIX Two Text,STIX_Two_Text_italic,italic,C:\Users\angel\OneDrive\Desktop\Kern\data\raw\fonts\STIX_Two_Text_italic.ttf,ok,37,199,162,37,0,
STIX Two Text,STIX_Two_Text_500italic,500italic,C:\Users\angel\OneDrive\Desktop\Kern\data\raw\fonts\STIX_Two_Text_500italic.ttf,ok,37,199,162,37,0,
STIX Two Text,STIX_Two_Text_600italic,600italic,C:\Users\angel\OneDrive\Desktop\Kern\data\raw\fonts\STIX_Two_Text_600italic.ttf,ok,37,199,162,37,0,
STIX Two Text,STIX_Two_Text_700italic,700italic,C:\Users\angel\OneDrive\Desktop\Kern\data\raw\fonts\STIX_Two_Text_700italic.ttf,ok,37,199,162,37,0,
Paytone One,Paytone_One_regular,regular,C:\Users\angel\OneDrive\Desktop\Kern\data\raw\fonts\Paytone_One_regular.ttf,ok,181,203,22,181,0,
Old Standard TT,Old_Standard_TT_regular,regular,C:\Users\angel\OneDrive\Desktop\Kern\data\raw\fonts\Old_Standard_TT_regular.ttf,ok,0,13505,13505,0,0,
Old Standard TT,Old_Standard_TT_italic,italic,C:\Users\angel\OneDrive\Desktop\Kern\data\raw\fonts\Old_Standard_TT_italic.ttf,ok,0,11580,11580,0,0,
Old Standard TT,Old_Standard_TT_700,700,C:\Users\angel\OneDrive\Desktop\Kern\data\raw\fonts\Old_Standard_TT_700.ttf,ok,0,13453,13453,0,0,
Sacramento,Sacramento_regular,regular,C:\Users\angel\OneDrive\Desktop\Kern\data\raw\fonts\Sacramento_regular.ttf,ok,5,185,180,5,0,
Creepster,Creepster_regular,regular,C:\Users\angel\OneDrive\Desktop\Kern\data\raw\fonts\Creepster_regular.ttf,ok,367,367,0,367,0,
Signika Negative,Signika_Negative_300,300,C:\Users\angel\OneDrive\Desktop\Kern\data\raw\fonts\Signika_Negative_300.ttf,ok,156,381,225,156,0,
Signika Negative,Signika_Negative_regular,regular,C:\Users\angel\OneDrive\Desktop\Kern\data\raw\fonts\Signika_Negative_regular.ttf,ok,171,381,210,171,0,
Signika Negative,Signika_Negative_500,500,C:\Users\angel\OneDrive\Desktop\Kern\data\raw\fonts\Signika_Negative_500.ttf,ok,171,381,210,171,0,
Signika Negative,Signika_Negative_600,600,C:\Users\angel\OneDrive\Desktop\Kern\data\raw\fonts\Signika_Negative_600.ttf,ok,171,381,210,171,0,
Signika Negative,Signika_Negative_700,700,C:\Users\angel\OneDrive\Desktop\Kern\data\raw\fonts\Signika_Negative_700.ttf,ok,171,381,210,171,0,
Sen,Sen_regular,regular,C:\Users\angel\OneDrive\Desktop\Kern\data\raw\fonts\Sen_regular.ttf,ok,32,96,64,32,0,
Sen,Sen_500,500,C:\Users\angel\OneDrive\Desktop\Kern\data\raw\fonts\Sen_500.ttf,ok,84,96,12,84,0,
Sen,Sen_600,600,C:\Users\angel\OneDrive\Desktop\Kern\data\raw\fonts\Sen_600.ttf,ok,84,96,12,84,0,
Sen,Sen_700,700,C:\Users\angel\OneDrive\Desktop\Kern\data\raw\fonts\Sen_700.ttf,ok,84,96,12,84,0,
Sen,Sen_800,800,C:\Users\angel\OneDrive\Desktop\Kern\data\raw\fonts\Sen_800.ttf,ok,76,96,20,76,0,
PT Sans Caption,PT_Sans_Caption_regular,regular,C:\Users\angel\OneDrive\Desktop\Kern\data\raw\fonts\PT_Sans_Caption_regular.ttf,ok,12,564,552,12,0,
PT Sans Caption,PT_Sans_Caption_700,700,C:\Users\angel\OneDrive\Desktop\Kern\data\raw\fonts\PT_Sans_Caption_700.ttf,ok,15,567,552,15,0,
Oleo Script,Oleo_Script_regular,regular,C:\Users\angel\OneDrive\Desktop\Kern\data\raw\fonts\Oleo_Script_regular.ttf,ok,195,195,0,195,0,
Oleo Script,Oleo_Script_700,700,C:\Users\angel\OneDrive\Desktop\Kern\data\raw\fonts\Oleo_Script_700.ttf,ok,178,178,0,178,0,
Noto Sans Hebrew,Noto_Sans_Hebrew_100,100,C:\Users\angel\OneDrive\Desktop\Kern\data\raw\fonts\Noto_Sans_Hebrew_100.ttf,ok,7,501,494,7,0,
Noto Sans Hebrew,Noto_Sans_Hebrew_200,200,C:\Users\angel\OneDrive\Desktop\Kern\data\raw\fonts\Noto_Sans_Hebrew_200.ttf,ok,7,501,494,7,0,
Noto Sans Hebrew,Noto_Sans_Hebrew_300,300,C:\Users\angel\OneDrive\Desktop\Kern\data\raw\fonts\Noto_Sans_Hebrew_300.ttf,ok,7,501,494,7,0,
Noto Sans Hebrew,Noto_Sans_Hebrew_regular,regular,C:\Users\angel\OneDrive\Desktop\Kern\data\raw\fonts\Noto_Sans_Hebrew_regular.ttf,ok,7,501,494,7,0,
Noto Sans Hebrew,Noto_Sans_Hebrew_500,500,C:\Users\angel\OneDrive\Desktop\Kern\data\raw\fonts\Noto_Sans_Hebrew_500.ttf,ok,7,501,494,7,0,
Noto Sans Hebrew,Noto_Sans_Hebrew_600,600,C:\Users\angel\OneDrive\Desktop\Kern\data\raw\fonts\Noto_Sans_Hebrew_600.ttf,ok,7,501,494,7,0,
Noto Sans Hebrew,Noto_Sans_Hebrew_700,700,C:\Users\angel\OneDrive\Desktop\Kern\data\raw\fonts\Noto_Sans_Hebrew_700.ttf,ok,7,501,494,7,0,
Noto Sans Hebrew,Noto_Sans_Hebrew_800,800,C:\Users\angel\OneDrive\Desktop\Kern\data\raw\fonts\Noto_Sans_Hebrew_800.ttf,ok,7,501,494,7,0,
Noto Sans Hebrew,Noto_Sans_Hebrew_900,900,C:\Users\angel\OneDrive\Desktop\Kern\data\raw\fonts\Noto_Sans_Hebrew_900.ttf,ok,7,501,494,7,0,
IBM Plex Sans Condensed,IBM_Plex_Sans_Condensed_100,100,C:\Users\angel\OneDrive\Desktop\Kern\data\raw\fonts\IBM_Plex_Sans_Condensed_100.ttf,ok,22,2738,2716,22,0,
IBM Plex Sans Condensed,IBM_Plex_Sans_Condensed_100italic,100italic,C:\Users\angel\OneDrive\Desktop\Kern\data\raw\fonts\IBM_Plex_Sans_Condensed_100italic.ttf,ok,21,2409,2388,21,0,
IBM Plex Sans Condensed,IBM_Plex_Sans_Condensed_200,200,C:\Users\angel\OneDrive\Desktop\Kern\data\raw\fonts\IBM_Plex_Sans_Condensed_200.ttf,ok,22,2692,2670,22,0,
IBM Plex Sans Condensed,IBM_Plex_Sans_Condensed_200italic,200italic,C:\Users\angel\OneDrive\Desktop\Kern\data\raw\fonts\IBM_Plex_Sans_Condensed_200italic.ttf,ok,22,2346,2324,22,0,
IBM Plex Sans Condensed,IBM_Plex_Sans_Condensed_300,300,C:\Users\angel\OneDrive\Desktop\Kern\data\raw\fonts\IBM_Plex_Sans_Condensed_300.ttf,ok,23,2693,2670,23,0,
IBM Plex Sans Condensed,IBM_Plex_Sans_Condensed_300italic,300italic,C:\Users\angel\OneDrive\Desktop\Kern\data\raw\fonts\IBM_Plex_Sans_Condensed_300italic.ttf,ok,23,2347,2324,23,0,
IBM Plex Sans Condensed,IBM_Plex_Sans_Condensed_regular,regular,C:\Users\angel\OneDrive\Desktop\Kern\data\raw\fonts\IBM_Plex_Sans_Condensed_regular.ttf,ok,23,2693,2670,23,0,
IBM Plex Sans Condensed,IBM_Plex_Sans_Condensed_italic,italic,C:\Users\angel\OneDrive\Desktop\Kern\data\raw\fonts\IBM_Plex_Sans_Condensed_italic.ttf,ok,19,2344,2325,19,0,
IBM Plex Sans Condensed,IBM_Plex_Sans_Condensed_500,500,C:\Users\angel\OneDrive\Desktop\Kern\data\raw\fonts\IBM_Plex_Sans_Condensed_500.ttf,ok,21,2691,2670,21,0,
IBM Plex Sans Condensed,IBM_Plex_Sans_Condensed_500italic,500italic,C:\Users\angel\OneDrive\Desktop\Kern\data\raw\fonts\IBM_Plex_Sans_Condensed_500italic.ttf,ok,23,2347,2324,23,0,
IBM Plex Sans Condensed,IBM_Plex_Sans_Condensed_600,600,C:\Users\angel\OneDrive\Desktop\Kern\data\raw\fonts\IBM_Plex_Sans_Condensed_600.ttf,ok,23,2693,2670,23,0,
IBM Plex Sans Condensed,IBM_Plex_Sans_Condensed_600italic,600italic,C:\Users\angel\OneDrive\Desktop\Kern\data\raw\fonts\IBM_Plex_Sans_Condensed_600italic.ttf,ok,23,2347,2324,23,0,
IBM Plex Sans Condensed,IBM_Plex_Sans_Condensed_700,700,C:\Users\angel\OneDrive\Desktop\Kern\data\raw\fonts\IBM_Plex_Sans_Condensed_700.ttf,ok,18,3145,3127,18,0,
IBM Plex Sans Condensed,IBM_Plex_Sans_Condensed_700italic,700italic,C:\Users\angel\OneDrive\Desktop\Kern\data\raw\fonts\IBM_Plex_Sans_Condensed_700italic.ttf,ok,22,2900,2878,22,0,
Yantramanav,Yantramanav_100,100,C:\Users\angel\OneDrive\Desktop\Kern\data\raw\fonts\Yantramanav_100.ttf,ok,19,459,440,19,0,
Yantramanav,Yantramanav_300,300,C:\Users\angel\OneDrive\Desktop\Kern\data\raw\fonts\Yantramanav_300.ttf,ok,18,458,440,18,0,
Yantramanav,Yantramanav_regular,regular,C:\Users\angel\OneDrive\Desktop\Kern\data\raw\fonts\Yantramanav_regular.ttf,ok,18,458,440,18,0,
Yantramanav,Yantramanav_500,500,C:\Users\angel\OneDrive\Desktop\Kern\data\raw\fonts\Yantramanav_500.ttf,ok,18,458,440,18,0,
Yantramanav,Yantramanav_700,700,C:\Users\angel\OneDrive\Desktop\Kern\data\raw\fonts\Yantramanav_700.ttf,ok,18,458,440,18,0,
Yantramanav,Yantramanav_900,900,C:\Users\angel\OneDrive\Desktop\Kern\data\raw\fonts\Yantramanav_900.ttf,ok,19,459,440,19,0,
Lusitana,Lusitana_regular,regular,C:\Users\angel\OneDrive\Desktop\Kern\data\raw\fonts\Lusitana_regular.ttf,ok,49,49,0,49,0,
Lusitana,Lusitana_700,700,C:\Users\angel\OneDrive\Desktop\Kern\data\raw\fonts\Lusitana_700.ttf,ok,50,50,0,50,0,
Gruppo,Gruppo_regular,regular,C:\Users\angel\OneDrive\Desktop\Kern\data\raw\fonts\Gruppo_regular.ttf,ok,346,826,480,346,0,
Francois One,Francois_One_regular,regular,C:\Users\angel\OneDrive\Desktop\Kern\data\raw\fonts\Francois_One_regular.ttf,ok,75,75,0,75,0,
Cookie,Cookie_regular,regular,C:\Users\angel\OneDrive\Desktop\Kern\data\raw\fonts\Cookie_regular.ttf,ok,0,0,0,0,0,
Philosopher,Philosopher_regular,regular,C:\Users\angel\OneDrive\Desktop\Kern\data\raw\fonts\Philosopher_regular.ttf,ok,519,3499,2980,519,0,
Philosopher,Philosopher_italic,italic,C:\Users\angel\OneDrive\Desktop\Kern\data\raw\fonts\Philosopher_italic.ttf,ok,558,3574,3016,558,0,
Philosopher,Philosopher_700,700,C:\Users\angel\OneDrive\Desktop\Kern\data\raw\fonts\Philosopher_700.ttf,ok,507,3487,2980,507,0,
Philosopher,Philosopher_700italic,700italic,C:\Users\angel\OneDrive\Desktop\Kern\data\raw\fonts\Philosopher_700italic.ttf,ok,540,3556,3016,540,0,
Fugaz One,Fugaz_One_regular,regular,C:\Users\angel\OneDrive\Desktop\Kern\data\raw\fonts\Fugaz_One_regular.ttf,ok,244,244,0,244,0,
Zen Old Mincho,Zen_Old_Mincho_regular,regular,C:\Users\angel\OneDrive\Desktop\Kern\data\raw\fonts\Zen_Old_Mincho_regular.ttf,ok,0,4,4,0,0,
Zen Old Mincho,Zen_Old_Mincho_500,500,C:\Users\angel\OneDrive\Desktop\Kern\data\raw\fonts\Zen_Old_Mincho_500.ttf,ok,0,4,4,0,0,
Zen Old Mincho,Zen_Old_Mincho_600,600,C:\Users\angel\OneDrive\Desktop\Kern\data\raw\fonts\Zen_Old_Mincho_600.ttf,ok,0,4,4,0,0,
Zen Old Mincho,Zen_Old_Mincho_700,700,C:\Users\angel\OneDrive\Desktop\Kern\data\raw\fonts\Zen_Old_Mincho_700.ttf,ok,0,4,4,0,0,
Zen Old Mincho,Zen_Old_Mincho_900,900,C:\Users\angel\OneDrive\Desktop\Kern\data\raw\fonts\Zen_Old_Mincho_900.ttf,ok,0,4,4,0,0,
Bai Jamjuree,Bai_Jamjuree_200,200,C:\Users\angel\OneDrive\Desktop\Kern\data\raw\fonts\Bai_Jamjuree_200.ttf,ok,24,9463,9439,24,0,
Bai Jamjuree,Bai_Jamjuree_200italic,200italic,C:\Users\angel\OneDrive\Desktop\Kern\data\raw\fonts\Bai_Jamjuree_200italic.ttf,ok,24,9463,9439,24,0,
Bai Jamjuree,Bai_Jamjuree_300,300,C:\Users\angel\OneDrive\Desktop\Kern\data\raw\fonts\Bai_Jamjuree_300.ttf,ok,24,9463,9439,24,0,
Bai Jamjuree,Bai_Jamjuree_300italic,300italic,C:\Users\angel\OneDrive\Desktop\Kern\data\raw\fonts\Bai_Jamjuree_300italic.ttf,ok,24,9463,9439,24,0,
Bai Jamjuree,Bai_Jamjuree_regular,regular,C:\Users\angel\OneDrive\Desktop\Kern\data\raw\fonts\Bai_Jamjuree_regular.ttf,ok,24,9463,9439,24,0,
Bai Jamjuree,Bai_Jamjuree_italic,italic,C:\Users\angel\OneDrive\Desktop\Kern\data\raw\fonts\Bai_Jamjuree_italic.ttf,ok,24,9463,9439,24,0,
Bai Jamjuree,Bai_Jamjuree_500,500,C:\Users\angel\OneDrive\Desktop\Kern\data\raw\fonts\Bai_Jamjuree_500.ttf,ok,24,9463,9439,24,0,
Bai Jamjuree,Bai_Jamjuree_500italic,500italic,C:\Users\angel\OneDrive\Desktop\Kern\data\raw\fonts\Bai_Jamjuree_500italic.ttf,ok,24,9463,9439,24,0,
Bai Jamjuree,Bai_Jamjuree_600,600,C:\Users\angel\OneDrive\Desktop\Kern\data\raw\fonts\Bai_Jamjuree_600.ttf,ok,24,9463,9439,24,0,
Bai Jamjuree,Bai_Jamjuree_600italic,600italic,C:\Users\angel\OneDrive\Desktop\Kern\data\raw\fonts\Bai_Jamjuree_600italic.ttf,ok,24,9463,9439,24,0,
Bai Jamjuree,Bai_Jamjuree_700,700,C:\Users\angel\OneDrive\Desktop\Kern\data\raw\fonts\Bai_Jamjuree_700.ttf,ok,24,9463,9439,24,0,
Bai Jamjuree,Bai_Jamjuree_700italic,700italic,C:\Users\angel\OneDrive\Desktop\Kern\data\raw\fonts\Bai_Jamjuree_700italic.ttf,ok,24,9463,9439,24,0,
BIZ UDPGothic,BIZ_UDPGothic_regular,regular,C:\Users\angel\OneDrive\Desktop\Kern\data\raw\fonts\BIZ_UDPGothic_regular.ttf,ok,0,0,0,0,0,
BIZ UDPGothic,BIZ_UDPGothic_700,700,C:\Users\angel\OneDrive\Desktop\Kern\data\raw\fonts\BIZ_UDPGothic_700.ttf,ok,0,0,0,0,0,
Actor,Actor_regular,regular,C:\Users\angel\OneDrive\Desktop\Kern\data\raw\fonts\Actor_regular.ttf,ok,109,109,0,109,0,
Sofia Sans Condensed,Sofia_Sans_Condensed_100,100,C:\Users\angel\OneDrive\Desktop\Kern\data\raw\fonts\Sofia_Sans_Condensed_100.ttf,ok,4,4,0,4,0,
Sofia Sans Condensed,Sofia_Sans_Condensed_200,200,C:\Users\angel\OneDrive\Desktop\Kern\data\raw\fonts\Sofia_Sans_Condensed_200.ttf,ok,4,4,0,4,0,
Sofia Sans Condensed,Sofia_Sans_Condensed_300,300,C:\Users\angel\OneDrive\Desktop\Kern\data\raw\fonts\Sofia_Sans_Condensed_300.ttf,ok,4,4,0,4,0,
Sofia Sans Condensed,Sofia_Sans_Condensed_regular,regular,C:\Users\angel\OneDrive\Desktop\Kern\data\raw\fonts\Sofia_Sans_Condensed_regular.ttf,ok,4,4,0,4,0,
Sofia Sans Condensed,Sofia_Sans_Condensed_500,500,C:\Users\angel\OneDrive\Desktop\Kern\data\raw\fonts\Sofia_Sans_Condensed_500.ttf,ok,4,4,0,4,0,
Sofia Sans Condensed,Sofia_Sans_Condensed_600,600,C:\Users\angel\OneDrive\Desktop\Kern\data\raw\fonts\Sofia_Sans_Condensed_600.ttf,ok,4,4,0,4,0,
Sofia Sans Condensed,Sofia_Sans_Condensed_700,700,C:\Users\angel\OneDrive\Desktop\Kern\data\raw\fonts\Sofia_Sans_Condensed_700.ttf,ok,4,4,0,4,0,
Sofia Sans Condensed,Sofia_Sans_Condensed_800,800,C:\Users\angel\OneDrive\Desktop\Kern\data\raw\fonts\Sofia_Sans_Condensed_800.ttf,ok,4,4,0,4,0,
Sofia Sans Condensed,Sofia_Sans_Condensed_900,900,C:\Users\angel\OneDrive\Desktop\Kern\data\raw\fonts\Sofia_Sans_Condensed_900.ttf,ok,4,4,0,4,0,
Sofia Sans Condensed,Sofia_Sans_Condensed_100italic,100italic,C:\Users\angel\OneDrive\Desktop\Kern\data\raw\fonts\Sofia_Sans_Condensed_100italic.ttf,ok,5,5,0,5,0,
Sofia Sans Condensed,Sofia_Sans_Condensed_200italic,200italic,C:\Users\angel\OneDrive\Desktop\Kern\data\raw\fonts\Sofia_Sans_Condensed_200italic.ttf,ok,5,5,0,5,0,
Sofia Sans Condensed,Sofia_Sans_Condensed_300italic,300italic,C:\Users\angel\OneDrive\Desktop\Kern\data\raw\fonts\Sofia_Sans_Condensed_300italic.ttf,ok,5,5,0,5,0,
Sofia Sans Condensed,Sofia_Sans_Condensed_italic,italic,C:\Users\angel\OneDrive\Desktop\Kern\data\raw\fonts\Sofia_Sans_Condensed_italic.ttf,ok,5,5,0,5,0,
Sofia Sans Condensed,Sofia_Sans_Condensed_500italic,500italic,C:\Users\angel\OneDrive\Desktop\Kern\data\raw\fonts\Sofia_Sans_Condensed_500italic.ttf,ok,5,5,0,5,0,
Sofia Sans Condensed,Sofia_Sans_Condensed_600italic,600italic,C:\Users\angel\OneDrive\Desktop\Kern\data\raw\fonts\Sofia_Sans_Condensed_600italic.ttf,ok,5,5,0,5,0,
Sofia Sans Condensed,Sofia_Sans_Condensed_700italic,700italic,C:\Users\angel\OneDrive\Desktop\Kern\data\raw\fonts\Sofia_Sans_Condensed_700italic.ttf,ok,5,5,0,5,0,
Sofia Sans Condensed,Sofia_Sans_Condensed_800italic,800italic,C:\Users\angel\OneDrive\Desktop\Kern\data\raw\fonts\Sofia_Sans_Condensed_800italic.ttf,ok,5,5,0,5,0,
Sofia Sans Condensed,Sofia_Sans_Condensed_900italic,900italic,C:\Users\angel\OneDrive\Desktop\Kern\data\raw\fonts\Sofia_Sans_Condensed_900italic.ttf,ok,5,5,0,5,0,
Patrick Hand,Patrick_Hand_regular,regular,C:\Users\angel\OneDrive\Desktop\Kern\data\raw\fonts\Patrick_Hand_regular.ttf,ok,0,0,0,0,0,
Commissioner,Commissioner_100,100,C:\Users\angel\OneDrive\Desktop\Kern\data\raw\fonts\Commissioner_100.ttf,ok,0,0,0,0,0,
Commissioner,Commissioner_200,200,C:\Users\angel\OneDrive\Desktop\Kern\data\raw\fonts\Commissioner_200.ttf,ok,0,0,0,0,0,
Commissioner,Commissioner_300,300,C:\Users\angel\OneDrive\Desktop\Kern\data\raw\fonts\Commissioner_300.ttf,ok,0,0,0,0,0,
Commissioner,Commissioner_regular,regular,C:\Users\angel\OneDrive\Desktop\Kern\data\raw\fonts\Commissioner_regular.ttf,ok,0,0,0,0,0,
Commissioner,Commissioner_500,500,C:\Users\angel\OneDrive\Desktop\Kern\data\raw\fonts\Commissioner_500.ttf,ok,0,0,0,0,0,
Commissioner,Commissioner_600,600,C:\Users\angel\OneDrive\Desktop\Kern\data\raw\fonts\Commissioner_600.ttf,ok,0,0,0,0,0,
Commissioner,Commissioner_700,700,C:\Users\angel\OneDrive\Desktop\Kern\data\raw\fonts\Commissioner_700.ttf,ok,0,0,0,0,0,
Commissioner,Commissioner_800,800,C:\Users\angel\OneDrive\Desktop\Kern\data\raw\fonts\Commissioner_800.ttf,ok,0,0,0,0,0,
Commissioner,Commissioner_900,900,C:\Users\angel\OneDrive\Desktop\Kern\data\raw\fonts\Commissioner_900.ttf,ok,0,0,0,0,0,
Bevan,Bevan_regular,regular,C:\Users\angel\OneDrive\Desktop\Kern\data\raw\fonts\Bevan_regular.ttf,ok,34,38,4,34,0,
Bevan,Bevan_italic,italic,C:\Users\angel\OneDrive\Desktop\Kern\data\raw\fonts\Bevan_italic.ttf,ok,34,39,5,34,0,
Oxanium,Oxanium_200,200,C:\Users\angel\OneDrive\Desktop\Kern\data\raw\fonts\Oxanium_200.ttf,ok,0,780,780,0,0,
Oxanium,Oxanium_300,300,C:\Users\angel\OneDrive\Desktop\Kern\data\raw\fonts\Oxanium_300.ttf,ok,0,780,780,0,0,
Oxanium,Oxanium_regular,regular,C:\Users\angel\OneDrive\Desktop\Kern\data\raw\fonts\Oxanium_regular.ttf,ok,0,780,780,0,0,
Oxanium,Oxanium_500,500,C:\Users\angel\OneDrive\Desktop\Kern\data\raw\fonts\Oxanium_500.ttf,ok,0,780,780,0,0,
Oxanium,Oxanium_600,600,C:\Users\angel\OneDrive\Desktop\Kern\data\raw\fonts\Oxanium_600.ttf,ok,0,780,780,0,0,
Oxanium,Oxanium_700,700,C:\Users\angel\OneDrive\Desktop\Kern\data\raw\fonts\Oxanium_700.ttf,ok,0,780,780,0,0,
Oxanium,Oxanium_800,800,C:\Users\angel\OneDrive\Desktop\Kern\data\raw\fonts\Oxanium_800.ttf,ok,0,780,780,0,0,
Antonio,Antonio_100,100,C:\Users\angel\OneDrive\Desktop\Kern\data\raw\fonts\Antonio_100.ttf,ok,0,900,900,0,0,
Antonio,Antonio_200,200,C:\Users\angel\OneDrive\Desktop\Kern\data\raw\fonts\Antonio_200.ttf,ok,0,900,900,0,0,
Antonio,Antonio_300,300,C:\Users\angel\OneDrive\Desktop\Kern\data\raw\fonts\Antonio_300.ttf,ok,0,900,900,0,0,
Antonio,Antonio_regular,regular,C:\Users\angel\OneDrive\Desktop\Kern\data\raw\fonts\Antonio_regular.ttf,ok,0,900,900,0,0,
Antonio,Antonio_500,500,C:\Users\angel\OneDrive\Desktop\Kern\data\raw\fonts\Antonio_500.ttf,ok,0,900,900,0,0,
Antonio,Antonio_600,600,C:\Users\angel\OneDrive\Desktop\Kern\data\raw\fonts\Antonio_600.ttf,ok,0,900,900,0,0,
Antonio,Antonio_700,700,C:\Users\angel\OneDrive\Desktop\Kern\data\raw\fonts\Antonio_700.ttf,ok,0,900,900,0,0,
Gelasio,Gelasio_regular,regular,C:\Users\angel\OneDrive\Desktop\Kern\data\raw\fonts\Gelasio_regular.ttf,ok,0,2704,2704,0,0,
Gelasio,Gelasio_500,500,C:\Users\angel\OneDrive\Desktop\Kern\data\raw\fonts\Gelasio_500.ttf,ok,0,2704,2704,0,0,
Gelasio,Gelasio_600,600,C:\Users\angel\OneDrive\Desktop\Kern\data\raw\fonts\Gelasio_600.ttf,ok,0,2704,2704,0,0,
Gelasio,Gelasio_700,700,C:\Users\angel\OneDrive\Desktop\Kern\data\raw\fonts\Gelasio_700.ttf,ok,0,2704,2704,0,0,
Gelasio,Gelasio_italic,italic,C:\Users\angel\OneDrive\Desktop\Kern\data\raw\fonts\Gelasio_italic.ttf,ok,0,0,0,0,0,
Gelasio,Gelasio_500italic,500italic,C:\Users\angel\OneDrive\Desktop\Kern\data\raw\fonts\Gelasio_500italic.ttf,ok,0,0,0,0,0,
Gelasio,Gelasio_600italic,600italic,C:\Users\angel\OneDrive\Desktop\Kern\data\raw\fonts\Gelasio_600italic.ttf,ok,0,0,0,0,0,
Gelasio,Gelasio_700italic,700italic,C:\Users\angel\OneDrive\Desktop\Kern\data\raw\fonts\Gelasio_700italic.ttf,ok,0,0,0,0,0,
Playfair Display SC,Playfair_Display_SC_regular,regular,C:\Users\angel\OneDrive\Desktop\Kern\data\raw\fonts\Playfair_Display_SC_regular.ttf,ok,10,28350,28340,10,0,
Playfair Display SC,Playfair_Display_SC_italic,italic,C:\Users\angel\OneDrive\Desktop\Kern\data\raw\fonts\Playfair_Display_SC_italic.ttf,ok,7,23522,23515,7,0,
Playfair Display SC,Playfair_Display_SC_700,700,C:\Users\angel\OneDrive\Desktop\Kern\data\raw\fonts\Playfair_Display_SC_700.ttf,ok,15,28303,28288,15,0,
Playfair Display SC,Playfair_Display_SC_700italic,700italic,C:\Users\angel\OneDrive\Desktop\Kern\data\raw\fonts\Playfair_Display_SC_700italic.ttf,ok,12,22622,22610,12,0,
Playfair Display SC,Playfair_Display_SC_900,900,C:\Users\angel\OneDrive\Desktop\Kern\data\raw\fonts\Playfair_Display_SC_900.ttf,ok,15,25729,25714,15,0,
Playfair Display SC,Playfair_Display_SC_900italic,900italic,C:\Users\angel\OneDrive\Desktop\Kern\data\raw\fonts\Playfair_Display_SC_900italic.ttf,ok,12,20368,20356,12,0,
Kosugi Maru,Kosugi_Maru_regular,regular,C:\Users\angel\OneDrive\Desktop\Kern\data\raw\fonts\Kosugi_Maru_regular.ttf,ok,0,0,0,0,0,
Alexandria,Alexandria_100,100,C:\Users\angel\OneDrive\Desktop\Kern\data\raw\fonts\Alexandria_100.ttf,ok,27,75,48,27,0,
Alexandria,Alexandria_200,200,C:\Users\angel\OneDrive\Desktop\Kern\data\raw\fonts\Alexandria_200.ttf,ok,27,75,48,27,0,
Alexandria,Alexandria_300,300,C:\Users\angel\OneDrive\Desktop\Kern\data\raw\fonts\Alexandria_300.ttf,ok,27,75,48,27,0,
Alexandria,Alexandria_regular,regular,C:\Users\angel\OneDrive\Desktop\Kern\data\raw\fonts\Alexandria_regular.ttf,ok,27,75,48,27,0,
Alexandria,Alexandria_500,500,C:\Users\angel\OneDrive\Desktop\Kern\data\raw\fonts\Alexandria_500.ttf,ok,27,75,48,27,0,
Alexandria,Alexandria_600,600,C:\Users\angel\OneDrive\Desktop\Kern\data\raw\fonts\Alexandria_600.ttf,ok,27,75,48,27,0,
Alexandria,Alexandria_700,700,C:\Users\angel\OneDrive\Desktop\Kern\data\raw\fonts\Alexandria_700.ttf,ok,27,75,48,27,0,
Alexandria,Alexandria_800,800,C:\Users\angel\OneDrive\Desktop\Kern\data\raw\fonts\Alexandria_800.ttf,ok,27,75,48,27,0,
Alexandria,Alexandria_900,900,C:\Users\angel\OneDrive\Desktop\Kern\data\raw\fonts\Alexandria_900.ttf,ok,27,75,48,27,0,
Ubuntu Condensed,Ubuntu_Condensed_regular,regular,C:\Users\angel\OneDrive\Desktop\Kern\data\raw\fonts\Ubuntu_Condensed_regular.ttf,ok,0,32674,32674,0,0,
Didact Gothic,Didact_Gothic_regular,regular,C:\Users\angel\OneDrive\Desktop\Kern\data\raw\fonts\Didact_Gothic_regular.ttf,ok,23,36911,36888,23,0,
Rokkitt,Rokkitt_100,100,C:\Users\angel\OneDrive\Desktop\Kern\data\raw\fonts\Rokkitt_100.ttf,ok,0,0,0,0,0,
Rokkitt,Rokkitt_200,200,C:\Users\angel\OneDrive\Desktop\Kern\data\raw\fonts\Rokkitt_200.ttf,ok,0,0,0,0,0,
Rokkitt,Rokkitt_300,300,C:\Users\angel\OneDrive\Desktop\Kern\data\raw\fonts\Rokkitt_300.ttf,ok,0,0,0,0,0,
Rokkitt,Rokkitt_regular,regular,C:\Users\angel\OneDrive\Desktop\Kern\data\raw\fonts\Rokkitt_regular.ttf,ok,0,0,0,0,0,
Rokkitt,Rokkitt_500,500,C:\Users\angel\OneDrive\Desktop\Kern\data\raw\fonts\Rokkitt_500.ttf,ok,0,0,0,0,0,
Rokkitt,Rokkitt_600,600,C:\Users\angel\OneDrive\Desktop\Kern\data\raw\fonts\Rokkitt_600.ttf,ok,0,0,0,0,0,
Rokkitt,Rokkitt_700,700,C:\Users\angel\OneDrive\Desktop\Kern\data\raw\fonts\Rokkitt_700.ttf,ok,0,0,0,0,0,
Rokkitt,Rokkitt_800,800,C:\Users\angel\OneDrive\Desktop\Kern\data\raw\fonts\Rokkitt_800.ttf,ok,0,0,0,0,0,
Rokkitt,Rokkitt_900,900,C:\Users\angel\OneDrive\Desktop\Kern\data\raw\fonts\Rokkitt_900.ttf,ok,0,0,0,0,0,
Rokkitt,Rokkitt_100italic,100italic,C:\Users\angel\OneDrive\Desktop\Kern\data\raw\fonts\Rokkitt_100italic.ttf,ok,0,1,1,0,0,
Rokkitt,Rokkitt_200italic,200italic,C:\Users\angel\OneDrive\Desktop\Kern\data\raw\fonts\Rokkitt_200italic.ttf,ok,1,1,0,1,0,
Rokkitt,Rokkitt_300italic,300italic,C:\Users\angel\OneDrive\Desktop\Kern\data\raw\fonts\Rokkitt_300italic.ttf,ok,1,1,0,1,0,
Rokkitt,Rokkitt_italic,italic,C:\Users\angel\OneDrive\Desktop\Kern\data\raw\fonts\Rokkitt_italic.ttf,ok,1,1,0,1,0,
Rokkitt,Rokkitt_500italic,500italic,C:\Users\angel\OneDrive\Desktop\Kern\data\raw\fonts\Rokkitt_500italic.ttf,ok,1,1,0,1,0,
Rokkitt,Rokkitt_600italic,600italic,C:\Users\angel\OneDrive\Desktop\Kern\data\raw\fonts\Rokkitt_600italic.ttf,ok,1,1,0,1,0,
Rokkitt,Rokkitt_700italic,700italic,C:\Users\angel\OneDrive\Desktop\Kern\data\raw\fonts\Rokkitt_700italic.ttf,ok,1,1,0,1,0,
Rokkitt,Rokkitt_800italic,800italic,C:\Users\angel\OneDrive\Desktop\Kern\data\raw\fonts\Rokkitt_800italic.ttf,ok,1,1,0,1,0,
Rokkitt,Rokkitt_900italic,900italic,C:\Users\angel\OneDrive\Desktop\Kern\data\raw\fonts\Rokkitt_900italic.ttf,ok,1,1,0,1,0,
Rock Salt,Rock_Salt_regular,regular,C:\Users\angel\OneDrive\Desktop\Kern\data\raw\fonts\Rock_Salt_regular.ttf,ok,158,158,0,158,0,
Amaranth,Amaranth_regular,regular,C:\Users\angel\OneDrive\Desktop\Kern\data\raw\fonts\Amaranth_regular.ttf,ok,900,1396,496,900,0,
Amaranth,Amaranth_italic,italic,C:\Users\angel\OneDrive\Desktop\Kern\data\raw\fonts\Amaranth_italic.ttf,ok,1126,1622,496,1126,0,
Amaranth,Amaranth_700,700,C:\Users\angel\OneDrive\Desktop\Kern\data\raw\fonts\Amaranth_700.ttf,ok,900,1396,496,900,0,
Amaranth,Amaranth_700italic,700italic,C:\Users\angel\OneDrive\Desktop\Kern\data\raw\fonts\Amaranth_700italic.ttf,ok,1126,1622,496,1126,0,
Libre Bodoni,Libre_Bodoni_regular,regular,C:\Users\angel\OneDrive\Desktop\Kern\data\raw\fonts\Libre_Bodoni_regular.ttf,ok,156,2213,2057,156,0,
Libre Bodoni,Libre_Bodoni_500,500,C:\Users\angel\OneDrive\Desktop\Kern\data\raw\fonts\Libre_Bodoni_500.ttf,ok,158,2213,2055,158,0,
Libre Bodoni,Libre_Bodoni_600,600,C:\Users\angel\OneDrive\Desktop\Kern\data\raw\fonts\Libre_Bodoni_600.ttf,ok,161,2213,2052,161,0,
Libre Bodoni,Libre_Bodoni_700,700,C:\Users\angel\OneDrive\Desktop\Kern\data\raw\fonts\Libre_Bodoni_700.ttf,ok,149,2213,2064,149,0,
Libre Bodoni,Libre_Bodoni_italic,italic,C:\Users\angel\OneDrive\Desktop\Kern\data\raw\fonts\Libre_Bodoni_italic.ttf,ok,94,449,355,94,0,
Libre Bodoni,Libre_Bodoni_500italic,500italic,C:\Users\angel\OneDrive\Desktop\Kern\data\raw\fonts\Libre_Bodoni_500italic.ttf,ok,107,449,342,107,0,
Libre Bodoni,Libre_Bodoni_600italic,600italic,C:\Users\angel\OneDrive\Desktop\Kern\data\raw\fonts\Libre_Bodoni_600italic.ttf,ok,106,449,343,106,0,
Libre Bodoni,Libre_Bodoni_700italic,700italic,C:\Users\angel\OneDrive\Desktop\Kern\data\raw\fonts\Libre_Bodoni_700italic.ttf,ok,90,449,359,90,0,
Homemade Apple,Homemade_Apple_regular,regular,C:\Users\angel\OneDrive\Desktop\Kern\data\raw\fonts\Homemade_Apple_regular.ttf,ok,0,0,0,0,0,
Pathway Gothic One,Pathway_Gothic_One_regular,regular,C:\Users\angel\OneDrive\Desktop\Kern\data\raw\fonts\Pathway_Gothic_One_regular.ttf,ok,5,1109,1104,5,0,
Gabarito,Gabarito_regular,regular,C:\Users\angel\OneDrive\Desktop\Kern\data\raw\fonts\Gabarito_regular.ttf,ok,28,29,1,28,0,
Gabarito,Gabarito_500,500,C:\Users\angel\OneDrive\Desktop\Kern\data\raw\fonts\Gabarito_500.ttf,ok,29,29,0,29,0,
Gabarito,Gabarito_600,600,C:\Users\angel\OneDrive\Desktop\Kern\data\raw\fonts\Gabarito_600.ttf,ok,29,29,0,29,0,
Gabarito,Gabarito_700,700,C:\Users\angel\OneDrive\Desktop\Kern\data\raw\fonts\Gabarito_700.ttf,ok,29,29,0,29,0,
Gabarito,Gabarito_800,800,C:\Users\angel\OneDrive\Desktop\Kern\data\raw\fonts\Gabarito_800.ttf,ok,29,29,0,29,0,
Gabarito,Gabarito_900,900,C:\Users\angel\OneDrive\Desktop\Kern\data\raw\fonts\Gabarito_900.ttf,ok,9,29,20,9,0,
Forum,Forum_regular,regular,C:\Users\angel\OneDrive\Desktop\Kern\data\raw\fonts\Forum_regular.ttf,ok,374,374,0,374,0,
Gilda Display,Gilda_Display_regular,regular,C:\Users\angel\OneDrive\Desktop\Kern\data\raw\fonts\Gilda_Display_regular.ttf,ok,66,1026,960,66,0,
Josefin Slab,Josefin_Slab_100,100,C:\Users\angel\OneDrive\Desktop\Kern\data\raw\fonts\Josefin_Slab_100.ttf,ok,0,2722,2722,0,0,
Josefin Slab,Josefin_Slab_200,200,C:\Users\angel\OneDrive\Desktop\Kern\data\raw\fonts\Josefin_Slab_200.ttf,ok,0,2722,2722,0,0,
Josefin Slab,Josefin_Slab_300,300,C:\Users\angel\OneDrive\Desktop\Kern\data\raw\fonts\Josefin_Slab_300.ttf,ok,0,2722,2722,0,0,
Josefin Slab,Josefin_Slab_regular,regular,C:\Users\angel\OneDrive\Desktop\Kern\data\raw\fonts\Josefin_Slab_regular.ttf,ok,0,2722,2722,0,0,
Josefin Slab,Josefin_Slab_500,500,C:\Users\angel\OneDrive\Desktop\Kern\data\raw\fonts\Josefin_Slab_500.ttf,ok,0,2722,2722,0,0,
Josefin Slab,Josefin_Slab_600,600,C:\Users\angel\OneDrive\Desktop\Kern\data\raw\fonts\Josefin_Slab_600.ttf,ok,0,2722,2722,0,0,
Josefin Slab,Josefin_Slab_700,700,C:\Users\angel\OneDrive\Desktop\Kern\data\raw\fonts\Josefin_Slab_700.ttf,ok,0,2722,2722,0,0,
Josefin Slab,Josefin_Slab_100italic,100italic,C:\Users\angel\OneDrive\Desktop\Kern\data\raw\fonts\Josefin_Slab_100italic.ttf,ok,0,2713,2713,0,0,
Josefin Slab,Josefin_Slab_200italic,200italic,C:\Users\angel\OneDrive\Desktop\Kern\data\raw\fonts\Josefin_Slab_200italic.ttf,ok,0,2713,2713,0,0,
Josefin Slab,Josefin_Slab_300italic,300italic,C:\Users\angel\OneDrive\Desktop\Kern\data\raw\fonts\Josefin_Slab_300italic.ttf,ok,0,2713,2713,0,0,
Josefin Slab,Josefin_Slab_italic,italic,C:\Users\angel\OneDrive\Desktop\Kern\data\raw\fonts\Josefin_Slab_italic.ttf,ok,0,2713,2713,0,0,
Josefin Slab,Josefin_Slab_500italic,500italic,C:\Users\angel\OneDrive\Desktop\Kern\data\raw\fonts\Josefin_Slab_500italic.ttf,ok,0,2713,2713,0,0,
Josefin Slab,Josefin_Slab_600italic,600italic,C:\Users\angel\OneDrive\Desktop\Kern\data\raw\fonts\Josefin_Slab_600italic.ttf,ok,0,2713,2713,0,0,
Josefin Slab,Josefin_Slab_700italic,700italic,C:\Users\angel\OneDrive\Desktop\Kern\data\raw\fonts\Josefin_Slab_700italic.ttf,ok,0,2713,2713,0,0,
Radio Canada,Radio_Canada_300,300,C:\Users\angel\OneDrive\Desktop\Kern\data\raw\fonts\Radio_Canada_300.ttf,ok,52,1939,1887,52,0,
Radio Canada,Radio_Canada_regular,regular,C:\Users\angel\OneDrive\Desktop\Kern\data\raw\fonts\Radio_Canada_regular.ttf,ok,52,1939,1887,52,0,
Radio Canada,Radio_Canada_500,500,C:\Users\angel\OneDrive\Desktop\Kern\data\raw\fonts\Radio_Canada_500.ttf,ok,52,1939,1887,52,0,
Radio Canada,Radio_Canada_600,600,C:\Users\angel\OneDrive\Desktop\Kern\data\raw\fonts\Radio_Canada_600.ttf,ok,52,1939,1887,52,0,
Radio Canada,Radio_Canada_700,700,C:\Users\angel\OneDrive\Desktop\Kern\data\raw\fonts\Radio_Canada_700.ttf,ok,52,1939,1887,52,0,
Radio Canada,Radio_Canada_300italic,300italic,C:\Users\angel\OneDrive\Desktop\Kern\data\raw\fonts\Radio_Canada_300italic.ttf,ok,83,2143,2060,83,0,
Radio Canada,Radio_Canada_italic,italic,C:\Users\angel\OneDrive\Desktop\Kern\data\raw\fonts\Radio_Canada_italic.ttf,ok,83,2143,2060,83,0,
Radio Canada,Radio_Canada_500italic,500italic,C:\Users\angel\OneDrive\Desktop\Kern\data\raw\fonts\Radio_Canada_500italic.ttf,ok,83,2143,2060,83,0,
Radio Canada,Radio_Canada_600italic,600italic,C:\Users\angel\OneDrive\Desktop\Kern\data\raw\fonts\Radio_Canada_600italic.ttf,ok,83,2143,2060,83,0,
Radio Canada,Radio_Canada_700italic,700italic,C:\Users\angel\OneDrive\Desktop\Kern\data\raw\fonts\Radio_Canada_700italic.ttf,ok,83,2143,2060,83,0,
Quattrocento Sans,Quattrocento_Sans_regular,regular,C:\Users\angel\OneDrive\Desktop\Kern\data\raw\fonts\Quattrocento_Sans_regular.ttf,ok,162,162,0,162,0,
Quattrocento Sans,Quattrocento_Sans_italic,italic,C:\Users\angel\OneDrive\Desktop\Kern\data\raw\fonts\Quattrocento_Sans_italic.ttf,ok,199,199,0,199,0,
Quattrocento Sans,Quattrocento_Sans_700,700,C:\Users\angel\OneDrive\Desktop\Kern\data\raw\fonts\Quattrocento_Sans_700.ttf,ok,163,163,0,163,0,
Quattrocento Sans,Quattrocento_Sans_700italic,700italic,C:\Users\angel\OneDrive\Desktop\Kern\data\raw\fonts\Quattrocento_Sans_700italic.ttf,ok,153,153,0,153,0,
Tangerine,Tangerine_regular,regular,C:\Users\angel\OneDrive\Desktop\Kern\data\raw\fonts\Tangerine_regular.ttf,ok,0,0,0,0,0,
Tangerine,Tangerine_700,700,C:\Users\angel\OneDrive\Desktop\Kern\data\raw\fonts\Tangerine_700.ttf,ok,0,0,0,0,0,
Rammetto One,Rammetto_One_regular,regular,C:\Users\angel\OneDrive\Desktop\Kern\data\raw\fonts\Rammetto_One_regular.ttf,ok,154,528,374,154,0,
Kameron,Kameron_regular,regular,C:\Users\angel\OneDrive\Desktop\Kern\data\raw\fonts\Kameron_regular.ttf,ok,124,1403,1279,124,0,
Kameron,Kameron_500,500,C:\Users\angel\OneDrive\Desktop\Kern\data\raw\fonts\Kameron_500.ttf,ok,145,1403,1258,145,0,
Kameron,Kameron_600,600,C:\Users\angel\OneDrive\Desktop\Kern\data\raw\fonts\Kameron_600.ttf,ok,145,1403,1258,145,0,
Kameron,Kameron_700,700,C:\Users\angel\OneDrive\Desktop\Kern\data\raw\fonts\Kameron_700.ttf,ok,141,1403,1262,141,0,
Jura,Jura_300,300,C:\Users\angel\OneDrive\Desktop\Kern\data\raw\fonts\Jura_300.ttf,ok,0,2185,2185,0,0,
Jura,Jura_regular,regular,C:\Users\angel\OneDrive\Desktop\Kern\data\raw\fonts\Jura_regular.ttf,ok,0,2185,2185,0,0,
Jura,Jura_500,500,C:\Users\angel\OneDrive\Desktop\Kern\data\raw\fonts\Jura_500.ttf,ok,0,2185,2185,0,0,
Jura,Jura_600,600,C:\Users\angel\OneDrive\Desktop\Kern\data\raw\fonts\Jura_600.ttf,ok,0,2185,2185,0,0,
Jura,Jura_700,700,C:\Users\angel\OneDrive\Desktop\Kern\data\raw\fonts\Jura_700.ttf,ok,0,2185,2185,0,0,
Berkshire Swash,Berkshire_Swash_regular,regular,C:\Users\angel\OneDrive\Desktop\Kern\data\raw\fonts\Berkshire_Swash_regular.ttf,ok,14,53,39,14,0,
Unica One,Unica_One_regular,regular,C:\Users\angel\OneDrive\Desktop\Kern\data\raw\fonts\Unica_One_regular.ttf,ok,0,1677,1677,0,0,
Poiret One,Poiret_One_regular,regular,C:\Users\angel\OneDrive\Desktop\Kern\data\raw\fonts\Poiret_One_regular.ttf,ok,147,147,0,147,0,
El Messiri,El_Messiri_regular,regular,C:\Users\angel\OneDrive\Desktop\Kern\data\raw\fonts\El_Messiri_regular.ttf,ok,518,840,322,518,0,
El Messiri,El_Messiri_500,500,C:\Users\angel\OneDrive\Desktop\Kern\data\raw\fonts\El_Messiri_500.ttf,ok,552,840,288,552,0,
El Messiri,El_Messiri_600,600,C:\Users\angel\OneDrive\Desktop\Kern\data\raw\fonts\El_Messiri_600.ttf,ok,552,840,288,552,0,
El Messiri,El_Messiri_700,700,C:\Users\angel\OneDrive\Desktop\Kern\data\raw\fonts\El_Messiri_700.ttf,ok,500,840,340,500,0,
Concert One,Concert_One_regular,regular,C:\Users\angel\OneDrive\Desktop\Kern\data\raw\fonts\Concert_One_regular.ttf,ok,0,0,0,0,0,
Parisienne,Parisienne_regular,regular,C:\Users\angel\OneDrive\Desktop\Kern\data\raw\fonts\Parisienne_regular.ttf,ok,3,39,36,3,0,
Architects Daughter,Architects_Daughter_regular,regular,C:\Users\angel\OneDrive\Desktop\Kern\data\raw\fonts\Architects_Daughter_regular.ttf,ok,0,0,0,0,0,
Asap Condensed,Asap_Condensed_200,200,C:\Users\angel\OneDrive\Desktop\Kern\data\raw\fonts\Asap_Condensed_200.ttf,ok,0,266,266,0,0,
Asap Condensed,Asap_Condensed_200italic,200italic,C:\Users\angel\OneDrive\Desktop\Kern\data\raw\fonts\Asap_Condensed_200italic.ttf,ok,0,280,280,0,0,
Asap Condensed,Asap_Condensed_300,300,C:\Users\angel\OneDrive\Desktop\Kern\data\raw\fonts\Asap_Condensed_300.ttf,ok,0,266,266,0,0,
Asap Condensed,Asap_Condensed_300italic,300italic,C:\Users\angel\OneDrive\Desktop\Kern\data\raw\fonts\Asap_Condensed_300italic.ttf,ok,0,280,280,0,0,
Asap Condensed,Asap_Condensed_regular,regular,C:\Users\angel\OneDrive\Desktop\Kern\data\raw\fonts\Asap_Condensed_regular.ttf,ok,0,266,266,0,0,
Asap Condensed,Asap_Condensed_italic,italic,C:\Users\angel\OneDrive\Desktop\Kern\data\raw\fonts\Asap_Condensed_italic.ttf,ok,0,280,280,0,0,
Asap Condensed,Asap_Condensed_500,500,C:\Users\angel\OneDrive\Desktop\Kern\data\raw\fonts\Asap_Condensed_500.ttf,ok,0,266,266,0,0,
Asap Condensed,Asap_Condensed_500italic,500italic,C:\Users\angel\OneDrive\Desktop\Kern\data\raw\fonts\Asap_Condensed_500italic.ttf,ok,0,280,280,0,0,
Asap Condensed,Asap_Condensed_600,600,C:\Users\angel\OneDrive\Desktop\Kern\data\raw\fonts\Asap_Condensed_600.ttf,ok,0,266,266,0,0,
Asap Condensed,Asap_Condensed_600italic,600italic,C:\Users\angel\OneDrive\Desktop\Kern\data\raw\fonts\Asap_Condensed_600italic.ttf,ok,0,280,280,0,0,
Asap Condensed,Asap_Condensed_700,700,C:\Users\angel\OneDrive\Desktop\Kern\data\raw\fonts\Asap_Condensed_700.ttf,ok,0,266,266,0,0,
Asap Condensed,Asap_Condensed_700italic,700italic,C:\Users\angel\OneDrive\Desktop\Kern\data\raw\fonts\Asap_Condensed_700italic.ttf,ok,0,280,280,0,0,
Asap Condensed,Asap_Condensed_800,800,C:\Users\angel\OneDrive\Desktop\Kern\data\raw\fonts\Asap_Condensed_800.ttf,ok,0,266,266,0,0,
Asap Condensed,Asap_Condensed_800italic,800italic,C:\Users\angel\OneDrive\Desktop\Kern\data\raw\fonts\Asap_Condensed_800italic.ttf,ok,0,280,280,0,0,
Asap Condensed,Asap_Condensed_900,900,C:\Users\angel\OneDrive\Desktop\Kern\data\raw\fonts\Asap_Condensed_900.ttf,ok,0,266,266,0,0,
Asap Condensed,Asap_Condensed_900italic,900italic,C:\Users\angel\OneDrive\Desktop\Kern\data\raw\fonts\Asap_Condensed_900italic.ttf,ok,0,280,280,0,0,
Alex Brush,Alex_Brush_regular,regular,C:\Users\angel\OneDrive\Desktop\Kern\data\raw\fonts\Alex_Brush_regular.ttf,ok,0,0,0,0,0,
Noto Serif Bengali,Noto_Serif_Bengali_100,100,C:\Users\angel\OneDrive\Desktop\Kern\data\raw\fonts\Noto_Serif_Bengali_100.ttf,ok,5,216,211,5,0,
Noto Serif Bengali,Noto_Serif_Bengali_200,200,C:\Users\angel\OneDrive\Desktop\Kern\data\raw\fonts\Noto_Serif_Bengali_200.ttf,ok,5,216,211,5,0,
Noto Serif Bengali,Noto_Serif_Bengali_300,300,C:\Users\angel\OneDrive\Desktop\Kern\data\raw\fonts\Noto_Serif_Bengali_300.ttf,ok,5,216,211,5,0,
Noto Serif Bengali,Noto_Serif_Bengali_regular,regular,C:\Users\angel\OneDrive\Desktop\Kern\data\raw\fonts\Noto_Serif_Bengali_regular.ttf,ok,5,216,211,5,0,
Noto Serif Bengali,Noto_Serif_Bengali_500,500,C:\Users\angel\OneDrive\Desktop\Kern\data\raw\fonts\Noto_Serif_Bengali_500.ttf,ok,5,216,211,5,0,
Noto Serif Bengali,Noto_Serif_Bengali_600,600,C:\Users\angel\OneDrive\Desktop\Kern\data\raw\fonts\Noto_Serif_Bengali_600.ttf,ok,5,216,211,5,0,
Noto Serif Bengali,Noto_Serif_Bengali_700,700,C:\Users\angel\OneDrive\Desktop\Kern\data\raw\fonts\Noto_Serif_Bengali_700.ttf,ok,5,216,211,5,0,
Noto Serif Bengali,Noto_Serif_Bengali_800,800,C:\Users\angel\OneDrive\Desktop\Kern\data\raw\fonts\Noto_Serif_Bengali_800.ttf,ok,5,216,211,5,0,
Noto Serif Bengali,Noto_Serif_Bengali_900,900,C:\Users\angel\OneDrive\Desktop\Kern\data\raw\fonts\Noto_Serif_Bengali_900.ttf,ok,5,216,211,5,0,
Neuton,Neuton_200,200,C:\Users\angel\OneDrive\Desktop\Kern\data\raw\fonts\Neuton_200.ttf,ok,0,0,0,0,0,
Neuton,Neuton_300,300,C:\Users\angel\OneDrive\Desktop\Kern\data\raw\fonts\Neuton_300.ttf,ok,0,0,0,0,0,
Neuton,Neuton_regular,regular,C:\Users\angel\OneDrive\Desktop\Kern\data\raw\fonts\Neuton_regular.ttf,ok,0,0,0,0,0,
Neuton,Neuton_italic,italic,C:\Users\angel\OneDrive\Desktop\Kern\data\raw\fonts\Neuton_italic.ttf,ok,0,0,0,0,0,
Neuton,Neuton_700,700,C:\Users\angel\OneDrive\Desktop\Kern\data\raw\fonts\Neuton_700.ttf,ok,0,0,0,0,0,
Neuton,Neuton_800,800,C:\Users\angel\OneDrive\Desktop\Kern\data\raw\fonts\Neuton_800.ttf,ok,0,0,0,0,0,
M PLUS 1,M_PLUS_1_100,100,C:\Users\angel\OneDrive\Desktop\Kern\data\raw\fonts\M_PLUS_1_100.ttf,ok,57,5627,5570,57,0,
M PLUS 1,M_PLUS_1_200,200,C:\Users\angel\OneDrive\Desktop\Kern\data\raw\fonts\M_PLUS_1_200.ttf,ok,57,5627,5570,57,0,
M PLUS 1,M_PLUS_1_300,300,C:\Users\angel\OneDrive\Desktop\Kern\data\raw\fonts\M_PLUS_1_300.ttf,ok,57,5627,5570,57,0,
M PLUS 1,M_PLUS_1_regular,regular,C:\Users\angel\OneDrive\Desktop\Kern\data\raw\fonts\M_PLUS_1_regular.ttf,ok,57,5627,5570,57,0,
M PLUS 1,M_PLUS_1_500,500,C:\Users\angel\OneDrive\Desktop\Kern\data\raw\fonts\M_PLUS_1_500.ttf,ok,57,5627,5570,57,0,
M PLUS 1,M_PLUS_1_600,600,C:\Users\angel\OneDrive\Desktop\Kern\data\raw\fonts\M_PLUS_1_600.ttf,ok,57,5627,5570,57,0,
M PLUS 1,M_PLUS_1_700,700,C:\Users\angel\OneDrive\Desktop\Kern\data\raw\fonts\M_PLUS_1_700.ttf,ok,57,5627,5570,57,0,
M PLUS 1,M_PLUS_1_800,800,C:\Users\angel\OneDrive\Desktop\Kern\data\raw\fonts\M_PLUS_1_800.ttf,ok,57,5627,5570,57,0,
M PLUS 1,M_PLUS_1_900,900,C:\Users\angel\OneDrive\Desktop\Kern\data\raw\fonts\M_PLUS_1_900.ttf,ok,50,5627,5577,50,0,
Italianno,Italianno_regular,regular,C:\Users\angel\OneDrive\Desktop\Kern\data\raw\fonts\Italianno_regular.ttf,ok,0,0,0,0,0,
Playball,Playball_regular,regular,C:\Users\angel\OneDrive\Desktop\Kern\data\raw\fonts\Playball_regular.ttf,ok,475,504,29,475,0,
Merienda,Merienda_300,300,C:\Users\angel\OneDrive\Desktop\Kern\data\raw\fonts\Merienda_300.ttf,ok,44,896,852,44,0,
Merienda,Merienda_regular,regular,C:\Users\angel\OneDrive\Desktop\Kern\data\raw\fonts\Merienda_regular.ttf,ok,44,896,852,44,0,
Merienda,Merienda_500,500,C:\Users\angel\OneDrive\Desktop\Kern\data\raw\fonts\Merienda_500.ttf,ok,44,896,852,44,0,
Merienda,Merienda_600,600,C:\Users\angel\OneDrive\Desktop\Kern\data\raw\fonts\Merienda_600.ttf,ok,44,896,852,44,0,
Merienda,Merienda_700,700,C:\Users\angel\OneDrive\Desktop\Kern\data\raw\fonts\Merienda_700.ttf,ok,38,896,858,38,0,
Merienda,Merienda_800,800,C:\Users\angel\OneDrive\Desktop\Kern\data\raw\fonts\Merienda_800.ttf,ok,44,896,852,44,0,
Merienda,Merienda_900,900,C:\Users\angel\OneDrive\Desktop\Kern\data\raw\fonts\Merienda_900.ttf,ok,44,896,852,44,0,
Staatliches,Staatliches_regular,regular,C:\Users\angel\OneDrive\Desktop\Kern\data\raw\fonts\Staatliches_regular.ttf,ok,62,74,12,62,0,
Lustria,Lustria_regular,regular,C:\Users\angel\OneDrive\Desktop\Kern\data\raw\fonts\Lustria_regular.ttf,ok,138,138,0,138,0,
Krub,Krub_200,200,C:\Users\angel\OneDrive\Desktop\Kern\data\raw\fonts\Krub_200.ttf,ok,28,4488,4460,28,0,
Krub,Krub_200italic,200italic,C:\Users\angel\OneDrive\Desktop\Kern\data\raw\fonts\Krub_200italic.ttf,ok,28,4488,4460,28,0,
Krub,Krub_300,300,C:\Users\angel\OneDrive\Desktop\Kern\data\raw\fonts\Krub_300.ttf,ok,28,4488,4460,28,0,
Krub,Krub_300italic,300italic,C:\Users\angel\OneDrive\Desktop\Kern\data\raw\fonts\Krub_300italic.ttf,ok,28,4488,4460,28,0,
Krub,Krub_regular,regular,C:\Users\angel\OneDrive\Desktop\Kern\data\raw\fonts\Krub_regular.ttf,ok,28,4488,4460,28,0,
Krub,Krub_italic,italic,C:\Users\angel\OneDrive\Desktop\Kern\data\raw\fonts\Krub_italic.ttf,ok,28,4488,4460,28,0,
Krub,Krub_500,500,C:\Users\angel\OneDrive\Desktop\Kern\data\raw\fonts\Krub_500.ttf,ok,28,4488,4460,28,0,
Krub,Krub_500italic,500italic,C:\Users\angel\OneDrive\Desktop\Kern\data\raw\fonts\Krub_500italic.ttf,ok,28,4488,4460,28,0,
Krub,Krub_600,600,C:\Users\angel\OneDrive\Desktop\Kern\data\raw\fonts\Krub_600.ttf,ok,28,4488,4460,28,0,
Krub,Krub_600italic,600italic,C:\Users\angel\OneDrive\Desktop\Kern\data\raw\fonts\Krub_600italic.ttf,ok,28,4488,4460,28,0,
Krub,Krub_700,700,C:\Users\angel\OneDrive\Desktop\Kern\data\raw\fonts\Krub_700.ttf,ok,28,4488,4460,28,0,
Krub,Krub_700italic,700italic,C:\Users\angel\OneDrive\Desktop\Kern\data\raw\fonts\Krub_700italic.ttf,ok,28,4488,4460,28,0,
Chango,Chango_regular,regular,C:\Users\angel\OneDrive\Desktop\Kern\data\raw\fonts\Chango_regular.ttf,ok,0,0,0,0,0,
Abhaya Libre,Abhaya_Libre_regular,regular,C:\Users\angel\OneDrive\Desktop\Kern\data\raw\fonts\Abhaya_Libre_regular.ttf,ok,0,0,0,0,0,
Abhaya Libre,Abhaya_Libre_500,500,C:\Users\angel\OneDrive\Desktop\Kern\data\raw\fonts\Abhaya_Libre_500.ttf,ok,0,0,0,0,0,
Abhaya Libre,Abhaya_Libre_600,600,C:\Users\angel\OneDrive\Desktop\Kern\data\raw\fonts\Abhaya_Libre_600.ttf,ok,0,0,0,0,0,
Abhaya Libre,Abhaya_Libre_700,700,C:\Users\angel\OneDrive\Desktop\Kern\data\raw\fonts\Abhaya_Libre_700.ttf,ok,0,0,0,0,0,
Abhaya Libre,Abhaya_Libre_800,800,C:\Users\angel\OneDrive\Desktop\Kern\data\raw\fonts\Abhaya_Libre_800.ttf,ok,0,0,0,0,0,
Eater,Eater_regular,regular,C:\Users\angel\OneDrive\Desktop\Kern\data\raw\fonts\Eater_regular.ttf,ok,0,0,0,0,0,
Gloria Hallelujah,Gloria_Hallelujah_regular,regular,C:\Users\angel\OneDrive\Desktop\Kern\data\raw\fonts\Gloria_Hallelujah_regular.ttf,ok,0,0,0,0,0,
Ubuntu Sans,Ubuntu_Sans_100,100,C:\Users\angel\OneDrive\Desktop\Kern\data\raw\fonts\Ubuntu_Sans_100.ttf,ok,0,369,369,0,0,
Ubuntu Sans,Ubuntu_Sans_200,200,C:\Users\angel\OneDrive\Desktop\Kern\data\raw\fonts\Ubuntu_Sans_200.ttf,ok,0,369,369,0,0,
Ubuntu Sans,Ubuntu_Sans_300,300,C:\Users\angel\OneDrive\Desktop\Kern\data\raw\fonts\Ubuntu_Sans_300.ttf,ok,0,369,369,0,0,
Ubuntu Sans,Ubuntu_Sans_regular,regular,C:\Users\angel\OneDrive\Desktop\Kern\data\raw\fonts\Ubuntu_Sans_regular.ttf,ok,0,369,369,0,0,
Ubuntu Sans,Ubuntu_Sans_500,500,C:\Users\angel\OneDrive\Desktop\Kern\data\raw\fonts\Ubuntu_Sans_500.ttf,ok,0,369,369,0,0,
Ubuntu Sans,Ubuntu_Sans_600,600,C:\Users\angel\OneDrive\Desktop\Kern\data\raw\fonts\Ubuntu_Sans_600.ttf,ok,0,369,369,0,0,
Ubuntu Sans,Ubuntu_Sans_700,700,C:\Users\angel\OneDrive\Desktop\Kern\data\raw\fonts\Ubuntu_Sans_700.ttf,ok,0,369,369,0,0,
Ubuntu Sans,Ubuntu_Sans_800,800,C:\Users\angel\OneDrive\Desktop\Kern\data\raw\fonts\Ubuntu_Sans_800.ttf,ok,0,369,369,0,0,
Ubuntu Sans,Ubuntu_Sans_100italic,100italic,C:\Users\angel\OneDrive\Desktop\Kern\data\raw\fonts\Ubuntu_Sans_100italic.ttf,ok,0,0,0,0,0,
Ubuntu Sans,Ubuntu_Sans_200italic,200italic,C:\Users\angel\OneDrive\Desktop\Kern\data\raw\fonts\Ubuntu_Sans_200italic.ttf,ok,0,0,0,0,0,
Ubuntu Sans,Ubuntu_Sans_300italic,300italic,C:\Users\angel\OneDrive\Desktop\Kern\data\raw\fonts\Ubuntu_Sans_300italic.ttf,ok,0,0,0,0,0,
Ubuntu Sans,Ubuntu_Sans_italic,italic,C:\Users\angel\OneDrive\Desktop\Kern\data\raw\fonts\Ubuntu_Sans_italic.ttf,ok,0,0,0,0,0,
Ubuntu Sans,Ubuntu_Sans_500italic,500italic,C:\Users\angel\OneDrive\Desktop\Kern\data\raw\fonts\Ubuntu_Sans_500italic.ttf,ok,0,0,0,0,0,
Ubuntu Sans,Ubuntu_Sans_600italic,600italic,C:\Users\angel\OneDrive\Desktop\Kern\data\raw\fonts\Ubuntu_Sans_600italic.ttf,ok,0,0,0,0,0,
Ubuntu Sans,Ubuntu_Sans_700italic,700italic,C:\Users\angel\OneDrive\Desktop\Kern\data\raw\fonts\Ubuntu_Sans_700italic.ttf,ok,0,0,0,0,0,
Ubuntu Sans,Ubuntu_Sans_800italic,800italic,C:\Users\angel\OneDrive\Desktop\Kern\data\raw\fonts\Ubuntu_Sans_800italic.ttf,ok,0,0,0,0,0,
Delius,Delius_regular,regular,C:\Users\angel\OneDrive\Desktop\Kern\data\raw\fonts\Delius_regular.ttf,ok,928,928,0,928,0,
Cinzel Decorative,Cinzel_Decorative_regular,regular,C:\Users\angel\OneDrive\Desktop\Kern\data\raw\fonts\Cinzel_Decorative_regular.ttf,ok,20,35,15,20,0,
Cinzel Decorative,Cinzel_Decorative_700,700,C:\Users\angel\OneDrive\Desktop\Kern\data\raw\fonts\Cinzel_Decorative_700.ttf,ok,38,54,16,38,0,
Cinzel Decorative,Cinzel_Decorative_900,900,C:\Users\angel\OneDrive\Desktop\Kern\data\raw\fonts\Cinzel_Decorative_900.ttf,ok,31,40,9,31,0,
Audiowide,Audiowide_regular,regular,C:\Users\angel\OneDrive\Desktop\Kern\data\raw\fonts\Audiowide_regular.ttf,ok,68,208,140,68,0,
Faustina,Faustina_300,300,C:\Users\angel\OneDrive\Desktop\Kern\data\raw\fonts\Faustina_300.ttf,ok,0,18,18,0,0,
Faustina,Faustina_regular,regular,C:\Users\angel\OneDrive\Desktop\Kern\data\raw\fonts\Faustina_regular.ttf,ok,0,18,18,0,0,
Faustina,Faustina_500,500,C:\Users\angel\OneDrive\Desktop\Kern\data\raw\fonts\Faustina_500.ttf,ok,0,18,18,0,0,
Faustina,Faustina_600,600,C:\Users\angel\OneDrive\Desktop\Kern\data\raw\fonts\Faustina_600.ttf,ok,0,18,18,0,0,
Faustina,Faustina_700,700,C:\Users\angel\OneDrive\Desktop\Kern\data\raw\fonts\Faustina_700.ttf,ok,0,18,18,0,0,
Faustina,Faustina_800,800,C:\Users\angel\OneDrive\Desktop\Kern\data\raw\fonts\Faustina_800.ttf,ok,0,18,18,0,0,
Faustina,Faustina_300italic,300italic,C:\Users\angel\OneDrive\Desktop\Kern\data\raw\fonts\Faustina_300italic.ttf,ok,0,128,128,0,0,
Faustina,Faustina_italic,italic,C:\Users\angel\OneDrive\Desktop\Kern\data\raw\fonts\Faustina_italic.ttf,ok,0,128,128,0,0,
Faustina,Faustina_500italic,500italic,C:\Users\angel\OneDrive\Desktop\Kern\data\raw\fonts\Faustina_500italic.ttf,ok,0,128,128,0,0,
Faustina,Faustina_600italic,600italic,C:\Users\angel\OneDrive\Desktop\Kern\data\raw\fonts\Faustina_600italic.ttf,ok,0,128,128,0,0,
Faustina,Faustina_700italic,700italic,C:\Users\angel\OneDrive\Desktop\Kern\data\raw\fonts\Faustina_700italic.ttf,ok,0,128,128,0,0,
Faustina,Faustina_800italic,800italic,C:\Users\angel\OneDrive\Desktop\Kern\data\raw\fonts\Faustina_800italic.ttf,ok,0,128,128,0,0,
Vazirmatn,Vazirmatn_100,100,C:\Users\angel\OneDrive\Desktop\Kern\data\raw\fonts\Vazirmatn_100.ttf,ok,52,514,462,52,0,
Vazirmatn,Vazirmatn_200,200,C:\Users\angel\OneDrive\Desktop\Kern\data\raw\fonts\Vazirmatn_200.ttf,ok,52,514,462,52,0,
Vazirmatn,Vazirmatn_300,300,C:\Users\angel\OneDrive\Desktop\Kern\data\raw\fonts\Vazirmatn_300.ttf,ok,52,514,462,52,0,
Vazirmatn,Vazirmatn_regular,regular,C:\Users\angel\OneDrive\Desktop\Kern\data\raw\fonts\Vazirmatn_regular.ttf,ok,52,514,462,52,0,
Vazirmatn,Vazirmatn_500,500,C:\Users\angel\OneDrive\Desktop\Kern\data\raw\fonts\Vazirmatn_500.ttf,ok,52,514,462,52,0,
Vazirmatn,Vazirmatn_600,600,C:\Users\angel\OneDrive\Desktop\Kern\data\raw\fonts\Vazirmatn_600.ttf,ok,52,514,462,52,0,
Vazirmatn,Vazirmatn_700,700,C:\Users\angel\OneDrive\Desktop\Kern\data\raw\fonts\Vazirmatn_700.ttf,ok,52,514,462,52,0,
Vazirmatn,Vazirmatn_800,800,C:\Users\angel\OneDrive\Desktop\Kern\data\raw\fonts\Vazirmatn_800.ttf,ok,52,514,462,52,0,
Vazirmatn,Vazirmatn_900,900,C:\Users\angel\OneDrive\Desktop\Kern\data\raw\fonts\Vazirmatn_900.ttf,ok,52,514,462,52,0,
Black Han Sans,Black_Han_Sans_regular,regular,C:\Users\angel\OneDrive\Desktop\Kern\data\raw\fonts\Black_Han_Sans_regular.ttf,ok,0,0,0,0,0,
Pinyon Script,Pinyon_Script_regular,regular,C:\Users\angel\OneDrive\Desktop\Kern\data\raw\fonts\Pinyon_Script_regular.ttf,ok,0,2704,2704,0,0,
Quantico,Quantico_regular,regular,C:\Users\angel\OneDrive\Desktop\Kern\data\raw\fonts\Quantico_regular.ttf,ok,15,15,0,15,0,
Quantico,Quantico_italic,italic,C:\Users\angel\OneDrive\Desktop\Kern\data\raw\fonts\Quantico_italic.ttf,ok,15,15,0,15,0,
Quantico,Quantico_700,700,C:\Users\angel\OneDrive\Desktop\Kern\data\raw\fonts\Quantico_700.ttf,ok,15,15,0,15,0,
Quantico,Quantico_700italic,700italic,C:\Users\angel\OneDrive\Desktop\Kern\data\raw\fonts\Quantico_700italic.ttf,ok,15,15,0,15,0,
Biryani,Biryani_200,200,C:\Users\angel\OneDrive\Desktop\Kern\data\raw\fonts\Biryani_200.ttf,ok,0,0,0,0,0,
Biryani,Biryani_300,300,C:\Users\angel\OneDrive\Desktop\Kern\data\raw\fonts\Biryani_300.ttf,ok,0,0,0,0,0,
Biryani,Biryani_regular,regular,C:\Users\angel\OneDrive\Desktop\Kern\data\raw\fonts\Biryani_regular.ttf,ok,0,0,0,0,0,
Biryani,Biryani_600,600,C:\Users\angel\OneDrive\Desktop\Kern\data\raw\fonts\Biryani_600.ttf,ok,0,0,0,0,0,
Biryani,Biryani_700,700,C:\Users\angel\OneDrive\Desktop\Kern\data\raw\fonts\Biryani_700.ttf,ok,0,0,0,0,0,
Biryani,Biryani_800,800,C:\Users\angel\OneDrive\Desktop\Kern\data\raw\fonts\Biryani_800.ttf,ok,0,0,0,0,0,
Biryani,Biryani_900,900,C:\Users\angel\OneDrive\Desktop\Kern\data\raw\fonts\Biryani_900.ttf,ok,0,0,0,0,0,
Hind Guntur,Hind_Guntur_300,300,C:\Users\angel\OneDrive\Desktop\Kern\data\raw\fonts\Hind_Guntur_300.ttf,ok,0,0,0,0,0,
Hind Guntur,Hind_Guntur_regular,regular,C:\Users\angel\OneDrive\Desktop\Kern\data\raw\fonts\Hind_Guntur_regular.ttf,ok,0,0,0,0,0,
Hind Guntur,Hind_Guntur_500,500,C:\Users\angel\OneDrive\Desktop\Kern\data\raw\fonts\Hind_Guntur_500.ttf,ok,0,0,0,0,0,
Hind Guntur,Hind_Guntur_600,600,C:\Users\angel\OneDrive\Desktop\Kern\data\raw\fonts\Hind_Guntur_600.ttf,ok,0,0,0,0,0,
Hind Guntur,Hind_Guntur_700,700,C:\Users\angel\OneDrive\Desktop\Kern\data\raw\fonts\Hind_Guntur_700.ttf,ok,0,0,0,0,0,
Noto Sans HK,Noto_Sans_HK_100,100,C:\Users\angel\OneDrive\Desktop\Kern\data\raw\fonts\Noto_Sans_HK_100.ttf,ok,0,128,128,0,0,
Noto Sans HK,Noto_Sans_HK_200,200,C:\Users\angel\OneDrive\Desktop\Kern\data\raw\fonts\Noto_Sans_HK_200.ttf,ok,0,128,128,0,0,
Noto Sans HK,Noto_Sans_HK_300,300,C:\Users\angel\OneDrive\Desktop\Kern\data\raw\fonts\Noto_Sans_HK_300.ttf,ok,0,128,128,0,0,
Noto Sans HK,Noto_Sans_HK_regular,regular,C:\Users\angel\OneDrive\Desktop\Kern\data\raw\fonts\Noto_Sans_HK_regular.ttf,ok,0,128,128,0,0,
Noto Sans HK,Noto_Sans_HK_500,500,C:\Users\angel\OneDrive\Desktop\Kern\data\raw\fonts\Noto_Sans_HK_500.ttf,ok,0,128,128,0,0,
Noto Sans HK,Noto_Sans_HK_600,600,C:\Users\angel\OneDrive\Desktop\Kern\data\raw\fonts\Noto_Sans_HK_600.ttf,ok,0,128,128,0,0,
Noto Sans HK,Noto_Sans_HK_700,700,C:\Users\angel\OneDrive\Desktop\Kern\data\raw\fonts\Noto_Sans_HK_700.ttf,ok,0,128,128,0,0,
Noto Sans HK,Noto_Sans_HK_800,800,C:\Users\angel\OneDrive\Desktop\Kern\data\raw\fonts\Noto_Sans_HK_800.ttf,ok,0,128,128,0,0,
Noto Sans HK,Noto_Sans_HK_900,900,C:\Users\angel\OneDrive\Desktop\Kern\data\raw\fonts\Noto_Sans_HK_900.ttf,ok,0,128,128,0,0,
Goldman,Goldman_regular,regular,C:\Users\angel\OneDrive\Desktop\Kern\data\raw\fonts\Goldman_regular.ttf,ok,0,2100,2100,0,0,
Goldman,Goldman_700,700,C:\Users\angel\OneDrive\Desktop\Kern\data\raw\fonts\Goldman_700.ttf,ok,0,2100,2100,0,0,
Mitr,Mitr_200,200,C:\Users\angel\OneDrive\Desktop\Kern\data\raw\fonts\Mitr_200.ttf,ok,225,225,0,225,0,
Mitr,Mitr_300,300,C:\Users\angel\OneDrive\Desktop\Kern\data\raw\fonts\Mitr_300.ttf,ok,939,939,0,939,0,
Mitr,Mitr_regular,regular,C:\Users\angel\OneDrive\Desktop\Kern\data\raw\fonts\Mitr_regular.ttf,ok,939,939,0,939,0,
Mitr,Mitr_500,500,C:\Users\angel\OneDrive\Desktop\Kern\data\raw\fonts\Mitr_500.ttf,ok,938,938,0,938,0,
Mitr,Mitr_600,600,C:\Users\angel\OneDrive\Desktop\Kern\data\raw\fonts\Mitr_600.ttf,ok,937,937,0,937,0,
Mitr,Mitr_700,700,C:\Users\angel\OneDrive\Desktop\Kern\data\raw\fonts\Mitr_700.ttf,ok,938,938,0,938,0,
Fira Sans Extra Condensed,Fira_Sans_Extra_Condensed_100,100,C:\Users\angel\OneDrive\Desktop\Kern\data\raw\fonts\Fira_Sans_Extra_Condensed_100.ttf,ok,0,46059,46059,0,0,
Fira Sans Extra Condensed,Fira_Sans_Extra_Condensed_100italic,100italic,C:\Users\angel\OneDrive\Desktop\Kern\data\raw\fonts\Fira_Sans_Extra_Condensed_100italic.ttf,ok,0,47936,47936,0,0,
Fira Sans Extra Condensed,Fira_Sans_Extra_Condensed_200,200,C:\Users\angel\OneDrive\Desktop\Kern\data\raw\fonts\Fira_Sans_Extra_Condensed_200.ttf,ok,0,45955,45955,0,0,
Fira Sans Extra Condensed,Fira_Sans_Extra_Condensed_200italic,200italic,C:\Users\angel\OneDrive\Desktop\Kern\data\raw\fonts\Fira_Sans_Extra_Condensed_200italic.ttf,ok,0,47831,47831,0,0,
Fira Sans Extra Condensed,Fira_Sans_Extra_Condensed_300,300,C:\Users\angel\OneDrive\Desktop\Kern\data\raw\fonts\Fira_Sans_Extra_Condensed_300.ttf,ok,0,45955,45955,0,0,
Fira Sans Extra Condensed,Fira_Sans_Extra_Condensed_300italic,300italic,C:\Users\angel\OneDrive\Desktop\Kern\data\raw\fonts\Fira_Sans_Extra_Condensed_300italic.ttf,ok,0,47831,47831,0,0,
Fira Sans Extra Condensed,Fira_Sans_Extra_Condensed_regular,regular,C:\Users\angel\OneDrive\Desktop\Kern\data\raw\fonts\Fira_Sans_Extra_Condensed_regular.ttf,ok,0,45955,45955,0,0,
Fira Sans Extra Condensed,Fira_Sans_Extra_Condensed_italic,italic,C:\Users\angel\OneDrive\Desktop\Kern\data\raw\fonts\Fira_Sans_Extra_Condensed_italic.ttf,ok,0,47831,47831,0,0,
Fira Sans Extra Condensed,Fira_Sans_Extra_Condensed_500,500,C:\Users\angel\OneDrive\Desktop\Kern\data\raw\fonts\Fira_Sans_Extra_Condensed_500.ttf,ok,0,45955,45955,0,0,
Fira Sans Extra Condensed,Fira_Sans_Extra_Condensed_500italic,500italic,C:\Users\angel\OneDrive\Desktop\Kern\data\raw\fonts\Fira_Sans_Extra_Condensed_500italic.ttf,ok,0,47831,47831,0,0,
Fira Sans Extra Condensed,Fira_Sans_Extra_Condensed_600,600,C:\Users\angel\OneDrive\Desktop\Kern\data\raw\fonts\Fira_Sans_Extra_Condensed_600.ttf,ok,0,45955,45955,0,0,
Fira Sans Extra Condensed,Fira_Sans_Extra_Condensed_600italic,600italic,C:\Users\angel\OneDrive\Desktop\Kern\data\raw\fonts\Fira_Sans_Extra_Condensed_600italic.ttf,ok,0,47831,47831,0,0,
Fira Sans Extra Condensed,Fira_Sans_Extra_Condensed_700,700,C:\Users\angel\OneDrive\Desktop\Kern\data\raw\fonts\Fira_Sans_Extra_Condensed_700.ttf,ok,0,45955,45955,0,0,
Fira Sans Extra Condensed,Fira_Sans_Extra_Condensed_700italic,700italic,C:\Users\angel\OneDrive\Desktop\Kern\data\raw\fonts\Fira_Sans_Extra_Condensed_700italic.ttf,ok,0,47831,47831,0,0,
Fira Sans Extra Condensed,Fira_Sans_Extra_Condensed_800,800,C:\Users\angel\OneDrive\Desktop\Kern\data\raw\fonts\Fira_Sans_Extra_Condensed_800.ttf,ok,0,45955,45955,0,0,
Fira Sans Extra Condensed,Fira_Sans_Extra_Condensed_800italic,800italic,C:\Users\angel\OneDrive\Desktop\Kern\data\raw\fonts\Fira_Sans_Extra_Condensed_800italic.ttf,ok,0,47831,47831,0,0,
Fira Sans Extra Condensed,Fira_Sans_Extra_Condensed_900,900,C:\Users\angel\OneDrive\Desktop\Kern\data\raw\fonts\Fira_Sans_Extra_Condensed_900.ttf,ok,0,45955,45955,0,0,
Fira Sans Extra Condensed,Fira_Sans_Extra_Condensed_900italic,900italic,C:\Users\angel\OneDrive\Desktop\Kern\data\raw\fonts\Fira_Sans_Extra_Condensed_900italic.ttf,ok,0,47831,47831,0,0,
Noto Sans Malayalam,Noto_Sans_Malayalam_100,100,C:\Users\angel\OneDrive\Desktop\Kern\data\raw\fonts\Noto_Sans_Malayalam_100.ttf,ok,7,501,494,7,0,
Noto Sans Malayalam,Noto_Sans_Malayalam_200,200,C:\Users\angel\OneDrive\Desktop\Kern\data\raw\fonts\Noto_Sans_Malayalam_200.ttf,ok,7,501,494,7,0,
Noto Sans Malayalam,Noto_Sans_Malayalam_300,300,C:\Users\angel\OneDrive\Desktop\Kern\data\raw\fonts\Noto_Sans_Malayalam_300.ttf,ok,7,501,494,7,0,
Noto Sans Malayalam,Noto_Sans_Malayalam_regular,regular,C:\Users\angel\OneDrive\Desktop\Kern\data\raw\fonts\Noto_Sans_Malayalam_regular.ttf,ok,7,501,494,7,0,
Noto Sans Malayalam,Noto_Sans_Malayalam_500,500,C:\Users\angel\OneDrive\Desktop\Kern\data\raw\fonts\Noto_Sans_Malayalam_500.ttf,ok,7,501,494,7,0,
Noto Sans Malayalam,Noto_Sans_Malayalam_600,600,C:\Users\angel\OneDrive\Desktop\Kern\data\raw\fonts\Noto_Sans_Malayalam_600.ttf,ok,7,501,494,7,0,
Noto Sans Malayalam,Noto_Sans_Malayalam_700,700,C:\Users\angel\OneDrive\Desktop\Kern\data\raw\fonts\Noto_Sans_Malayalam_700.ttf,ok,7,501,494,7,0,
Noto Sans Malayalam,Noto_Sans_Malayalam_800,800,C:\Users\angel\OneDrive\Desktop\Kern\data\raw\fonts\Noto_Sans_Malayalam_800.ttf,ok,7,501,494,7,0,
Noto Sans Malayalam,Noto_Sans_Malayalam_900,900,C:\Users\angel\OneDrive\Desktop\Kern\data\raw\fonts\Noto_Sans_Malayalam_900.ttf,ok,7,501,494,7,0,
Reenie Beanie,Reenie_Beanie_regular,regular,C:\Users\angel\OneDrive\Desktop\Kern\data\raw\fonts\Reenie_Beanie_regular.ttf,ok,0,0,0,0,0,
Bowlby One SC,Bowlby_One_SC_regular,regular,C:\Users\angel\OneDrive\Desktop\Kern\data\raw\fonts\Bowlby_One_SC_regular.ttf,ok,66,66,0,66,0,
Yeseva One,Yeseva_One_regular,regular,C:\Users\angel\OneDrive\Desktop\Kern\data\raw\fonts\Yeseva_One_regular.ttf,ok,72,3616,3544,72,0,
Dela Gothic One,Dela_Gothic_One_regular,regular,C:\Users\angel\OneDrive\Desktop\Kern\data\raw\fonts\Dela_Gothic_One_regular.ttf,ok,155,7120,6965,155,0,
Andada Pro,Andada_Pro_regular,regular,C:\Users\angel\OneDrive\Desktop\Kern\data\raw\fonts\Andada_Pro_regular.ttf,ok,0,1190,1190,0,0,
Andada Pro,Andada_Pro_500,500,C:\Users\angel\OneDrive\Desktop\Kern\data\raw\fonts\Andada_Pro_500.ttf,ok,0,1190,1190,0,0,
Andada Pro,Andada_Pro_600,600,C:\Users\angel\OneDrive\Desktop\Kern\data\raw\fonts\Andada_Pro_600.ttf,ok,0,1190,1190,0,0,
Andada Pro,Andada_Pro_700,700,C:\Users\angel\OneDrive\Desktop\Kern\data\raw\fonts\Andada_Pro_700.ttf,ok,0,1190,1190,0,0,
Andada Pro,Andada_Pro_800,800,C:\Users\angel\OneDrive\Desktop\Kern\data\raw\fonts\Andada_Pro_800.ttf,ok,0,1190,1190,0,0,
Andada Pro,Andada_Pro_italic,italic,C:\Users\angel\OneDrive\Desktop\Kern\data\raw\fonts\Andada_Pro_italic.ttf,ok,0,240,240,0,0,
Andada Pro,Andada_Pro_500italic,500italic,C:\Users\angel\OneDrive\Desktop\Kern\data\raw\fonts\Andada_Pro_500italic.ttf,ok,0,240,240,0,0,
Andada Pro,Andada_Pro_600italic,600italic,C:\Users\angel\OneDrive\Desktop\Kern\data\raw\fonts\Andada_Pro_600italic.ttf,ok,0,240,240,0,0,
Andada Pro,Andada_Pro_700italic,700italic,C:\Users\angel\OneDrive\Desktop\Kern\data\raw\fonts\Andada_Pro_700italic.ttf,ok,0,240,240,0,0,
Andada Pro,Andada_Pro_800italic,800italic,C:\Users\angel\OneDrive\Desktop\Kern\data\raw\fonts\Andada_Pro_800italic.ttf,ok,0,240,240,0,0,
Arsenal,Arsenal_regular,regular,C:\Users\angel\OneDrive\Desktop\Kern\data\raw\fonts\Arsenal_regular.ttf,ok,178,178,0,178,0,
Arsenal,Arsenal_italic,italic,C:\Users\angel\OneDrive\Desktop\Kern\data\raw\fonts\Arsenal_italic.ttf,ok,201,201,0,201,0,
Arsenal,Arsenal_700,700,C:\Users\angel\OneDrive\Desktop\Kern\data\raw\fonts\Arsenal_700.ttf,ok,178,178,0,178,0,
Arsenal,Arsenal_700italic,700italic,C:\Users\angel\OneDrive\Desktop\Kern\data\raw\fonts\Arsenal_700italic.ttf,ok,201,201,0,201,0,
Nanum Pen Script,Nanum_Pen_Script_regular,regular,C:\Users\angel\OneDrive\Desktop\Kern\data\raw\fonts\Nanum_Pen_Script_regular.ttf,ok,0,0,0,0,0,
Cormorant Infant,Cormorant_Infant_300,300,C:\Users\angel\OneDrive\Desktop\Kern\data\raw\fonts\Cormorant_Infant_300.ttf,ok,0,2984,2984,0,0,
Cormorant Infant,Cormorant_Infant_regular,regular,C:\Users\angel\OneDrive\Desktop\Kern\data\raw\fonts\Cormorant_Infant_regular.ttf,ok,0,2984,2984,0,0,
Cormorant Infant,Cormorant_Infant_500,500,C:\Users\angel\OneDrive\Desktop\Kern\data\raw\fonts\Cormorant_Infant_500.ttf,ok,0,2984,2984,0,0,
Cormorant Infant,Cormorant_Infant_600,600,C:\Users\angel\OneDrive\Desktop\Kern\data\raw\fonts\Cormorant_Infant_600.ttf,ok,0,2984,2984,0,0,
Cormorant Infant,Cormorant_Infant_700,700,C:\Users\angel\OneDrive\Desktop\Kern\data\raw\fonts\Cormorant_Infant_700.ttf,ok,0,2984,2984,0,0,
Cormorant Infant,Cormorant_Infant_300italic,300italic,C:\Users\angel\OneDrive\Desktop\Kern\data\raw\fonts\Cormorant_Infant_300italic.ttf,ok,0,2976,2976,0,0,
Cormorant Infant,Cormorant_Infant_italic,italic,C:\Users\angel\OneDrive\Desktop\Kern\data\raw\fonts\Cormorant_Infant_italic.ttf,ok,0,2976,2976,0,0,
Cormorant Infant,Cormorant_Infant_500italic,500italic,C:\Users\angel\OneDrive\Desktop\Kern\data\raw\fonts\Cormorant_Infant_500italic.ttf,ok,0,2976,2976,0,0,
Cormorant Infant,Cormorant_Infant_600italic,600italic,C:\Users\angel\OneDrive\Desktop\Kern\data\raw\fonts\Cormorant_Infant_600italic.ttf,ok,0,2976,2976,0,0,
Cormorant Infant,Cormorant_Infant_700italic,700italic,C:\Users\angel\OneDrive\Desktop\Kern\data\raw\fonts\Cormorant_Infant_700italic.ttf,ok,0,2976,2976,0,0,
Racing Sans One,Racing_Sans_One_regular,regular,C:\Users\angel\OneDrive\Desktop\Kern\data\raw\fonts\Racing_Sans_One_regular.ttf,ok,65,65,0,65,0,
Istok Web,Istok_Web_regular,regular,C:\Users\angel\OneDrive\Desktop\Kern\data\raw\fonts\Istok_Web_regular.ttf,ok,74,74,0,74,0,
Istok Web,Istok_Web_italic,italic,C:\Users\angel\OneDrive\Desktop\Kern\data\raw\fonts\Istok_Web_italic.ttf,ok,56,56,0,56,0,
Istok Web,Istok_Web_700,700,C:\Users\angel\OneDrive\Desktop\Kern\data\raw\fonts\Istok_Web_700.ttf,ok,64,64,0,64,0,
Istok Web,Istok_Web_700italic,700italic,C:\Users\angel\OneDrive\Desktop\Kern\data\raw\fonts\Istok_Web_700italic.ttf,ok,56,56,0,56,0,
Sofia Sans Extra Condensed,Sofia_Sans_Extra_Condensed_100,100,C:\Users\angel\OneDrive\Desktop\Kern\data\raw\fonts\Sofia_Sans_Extra_Condensed_100.ttf,ok,4,4,0,4,0,
Sofia Sans Extra Condensed,Sofia_Sans_Extra_Condensed_200,200,C:\Users\angel\OneDrive\Desktop\Kern\data\raw\fonts\Sofia_Sans_Extra_Condensed_200.ttf,ok,4,4,0,4,0,
Sofia Sans Extra Condensed,Sofia_Sans_Extra_Condensed_300,300,C:\Users\angel\OneDrive\Desktop\Kern\data\raw\fonts\Sofia_Sans_Extra_Condensed_300.ttf,ok,4,4,0,4,0,
Sofia Sans Extra Condensed,Sofia_Sans_Extra_Condensed_regular,regular,C:\Users\angel\OneDrive\Desktop\Kern\data\raw\fonts\Sofia_Sans_Extra_Condensed_regular.ttf,ok,4,4,0,4,0,
Sofia Sans Extra Condensed,Sofia_Sans_Extra_Condensed_500,500,C:\Users\angel\OneDrive\Desktop\Kern\data\raw\fonts\Sofia_Sans_Extra_Condensed_500.ttf,ok,4,4,0,4,0,
Sofia Sans Extra Condensed,Sofia_Sans_Extra_Condensed_600,600,C:\Users\angel\OneDrive\Desktop\Kern\data\raw\fonts\Sofia_Sans_Extra_Condensed_600.ttf,ok,4,4,0,4,0,
Sofia Sans Extra Condensed,Sofia_Sans_Extra_Condensed_700,700,C:\Users\angel\OneDrive\Desktop\Kern\data\raw\fonts\Sofia_Sans_Extra_Condensed_700.ttf,ok,4,4,0,4,0,
Sofia Sans Extra Condensed,Sofia_Sans_Extra_Condensed_800,800,C:\Users\angel\OneDrive\Desktop\Kern\data\raw\fonts\Sofia_Sans_Extra_Condensed_800.ttf,ok,4,4,0,4,0,
Sofia Sans Extra Condensed,Sofia_Sans_Extra_Condensed_900,900,C:\Users\angel\OneDrive\Desktop\Kern\data\raw\fonts\Sofia_Sans_Extra_Condensed_900.ttf,ok,4,4,0,4,0,
Sofia Sans Extra Condensed,Sofia_Sans_Extra_Condensed_100italic,100italic,C:\Users\angel\OneDrive\Desktop\Kern\data\raw\fonts\Sofia_Sans_Extra_Condensed_100italic.ttf,ok,5,5,0,5,0,
Sofia Sans Extra Condensed,Sofia_Sans_Extra_Condensed_200italic,200italic,C:\Users\angel\OneDrive\Desktop\Kern\data\raw\fonts\Sofia_Sans_Extra_Condensed_200italic.ttf,ok,5,5,0,5,0,
Sofia Sans Extra Condensed,Sofia_Sans_Extra_Condensed_300italic,300italic,C:\Users\angel\OneDrive\Desktop\Kern\data\raw\fonts\Sofia_Sans_Extra_Condensed_300italic.ttf,ok,5,5,0,5,0,
Sofia Sans Extra Condensed,Sofia_Sans_Extra_Condensed_italic,italic,C:\Users\angel\OneDrive\Desktop\Kern\data\raw\fonts\Sofia_Sans_Extra_Condensed_italic.ttf,ok,5,5,0,5,0,
Sofia Sans Extra Condensed,Sofia_Sans_Extra_Condensed_500italic,500italic,C:\Users\angel\OneDrive\Desktop\Kern\data\raw\fonts\Sofia_Sans_Extra_Condensed_500italic.ttf,ok,5,5,0,5,0,
Sofia Sans Extra Condensed,Sofia_Sans_Extra_Condensed_600italic,600italic,C:\Users\angel\OneDrive\Desktop\Kern\data\raw\fonts\Sofia_Sans_Extra_Condensed_600italic.ttf,ok,5,5,0,5,0,
Sofia Sans Extra Condensed,Sofia_Sans_Extra_Condensed_700italic,700italic,C:\Users\angel\OneDrive\Desktop\Kern\data\raw\fonts\Sofia_Sans_Extra_Condensed_700italic.ttf,ok,5,5,0,5,0,
Sofia Sans Extra Condensed,Sofia_Sans_Extra_Condensed_800italic,800italic,C:\Users\angel\OneDrive\Desktop\Kern\data\raw\fonts\Sofia_Sans_Extra_Condensed_800italic.ttf,ok,5,5,0,5,0,
Sofia Sans Extra Condensed,Sofia_Sans_Extra_Condensed_900italic,900italic,C:\Users\angel\OneDrive\Desktop\Kern\data\raw\fonts\Sofia_Sans_Extra_Condensed_900italic.ttf,ok,5,5,0,5,0,
Hind Vadodara,Hind_Vadodara_300,300,C:\Users\angel\OneDrive\Desktop\Kern\data\raw\fonts\Hind_Vadodara_300.ttf,ok,0,0,0,0,0,
Hind Vadodara,Hind_Vadodara_regular,regular,C:\Users\angel\OneDrive\Desktop\Kern\data\raw\fonts\Hind_Vadodara_regular.ttf,ok,0,0,0,0,0,
Hind Vadodara,Hind_Vadodara_500,500,C:\Users\angel\OneDrive\Desktop\Kern\data\raw\fonts\Hind_Vadodara_500.ttf,ok,0,0,0,0,0,
Hind Vadodara,Hind_Vadodara_600,600,C:\Users\angel\OneDrive\Desktop\Kern\data\raw\fonts\Hind_Vadodara_600.ttf,ok,0,0,0,0,0,
Hind Vadodara,Hind_Vadodara_700,700,C:\Users\angel\OneDrive\Desktop\Kern\data\raw\fonts\Hind_Vadodara_700.ttf,ok,0,0,0,0,0,
Belleza,Belleza_regular,regular,C:\Users\angel\OneDrive\Desktop\Kern\data\raw\fonts\Belleza_regular.ttf,ok,55,1917,1862,55,0,
Sorts Mill Goudy,Sorts_Mill_Goudy_regular,regular,C:\Users\angel\OneDrive\Desktop\Kern\data\raw\fonts\Sorts_Mill_Goudy_regular.ttf,ok,6,6,0,6,0,
Sorts Mill Goudy,Sorts_Mill_Goudy_italic,italic,C:\Users\angel\OneDrive\Desktop\Kern\data\raw\fonts\Sorts_Mill_Goudy_italic.ttf,ok,1,1,0,1,0,
Alice,Alice_regular,regular,C:\Users\angel\OneDrive\Desktop\Kern\data\raw\fonts\Alice_regular.ttf,ok,97,97,0,97,0,
Mada,Mada_200,200,C:\Users\angel\OneDrive\Desktop\Kern\data\raw\fonts\Mada_200.ttf,ok,0,160,160,0,0,
Mada,Mada_300,300,C:\Users\angel\OneDrive\Desktop\Kern\data\raw\fonts\Mada_300.ttf,ok,0,160,160,0,0,
Mada,Mada_regular,regular,C:\Users\angel\OneDrive\Desktop\Kern\data\raw\fonts\Mada_regular.ttf,ok,0,160,160,0,0,
Mada,Mada_500,500,C:\Users\angel\OneDrive\Desktop\Kern\data\raw\fonts\Mada_500.ttf,ok,0,160,160,0,0,
Mada,Mada_600,600,C:\Users\angel\OneDrive\Desktop\Kern\data\raw\fonts\Mada_600.ttf,ok,0,160,160,0,0,
Mada,Mada_700,700,C:\Users\angel\OneDrive\Desktop\Kern\data\raw\fonts\Mada_700.ttf,ok,0,160,160,0,0,
Mada,Mada_800,800,C:\Users\angel\OneDrive\Desktop\Kern\data\raw\fonts\Mada_800.ttf,ok,0,160,160,0,0,
Mada,Mada_900,900,C:\Users\angel\OneDrive\Desktop\Kern\data\raw\fonts\Mada_900.ttf,ok,0,160,160,0,0,
Petrona,Petrona_100,100,C:\Users\angel\OneDrive\Desktop\Kern\data\raw\fonts\Petrona_100.ttf,ok,0,0,0,0,0,
Petrona,Petrona_200,200,C:\Users\angel\OneDrive\Desktop\Kern\data\raw\fonts\Petrona_200.ttf,ok,0,0,0,0,0,
Petrona,Petrona_300,300,C:\Users\angel\OneDrive\Desktop\Kern\data\raw\fonts\Petrona_300.ttf,ok,0,0,0,0,0,
Petrona,Petrona_regular,regular,C:\Users\angel\OneDrive\Desktop\Kern\data\raw\fonts\Petrona_regular.ttf,ok,0,0,0,0,0,
Petrona,Petrona_500,500,C:\Users\angel\OneDrive\Desktop\Kern\data\raw\fonts\Petrona_500.ttf,ok,0,0,0,0,0,
Petrona,Petrona_600,600,C:\Users\angel\OneDrive\Desktop\Kern\data\raw\fonts\Petrona_600.ttf,ok,0,0,0,0,0,
Petrona,Petrona_700,700,C:\Users\angel\OneDrive\Desktop\Kern\data\raw\fonts\Petrona_700.ttf,ok,0,0,0,0,0,
Petrona,Petrona_800,800,C:\Users\angel\OneDrive\Desktop\Kern\data\raw\fonts\Petrona_800.ttf,ok,0,0,0,0,0,
Petrona,Petrona_900,900,C:\Users\angel\OneDrive\Desktop\Kern\data\raw\fonts\Petrona_900.ttf,ok,0,0,0,0,0,
Petrona,Petrona_100italic,100italic,C:\Users\angel\OneDrive\Desktop\Kern\data\raw\fonts\Petrona_100italic.ttf,ok,1,34,33,1,0,
Petrona,Petrona_200italic,200italic,C:\Users\angel\OneDrive\Desktop\Kern\data\raw\fonts\Petrona_200italic.ttf,ok,1,34,33,1,0,
Petrona,Petrona_300italic,300italic,C:\Users\angel\OneDrive\Desktop\Kern\data\raw\fonts\Petrona_300italic.ttf,ok,1,34,33,1,0,
Petrona,Petrona_italic,italic,C:\Users\angel\OneDrive\Desktop\Kern\data\raw\fonts\Petrona_italic.ttf,ok,1,34,33,1,0,
Petrona,Petrona_500italic,500italic,C:\Users\angel\OneDrive\Desktop\Kern\data\raw\fonts\Petrona_500italic.ttf,ok,1,34,33,1,0,
Petrona,Petrona_600italic,600italic,C:\Users\angel\OneDrive\Desktop\Kern\data\raw\fonts\Petrona_600italic.ttf,ok,1,34,33,1,0,
Petrona,Petrona_700italic,700italic,C:\Users\angel\OneDrive\Desktop\Kern\data\raw\fonts\Petrona_700italic.ttf,ok,1,34,33,1,0,
Petrona,Petrona_800italic,800italic,C:\Users\angel\OneDrive\Desktop\Kern\data\raw\fonts\Petrona_800italic.ttf,ok,1,34,33,1,0,
Petrona,Petrona_900italic,900italic,C:\Users\angel\OneDrive\Desktop\Kern\data\raw\fonts\Petrona_900italic.ttf,ok,1,34,33,1,0,
GFS Didot,GFS_Didot_regular,regular,C:\Users\angel\OneDrive\Desktop\Kern\data\raw\fonts\GFS_Didot_regular.ttf,ok,109,109,0,109,0,
Blinker,Blinker_100,100,C:\Users\angel\OneDrive\Desktop\Kern\data\raw\fonts\Blinker_100.ttf,ok,3,10,7,3,0,
Blinker,Blinker_200,200,C:\Users\angel\OneDrive\Desktop\Kern\data\raw\fonts\Blinker_200.ttf,ok,6,6,0,6,0,
Blinker,Blinker_300,300,C:\Users\angel\OneDrive\Desktop\Kern\data\raw\fonts\Blinker_300.ttf,ok,6,6,0,6,0,
Blinker,Blinker_regular,regular,C:\Users\angel\OneDrive\Desktop\Kern\data\raw\fonts\Blinker_regular.ttf,ok,5,5,0,5,0,
Blinker,Blinker_600,600,C:\Users\angel\OneDrive\Desktop\Kern\data\raw\fonts\Blinker_600.ttf,ok,10,10,0,10,0,
Blinker,Blinker_700,700,C:\Users\angel\OneDrive\Desktop\Kern\data\raw\fonts\Blinker_700.ttf,ok,7,67,60,7,0,
Blinker,Blinker_800,800,C:\Users\angel\OneDrive\Desktop\Kern\data\raw\fonts\Blinker_800.ttf,ok,10,10,0,10,0,
Blinker,Blinker_900,900,C:\Users\angel\OneDrive\Desktop\Kern\data\raw\fonts\Blinker_900.ttf,ok,10,10,0,10,0,
Volkhov,Volkhov_regular,regular,C:\Users\angel\OneDrive\Desktop\Kern\data\raw\fonts\Volkhov_regular.ttf,ok,747,1440,693,747,0,
Volkhov,Volkhov_italic,italic,C:\Users\angel\OneDrive\Desktop\Kern\data\raw\fonts\Volkhov_italic.ttf,ok,281,281,0,281,0,
Volkhov,Volkhov_700,700,C:\Users\angel\OneDrive\Desktop\Kern\data\raw\fonts\Volkhov_700.ttf,ok,744,1437,693,744,0,
Volkhov,Volkhov_700italic,700italic,C:\Users\angel\OneDrive\Desktop\Kern\data\raw\fonts\Volkhov_700italic.ttf,ok,720,1170,450,720,0,
Besley,Besley_regular,regular,C:\Users\angel\OneDrive\Desktop\Kern\data\raw\fonts\Besley_regular.ttf,ok,0,0,0,0,0,
Besley,Besley_500,500,C:\Users\angel\OneDrive\Desktop\Kern\data\raw\fonts\Besley_500.ttf,ok,0,0,0,0,0,
Besley,Besley_600,600,C:\Users\angel\OneDrive\Desktop\Kern\data\raw\fonts\Besley_600.ttf,ok,0,0,0,0,0,
Besley,Besley_700,700,C:\Users\angel\OneDrive\Desktop\Kern\data\raw\fonts\Besley_700.ttf,ok,0,0,0,0,0,
Besley,Besley_800,800,C:\Users\angel\OneDrive\Desktop\Kern\data\raw\fonts\Besley_800.ttf,ok,0,0,0,0,0,
Besley,Besley_900,900,C:\Users\angel\OneDrive\Desktop\Kern\data\raw\fonts\Besley_900.ttf,ok,0,0,0,0,0,
Besley,Besley_italic,italic,C:\Users\angel\OneDrive\Desktop\Kern\data\raw\fonts\Besley_italic.ttf,ok,0,26,26,0,0,
Besley,Besley_500italic,500italic,C:\Users\angel\OneDrive\Desktop\Kern\data\raw\fonts\Besley_500italic.ttf,ok,0,26,26,0,0,
Besley,Besley_600italic,600italic,C:\Users\angel\OneDrive\Desktop\Kern\data\raw\fonts\Besley_600italic.ttf,ok,0,26,26,0,0,
Besley,Besley_700italic,700italic,C:\Users\angel\OneDrive\Desktop\Kern\data\raw\fonts\Besley_700italic.ttf,ok,0,26,26,0,0,
Besley,Besley_800italic,800italic,C:\Users\angel\OneDrive\Desktop\Kern\data\raw\fonts\Besley_800italic.ttf,ok,0,26,26,0,0,
Besley,Besley_900italic,900italic,C:\Users\angel\OneDrive\Desktop\Kern\data\raw\fonts\Besley_900italic.ttf,ok,0,26,26,0,0,
Mona Sans,Mona_Sans_200,200,C:\Users\angel\OneDrive\Desktop\Kern\data\raw\fonts\Mona_Sans_200.ttf,ok,8,5442,5434,8,0,
Mona Sans,Mona_Sans_300,300,C:\Users\angel\OneDrive\Desktop\Kern\data\raw\fonts\Mona_Sans_300.ttf,ok,9,5442,5433,9,0,
Mona Sans,Mona_Sans_regular,regular,C:\Users\angel\OneDrive\Desktop\Kern\data\raw\fonts\Mona_Sans_regular.ttf,ok,9,5442,5433,9,0,
Mona Sans,Mona_Sans_500,500,C:\Users\angel\OneDrive\Desktop\Kern\data\raw\fonts\Mona_Sans_500.ttf,ok,9,5442,5433,9,0,
Mona Sans,Mona_Sans_600,600,C:\Users\angel\OneDrive\Desktop\Kern\data\raw\fonts\Mona_Sans_600.ttf,ok,9,5442,5433,9,0,
Mona Sans,Mona_Sans_700,700,C:\Users\angel\OneDrive\Desktop\Kern\data\raw\fonts\Mona_Sans_700.ttf,ok,9,5442,5433,9,0,
Mona Sans,Mona_Sans_800,800,C:\Users\angel\OneDrive\Desktop\Kern\data\raw\fonts\Mona_Sans_800.ttf,ok,9,5442,5433,9,0,
Mona Sans,Mona_Sans_900,900,C:\Users\angel\OneDrive\Desktop\Kern\data\raw\fonts\Mona_Sans_900.ttf,ok,9,5442,5433,9,0,
Mona Sans,Mona_Sans_200italic,200italic,C:\Users\angel\OneDrive\Desktop\Kern\data\raw\fonts\Mona_Sans_200italic.ttf,ok,7,5442,5435,7,0,
Mona Sans,Mona_Sans_300italic,300italic,C:\Users\angel\OneDrive\Desktop\Kern\data\raw\fonts\Mona_Sans_300italic.ttf,ok,8,5442,5434,8,0,
Mona Sans,Mona_Sans_italic,italic,C:\Users\angel\OneDrive\Desktop\Kern\data\raw\fonts\Mona_Sans_italic.ttf,ok,9,5442,5433,9,0,
Mona Sans,Mona_Sans_500italic,500italic,C:\Users\angel\OneDrive\Desktop\Kern\data\raw\fonts\Mona_Sans_500italic.ttf,ok,9,5442,5433,9,0,
Mona Sans,Mona_Sans_600italic,600italic,C:\Users\angel\OneDrive\Desktop\Kern\data\raw\fonts\Mona_Sans_600italic.ttf,ok,9,5442,5433,9,0,
Mona Sans,Mona_Sans_700italic,700italic,C:\Users\angel\OneDrive\Desktop\Kern\data\raw\fonts\Mona_Sans_700italic.ttf,ok,9,5442,5433,9,0,
Mona Sans,Mona_Sans_800italic,800italic,C:\Users\angel\OneDrive\Desktop\Kern\data\raw\fonts\Mona_Sans_800italic.ttf,ok,9,5442,5433,9,0,
Mona Sans,Mona_Sans_900italic,900italic,C:\Users\angel\OneDrive\Desktop\Kern\data\raw\fonts\Mona_Sans_900italic.ttf,ok,9,5442,5433,9,0,
Saira Extra Condensed,Saira_Extra_Condensed_100,100,C:\Users\angel\OneDrive\Desktop\Kern\data\raw\fonts\Saira_Extra_Condensed_100.ttf,ok,12,9683,9671,12,0,
Saira Extra Condensed,Saira_Extra_Condensed_200,200,C:\Users\angel\OneDrive\Desktop\Kern\data\raw\fonts\Saira_Extra_Condensed_200.ttf,ok,25,9696,9671,25,0,
Saira Extra Condensed,Saira_Extra_Condensed_300,300,C:\Users\angel\OneDrive\Desktop\Kern\data\raw\fonts\Saira_Extra_Condensed_300.ttf,ok,25,9696,9671,25,0,
Saira Extra Condensed,Saira_Extra_Condensed_regular,regular,C:\Users\angel\OneDrive\Desktop\Kern\data\raw\fonts\Saira_Extra_Condensed_regular.ttf,ok,25,9696,9671,25,0,
Saira Extra Condensed,Saira_Extra_Condensed_500,500,C:\Users\angel\OneDrive\Desktop\Kern\data\raw\fonts\Saira_Extra_Condensed_500.ttf,ok,25,9696,9671,25,0,
Saira Extra Condensed,Saira_Extra_Condensed_600,600,C:\Users\angel\OneDrive\Desktop\Kern\data\raw\fonts\Saira_Extra_Condensed_600.ttf,ok,25,9696,9671,25,0,
Saira Extra Condensed,Saira_Extra_Condensed_700,700,C:\Users\angel\OneDrive\Desktop\Kern\data\raw\fonts\Saira_Extra_Condensed_700.ttf,ok,25,9696,9671,25,0,
Saira Extra Condensed,Saira_Extra_Condensed_800,800,C:\Users\angel\OneDrive\Desktop\Kern\data\raw\fonts\Saira_Extra_Condensed_800.ttf,ok,25,9696,9671,25,0,
Saira Extra Condensed,Saira_Extra_Condensed_900,900,C:\Users\angel\OneDrive\Desktop\Kern\data\raw\fonts\Saira_Extra_Condensed_900.ttf,ok,21,9692,9671,21,0,
Mr Dafoe,Mr_Dafoe_regular,regular,C:\Users\angel\OneDrive\Desktop\Kern\data\raw\fonts\Mr_Dafoe_regular.ttf,ok,222,222,0,222,0,
Dongle,Dongle_300,300,C:\Users\angel\OneDrive\Desktop\Kern\data\raw\fonts\Dongle_300.ttf,ok,0,256,256,0,0,
Dongle,Dongle_regular,regular,C:\Users\angel\OneDrive\Desktop\Kern\data\raw\fonts\Dongle_regular.ttf,ok,0,256,256,0,0,
Dongle,Dongle_700,700,C:\Users\angel\OneDrive\Desktop\Kern\data\raw\fonts\Dongle_700.ttf,ok,0,256,256,0,0,
Saira Semi Condensed,Saira_Semi_Condensed_100,100,C:\Users\angel\OneDrive\Desktop\Kern\data\raw\fonts\Saira_Semi_Condensed_100.ttf,ok,12,9683,9671,12,0,
Saira Semi Condensed,Saira_Semi_Condensed_200,200,C:\Users\angel\OneDrive\Desktop\Kern\data\raw\fonts\Saira_Semi_Condensed_200.ttf,ok,20,9691,9671,20,0,
Saira Semi Condensed,Saira_Semi_Condensed_300,300,C:\Users\angel\OneDrive\Desktop\Kern\data\raw\fonts\Saira_Semi_Condensed_300.ttf,ok,20,9691,9671,20,0,
Saira Semi Condensed,Saira_Semi_Condensed_regular,regular,C:\Users\angel\OneDrive\Desktop\Kern\data\raw\fonts\Saira_Semi_Condensed_regular.ttf,ok,20,9691,9671,20,0,
Saira Semi Condensed,Saira_Semi_Condensed_500,500,C:\Users\angel\OneDrive\Desktop\Kern\data\raw\fonts\Saira_Semi_Condensed_500.ttf,ok,20,9691,9671,20,0,
Saira Semi Condensed,Saira_Semi_Condensed_600,600,C:\Users\angel\OneDrive\Desktop\Kern\data\raw\fonts\Saira_Semi_Condensed_600.ttf,ok,21,9692,9671,21,0,
Saira Semi Condensed,Saira_Semi_Condensed_700,700,C:\Users\angel\OneDrive\Desktop\Kern\data\raw\fonts\Saira_Semi_Condensed_700.ttf,ok,21,9692,9671,21,0,
Saira Semi Condensed,Saira_Semi_Condensed_800,800,C:\Users\angel\OneDrive\Desktop\Kern\data\raw\fonts\Saira_Semi_Condensed_800.ttf,ok,21,9692,9671,21,0,
Saira Semi Condensed,Saira_Semi_Condensed_900,900,C:\Users\angel\OneDrive\Desktop\Kern\data\raw\fonts\Saira_Semi_Condensed_900.ttf,ok,21,9692,9671,21,0,
Michroma,Michroma_regular,regular,C:\Users\angel\OneDrive\Desktop\Kern\data\raw\fonts\Michroma_regular.ttf,ok,82,2528,2446,82,0,
Afacad,Afacad_regular,regular,C:\Users\angel\OneDrive\Desktop\Kern\data\raw\fonts\Afacad_regular.ttf,ok,1,5566,5565,1,0,
Afacad,Afacad_500,500,C:\Users\angel\OneDrive\Desktop\Kern\data\raw\fonts\Afacad_500.ttf,ok,1,5566,5565,1,0,
Afacad,Afacad_600,600,C:\Users\angel\OneDrive\Desktop\Kern\data\raw\fonts\Afacad_600.ttf,ok,1,5566,5565,1,0,
Afacad,Afacad_700,700,C:\Users\angel\OneDrive\Desktop\Kern\data\raw\fonts\Afacad_700.ttf,ok,1,5566,5565,1,0,
Afacad,Afacad_italic,italic,C:\Users\angel\OneDrive\Desktop\Kern\data\raw\fonts\Afacad_italic.ttf,ok,1,5568,5567,1,0,
Afacad,Afacad_500italic,500italic,C:\Users\angel\OneDrive\Desktop\Kern\data\raw\fonts\Afacad_500italic.ttf,ok,3,5568,5565,3,0,
Afacad,Afacad_600italic,600italic,C:\Users\angel\OneDrive\Desktop\Kern\data\raw\fonts\Afacad_600italic.ttf,ok,3,5568,5565,3,0,
Afacad,Afacad_700italic,700italic,C:\Users\angel\OneDrive\Desktop\Kern\data\raw\fonts\Afacad_700italic.ttf,ok,3,5568,5565,3,0,
Lalezar,Lalezar_regular,regular,C:\Users\angel\OneDrive\Desktop\Kern\data\raw\fonts\Lalezar_regular.ttf,ok,230,2935,2705,230,0,
Ropa Sans,Ropa_Sans_regular,regular,C:\Users\angel\OneDrive\Desktop\Kern\data\raw\fonts\Ropa_Sans_regular.ttf,ok,12,14047,14035,12,0,
Ropa Sans,Ropa_Sans_italic,italic,C:\Users\angel\OneDrive\Desktop\Kern\data\raw\fonts\Ropa_Sans_italic.ttf,ok,3,13958,13955,3,0,
Noto Serif Display,Noto_Serif_Display_100,100,C:\Users\angel\OneDrive\Desktop\Kern\data\raw\fonts\Noto_Serif_Display_100.ttf,ok,5,54,49,5,0,
Noto Serif Display,Noto_Serif_Display_200,200,C:\Users\angel\OneDrive\Desktop\Kern\data\raw\fonts\Noto_Serif_Display_200.ttf,ok,5,54,49,5,0,
Noto Serif Display,Noto_Serif_Display_300,300,C:\Users\angel\OneDrive\Desktop\Kern\data\raw\fonts\Noto_Serif_Display_300.ttf,ok,5,54,49,5,0,
Noto Serif Display,Noto_Serif_Display_regular,regular,C:\Users\angel\OneDrive\Desktop\Kern\data\raw\fonts\Noto_Serif_Display_regular.ttf,ok,5,54,49,5,0,
Noto Serif Display,Noto_Serif_Display_500,500,C:\Users\angel\OneDrive\Desktop\Kern\data\raw\fonts\Noto_Serif_Display_500.ttf,ok,5,54,49,5,0,
Noto Serif Display,Noto_Serif_Display_600,600,C:\Users\angel\OneDrive\Desktop\Kern\data\raw\fonts\Noto_Serif_Display_600.ttf,ok,5,54,49,5,0,
Noto Serif Display,Noto_Serif_Display_700,700,C:\Users\angel\OneDrive\Desktop\Kern\data\raw\fonts\Noto_Serif_Display_700.ttf,ok,5,54,49,5,0,
Noto Serif Display,Noto_Serif_Display_800,800,C:\Users\angel\OneDrive\Desktop\Kern\data\raw\fonts\Noto_Serif_Display_800.ttf,ok,5,54,49,5,0,
Noto Serif Display,Noto_Serif_Display_900,900,C:\Users\angel\OneDrive\Desktop\Kern\data\raw\fonts\Noto_Serif_Display_900.ttf,ok,5,54,49,5,0,
Noto Serif Display,Noto_Serif_Display_100italic,100italic,C:\Users\angel\OneDrive\Desktop\Kern\data\raw\fonts\Noto_Serif_Display_100italic.ttf,ok,7,48,41,7,0,
Noto Serif Display,Noto_Serif_Display_200italic,200italic,C:\Users\angel\OneDrive\Desktop\Kern\data\raw\fonts\Noto_Serif_Display_200italic.ttf,ok,7,48,41,7,0,
Noto Serif Display,Noto_Serif_Display_300italic,300italic,C:\Users\angel\OneDrive\Desktop\Kern\data\raw\fonts\Noto_Serif_Display_300italic.ttf,ok,7,48,41,7,0,
Noto Serif Display,Noto_Serif_Display_italic,italic,C:\Users\angel\OneDrive\Desktop\Kern\data\raw\fonts\Noto_Serif_Display_italic.ttf,ok,7,48,41,7,0,
Noto Serif Display,Noto_Serif_Display_500italic,500italic,C:\Users\angel\OneDrive\Desktop\Kern\data\raw\fonts\Noto_Serif_Display_500italic.ttf,ok,7,48,41,7,0,
Noto Serif Display,Noto_Serif_Display_600italic,600italic,C:\Users\angel\OneDrive\Desktop\Kern\data\raw\fonts\Noto_Serif_Display_600italic.ttf,ok,7,48,41,7,0,
Noto Serif Display,Noto_Serif_Display_700italic,700italic,C:\Users\angel\OneDrive\Desktop\Kern\data\raw\fonts\Noto_Serif_Display_700italic.ttf,ok,7,48,41,7,0,
Noto Serif Display,Noto_Serif_Display_800italic,800italic,C:\Users\angel\OneDrive\Desktop\Kern\data\raw\fonts\Noto_Serif_Display_800italic.ttf,ok,7,48,41,7,0,
Noto Serif Display,Noto_Serif_Display_900italic,900italic,C:\Users\angel\OneDrive\Desktop\Kern\data\raw\fonts\Noto_Serif_Display_900italic.ttf,ok,7,48,41,7,0,
Vidaloka,Vidaloka_regular,regular,C:\Users\angel\OneDrive\Desktop\Kern\data\raw\fonts\Vidaloka_regular.ttf,ok,240,240,0,240,0,
Whisper,Whisper_regular,regular,C:\Users\angel\OneDrive\Desktop\Kern\data\raw\fonts\Whisper_regular.ttf,ok,9,1514,1505,9,0,
Noto Sans Symbols,Noto_Sans_Symbols_100,100,C:\Users\angel\OneDrive\Desktop\Kern\data\raw\fonts\Noto_Sans_Symbols_100.ttf,ok,7,501,494,7,0,
Noto Sans Symbols,Noto_Sans_Symbols_200,200,C:\Users\angel\OneDrive\Desktop\Kern\data\raw\fonts\Noto_Sans_Symbols_200.ttf,ok,7,501,494,7,0,
Noto Sans Symbols,Noto_Sans_Symbols_300,300,C:\Users\angel\OneDrive\Desktop\Kern\data\raw\fonts\Noto_Sans_Symbols_300.ttf,ok,7,501,494,7,0,
Noto Sans Symbols,Noto_Sans_Symbols_regular,regular,C:\Users\angel\OneDrive\Desktop\Kern\data\raw\fonts\Noto_Sans_Symbols_regular.ttf,ok,7,501,494,7,0,
Noto Sans Symbols,Noto_Sans_Symbols_500,500,C:\Users\angel\OneDrive\Desktop\Kern\data\raw\fonts\Noto_Sans_Symbols_500.ttf,ok,7,501,494,7,0,
Noto Sans Symbols,Noto_Sans_Symbols_600,600,C:\Users\angel\OneDrive\Desktop\Kern\data\raw\fonts\Noto_Sans_Symbols_600.ttf,ok,7,501,494,7,0,
Noto Sans Symbols,Noto_Sans_Symbols_700,700,C:\Users\angel\OneDrive\Desktop\Kern\data\raw\fonts\Noto_Sans_Symbols_700.ttf,ok,7,501,494,7,0,
Noto Sans Symbols,Noto_Sans_Symbols_800,800,C:\Users\angel\OneDrive\Desktop\Kern\data\raw\fonts\Noto_Sans_Symbols_800.ttf,ok,7,501,494,7,0,
Noto Sans Symbols,Noto_Sans_Symbols_900,900,C:\Users\angel\OneDrive\Desktop\Kern\data\raw\fonts\Noto_Sans_Symbols_900.ttf,ok,7,501,494,7,0,
Caveat Brush,Caveat_Brush_regular,regular,C:\Users\angel\OneDrive\Desktop\Kern\data\raw\fonts\Caveat_Brush_regular.ttf,ok,248,248,0,248,0,
Economica,Economica_regular,regular,C:\Users\angel\OneDrive\Desktop\Kern\data\raw\fonts\Economica_regular.ttf,ok,84,84,0,84,0,
Economica,Economica_italic,italic,C:\Users\angel\OneDrive\Desktop\Kern\data\raw\fonts\Economica_italic.ttf,ok,129,129,0,129,0,
Economica,Economica_700,700,C:\Users\angel\OneDrive\Desktop\Kern\data\raw\fonts\Economica_700.ttf,ok,37,37,0,37,0,
Economica,Economica_700italic,700italic,C:\Users\angel\OneDrive\Desktop\Kern\data\raw\fonts\Economica_700italic.ttf,ok,96,96,0,96,0,
Nothing You Could Do,Nothing_You_Could_Do_regular,regular,C:\Users\angel\OneDrive\Desktop\Kern\data\raw\fonts\Nothing_You_Could_Do_regular.ttf,ok,0,0,0,0,0,
Reddit Sans,Reddit_Sans_200,200,C:\Users\angel\OneDrive\Desktop\Kern\data\raw\fonts\Reddit_Sans_200.ttf,ok,0,5408,5408,0,0,
Reddit Sans,Reddit_Sans_300,300,C:\Users\angel\OneDrive\Desktop\Kern\data\raw\fonts\Reddit_Sans_300.ttf,ok,0,5408,5408,0,0,
Reddit Sans,Reddit_Sans_regular,regular,C:\Users\angel\OneDrive\Desktop\Kern\data\raw\fonts\Reddit_Sans_regular.ttf,ok,0,5408,5408,0,0,
Reddit Sans,Reddit_Sans_500,500,C:\Users\angel\OneDrive\Desktop\Kern\data\raw\fonts\Reddit_Sans_500.ttf,ok,0,5408,5408,0,0,
Reddit Sans,Reddit_Sans_600,600,C:\Users\angel\OneDrive\Desktop\Kern\data\raw\fonts\Reddit_Sans_600.ttf,ok,0,5408,5408,0,0,
Reddit Sans,Reddit_Sans_700,700,C:\Users\angel\OneDrive\Desktop\Kern\data\raw\fonts\Reddit_Sans_700.ttf,ok,0,5408,5408,0,0,
Reddit Sans,Reddit_Sans_800,800,C:\Users\angel\OneDrive\Desktop\Kern\data\raw\fonts\Reddit_Sans_800.ttf,ok,0,5408,5408,0,0,
Reddit Sans,Reddit_Sans_900,900,C:\Users\angel\OneDrive\Desktop\Kern\data\raw\fonts\Reddit_Sans_900.ttf,ok,0,5408,5408,0,0,
Reddit Sans,Reddit_Sans_200italic,200italic,C:\Users\angel\OneDrive\Desktop\Kern\data\raw\fonts\Reddit_Sans_200italic.ttf,ok,0,5408,5408,0,0,
Reddit Sans,Reddit_Sans_300italic,300italic,C:\Users\angel\OneDrive\Desktop\Kern\data\raw\fonts\Reddit_Sans_300italic.ttf,ok,0,5408,5408,0,0,
Reddit Sans,Reddit_Sans_italic,italic,C:\Users\angel\OneDrive\Desktop\Kern\data\raw\fonts\Reddit_Sans_italic.ttf,ok,0,5408,5408,0,0,
Reddit Sans,Reddit_Sans_500italic,500italic,C:\Users\angel\OneDrive\Desktop\Kern\data\raw\fonts\Reddit_Sans_500italic.ttf,ok,0,5408,5408,0,0,
Reddit Sans,Reddit_Sans_600italic,600italic,C:\Users\angel\OneDrive\Desktop\Kern\data\raw\fonts\Reddit_Sans_600italic.ttf,ok,0,5408,5408,0,0,
Reddit Sans,Reddit_Sans_700italic,700italic,C:\Users\angel\OneDrive\Desktop\Kern\data\raw\fonts\Reddit_Sans_700italic.ttf,ok,0,5408,5408,0,0,
Reddit Sans,Reddit_Sans_800italic,800italic,C:\Users\angel\OneDrive\Desktop\Kern\data\raw\fonts\Reddit_Sans_800italic.ttf,ok,0,5408,5408,0,0,
Reddit Sans,Reddit_Sans_900italic,900italic,C:\Users\angel\OneDrive\Desktop\Kern\data\raw\fonts\Reddit_Sans_900italic.ttf,ok,0,5408,5408,0,0,
Mandali,Mandali_regular,regular,C:\Users\angel\OneDrive\Desktop\Kern\data\raw\fonts\Mandali_regular.ttf,ok,0,0,0,0,0,
Anek Bangla,Anek_Bangla_100,100,C:\Users\angel\OneDrive\Desktop\Kern\data\raw\fonts\Anek_Bangla_100.ttf,ok,43,46,3,43,0,
Anek Bangla,Anek_Bangla_200,200,C:\Users\angel\OneDrive\Desktop\Kern\data\raw\fonts\Anek_Bangla_200.ttf,ok,46,46,0,46,0,
Anek Bangla,Anek_Bangla_300,300,C:\Users\angel\OneDrive\Desktop\Kern\data\raw\fonts\Anek_Bangla_300.ttf,ok,46,46,0,46,0,
Anek Bangla,Anek_Bangla_regular,regular,C:\Users\angel\OneDrive\Desktop\Kern\data\raw\fonts\Anek_Bangla_regular.ttf,ok,45,46,1,45,0,
Anek Bangla,Anek_Bangla_500,500,C:\Users\angel\OneDrive\Desktop\Kern\data\raw\fonts\Anek_Bangla_500.ttf,ok,46,46,0,46,0,
Anek Bangla,Anek_Bangla_600,600,C:\Users\angel\OneDrive\Desktop\Kern\data\raw\fonts\Anek_Bangla_600.ttf,ok,46,46,0,46,0,
Anek Bangla,Anek_Bangla_700,700,C:\Users\angel\OneDrive\Desktop\Kern\data\raw\fonts\Anek_Bangla_700.ttf,ok,46,46,0,46,0,
Anek Bangla,Anek_Bangla_800,800,C:\Users\angel\OneDrive\Desktop\Kern\data\raw\fonts\Anek_Bangla_800.ttf,ok,46,46,0,46,0,
Varela,Varela_regular,regular,C:\Users\angel\OneDrive\Desktop\Kern\data\raw\fonts\Varela_regular.ttf,ok,0,0,0,0,0,
Special Gothic Condensed One,Special_Gothic_Condensed_One_regular,regular,C:\Users\angel\OneDrive\Desktop\Kern\data\raw\fonts\Special_Gothic_Condensed_One_regular.ttf,ok,243,2991,2748,243,0,
Cuprum,Cuprum_regular,regular,C:\Users\angel\OneDrive\Desktop\Kern\data\raw\fonts\Cuprum_regular.ttf,ok,276,276,0,276,0,
Cuprum,Cuprum_500,500,C:\Users\angel\OneDrive\Desktop\Kern\data\raw\fonts\Cuprum_500.ttf,ok,276,276,0,276,0,
Cuprum,Cuprum_600,600,C:\Users\angel\OneDrive\Desktop\Kern\data\raw\fonts\Cuprum_600.ttf,ok,276,276,0,276,0,
Cuprum,Cuprum_700,700,C:\Users\angel\OneDrive\Desktop\Kern\data\raw\fonts\Cuprum_700.ttf,ok,276,276,0,276,0,
Cuprum,Cuprum_italic,italic,C:\Users\angel\OneDrive\Desktop\Kern\data\raw\fonts\Cuprum_italic.ttf,ok,276,276,0,276,0,
Cuprum,Cuprum_500italic,500italic,C:\Users\angel\OneDrive\Desktop\Kern\data\raw\fonts\Cuprum_500italic.ttf,ok,276,276,0,276,0,
Cuprum,Cuprum_600italic,600italic,C:\Users\angel\OneDrive\Desktop\Kern\data\raw\fonts\Cuprum_600italic.ttf,ok,276,276,0,276,0,
Cuprum,Cuprum_700italic,700italic,C:\Users\angel\OneDrive\Desktop\Kern\data\raw\fonts\Cuprum_700italic.ttf,ok,276,276,0,276,0,
Taviraj,Taviraj_100,100,C:\Users\angel\OneDrive\Desktop\Kern\data\raw\fonts\Taviraj_100.ttf,ok,131,5039,4908,131,0,
Taviraj,Taviraj_100italic,100italic,C:\Users\angel\OneDrive\Desktop\Kern\data\raw\fonts\Taviraj_100italic.ttf,ok,95,2438,2343,95,0,
Taviraj,Taviraj_200,200,C:\Users\angel\OneDrive\Desktop\Kern\data\raw\fonts\Taviraj_200.ttf,ok,244,5088,4844,244,0,
Taviraj,Taviraj_200italic,200italic,C:\Users\angel\OneDrive\Desktop\Kern\data\raw\fonts\Taviraj_200italic.ttf,ok,128,2156,2028,128,0,
Taviraj,Taviraj_300,300,C:\Users\angel\OneDrive\Desktop\Kern\data\raw\fonts\Taviraj_300.ttf,ok,244,5088,4844,244,0,
Taviraj,Taviraj_300italic,300italic,C:\Users\angel\OneDrive\Desktop\Kern\data\raw\fonts\Taviraj_300italic.ttf,ok,28,1854,1826,28,0,
Taviraj,Taviraj_regular,regular,C:\Users\angel\OneDrive\Desktop\Kern\data\raw\fonts\Taviraj_regular.ttf,ok,17,4233,4216,17,0,
Taviraj,Taviraj_italic,italic,C:\Users\angel\OneDrive\Desktop\Kern\data\raw\fonts\Taviraj_italic.ttf,ok,125,2171,2046,125,0,
Taviraj,Taviraj_500,500,C:\Users\angel\OneDrive\Desktop\Kern\data\raw\fonts\Taviraj_500.ttf,ok,244,5088,4844,244,0,
Taviraj,Taviraj_500italic,500italic,C:\Users\angel\OneDrive\Desktop\Kern\data\raw\fonts\Taviraj_500italic.ttf,ok,116,2098,1982,116,0,
Taviraj,Taviraj_600,600,C:\Users\angel\OneDrive\Desktop\Kern\data\raw\fonts\Taviraj_600.ttf,ok,133,4977,4844,133,0,
Taviraj,Taviraj_600italic,600italic,C:\Users\angel\OneDrive\Desktop\Kern\data\raw\fonts\Taviraj_600italic.ttf,ok,81,2297,2216,81,0,
Taviraj,Taviraj_700,700,C:\Users\angel\OneDrive\Desktop\Kern\data\raw\fonts\Taviraj_700.ttf,ok,131,4912,4781,131,0,
Taviraj,Taviraj_700italic,700italic,C:\Users\angel\OneDrive\Desktop\Kern\data\raw\fonts\Taviraj_700italic.ttf,ok,125,2763,2638,125,0,
Taviraj,Taviraj_800,800,C:\Users\angel\OneDrive\Desktop\Kern\data\raw\fonts\Taviraj_800.ttf,ok,133,4977,4844,133,0,
Taviraj,Taviraj_800italic,800italic,C:\Users\angel\OneDrive\Desktop\Kern\data\raw\fonts\Taviraj_800italic.ttf,ok,123,2829,2706,123,0,
Taviraj,Taviraj_900,900,C:\Users\angel\OneDrive\Desktop\Kern\data\raw\fonts\Taviraj_900.ttf,ok,133,4977,4844,133,0,
Taviraj,Taviraj_900italic,900italic,C:\Users\angel\OneDrive\Desktop\Kern\data\raw\fonts\Taviraj_900italic.ttf,ok,266,266,0,266,0,
IBM Plex Sans Thai,IBM_Plex_Sans_Thai_100,100,C:\Users\angel\OneDrive\Desktop\Kern\data\raw\fonts\IBM_Plex_Sans_Thai_100.ttf,ok,22,8991,8969,22,0,
IBM Plex Sans Thai,IBM_Plex_Sans_Thai_200,200,C:\Users\angel\OneDrive\Desktop\Kern\data\raw\fonts\IBM_Plex_Sans_Thai_200.ttf,ok,23,8992,8969,23,0,
IBM Plex Sans Thai,IBM_Plex_Sans_Thai_300,300,C:\Users\angel\OneDrive\Desktop\Kern\data\raw\fonts\IBM_Plex_Sans_Thai_300.ttf,ok,23,8992,8969,23,0,
IBM Plex Sans Thai,IBM_Plex_Sans_Thai_regular,regular,C:\Users\angel\OneDrive\Desktop\Kern\data\raw\fonts\IBM_Plex_Sans_Thai_regular.ttf,ok,18,9125,9107,18,0,
IBM Plex Sans Thai,IBM_Plex_Sans_Thai_500,500,C:\Users\angel\OneDrive\Desktop\Kern\data\raw\fonts\IBM_Plex_Sans_Thai_500.ttf,ok,19,9126,9107,19,0,
IBM Plex Sans Thai,IBM_Plex_Sans_Thai_600,600,C:\Users\angel\OneDrive\Desktop\Kern\data\raw\fonts\IBM_Plex_Sans_Thai_600.ttf,ok,19,9126,9107,19,0,
IBM Plex Sans Thai,IBM_Plex_Sans_Thai_700,700,C:\Users\angel\OneDrive\Desktop\Kern\data\raw\fonts\IBM_Plex_Sans_Thai_700.ttf,ok,18,9126,9108,18,0,
Syncopate,Syncopate_regular,regular,C:\Users\angel\OneDrive\Desktop\Kern\data\raw\fonts\Syncopate_regular.ttf,ok,35,875,840,35,0,
Syncopate,Syncopate_700,700,C:\Users\angel\OneDrive\Desktop\Kern\data\raw\fonts\Syncopate_700.ttf,ok,0,2601,2601,0,0,
Jua,Jua_regular,regular,C:\Users\angel\OneDrive\Desktop\Kern\data\raw\fonts\Jua_regular.ttf,ok,339,339,0,339,0,
Monda,Monda_regular,regular,C:\Users\angel\OneDrive\Desktop\Kern\data\raw\fonts\Monda_regular.ttf,ok,5,875,870,5,0,
Monda,Monda_500,500,C:\Users\angel\OneDrive\Desktop\Kern\data\raw\fonts\Monda_500.ttf,ok,5,875,870,5,0,
Monda,Monda_600,600,C:\Users\angel\OneDrive\Desktop\Kern\data\raw\fonts\Monda_600.ttf,ok,5,875,870,5,0,
Monda,Monda_700,700,C:\Users\angel\OneDrive\Desktop\Kern\data\raw\fonts\Monda_700.ttf,ok,5,875,870,5,0,
Eczar,Eczar_regular,regular,C:\Users\angel\OneDrive\Desktop\Kern\data\raw\fonts\Eczar_regular.ttf,ok,239,251,12,239,0,
Eczar,Eczar_500,500,C:\Users\angel\OneDrive\Desktop\Kern\data\raw\fonts\Eczar_500.ttf,ok,239,251,12,239,0,
Eczar,Eczar_600,600,C:\Users\angel\OneDrive\Desktop\Kern\data\raw\fonts\Eczar_600.ttf,ok,239,251,12,239,0,
Eczar,Eczar_700,700,C:\Users\angel\OneDrive\Desktop\Kern\data\raw\fonts\Eczar_700.ttf,ok,239,251,12,239,0,
Eczar,Eczar_800,800,C:\Users\angel\OneDrive\Desktop\Kern\data\raw\fonts\Eczar_800.ttf,ok,226,251,25,226,0,
Special Gothic,Special_Gothic_regular,regular,C:\Users\angel\OneDrive\Desktop\Kern\data\raw\fonts\Special_Gothic_regular.ttf,ok,232,2999,2767,232,0,
Special Gothic,Special_Gothic_500,500,C:\Users\angel\OneDrive\Desktop\Kern\data\raw\fonts\Special_Gothic_500.ttf,ok,248,2999,2751,248,0,
Special Gothic,Special_Gothic_600,600,C:\Users\angel\OneDrive\Desktop\Kern\data\raw\fonts\Special_Gothic_600.ttf,ok,248,2999,2751,248,0,
Special Gothic,Special_Gothic_700,700,C:\Users\angel\OneDrive\Desktop\Kern\data\raw\fonts\Special_Gothic_700.ttf,ok,248,2999,2751,248,0,
Squada One,Squada_One_regular,regular,C:\Users\angel\OneDrive\Desktop\Kern\data\raw\fonts\Squada_One_regular.ttf,ok,0,0,0,0,0,
Spline Sans,Spline_Sans_300,300,C:\Users\angel\OneDrive\Desktop\Kern\data\raw\fonts\Spline_Sans_300.ttf,ok,1185,1423,238,1185,0,
Spline Sans,Spline_Sans_regular,regular,C:\Users\angel\OneDrive\Desktop\Kern\data\raw\fonts\Spline_Sans_regular.ttf,ok,1038,1423,385,1038,0,
Spline Sans,Spline_Sans_500,500,C:\Users\angel\OneDrive\Desktop\Kern\data\raw\fonts\Spline_Sans_500.ttf,ok,1248,1423,175,1248,0,
Spline Sans,Spline_Sans_600,600,C:\Users\angel\OneDrive\Desktop\Kern\data\raw\fonts\Spline_Sans_600.ttf,ok,1289,1423,134,1289,0,
Spline Sans,Spline_Sans_700,700,C:\Users\angel\OneDrive\Desktop\Kern\data\raw\fonts\Spline_Sans_700.ttf,ok,1107,1423,316,1107,0,
Amita,Amita_regular,regular,C:\Users\angel\OneDrive\Desktop\Kern\data\raw\fonts\Amita_regular.ttf,ok,11,2715,2704,11,0,
Amita,Amita_700,700,C:\Users\angel\OneDrive\Desktop\Kern\data\raw\fonts\Amita_700.ttf,ok,11,2715,2704,11,0,
Averia Serif Libre,Averia_Serif_Libre_300,300,C:\Users\angel\OneDrive\Desktop\Kern\data\raw\fonts\Averia_Serif_Libre_300.ttf,ok,1445,1445,0,1445,0,
Averia Serif Libre,Averia_Serif_Libre_300italic,300italic,C:\Users\angel\OneDrive\Desktop\Kern\data\raw\fonts\Averia_Serif_Libre_300italic.ttf,ok,1694,1694,0,1694,0,
Averia Serif Libre,Averia_Serif_Libre_regular,regular,C:\Users\angel\OneDrive\Desktop\Kern\data\raw\fonts\Averia_Serif_Libre_regular.ttf,ok,1435,1435,0,1435,0,
Averia Serif Libre,Averia_Serif_Libre_italic,italic,C:\Users\angel\OneDrive\Desktop\Kern\data\raw\fonts\Averia_Serif_Libre_italic.ttf,ok,1646,1646,0,1646,0,
Averia Serif Libre,Averia_Serif_Libre_700,700,C:\Users\angel\OneDrive\Desktop\Kern\data\raw\fonts\Averia_Serif_Libre_700.ttf,ok,1477,1477,0,1477,0,
Averia Serif Libre,Averia_Serif_Libre_700italic,700italic,C:\Users\angel\OneDrive\Desktop\Kern\data\raw\fonts\Averia_Serif_Libre_700italic.ttf,ok,1678,1678,0,1678,0,
Bad Script,Bad_Script_regular,regular,C:\Users\angel\OneDrive\Desktop\Kern\data\raw\fonts\Bad_Script_regular.ttf,ok,112,1039,927,112,0,
Familjen Grotesk,Familjen_Grotesk_regular,regular,C:\Users\angel\OneDrive\Desktop\Kern\data\raw\fonts\Familjen_Grotesk_regular.ttf,ok,0,1410,1410,0,0,
Familjen Grotesk,Familjen_Grotesk_500,500,C:\Users\angel\OneDrive\Desktop\Kern\data\raw\fonts\Familjen_Grotesk_500.ttf,ok,0,1410,1410,0,0,
Familjen Grotesk,Familjen_Grotesk_600,600,C:\Users\angel\OneDrive\Desktop\Kern\data\raw\fonts\Familjen_Grotesk_600.ttf,ok,0,1410,1410,0,0,
Familjen Grotesk,Familjen_Grotesk_700,700,C:\Users\angel\OneDrive\Desktop\Kern\data\raw\fonts\Familjen_Grotesk_700.ttf,ok,0,1410,1410,0,0,
Familjen Grotesk,Familjen_Grotesk_italic,italic,C:\Users\angel\OneDrive\Desktop\Kern\data\raw\fonts\Familjen_Grotesk_italic.ttf,ok,0,1410,1410,0,0,
Familjen Grotesk,Familjen_Grotesk_500italic,500italic,C:\Users\angel\OneDrive\Desktop\Kern\data\raw\fonts\Familjen_Grotesk_500italic.ttf,ok,0,1410,1410,0,0,
Familjen Grotesk,Familjen_Grotesk_600italic,600italic,C:\Users\angel\OneDrive\Desktop\Kern\data\raw\fonts\Familjen_Grotesk_600italic.ttf,ok,0,1410,1410,0,0,
Familjen Grotesk,Familjen_Grotesk_700italic,700italic,C:\Users\angel\OneDrive\Desktop\Kern\data\raw\fonts\Familjen_Grotesk_700italic.ttf,ok,0,1410,1410,0,0,
Georama,Georama_100,100,C:\Users\angel\OneDrive\Desktop\Kern\data\raw\fonts\Georama_100.ttf,ok,0,0,0,0,0,
Georama,Georama_200,200,C:\Users\angel\OneDrive\Desktop\Kern\data\raw\fonts\Georama_200.ttf,ok,0,0,0,0,0,
Georama,Georama_300,300,C:\Users\angel\OneDrive\Desktop\Kern\data\raw\fonts\Georama_300.ttf,ok,0,0,0,0,0,
Georama,Georama_regular,regular,C:\Users\angel\OneDrive\Desktop\Kern\data\raw\fonts\Georama_regular.ttf,ok,0,0,0,0,0,
Georama,Georama_500,500,C:\Users\angel\OneDrive\Desktop\Kern\data\raw\fonts\Georama_500.ttf,ok,0,0,0,0,0,
Georama,Georama_600,600,C:\Users\angel\OneDrive\Desktop\Kern\data\raw\fonts\Georama_600.ttf,ok,0,0,0,0,0,
Georama,Georama_700,700,C:\Users\angel\OneDrive\Desktop\Kern\data\raw\fonts\Georama_700.ttf,ok,0,0,0,0,0,
Georama,Georama_800,800,C:\Users\angel\OneDrive\Desktop\Kern\data\raw\fonts\Georama_800.ttf,ok,0,0,0,0,0,
Georama,Georama_900,900,C:\Users\angel\OneDrive\Desktop\Kern\data\raw\fonts\Georama_900.ttf,ok,0,0,0,0,0,
Georama,Georama_100italic,100italic,C:\Users\angel\OneDrive\Desktop\Kern\data\raw\fonts\Georama_100italic.ttf,ok,0,0,0,0,0,
Georama,Georama_200italic,200italic,C:\Users\angel\OneDrive\Desktop\Kern\data\raw\fonts\Georama_200italic.ttf,ok,0,0,0,0,0,
Georama,Georama_300italic,300italic,C:\Users\angel\OneDrive\Desktop\Kern\data\raw\fonts\Georama_300italic.ttf,ok,0,0,0,0,0,
Georama,Georama_italic,italic,C:\Users\angel\OneDrive\Desktop\Kern\data\raw\fonts\Georama_italic.ttf,ok,0,0,0,0,0,
Georama,Georama_500italic,500italic,C:\Users\angel\OneDrive\Desktop\Kern\data\raw\fonts\Georama_500italic.ttf,ok,0,0,0,0,0,
Georama,Georama_600italic,600italic,C:\Users\angel\OneDrive\Desktop\Kern\data\raw\fonts\Georama_600italic.ttf,ok,0,0,0,0,0,
Georama,Georama_700italic,700italic,C:\Users\angel\OneDrive\Desktop\Kern\data\raw\fonts\Georama_700italic.ttf,ok,0,0,0,0,0,
Georama,Georama_800italic,800italic,C:\Users\angel\OneDrive\Desktop\Kern\data\raw\fonts\Georama_800italic.ttf,ok,0,0,0,0,0,
Georama,Georama_900italic,900italic,C:\Users\angel\OneDrive\Desktop\Kern\data\raw\fonts\Georama_900italic.ttf,ok,0,0,0,0,0,
Ultra,Ultra_regular,regular,C:\Users\angel\OneDrive\Desktop\Kern\data\raw\fonts\Ultra_regular.ttf,ok,88,88,0,88,0,
Host Grotesk,Host_Grotesk_300,300,C:\Users\angel\OneDrive\Desktop\Kern\data\raw\fonts\Host_Grotesk_300.ttf,ok,233,409,176,233,0,
Host Grotesk,Host_Grotesk_regular,regular,C:\Users\angel\OneDrive\Desktop\Kern\data\raw\fonts\Host_Grotesk_regular.ttf,ok,233,409,176,233,0,
Host Grotesk,Host_Grotesk_500,500,C:\Users\angel\OneDrive\Desktop\Kern\data\raw\fonts\Host_Grotesk_500.ttf,ok,233,409,176,233,0,
Host Grotesk,Host_Grotesk_600,600,C:\Users\angel\OneDrive\Desktop\Kern\data\raw\fonts\Host_Grotesk_600.ttf,ok,233,409,176,233,0,
Host Grotesk,Host_Grotesk_700,700,C:\Users\angel\OneDrive\Desktop\Kern\data\raw\fonts\Host_Grotesk_700.ttf,ok,233,409,176,233,0,
Host Grotesk,Host_Grotesk_800,800,C:\Users\angel\OneDrive\Desktop\Kern\data\raw\fonts\Host_Grotesk_800.ttf,ok,233,409,176,233,0,
Host Grotesk,Host_Grotesk_300italic,300italic,C:\Users\angel\OneDrive\Desktop\Kern\data\raw\fonts\Host_Grotesk_300italic.ttf,ok,232,419,187,232,0,
Host Grotesk,Host_Grotesk_italic,italic,C:\Users\angel\OneDrive\Desktop\Kern\data\raw\fonts\Host_Grotesk_italic.ttf,ok,232,419,187,232,0,
Host Grotesk,Host_Grotesk_500italic,500italic,C:\Users\angel\OneDrive\Desktop\Kern\data\raw\fonts\Host_Grotesk_500italic.ttf,ok,232,419,187,232,0,
Host Grotesk,Host_Grotesk_600italic,600italic,C:\Users\angel\OneDrive\Desktop\Kern\data\raw\fonts\Host_Grotesk_600italic.ttf,ok,232,419,187,232,0,
Host Grotesk,Host_Grotesk_700italic,700italic,C:\Users\angel\OneDrive\Desktop\Kern\data\raw\fonts\Host_Grotesk_700italic.ttf,ok,232,419,187,232,0,
Host Grotesk,Host_Grotesk_800italic,800italic,C:\Users\angel\OneDrive\Desktop\Kern\data\raw\fonts\Host_Grotesk_800italic.ttf,ok,232,419,187,232,0,
Ms Madi,Ms_Madi_regular,regular,C:\Users\angel\OneDrive\Desktop\Kern\data\raw\fonts\Ms_Madi_regular.ttf,ok,2,54,52,2,0,
Calistoga,Calistoga_regular,regular,C:\Users\angel\OneDrive\Desktop\Kern\data\raw\fonts\Calistoga_regular.ttf,ok,96,2882,2786,96,0,
Belanosima,Belanosima_regular,regular,C:\Users\angel\OneDrive\Desktop\Kern\data\raw\fonts\Belanosima_regular.ttf,ok,0,0,0,0,0,
Belanosima,Belanosima_600,600,C:\Users\angel\OneDrive\Desktop\Kern\data\raw\fonts\Belanosima_600.ttf,ok,0,0,0,0,0,
Belanosima,Belanosima_700,700,C:\Users\angel\OneDrive\Desktop\Kern\data\raw\fonts\Belanosima_700.ttf,ok,0,0,0,0,0,
Caprasimo,Caprasimo_regular,regular,C:\Users\angel\OneDrive\Desktop\Kern\data\raw\fonts\Caprasimo_regular.ttf,ok,305,305,0,305,0,
Mukta Malar,Mukta_Malar_200,200,C:\Users\angel\OneDrive\Desktop\Kern\data\raw\fonts\Mukta_Malar_200.ttf,ok,132,3018,2886,132,0,
Mukta Malar,Mukta_Malar_300,300,C:\Users\angel\OneDrive\Desktop\Kern\data\raw\fonts\Mukta_Malar_300.ttf,ok,132,3018,2886,132,0,
Mukta Malar,Mukta_Malar_regular,regular,C:\Users\angel\OneDrive\Desktop\Kern\data\raw\fonts\Mukta_Malar_regular.ttf,ok,202,3027,2825,202,0,
Mukta Malar,Mukta_Malar_500,500,C:\Users\angel\OneDrive\Desktop\Kern\data\raw\fonts\Mukta_Malar_500.ttf,ok,154,3198,3044,154,0,
Mukta Malar,Mukta_Malar_600,600,C:\Users\angel\OneDrive\Desktop\Kern\data\raw\fonts\Mukta_Malar_600.ttf,ok,154,3198,3044,154,0,
Mukta Malar,Mukta_Malar_700,700,C:\Users\angel\OneDrive\Desktop\Kern\data\raw\fonts\Mukta_Malar_700.ttf,ok,154,3198,3044,154,0,
Mukta Malar,Mukta_Malar_800,800,C:\Users\angel\OneDrive\Desktop\Kern\data\raw\fonts\Mukta_Malar_800.ttf,ok,154,3198,3044,154,0,
Arapey,Arapey_regular,regular,C:\Users\angel\OneDrive\Desktop\Kern\data\raw\fonts\Arapey_regular.ttf,ok,7,865,858,7,0,
Arapey,Arapey_italic,italic,C:\Users\angel\OneDrive\Desktop\Kern\data\raw\fonts\Arapey_italic.ttf,ok,0,1280,1280,0,0,
M PLUS 2,M_PLUS_2_100,100,C:\Users\angel\OneDrive\Desktop\Kern\data\raw\fonts\M_PLUS_2_100.ttf,ok,58,5604,5546,58,0,
M PLUS 2,M_PLUS_2_200,200,C:\Users\angel\OneDrive\Desktop\Kern\data\raw\fonts\M_PLUS_2_200.ttf,ok,58,5604,5546,58,0,
M PLUS 2,M_PLUS_2_300,300,C:\Users\angel\OneDrive\Desktop\Kern\data\raw\fonts\M_PLUS_2_300.ttf,ok,58,5604,5546,58,0,
M PLUS 2,M_PLUS_2_regular,regular,C:\Users\angel\OneDrive\Desktop\Kern\data\raw\fonts\M_PLUS_2_regular.ttf,ok,58,5604,5546,58,0,
M PLUS 2,M_PLUS_2_500,500,C:\Users\angel\OneDrive\Desktop\Kern\data\raw\fonts\M_PLUS_2_500.ttf,ok,58,5604,5546,58,0,
M PLUS 2,M_PLUS_2_600,600,C:\Users\angel\OneDrive\Desktop\Kern\data\raw\fonts\M_PLUS_2_600.ttf,ok,58,5604,5546,58,0,
M PLUS 2,M_PLUS_2_700,700,C:\Users\angel\OneDrive\Desktop\Kern\data\raw\fonts\M_PLUS_2_700.ttf,ok,58,5604,5546,58,0,
M PLUS 2,M_PLUS_2_800,800,C:\Users\angel\OneDrive\Desktop\Kern\data\raw\fonts\M_PLUS_2_800.ttf,ok,58,5604,5546,58,0,
M PLUS 2,M_PLUS_2_900,900,C:\Users\angel\OneDrive\Desktop\Kern\data\raw\fonts\M_PLUS_2_900.ttf,ok,50,5604,5554,50,0,
Julius Sans One,Julius_Sans_One_regular,regular,C:\Users\angel\OneDrive\Desktop\Kern\data\raw\fonts\Julius_Sans_One_regular.ttf,ok,462,1868,1406,462,0,
Palanquin,Palanquin_100,100,C:\Users\angel\OneDrive\Desktop\Kern\data\raw\fonts\Palanquin_100.ttf,ok,0,0,0,0,0,
Palanquin,Palanquin_200,200,C:\Users\angel\OneDrive\Desktop\Kern\data\raw\fonts\Palanquin_200.ttf,ok,0,0,0,0,0,
Palanquin,Palanquin_300,300,C:\Users\angel\OneDrive\Desktop\Kern\data\raw\fonts\Palanquin_300.ttf,ok,0,0,0,0,0,
Palanquin,Palanquin_regular,regular,C:\Users\angel\OneDrive\Desktop\Kern\data\raw\fonts\Palanquin_regular.ttf,ok,0,0,0,0,0,
Palanquin,Palanquin_500,500,C:\Users\angel\OneDrive\Desktop\Kern\data\raw\fonts\Palanquin_500.ttf,ok,0,0,0,0,0,
Palanquin,Palanquin_600,600,C:\Users\angel\OneDrive\Desktop\Kern\data\raw\fonts\Palanquin_600.ttf,ok,0,0,0,0,0,
Palanquin,Palanquin_700,700,C:\Users\angel\OneDrive\Desktop\Kern\data\raw\fonts\Palanquin_700.ttf,ok,0,0,0,0,0,
Pridi,Pridi_200,200,C:\Users\angel\OneDrive\Desktop\Kern\data\raw\fonts\Pridi_200.ttf,ok,153,7792,7639,153,0,
Pridi,Pridi_300,300,C:\Users\angel\OneDrive\Desktop\Kern\data\raw\fonts\Pridi_300.ttf,ok,637,8852,8215,637,0,
Pridi,Pridi_regular,regular,C:\Users\angel\OneDrive\Desktop\Kern\data\raw\fonts\Pridi_regular.ttf,ok,688,8625,7937,688,0,
Pridi,Pridi_500,500,C:\Users\angel\OneDrive\Desktop\Kern\data\raw\fonts\Pridi_500.ttf,ok,609,8852,8243,609,0,
Pridi,Pridi_600,600,C:\Users\angel\OneDrive\Desktop\Kern\data\raw\fonts\Pridi_600.ttf,ok,161,7600,7439,161,0,
Pridi,Pridi_700,700,C:\Users\angel\OneDrive\Desktop\Kern\data\raw\fonts\Pridi_700.ttf,ok,161,7516,7355,161,0,
Shippori Mincho B1,Shippori_Mincho_B1_regular,regular,C:\Users\angel\OneDrive\Desktop\Kern\data\raw\fonts\Shippori_Mincho_B1_regular.ttf,ok,0,0,0,0,0,
Shippori Mincho B1,Shippori_Mincho_B1_500,500,C:\Users\angel\OneDrive\Desktop\Kern\data\raw\fonts\Shippori_Mincho_B1_500.ttf,ok,0,0,0,0,0,
Shippori Mincho B1,Shippori_Mincho_B1_600,600,C:\Users\angel\OneDrive\Desktop\Kern\data\raw\fonts\Shippori_Mincho_B1_600.ttf,ok,0,0,0,0,0,
Shippori Mincho B1,Shippori_Mincho_B1_700,700,C:\Users\angel\OneDrive\Desktop\Kern\data\raw\fonts\Shippori_Mincho_B1_700.ttf,ok,0,0,0,0,0,
Shippori Mincho B1,Shippori_Mincho_B1_800,800,C:\Users\angel\OneDrive\Desktop\Kern\data\raw\fonts\Shippori_Mincho_B1_800.ttf,ok,0,0,0,0,0,
Zen Kaku Gothic Antique,Zen_Kaku_Gothic_Antique_300,300,C:\Users\angel\OneDrive\Desktop\Kern\data\raw\fonts\Zen_Kaku_Gothic_Antique_300.ttf,ok,0,396,396,0,0,
Zen Kaku Gothic Antique,Zen_Kaku_Gothic_Antique_regular,regular,C:\Users\angel\OneDrive\Desktop\Kern\data\raw\fonts\Zen_Kaku_Gothic_Antique_regular.ttf,ok,0,396,396,0,0,
Zen Kaku Gothic Antique,Zen_Kaku_Gothic_Antique_500,500,C:\Users\angel\OneDrive\Desktop\Kern\data\raw\fonts\Zen_Kaku_Gothic_Antique_500.ttf,ok,0,396,396,0,0,
Zen Kaku Gothic Antique,Zen_Kaku_Gothic_Antique_700,700,C:\Users\angel\OneDrive\Desktop\Kern\data\raw\fonts\Zen_Kaku_Gothic_Antique_700.ttf,ok,0,396,396,0,0,
Zen Kaku Gothic Antique,Zen_Kaku_Gothic_Antique_900,900,C:\Users\angel\OneDrive\Desktop\Kern\data\raw\fonts\Zen_Kaku_Gothic_Antique_900.ttf,ok,0,396,396,0,0,
Gochi Hand,Gochi_Hand_regular,regular,C:\Users\angel\OneDrive\Desktop\Kern\data\raw\fonts\Gochi_Hand_regular.ttf,ok,0,0,0,0,0,
Pirata One,Pirata_One_regular,regular,C:\Users\angel\OneDrive\Desktop\Kern\data\raw\fonts\Pirata_One_regular.ttf,ok,9,9,0,9,0,
Six Caps,Six_Caps_regular,regular,C:\Users\angel\OneDrive\Desktop\Kern\data\raw\fonts\Six_Caps_regular.ttf,ok,2,2,0,2,0,
Cabin Condensed,Cabin_Condensed_regular,regular,C:\Users\angel\OneDrive\Desktop\Kern\data\raw\fonts\Cabin_Condensed_regular.ttf,ok,139,12634,12495,139,0,
Cabin Condensed,Cabin_Condensed_500,500,C:\Users\angel\OneDrive\Desktop\Kern\data\raw\fonts\Cabin_Condensed_500.ttf,ok,139,12634,12495,139,0,
Cabin Condensed,Cabin_Condensed_600,600,C:\Users\angel\OneDrive\Desktop\Kern\data\raw\fonts\Cabin_Condensed_600.ttf,ok,139,12634,12495,139,0,
Cabin Condensed,Cabin_Condensed_700,700,C:\Users\angel\OneDrive\Desktop\Kern\data\raw\fonts\Cabin_Condensed_700.ttf,ok,139,12634,12495,139,0,
Kaisei Decol,Kaisei_Decol_regular,regular,C:\Users\angel\OneDrive\Desktop\Kern\data\raw\fonts\Kaisei_Decol_regular.ttf,ok,0,0,0,0,0,
Kaisei Decol,Kaisei_Decol_500,500,C:\Users\angel\OneDrive\Desktop\Kern\data\raw\fonts\Kaisei_Decol_500.ttf,ok,0,0,0,0,0,
Kaisei Decol,Kaisei_Decol_700,700,C:\Users\angel\OneDrive\Desktop\Kern\data\raw\fonts\Kaisei_Decol_700.ttf,ok,0,0,0,0,0,
Jersey 25,Jersey_25_regular,regular,C:\Users\angel\OneDrive\Desktop\Kern\data\raw\fonts\Jersey_25_regular.ttf,ok,0,0,0,0,0,
Marck Script,Marck_Script_regular,regular,C:\Users\angel\OneDrive\Desktop\Kern\data\raw\fonts\Marck_Script_regular.ttf,ok,361,361,0,361,0,
Pangolin,Pangolin_regular,regular,C:\Users\angel\OneDrive\Desktop\Kern\data\raw\fonts\Pangolin_regular.ttf,ok,143,146,3,143,0,
Gudea,Gudea_regular,regular,C:\Users\angel\OneDrive\Desktop\Kern\data\raw\fonts\Gudea_regular.ttf,ok,14,14,0,14,0,
Gudea,Gudea_italic,italic,C:\Users\angel\OneDrive\Desktop\Kern\data\raw\fonts\Gudea_italic.ttf,ok,14,14,0,14,0,
Gudea,Gudea_700,700,C:\Users\angel\OneDrive\Desktop\Kern\data\raw\fonts\Gudea_700.ttf,ok,14,14,0,14,0,
Ruda,Ruda_regular,regular,C:\Users\angel\OneDrive\Desktop\Kern\data\raw\fonts\Ruda_regular.ttf,ok,225,1185,960,225,0,
Ruda,Ruda_500,500,C:\Users\angel\OneDrive\Desktop\Kern\data\raw\fonts\Ruda_500.ttf,ok,304,1185,881,304,0,
Ruda,Ruda_600,600,C:\Users\angel\OneDrive\Desktop\Kern\data\raw\fonts\Ruda_600.ttf,ok,305,1185,880,305,0,
Ruda,Ruda_700,700,C:\Users\angel\OneDrive\Desktop\Kern\data\raw\fonts\Ruda_700.ttf,ok,305,1185,880,305,0,
Ruda,Ruda_800,800,C:\Users\angel\OneDrive\Desktop\Kern\data\raw\fonts\Ruda_800.ttf,ok,305,1185,880,305,0,
Ruda,Ruda_900,900,C:\Users\angel\OneDrive\Desktop\Kern\data\raw\fonts\Ruda_900.ttf,ok,219,1185,966,219,0,
Handlee,Handlee_regular,regular,C:\Users\angel\OneDrive\Desktop\Kern\data\raw\fonts\Handlee_regular.ttf,ok,1084,1084,0,1084,0,
REM,REM_100,100,C:\Users\angel\OneDrive\Desktop\Kern\data\raw\fonts\REM_100.ttf,ok,149,3162,3013,149,0,
REM,REM_200,200,C:\Users\angel\OneDrive\Desktop\Kern\data\raw\fonts\REM_200.ttf,ok,175,3162,2987,175,0,
REM,REM_300,300,C:\Users\angel\OneDrive\Desktop\Kern\data\raw\fonts\REM_300.ttf,ok,175,3162,2987,175,0,
REM,REM_regular,regular,C:\Users\angel\OneDrive\Desktop\Kern\data\raw\fonts\REM_regular.ttf,ok,175,3162,2987,175,0,
REM,REM_500,500,C:\Users\angel\OneDrive\Desktop\Kern\data\raw\fonts\REM_500.ttf,ok,168,3162,2994,168,0,
REM,REM_600,600,C:\Users\angel\OneDrive\Desktop\Kern\data\raw\fonts\REM_600.ttf,ok,198,3162,2964,198,0,
REM,REM_700,700,C:\Users\angel\OneDrive\Desktop\Kern\data\raw\fonts\REM_700.ttf,ok,198,3162,2964,198,0,
REM,REM_800,800,C:\Users\angel\OneDrive\Desktop\Kern\data\raw\fonts\REM_800.ttf,ok,198,3162,2964,198,0,
REM,REM_900,900,C:\Users\angel\OneDrive\Desktop\Kern\data\raw\fonts\REM_900.ttf,ok,188,3162,2974,188,0,
REM,REM_100italic,100italic,C:\Users\angel\OneDrive\Desktop\Kern\data\raw\fonts\REM_100italic.ttf,ok,149,3162,3013,149,0,
REM,REM_200italic,200italic,C:\Users\angel\OneDrive\Desktop\Kern\data\raw\fonts\REM_200italic.ttf,ok,175,3162,2987,175,0,
REM,REM_300italic,300italic,C:\Users\angel\OneDrive\Desktop\Kern\data\raw\fonts\REM_300italic.ttf,ok,175,3162,2987,175,0,
REM,REM_italic,italic,C:\Users\angel\OneDrive\Desktop\Kern\data\raw\fonts\REM_italic.ttf,ok,175,3162,2987,175,0,
REM,REM_500italic,500italic,C:\Users\angel\OneDrive\Desktop\Kern\data\raw\fonts\REM_500italic.ttf,ok,168,3162,2994,168,0,
REM,REM_600italic,600italic,C:\Users\angel\OneDrive\Desktop\Kern\data\raw\fonts\REM_600italic.ttf,ok,198,3162,2964,198,0,
REM,REM_700italic,700italic,C:\Users\angel\OneDrive\Desktop\Kern\data\raw\fonts\REM_700italic.ttf,ok,198,3162,2964,198,0,
REM,REM_800italic,800italic,C:\Users\angel\OneDrive\Desktop\Kern\data\raw\fonts\REM_800italic.ttf,ok,198,3162,2964,198,0,
REM,REM_900italic,900italic,C:\Users\angel\OneDrive\Desktop\Kern\data\raw\fonts\REM_900italic.ttf,ok,188,3162,2974,188,0,
Martel Sans,Martel_Sans_200,200,C:\Users\angel\OneDrive\Desktop\Kern\data\raw\fonts\Martel_Sans_200.ttf,ok,0,0,0,0,0,
Martel Sans,Martel_Sans_300,300,C:\Users\angel\OneDrive\Desktop\Kern\data\raw\fonts\Martel_Sans_300.ttf,ok,0,0,0,0,0,
Martel Sans,Martel_Sans_regular,regular,C:\Users\angel\OneDrive\Desktop\Kern\data\raw\fonts\Martel_Sans_regular.ttf,ok,0,0,0,0,0,
Martel Sans,Martel_Sans_600,600,C:\Users\angel\OneDrive\Desktop\Kern\data\raw\fonts\Martel_Sans_600.ttf,ok,0,0,0,0,0,
Martel Sans,Martel_Sans_700,700,C:\Users\angel\OneDrive\Desktop\Kern\data\raw\fonts\Martel_Sans_700.ttf,ok,0,0,0,0,0,
Martel Sans,Martel_Sans_800,800,C:\Users\angel\OneDrive\Desktop\Kern\data\raw\fonts\Martel_Sans_800.ttf,ok,0,0,0,0,0,
Martel Sans,Martel_Sans_900,900,C:\Users\angel\OneDrive\Desktop\Kern\data\raw\fonts\Martel_Sans_900.ttf,ok,0,0,0,0,0,
Bowlby One,Bowlby_One_regular,regular,C:\Users\angel\OneDrive\Desktop\Kern\data\raw\fonts\Bowlby_One_regular.ttf,ok,68,68,0,68,0,
Alegreya Sans SC,Alegreya_Sans_SC_100,100,C:\Users\angel\OneDrive\Desktop\Kern\data\raw\fonts\Alegreya_Sans_SC_100.ttf,ok,0,7968,7968,0,0,
Alegreya Sans SC,Alegreya_Sans_SC_100italic,100italic,C:\Users\angel\OneDrive\Desktop\Kern\data\raw\fonts\Alegreya_Sans_SC_100italic.ttf,ok,0,18067,18067,0,0,
Alegreya Sans SC,Alegreya_Sans_SC_300,300,C:\Users\angel\OneDrive\Desktop\Kern\data\raw\fonts\Alegreya_Sans_SC_300.ttf,ok,0,7968,7968,0,0,
Alegreya Sans SC,Alegreya_Sans_SC_300italic,300italic,C:\Users\angel\OneDrive\Desktop\Kern\data\raw\fonts\Alegreya_Sans_SC_300italic.ttf,ok,0,18067,18067,0,0,
Alegreya Sans SC,Alegreya_Sans_SC_regular,regular,C:\Users\angel\OneDrive\Desktop\Kern\data\raw\fonts\Alegreya_Sans_SC_regular.ttf,ok,0,7968,7968,0,0,
Alegreya Sans SC,Alegreya_Sans_SC_italic,italic,C:\Users\angel\OneDrive\Desktop\Kern\data\raw\fonts\Alegreya_Sans_SC_italic.ttf,ok,0,18067,18067,0,0,
Alegreya Sans SC,Alegreya_Sans_SC_500,500,C:\Users\angel\OneDrive\Desktop\Kern\data\raw\fonts\Alegreya_Sans_SC_500.ttf,ok,0,6816,6816,0,0,
Alegreya Sans SC,Alegreya_Sans_SC_500italic,500italic,C:\Users\angel\OneDrive\Desktop\Kern\data\raw\fonts\Alegreya_Sans_SC_500italic.ttf,ok,0,19555,19555,0,0,
Alegreya Sans SC,Alegreya_Sans_SC_700,700,C:\Users\angel\OneDrive\Desktop\Kern\data\raw\fonts\Alegreya_Sans_SC_700.ttf,ok,0,6816,6816,0,0,
Alegreya Sans SC,Alegreya_Sans_SC_700italic,700italic,C:\Users\angel\OneDrive\Desktop\Kern\data\raw\fonts\Alegreya_Sans_SC_700italic.ttf,ok,0,19555,19555,0,0,
Alegreya Sans SC,Alegreya_Sans_SC_800,800,C:\Users\angel\OneDrive\Desktop\Kern\data\raw\fonts\Alegreya_Sans_SC_800.ttf,ok,0,6816,6816,0,0,
Alegreya Sans SC,Alegreya_Sans_SC_800italic,800italic,C:\Users\angel\OneDrive\Desktop\Kern\data\raw\fonts\Alegreya_Sans_SC_800italic.ttf,ok,0,19555,19555,0,0,
Alegreya Sans SC,Alegreya_Sans_SC_900,900,C:\Users\angel\OneDrive\Desktop\Kern\data\raw\fonts\Alegreya_Sans_SC_900.ttf,ok,0,6920,6920,0,0,
Alegreya Sans SC,Alegreya_Sans_SC_900italic,900italic,C:\Users\angel\OneDrive\Desktop\Kern\data\raw\fonts\Alegreya_Sans_SC_900italic.ttf,ok,0,16851,16851,0,0,
Khula,Khula_300,300,C:\Users\angel\OneDrive\Desktop\Kern\data\raw\fonts\Khula_300.ttf,ok,184,909,725,184,0,
Khula,Khula_regular,regular,C:\Users\angel\OneDrive\Desktop\Kern\data\raw\fonts\Khula_regular.ttf,ok,184,909,725,184,0,
Khula,Khula_600,600,C:\Users\angel\OneDrive\Desktop\Kern\data\raw\fonts\Khula_600.ttf,ok,184,1228,1044,184,0,
Khula,Khula_700,700,C:\Users\angel\OneDrive\Desktop\Kern\data\raw\fonts\Khula_700.ttf,ok,184,1228,1044,184,0,
Khula,Khula_800,800,C:\Users\angel\OneDrive\Desktop\Kern\data\raw\fonts\Khula_800.ttf,ok,184,909,725,184,0,
Gloock,Gloock_regular,regular,C:\Users\angel\OneDrive\Desktop\Kern\data\raw\fonts\Gloock_regular.ttf,ok,631,2987,2356,631,0,
Damion,Damion_regular,regular,C:\Users\angel\OneDrive\Desktop\Kern\data\raw\fonts\Damion_regular.ttf,ok,6,6,0,6,0,
Leckerli One,Leckerli_One_regular,regular,C:\Users\angel\OneDrive\Desktop\Kern\data\raw\fonts\Leckerli_One_regular.ttf,ok,438,438,0,438,0,
MuseoModerno,MuseoModerno_100,100,C:\Users\angel\OneDrive\Desktop\Kern\data\raw\fonts\MuseoModerno_100.ttf,ok,33,73,40,33,0,
MuseoModerno,MuseoModerno_200,200,C:\Users\angel\OneDrive\Desktop\Kern\data\raw\fonts\MuseoModerno_200.ttf,ok,33,73,40,33,0,
MuseoModerno,MuseoModerno_300,300,C:\Users\angel\OneDrive\Desktop\Kern\data\raw\fonts\MuseoModerno_300.ttf,ok,33,73,40,33,0,
MuseoModerno,MuseoModerno_regular,regular,C:\Users\angel\OneDrive\Desktop\Kern\data\raw\fonts\MuseoModerno_regular.ttf,ok,33,73,40,33,0,
MuseoModerno,MuseoModerno_500,500,C:\Users\angel\OneDrive\Desktop\Kern\data\raw\fonts\MuseoModerno_500.ttf,ok,33,73,40,33,0,
MuseoModerno,MuseoModerno_600,600,C:\Users\angel\OneDrive\Desktop\Kern\data\raw\fonts\MuseoModerno_600.ttf,ok,33,73,40,33,0,
MuseoModerno,MuseoModerno_700,700,C:\Users\angel\OneDrive\Desktop\Kern\data\raw\fonts\MuseoModerno_700.ttf,ok,33,73,40,33,0,
MuseoModerno,MuseoModerno_800,800,C:\Users\angel\OneDrive\Desktop\Kern\data\raw\fonts\MuseoModerno_800.ttf,ok,33,73,40,33,0,
MuseoModerno,MuseoModerno_900,900,C:\Users\angel\OneDrive\Desktop\Kern\data\raw\fonts\MuseoModerno_900.ttf,ok,33,73,40,33,0,
MuseoModerno,MuseoModerno_100italic,100italic,C:\Users\angel\OneDrive\Desktop\Kern\data\raw\fonts\MuseoModerno_100italic.ttf,ok,32,72,40,32,0,
MuseoModerno,MuseoModerno_200italic,200italic,C:\Users\angel\OneDrive\Desktop\Kern\data\raw\fonts\MuseoModerno_200italic.ttf,ok,32,72,40,32,0,
MuseoModerno,MuseoModerno_300italic,300italic,C:\Users\angel\OneDrive\Desktop\Kern\data\raw\fonts\MuseoModerno_300italic.ttf,ok,32,72,40,32,0,
MuseoModerno,MuseoModerno_italic,italic,C:\Users\angel\OneDrive\Desktop\Kern\data\raw\fonts\MuseoModerno_italic.ttf,ok,32,72,40,32,0,
MuseoModerno,MuseoModerno_500italic,500italic,C:\Users\angel\OneDrive\Desktop\Kern\data\raw\fonts\MuseoModerno_500italic.ttf,ok,32,72,40,32,0,
MuseoModerno,MuseoModerno_600italic,600italic,C:\Users\angel\OneDrive\Desktop\Kern\data\raw\fonts\MuseoModerno_600italic.ttf,ok,32,72,40,32,0,
MuseoModerno,MuseoModerno_700italic,700italic,C:\Users\angel\OneDrive\Desktop\Kern\data\raw\fonts\MuseoModerno_700italic.ttf,ok,32,72,40,32,0,
MuseoModerno,MuseoModerno_800italic,800italic,C:\Users\angel\OneDrive\Desktop\Kern\data\raw\fonts\MuseoModerno_800italic.ttf,ok,32,72,40,32,0,
MuseoModerno,MuseoModerno_900italic,900italic,C:\Users\angel\OneDrive\Desktop\Kern\data\raw\fonts\MuseoModerno_900italic.ttf,ok,32,72,40,32,0,
Funnel Sans,Funnel_Sans_300,300,C:\Users\angel\OneDrive\Desktop\Kern\data\raw\fonts\Funnel_Sans_300.ttf,ok,5,2714,2709,5,0,
Funnel Sans,Funnel_Sans_regular,regular,C:\Users\angel\OneDrive\Desktop\Kern\data\raw\fonts\Funnel_Sans_regular.ttf,ok,5,2714,2709,5,0,
Funnel Sans,Funnel_Sans_500,500,C:\Users\angel\OneDrive\Desktop\Kern\data\raw\fonts\Funnel_Sans_500.ttf,ok,5,2714,2709,5,0,
Funnel Sans,Funnel_Sans_600,600,C:\Users\angel\OneDrive\Desktop\Kern\data\raw\fonts\Funnel_Sans_600.ttf,ok,5,2714,2709,5,0,
Funnel Sans,Funnel_Sans_700,700,C:\Users\angel\OneDrive\Desktop\Kern\data\raw\fonts\Funnel_Sans_700.ttf,ok,5,2714,2709,5,0,
Funnel Sans,Funnel_Sans_800,800,C:\Users\angel\OneDrive\Desktop\Kern\data\raw\fonts\Funnel_Sans_800.ttf,ok,5,2714,2709,5,0,
Funnel Sans,Funnel_Sans_300italic,300italic,C:\Users\angel\OneDrive\Desktop\Kern\data\raw\fonts\Funnel_Sans_300italic.ttf,ok,5,2714,2709,5,0,
Funnel Sans,Funnel_Sans_italic,italic,C:\Users\angel\OneDrive\Desktop\Kern\data\raw\fonts\Funnel_Sans_italic.ttf,ok,5,2714,2709,5,0,
Funnel Sans,Funnel_Sans_500italic,500italic,C:\Users\angel\OneDrive\Desktop\Kern\data\raw\fonts\Funnel_Sans_500italic.ttf,ok,5,2714,2709,5,0,
Funnel Sans,Funnel_Sans_600italic,600italic,C:\Users\angel\OneDrive\Desktop\Kern\data\raw\fonts\Funnel_Sans_600italic.ttf,ok,5,2714,2709,5,0,
Funnel Sans,Funnel_Sans_700italic,700italic,C:\Users\angel\OneDrive\Desktop\Kern\data\raw\fonts\Funnel_Sans_700italic.ttf,ok,5,2714,2709,5,0,
Funnel Sans,Funnel_Sans_800italic,800italic,C:\Users\angel\OneDrive\Desktop\Kern\data\raw\fonts\Funnel_Sans_800italic.ttf,ok,5,2714,2709,5,0,
Wix Madefor Display,Wix_Madefor_Display_regular,regular,C:\Users\angel\OneDrive\Desktop\Kern\data\raw\fonts\Wix_Madefor_Display_regular.ttf,ok,1,1,0,1,0,
Wix Madefor Display,Wix_Madefor_Display_500,500,C:\Users\angel\OneDrive\Desktop\Kern\data\raw\fonts\Wix_Madefor_Display_500.ttf,ok,1,1,0,1,0,
Wix Madefor Display,Wix_Madefor_Display_600,600,C:\Users\angel\OneDrive\Desktop\Kern\data\raw\fonts\Wix_Madefor_Display_600.ttf,ok,1,1,0,1,0,
Wix Madefor Display,Wix_Madefor_Display_700,700,C:\Users\angel\OneDrive\Desktop\Kern\data\raw\fonts\Wix_Madefor_Display_700.ttf,ok,1,1,0,1,0,
Wix Madefor Display,Wix_Madefor_Display_800,800,C:\Users\angel\OneDrive\Desktop\Kern\data\raw\fonts\Wix_Madefor_Display_800.ttf,ok,1,1,0,1,0,
Adamina,Adamina_regular,regular,C:\Users\angel\OneDrive\Desktop\Kern\data\raw\fonts\Adamina_regular.ttf,ok,652,1282,630,652,0,
Londrina Solid,Londrina_Solid_100,100,C:\Users\angel\OneDrive\Desktop\Kern\data\raw\fonts\Londrina_Solid_100.ttf,ok,124,18278,18154,124,0,
Londrina Solid,Londrina_Solid_300,300,C:\Users\angel\OneDrive\Desktop\Kern\data\raw\fonts\Londrina_Solid_300.ttf,ok,124,18278,18154,124,0,
Londrina Solid,Londrina_Solid_regular,regular,C:\Users\angel\OneDrive\Desktop\Kern\data\raw\fonts\Londrina_Solid_regular.ttf,ok,124,18278,18154,124,0,
Londrina Solid,Londrina_Solid_900,900,C:\Users\angel\OneDrive\Desktop\Kern\data\raw\fonts\Londrina_Solid_900.ttf,ok,124,18278,18154,124,0,
Pragati Narrow,Pragati_Narrow_regular,regular,C:\Users\angel\OneDrive\Desktop\Kern\data\raw\fonts\Pragati_Narrow_regular.ttf,ok,55,5464,5409,55,0,
Pragati Narrow,Pragati_Narrow_700,700,C:\Users\angel\OneDrive\Desktop\Kern\data\raw\fonts\Pragati_Narrow_700.ttf,ok,54,5464,5410,54,0,
Mate,Mate_regular,regular,C:\Users\angel\OneDrive\Desktop\Kern\data\raw\fonts\Mate_regular.ttf,ok,0,760,760,0,0,
Mate,Mate_italic,italic,C:\Users\angel\OneDrive\Desktop\Kern\data\raw\fonts\Mate_italic.ttf,ok,3,1191,1188,3,0,
Andika,Andika_regular,regular,C:\Users\angel\OneDrive\Desktop\Kern\data\raw\fonts\Andika_regular.ttf,ok,0,0,0,0,0,
Andika,Andika_italic,italic,C:\Users\angel\OneDrive\Desktop\Kern\data\raw\fonts\Andika_italic.ttf,ok,0,0,0,0,0,
Andika,Andika_700,700,C:\Users\angel\OneDrive\Desktop\Kern\data\raw\fonts\Andika_700.ttf,ok,0,0,0,0,0,
Andika,Andika_700italic,700italic,C:\Users\angel\OneDrive\Desktop\Kern\data\raw\fonts\Andika_700italic.ttf,ok,0,0,0,0,0,
Mrs Saint Delafield,Mrs_Saint_Delafield_regular,regular,C:\Users\angel\OneDrive\Desktop\Kern\data\raw\fonts\Mrs_Saint_Delafield_regular.ttf,ok,162,162,0,162,0,
Atkinson Hyperlegible Next,Atkinson_Hyperlegible_Next_200,200,C:\Users\angel\OneDrive\Desktop\Kern\data\raw\fonts\Atkinson_Hyperlegible_Next_200.ttf,ok,4,2765,2761,4,0,
Atkinson Hyperlegible Next,Atkinson_Hyperlegible_Next_300,300,C:\Users\angel\OneDrive\Desktop\Kern\data\raw\fonts\Atkinson_Hyperlegible_Next_300.ttf,ok,4,2765,2761,4,0,
Atkinson Hyperlegible Next,Atkinson_Hyperlegible_Next_regular,regular,C:\Users\angel\OneDrive\Desktop\Kern\data\raw\fonts\Atkinson_Hyperlegible_Next_regular.ttf,ok,4,2765,2761,4,0,
Atkinson Hyperlegible Next,Atkinson_Hyperlegible_Next_500,500,C:\Users\angel\OneDrive\Desktop\Kern\data\raw\fonts\Atkinson_Hyperlegible_Next_500.ttf,ok,5,2765,2760,5,0,
Atkinson Hyperlegible Next,Atkinson_Hyperlegible_Next_600,600,C:\Users\angel\OneDrive\Desktop\Kern\data\raw\fonts\Atkinson_Hyperlegible_Next_600.ttf,ok,5,2765,2760,5,0,
Atkinson Hyperlegible Next,Atkinson_Hyperlegible_Next_700,700,C:\Users\angel\OneDrive\Desktop\Kern\data\raw\fonts\Atkinson_Hyperlegible_Next_700.ttf,ok,5,2765,2760,5,0,
Atkinson Hyperlegible Next,Atkinson_Hyperlegible_Next_800,800,C:\Users\angel\OneDrive\Desktop\Kern\data\raw\fonts\Atkinson_Hyperlegible_Next_800.ttf,ok,5,2765,2760,5,0,
Atkinson Hyperlegible Next,Atkinson_Hyperlegible_Next_200italic,200italic,C:\Users\angel\OneDrive\Desktop\Kern\data\raw\fonts\Atkinson_Hyperlegible_Next_200italic.ttf,ok,4,2765,2761,4,0,
Atkinson Hyperlegible Next,Atkinson_Hyperlegible_Next_300italic,300italic,C:\Users\angel\OneDrive\Desktop\Kern\data\raw\fonts\Atkinson_Hyperlegible_Next_300italic.ttf,ok,5,2765,2760,5,0,
Atkinson Hyperlegible Next,Atkinson_Hyperlegible_Next_italic,italic,C:\Users\angel\OneDrive\Desktop\Kern\data\raw\fonts\Atkinson_Hyperlegible_Next_italic.ttf,ok,5,2765,2760,5,0,
Atkinson Hyperlegible Next,Atkinson_Hyperlegible_Next_500italic,500italic,C:\Users\angel\OneDrive\Desktop\Kern\data\raw\fonts\Atkinson_Hyperlegible_Next_500italic.ttf,ok,4,2765,2761,4,0,
Atkinson Hyperlegible Next,Atkinson_Hyperlegible_Next_600italic,600italic,C:\Users\angel\OneDrive\Desktop\Kern\data\raw\fonts\Atkinson_Hyperlegible_Next_600italic.ttf,ok,5,2765,2760,5,0,
Atkinson Hyperlegible Next,Atkinson_Hyperlegible_Next_700italic,700italic,C:\Users\angel\OneDrive\Desktop\Kern\data\raw\fonts\Atkinson_Hyperlegible_Next_700italic.ttf,ok,5,2765,2760,5,0,
Atkinson Hyperlegible Next,Atkinson_Hyperlegible_Next_800italic,800italic,C:\Users\angel\OneDrive\Desktop\Kern\data\raw\fonts\Atkinson_Hyperlegible_Next_800italic.ttf,ok,5,2765,2760,5,0,
Darker Grotesque,Darker_Grotesque_300,300,C:\Users\angel\OneDrive\Desktop\Kern\data\raw\fonts\Darker_Grotesque_300.ttf,ok,183,1514,1331,183,0,
Darker Grotesque,Darker_Grotesque_regular,regular,C:\Users\angel\OneDrive\Desktop\Kern\data\raw\fonts\Darker_Grotesque_regular.ttf,ok,243,1514,1271,243,0,
Darker Grotesque,Darker_Grotesque_500,500,C:\Users\angel\OneDrive\Desktop\Kern\data\raw\fonts\Darker_Grotesque_500.ttf,ok,242,1514,1272,242,0,
Darker Grotesque,Darker_Grotesque_600,600,C:\Users\angel\OneDrive\Desktop\Kern\data\raw\fonts\Darker_Grotesque_600.ttf,ok,241,1514,1273,241,0,
Darker Grotesque,Darker_Grotesque_700,700,C:\Users\angel\OneDrive\Desktop\Kern\data\raw\fonts\Darker_Grotesque_700.ttf,ok,243,1514,1271,243,0,
Darker Grotesque,Darker_Grotesque_800,800,C:\Users\angel\OneDrive\Desktop\Kern\data\raw\fonts\Darker_Grotesque_800.ttf,ok,243,1514,1271,243,0,
Darker Grotesque,Darker_Grotesque_900,900,C:\Users\angel\OneDrive\Desktop\Kern\data\raw\fonts\Darker_Grotesque_900.ttf,ok,142,1514,1372,142,0,
Carter One,Carter_One_regular,regular,C:\Users\angel\OneDrive\Desktop\Kern\data\raw\fonts\Carter_One_regular.ttf,ok,997,1375,378,997,0,
Akshar,Akshar_300,300,C:\Users\angel\OneDrive\Desktop\Kern\data\raw\fonts\Akshar_300.ttf,ok,17,24,7,17,0,
Akshar,Akshar_regular,regular,C:\Users\angel\OneDrive\Desktop\Kern\data\raw\fonts\Akshar_regular.ttf,ok,18,24,6,18,0,
Akshar,Akshar_500,500,C:\Users\angel\OneDrive\Desktop\Kern\data\raw\fonts\Akshar_500.ttf,ok,18,24,6,18,0,
Akshar,Akshar_600,600,C:\Users\angel\OneDrive\Desktop\Kern\data\raw\fonts\Akshar_600.ttf,ok,18,24,6,18,0,
Akshar,Akshar_700,700,C:\Users\angel\OneDrive\Desktop\Kern\data\raw\fonts\Akshar_700.ttf,ok,18,24,6,18,0,
Murecho,Murecho_100,100,C:\Users\angel\OneDrive\Desktop\Kern\data\raw\fonts\Murecho_100.ttf,ok,67,377,310,67,0,
Murecho,Murecho_200,200,C:\Users\angel\OneDrive\Desktop\Kern\data\raw\fonts\Murecho_200.ttf,ok,82,377,295,82,0,
Murecho,Murecho_300,300,C:\Users\angel\OneDrive\Desktop\Kern\data\raw\fonts\Murecho_300.ttf,ok,82,377,295,82,0,
Murecho,Murecho_regular,regular,C:\Users\angel\OneDrive\Desktop\Kern\data\raw\fonts\Murecho_regular.ttf,ok,82,377,295,82,0,
Murecho,Murecho_500,500,C:\Users\angel\OneDrive\Desktop\Kern\data\raw\fonts\Murecho_500.ttf,ok,83,377,294,83,0,
Murecho,Murecho_600,600,C:\Users\angel\OneDrive\Desktop\Kern\data\raw\fonts\Murecho_600.ttf,ok,83,377,294,83,0,
Murecho,Murecho_700,700,C:\Users\angel\OneDrive\Desktop\Kern\data\raw\fonts\Murecho_700.ttf,ok,83,377,294,83,0,
Murecho,Murecho_800,800,C:\Users\angel\OneDrive\Desktop\Kern\data\raw\fonts\Murecho_800.ttf,ok,82,377,295,82,0,
Murecho,Murecho_900,900,C:\Users\angel\OneDrive\Desktop\Kern\data\raw\fonts\Murecho_900.ttf,ok,75,377,302,75,0,
Niramit,Niramit_200,200,C:\Users\angel\OneDrive\Desktop\Kern\data\raw\fonts\Niramit_200.ttf,ok,127,3671,3544,127,0,
Niramit,Niramit_200italic,200italic,C:\Users\angel\OneDrive\Desktop\Kern\data\raw\fonts\Niramit_200italic.ttf,ok,127,3671,3544,127,0,
Niramit,Niramit_300,300,C:\Users\angel\OneDrive\Desktop\Kern\data\raw\fonts\Niramit_300.ttf,ok,127,3671,3544,127,0,
Niramit,Niramit_300italic,300italic,C:\Users\angel\OneDrive\Desktop\Kern\data\raw\fonts\Niramit_300italic.ttf,ok,127,3671,3544,127,0,
Niramit,Niramit_regular,regular,C:\Users\angel\OneDrive\Desktop\Kern\data\raw\fonts\Niramit_regular.ttf,ok,127,3671,3544,127,0,
Niramit,Niramit_italic,italic,C:\Users\angel\OneDrive\Desktop\Kern\data\raw\fonts\Niramit_italic.ttf,ok,127,3671,3544,127,0,
Niramit,Niramit_500,500,C:\Users\angel\OneDrive\Desktop\Kern\data\raw\fonts\Niramit_500.ttf,ok,127,3671,3544,127,0,
Niramit,Niramit_500italic,500italic,C:\Users\angel\OneDrive\Desktop\Kern\data\raw\fonts\Niramit_500italic.ttf,ok,127,3671,3544,127,0,
Niramit,Niramit_600,600,C:\Users\angel\OneDrive\Desktop\Kern\data\raw\fonts\Niramit_600.ttf,ok,127,3671,3544,127,0,
Niramit,Niramit_600italic,600italic,C:\Users\angel\OneDrive\Desktop\Kern\data\raw\fonts\Niramit_600italic.ttf,ok,127,3671,3544,127,0,
Niramit,Niramit_700,700,C:\Users\angel\OneDrive\Desktop\Kern\data\raw\fonts\Niramit_700.ttf,ok,127,3671,3544,127,0,
Niramit,Niramit_700italic,700italic,C:\Users\angel\OneDrive\Desktop\Kern\data\raw\fonts\Niramit_700italic.ttf,ok,127,3671,3544,127,0,
Ovo,Ovo_regular,regular,C:\Users\angel\OneDrive\Desktop\Kern\data\raw\fonts\Ovo_regular.ttf,ok,0,0,0,0,0,
Shrikhand,Shrikhand_regular,regular,C:\Users\angel\OneDrive\Desktop\Kern\data\raw\fonts\Shrikhand_regular.ttf,ok,46,486,440,46,0,
Sofia,Sofia_regular,regular,C:\Users\angel\OneDrive\Desktop\Kern\data\raw\fonts\Sofia_regular.ttf,ok,0,0,0,0,0,
IM Fell English,IM_Fell_English_regular,regular,C:\Users\angel\OneDrive\Desktop\Kern\data\raw\fonts\IM_Fell_English_regular.ttf,ok,990,990,0,990,0,
IM Fell English,IM_Fell_English_italic,italic,C:\Users\angel\OneDrive\Desktop\Kern\data\raw\fonts\IM_Fell_English_italic.ttf,ok,1137,1137,0,1137,0,
Tilt Warp,Tilt_Warp_regular,regular,C:\Users\angel\OneDrive\Desktop\Kern\data\raw\fonts\Tilt_Warp_regular.ttf,ok,112,332,220,112,0,
Covered By Your Grace,Covered_By_Your_Grace_regular,regular,C:\Users\angel\OneDrive\Desktop\Kern\data\raw\fonts\Covered_By_Your_Grace_regular.ttf,ok,0,0,0,0,0,
Montagu Slab,Montagu_Slab_100,100,C:\Users\angel\OneDrive\Desktop\Kern\data\raw\fonts\Montagu_Slab_100.ttf,ok,8,14,6,8,0,
Montagu Slab,Montagu_Slab_200,200,C:\Users\angel\OneDrive\Desktop\Kern\data\raw\fonts\Montagu_Slab_200.ttf,ok,13,14,1,13,0,
Montagu Slab,Montagu_Slab_300,300,C:\Users\angel\OneDrive\Desktop\Kern\data\raw\fonts\Montagu_Slab_300.ttf,ok,13,14,1,13,0,
Montagu Slab,Montagu_Slab_regular,regular,C:\Users\angel\OneDrive\Desktop\Kern\data\raw\fonts\Montagu_Slab_regular.ttf,ok,13,14,1,13,0,
Montagu Slab,Montagu_Slab_500,500,C:\Users\angel\OneDrive\Desktop\Kern\data\raw\fonts\Montagu_Slab_500.ttf,ok,13,14,1,13,0,
Montagu Slab,Montagu_Slab_600,600,C:\Users\angel\OneDrive\Desktop\Kern\data\raw\fonts\Montagu_Slab_600.ttf,ok,13,14,1,13,0,
Montagu Slab,Montagu_Slab_700,700,C:\Users\angel\OneDrive\Desktop\Kern\data\raw\fonts\Montagu_Slab_700.ttf,ok,13,14,1,13,0,
La Belle Aurore,La_Belle_Aurore_regular,regular,C:\Users\angel\OneDrive\Desktop\Kern\data\raw\fonts\La_Belle_Aurore_regular.ttf,ok,0,0,0,0,0,
Sarala,Sarala_regular,regular,C:\Users\angel\OneDrive\Desktop\Kern\data\raw\fonts\Sarala_regular.ttf,ok,0,2338,2338,0,0,
Sarala,Sarala_700,700,C:\Users\angel\OneDrive\Desktop\Kern\data\raw\fonts\Sarala_700.ttf,ok,0,2338,2338,0,0,
Aboreto,Aboreto_regular,regular,C:\Users\angel\OneDrive\Desktop\Kern\data\raw\fonts\Aboreto_regular.ttf,ok,26,266,240,26,0,
Cedarville Cursive,Cedarville_Cursive_regular,regular,C:\Users\angel\OneDrive\Desktop\Kern\data\raw\fonts\Cedarville_Cursive_regular.ttf,ok,0,0,0,0,0,
Anek Latin,Anek_Latin_100,100,C:\Users\angel\OneDrive\Desktop\Kern\data\raw\fonts\Anek_Latin_100.ttf,ok,43,46,3,43,0,
Anek Latin,Anek_Latin_200,200,C:\Users\angel\OneDrive\Desktop\Kern\data\raw\fonts\Anek_Latin_200.ttf,ok,46,46,0,46,0,
Anek Latin,Anek_Latin_300,300,C:\Users\angel\OneDrive\Desktop\Kern\data\raw\fonts\Anek_Latin_300.ttf,ok,46,46,0,46,0,
Anek Latin,Anek_Latin_regular,regular,C:\Users\angel\OneDrive\Desktop\Kern\data\raw\fonts\Anek_Latin_regular.ttf,ok,45,46,1,45,0,
Anek Latin,Anek_Latin_500,500,C:\Users\angel\OneDrive\Desktop\Kern\data\raw\fonts\Anek_Latin_500.ttf,ok,46,46,0,46,0,
Anek Latin,Anek_Latin_600,600,C:\Users\angel\OneDrive\Desktop\Kern\data\raw\fonts\Anek_Latin_600.ttf,ok,46,46,0,46,0,
Anek Latin,Anek_Latin_700,700,C:\Users\angel\OneDrive\Desktop\Kern\data\raw\fonts\Anek_Latin_700.ttf,ok,46,46,0,46,0,
Anek Latin,Anek_Latin_800,800,C:\Users\angel\OneDrive\Desktop\Kern\data\raw\fonts\Anek_Latin_800.ttf,ok,46,46,0,46,0,
Hachi Maru Pop,Hachi_Maru_Pop_regular,regular,C:\Users\angel\OneDrive\Desktop\Kern\data\raw\fonts\Hachi_Maru_Pop_regular.ttf,ok,0,0,0,0,0,
Limelight,Limelight_regular,regular,C:\Users\angel\OneDrive\Desktop\Kern\data\raw\fonts\Limelight_regular.ttf,ok,0,0,0,0,0,
Secular One,Secular_One_regular,regular,C:\Users\angel\OneDrive\Desktop\Kern\data\raw\fonts\Secular_One_regular.ttf,ok,1,6345,6344,1,0,
Sriracha,Sriracha_regular,regular,C:\Users\angel\OneDrive\Desktop\Kern\data\raw\fonts\Sriracha_regular.ttf,ok,168,168,0,168,0,
Reem Kufi,Reem_Kufi_regular,regular,C:\Users\angel\OneDrive\Desktop\Kern\data\raw\fonts\Reem_Kufi_regular.ttf,ok,146,1233,1087,146,0,
Reem Kufi,Reem_Kufi_500,500,C:\Users\angel\OneDrive\Desktop\Kern\data\raw\fonts\Reem_Kufi_500.ttf,ok,146,1233,1087,146,0,
Reem Kufi,Reem_Kufi_600,600,C:\Users\angel\OneDrive\Desktop\Kern\data\raw\fonts\Reem_Kufi_600.ttf,ok,146,1233,1087,146,0,
Reem Kufi,Reem_Kufi_700,700,C:\Users\angel\OneDrive\Desktop\Kern\data\raw\fonts\Reem_Kufi_700.ttf,ok,135,1233,1098,135,0,
Krona One,Krona_One_regular,regular,C:\Users\angel\OneDrive\Desktop\Kern\data\raw\fonts\Krona_One_regular.ttf,ok,0,0,0,0,0,
Livvic,Livvic_100,100,C:\Users\angel\OneDrive\Desktop\Kern\data\raw\fonts\Livvic_100.ttf,ok,4,21,17,4,0,
Livvic,Livvic_100italic,100italic,C:\Users\angel\OneDrive\Desktop\Kern\data\raw\fonts\Livvic_100italic.ttf,ok,4,21,17,4,0,
Livvic,Livvic_200,200,C:\Users\angel\OneDrive\Desktop\Kern\data\raw\fonts\Livvic_200.ttf,ok,4,21,17,4,0,
Livvic,Livvic_200italic,200italic,C:\Users\angel\OneDrive\Desktop\Kern\data\raw\fonts\Livvic_200italic.ttf,ok,4,21,17,4,0,
Livvic,Livvic_300,300,C:\Users\angel\OneDrive\Desktop\Kern\data\raw\fonts\Livvic_300.ttf,ok,4,21,17,4,0,
Livvic,Livvic_300italic,300italic,C:\Users\angel\OneDrive\Desktop\Kern\data\raw\fonts\Livvic_300italic.ttf,ok,4,21,17,4,0,
Livvic,Livvic_regular,regular,C:\Users\angel\OneDrive\Desktop\Kern\data\raw\fonts\Livvic_regular.ttf,ok,4,21,17,4,0,
Livvic,Livvic_italic,italic,C:\Users\angel\OneDrive\Desktop\Kern\data\raw\fonts\Livvic_italic.ttf,ok,4,21,17,4,0,
Livvic,Livvic_500,500,C:\Users\angel\OneDrive\Desktop\Kern\data\raw\fonts\Livvic_500.ttf,ok,4,21,17,4,0,
Livvic,Livvic_500italic,500italic,C:\Users\angel\OneDrive\Desktop\Kern\data\raw\fonts\Livvic_500italic.ttf,ok,4,21,17,4,0,
Livvic,Livvic_600,600,C:\Users\angel\OneDrive\Desktop\Kern\data\raw\fonts\Livvic_600.ttf,ok,4,21,17,4,0,
Livvic,Livvic_600italic,600italic,C:\Users\angel\OneDrive\Desktop\Kern\data\raw\fonts\Livvic_600italic.ttf,ok,4,21,17,4,0,
Livvic,Livvic_700,700,C:\Users\angel\OneDrive\Desktop\Kern\data\raw\fonts\Livvic_700.ttf,ok,4,21,17,4,0,
Livvic,Livvic_700italic,700italic,C:\Users\angel\OneDrive\Desktop\Kern\data\raw\fonts\Livvic_700italic.ttf,ok,4,21,17,4,0,
Livvic,Livvic_900,900,C:\Users\angel\OneDrive\Desktop\Kern\data\raw\fonts\Livvic_900.ttf,ok,4,21,17,4,0,
Livvic,Livvic_900italic,900italic,C:\Users\angel\OneDrive\Desktop\Kern\data\raw\fonts\Livvic_900italic.ttf,ok,4,21,17,4,0,
Palanquin Dark,Palanquin_Dark_regular,regular,C:\Users\angel\OneDrive\Desktop\Kern\data\raw\fonts\Palanquin_Dark_regular.ttf,ok,0,0,0,0,0,
Palanquin Dark,Palanquin_Dark_500,500,C:\Users\angel\OneDrive\Desktop\Kern\data\raw\fonts\Palanquin_Dark_500.ttf,ok,0,0,0,0,0,
Palanquin Dark,Palanquin_Dark_600,600,C:\Users\angel\OneDrive\Desktop\Kern\data\raw\fonts\Palanquin_Dark_600.ttf,ok,0,0,0,0,0,
Palanquin Dark,Palanquin_Dark_700,700,C:\Users\angel\OneDrive\Desktop\Kern\data\raw\fonts\Palanquin_Dark_700.ttf,ok,0,0,0,0,0,
Wix Madefor Text,Wix_Madefor_Text_regular,regular,C:\Users\angel\OneDrive\Desktop\Kern\data\raw\fonts\Wix_Madefor_Text_regular.ttf,ok,0,0,0,0,0,
Wix Madefor Text,Wix_Madefor_Text_italic,italic,C:\Users\angel\OneDrive\Desktop\Kern\data\raw\fonts\Wix_Madefor_Text_italic.ttf,ok,2,3,1,2,0,
Wix Madefor Text,Wix_Madefor_Text_500,500,C:\Users\angel\OneDrive\Desktop\Kern\data\raw\fonts\Wix_Madefor_Text_500.ttf,ok,0,0,0,0,0,
Wix Madefor Text,Wix_Madefor_Text_500italic,500italic,C:\Users\angel\OneDrive\Desktop\Kern\data\raw\fonts\Wix_Madefor_Text_500italic.ttf,ok,2,2,0,2,0,
Wix Madefor Text,Wix_Madefor_Text_600,600,C:\Users\angel\OneDrive\Desktop\Kern\data\raw\fonts\Wix_Madefor_Text_600.ttf,ok,0,0,0,0,0,
Wix Madefor Text,Wix_Madefor_Text_600italic,600italic,C:\Users\angel\OneDrive\Desktop\Kern\data\raw\fonts\Wix_Madefor_Text_600italic.ttf,ok,3,4,1,3,0,
Wix Madefor Text,Wix_Madefor_Text_700,700,C:\Users\angel\OneDrive\Desktop\Kern\data\raw\fonts\Wix_Madefor_Text_700.ttf,ok,0,0,0,0,0,
Wix Madefor Text,Wix_Madefor_Text_700italic,700italic,C:\Users\angel\OneDrive\Desktop\Kern\data\raw\fonts\Wix_Madefor_Text_700italic.ttf,ok,1,2,1,1,0,
Wix Madefor Text,Wix_Madefor_Text_800,800,C:\Users\angel\OneDrive\Desktop\Kern\data\raw\fonts\Wix_Madefor_Text_800.ttf,ok,0,0,0,0,0,
Wix Madefor Text,Wix_Madefor_Text_800italic,800italic,C:\Users\angel\OneDrive\Desktop\Kern\data\raw\fonts\Wix_Madefor_Text_800italic.ttf,ok,3,4,1,3,0,
Potta One,Potta_One_regular,regular,C:\Users\angel\OneDrive\Desktop\Kern\data\raw\fonts\Potta_One_regular.ttf,ok,120,1324,1204,120,0,
Noto Sans Sinhala,Noto_Sans_Sinhala_100,100,C:\Users\angel\OneDrive\Desktop\Kern\data\raw\fonts\Noto_Sans_Sinhala_100.ttf,ok,7,501,494,7,0,
Noto Sans Sinhala,Noto_Sans_Sinhala_200,200,C:\Users\angel\OneDrive\Desktop\Kern\data\raw\fonts\Noto_Sans_Sinhala_200.ttf,ok,7,501,494,7,0,
Noto Sans Sinhala,Noto_Sans_Sinhala_300,300,C:\Users\angel\OneDrive\Desktop\Kern\data\raw\fonts\Noto_Sans_Sinhala_300.ttf,ok,7,501,494,7,0,
Noto Sans Sinhala,Noto_Sans_Sinhala_regular,regular,C:\Users\angel\OneDrive\Desktop\Kern\data\raw\fonts\Noto_Sans_Sinhala_regular.ttf,ok,7,501,494,7,0,
Noto Sans Sinhala,Noto_Sans_Sinhala_500,500,C:\Users\angel\OneDrive\Desktop\Kern\data\raw\fonts\Noto_Sans_Sinhala_500.ttf,ok,7,501,494,7,0,
Noto Sans Sinhala,Noto_Sans_Sinhala_600,600,C:\Users\angel\OneDrive\Desktop\Kern\data\raw\fonts\Noto_Sans_Sinhala_600.ttf,ok,7,501,494,7,0,
Noto Sans Sinhala,Noto_Sans_Sinhala_700,700,C:\Users\angel\OneDrive\Desktop\Kern\data\raw\fonts\Noto_Sans_Sinhala_700.ttf,ok,7,501,494,7,0,
Noto Sans Sinhala,Noto_Sans_Sinhala_800,800,C:\Users\angel\OneDrive\Desktop\Kern\data\raw\fonts\Noto_Sans_Sinhala_800.ttf,ok,7,501,494,7,0,
Noto Sans Sinhala,Noto_Sans_Sinhala_900,900,C:\Users\angel\OneDrive\Desktop\Kern\data\raw\fonts\Noto_Sans_Sinhala_900.ttf,ok,7,501,494,7,0,
Noto Sans Gujarati,Noto_Sans_Gujarati_100,100,C:\Users\angel\OneDrive\Desktop\Kern\data\raw\fonts\Noto_Sans_Gujarati_100.ttf,ok,7,501,494,7,0,
Noto Sans Gujarati,Noto_Sans_Gujarati_200,200,C:\Users\angel\OneDrive\Desktop\Kern\data\raw\fonts\Noto_Sans_Gujarati_200.ttf,ok,7,501,494,7,0,
Noto Sans Gujarati,Noto_Sans_Gujarati_300,300,C:\Users\angel\OneDrive\Desktop\Kern\data\raw\fonts\Noto_Sans_Gujarati_300.ttf,ok,7,501,494,7,0,
Noto Sans Gujarati,Noto_Sans_Gujarati_regular,regular,C:\Users\angel\OneDrive\Desktop\Kern\data\raw\fonts\Noto_Sans_Gujarati_regular.ttf,ok,7,501,494,7,0,
Noto Sans Gujarati,Noto_Sans_Gujarati_500,500,C:\Users\angel\OneDrive\Desktop\Kern\data\raw\fonts\Noto_Sans_Gujarati_500.ttf,ok,7,501,494,7,0,
Noto Sans Gujarati,Noto_Sans_Gujarati_600,600,C:\Users\angel\OneDrive\Desktop\Kern\data\raw\fonts\Noto_Sans_Gujarati_600.ttf,ok,7,501,494,7,0,
Noto Sans Gujarati,Noto_Sans_Gujarati_700,700,C:\Users\angel\OneDrive\Desktop\Kern\data\raw\fonts\Noto_Sans_Gujarati_700.ttf,ok,7,501,494,7,0,
Noto Sans Gujarati,Noto_Sans_Gujarati_800,800,C:\Users\angel\OneDrive\Desktop\Kern\data\raw\fonts\Noto_Sans_Gujarati_800.ttf,ok,7,501,494,7,0,
Noto Sans Gujarati,Noto_Sans_Gujarati_900,900,C:\Users\angel\OneDrive\Desktop\Kern\data\raw\fonts\Noto_Sans_Gujarati_900.ttf,ok,7,501,494,7,0,
Italiana,Italiana_regular,regular,C:\Users\angel\OneDrive\Desktop\Kern\data\raw\fonts\Italiana_regular.ttf,ok,668,944,276,668,0,
Chewy,Chewy_regular,regular,C:\Users\angel\OneDrive\Desktop\Kern\data\raw\fonts\Chewy_regular.ttf,ok,88,88,0,88,0,
Aldrich,Aldrich_regular,regular,C:\Users\angel\OneDrive\Desktop\Kern\data\raw\fonts\Aldrich_regular.ttf,ok,54,54,0,54,0,
Sansita,Sansita_regular,regular,C:\Users\angel\OneDrive\Desktop\Kern\data\raw\fonts\Sansita_regular.ttf,ok,2,8868,8866,2,0,
Sansita,Sansita_italic,italic,C:\Users\angel\OneDrive\Desktop\Kern\data\raw\fonts\Sansita_italic.ttf,ok,0,8759,8759,0,0,
Sansita,Sansita_700,700,C:\Users\angel\OneDrive\Desktop\Kern\data\raw\fonts\Sansita_700.ttf,ok,2,8868,8866,2,0,
Sansita,Sansita_700italic,700italic,C:\Users\angel\OneDrive\Desktop\Kern\data\raw\fonts\Sansita_700italic.ttf,ok,0,8711,8711,0,0,
Sansita,Sansita_800,800,C:\Users\angel\OneDrive\Desktop\Kern\data\raw\fonts\Sansita_800.ttf,ok,2,8868,8866,2,0,
Sansita,Sansita_800italic,800italic,C:\Users\angel\OneDrive\Desktop\Kern\data\raw\fonts\Sansita_800italic.ttf,ok,0,8711,8711,0,0,
Sansita,Sansita_900,900,C:\Users\angel\OneDrive\Desktop\Kern\data\raw\fonts\Sansita_900.ttf,ok,2,8868,8866,2,0,
Sansita,Sansita_900italic,900italic,C:\Users\angel\OneDrive\Desktop\Kern\data\raw\fonts\Sansita_900italic.ttf,ok,0,8711,8711,0,0,
Charm,Charm_regular,regular,C:\Users\angel\OneDrive\Desktop\Kern\data\raw\fonts\Charm_regular.ttf,ok,18,3736,3718,18,0,
Charm,Charm_700,700,C:\Users\angel\OneDrive\Desktop\Kern\data\raw\fonts\Charm_700.ttf,ok,18,3736,3718,18,0,
IBM Plex Sans JP,IBM_Plex_Sans_JP_100,100,C:\Users\angel\OneDrive\Desktop\Kern\data\raw\fonts\IBM_Plex_Sans_JP_100.ttf,ok,22,18669,18647,22,0,
IBM Plex Sans JP,IBM_Plex_Sans_JP_200,200,C:\Users\angel\OneDrive\Desktop\Kern\data\raw\fonts\IBM_Plex_Sans_JP_200.ttf,ok,23,18484,18461,23,0,
IBM Plex Sans JP,IBM_Plex_Sans_JP_300,300,C:\Users\angel\OneDrive\Desktop\Kern\data\raw\fonts\IBM_Plex_Sans_JP_300.ttf,ok,23,18484,18461,23,0,
IBM Plex Sans JP,IBM_Plex_Sans_JP_regular,regular,C:\Users\angel\OneDrive\Desktop\Kern\data\raw\fonts\IBM_Plex_Sans_JP_regular.ttf,ok,18,19008,18990,18,0,
IBM Plex Sans JP,IBM_Plex_Sans_JP_500,500,C:\Users\angel\OneDrive\Desktop\Kern\data\raw\fonts\IBM_Plex_Sans_JP_500.ttf,ok,19,18688,18669,19,0,
IBM Plex Sans JP,IBM_Plex_Sans_JP_600,600,C:\Users\angel\OneDrive\Desktop\Kern\data\raw\fonts\IBM_Plex_Sans_JP_600.ttf,ok,19,18688,18669,19,0,
IBM Plex Sans JP,IBM_Plex_Sans_JP_700,700,C:\Users\angel\OneDrive\Desktop\Kern\data\raw\fonts\IBM_Plex_Sans_JP_700.ttf,ok,18,19000,18982,18,0,
Itim,Itim_regular,regular,C:\Users\angel\OneDrive\Desktop\Kern\data\raw\fonts\Itim_regular.ttf,ok,338,1118,780,338,0,
Ma Shan Zheng,Ma_Shan_Zheng_regular,regular,C:\Users\angel\OneDrive\Desktop\Kern\data\raw\fonts\Ma_Shan_Zheng_regular.ttf,ok,12,96,84,12,0,
Pontano Sans,Pontano_Sans_300,300,C:\Users\angel\OneDrive\Desktop\Kern\data\raw\fonts\Pontano_Sans_300.ttf,ok,10,1844,1834,10,0,
Pontano Sans,Pontano_Sans_regular,regular,C:\Users\angel\OneDrive\Desktop\Kern\data\raw\fonts\Pontano_Sans_regular.ttf,ok,10,1844,1834,10,0,
Pontano Sans,Pontano_Sans_500,500,C:\Users\angel\OneDrive\Desktop\Kern\data\raw\fonts\Pontano_Sans_500.ttf,ok,59,1844,1785,59,0,
Pontano Sans,Pontano_Sans_600,600,C:\Users\angel\OneDrive\Desktop\Kern\data\raw\fonts\Pontano_Sans_600.ttf,ok,59,1844,1785,59,0,
Pontano Sans,Pontano_Sans_700,700,C:\Users\angel\OneDrive\Desktop\Kern\data\raw\fonts\Pontano_Sans_700.ttf,ok,59,1844,1785,59,0,
Just Another Hand,Just_Another_Hand_regular,regular,C:\Users\angel\OneDrive\Desktop\Kern\data\raw\fonts\Just_Another_Hand_regular.ttf,ok,268,298,30,268,0,
Funnel Display,Funnel_Display_300,300,C:\Users\angel\OneDrive\Desktop\Kern\data\raw\fonts\Funnel_Display_300.ttf,ok,5,2714,2709,5,0,
Funnel Display,Funnel_Display_regular,regular,C:\Users\angel\OneDrive\Desktop\Kern\data\raw\fonts\Funnel_Display_regular.ttf,ok,5,2714,2709,5,0,
Funnel Display,Funnel_Display_500,500,C:\Users\angel\OneDrive\Desktop\Kern\data\raw\fonts\Funnel_Display_500.ttf,ok,5,2714,2709,5,0,
Funnel Display,Funnel_Display_600,600,C:\Users\angel\OneDrive\Desktop\Kern\data\raw\fonts\Funnel_Display_600.ttf,ok,5,2714,2709,5,0,
Funnel Display,Funnel_Display_700,700,C:\Users\angel\OneDrive\Desktop\Kern\data\raw\fonts\Funnel_Display_700.ttf,ok,5,2714,2709,5,0,
Funnel Display,Funnel_Display_800,800,C:\Users\angel\OneDrive\Desktop\Kern\data\raw\fonts\Funnel_Display_800.ttf,ok,5,2714,2709,5,0,
Boogaloo,Boogaloo_regular,regular,C:\Users\angel\OneDrive\Desktop\Kern\data\raw\fonts\Boogaloo_regular.ttf,ok,63,63,0,63,0,
Stardos Stencil,Stardos_Stencil_regular,regular,C:\Users\angel\OneDrive\Desktop\Kern\data\raw\fonts\Stardos_Stencil_regular.ttf,ok,42,42,0,42,0,
Stardos Stencil,Stardos_Stencil_700,700,C:\Users\angel\OneDrive\Desktop\Kern\data\raw\fonts\Stardos_Stencil_700.ttf,ok,42,42,0,42,0,
Fustat,Fustat_200,200,C:\Users\angel\OneDrive\Desktop\Kern\data\raw\fonts\Fustat_200.ttf,ok,3,2763,2760,3,0,
Fustat,Fustat_300,300,C:\Users\angel\OneDrive\Desktop\Kern\data\raw\fonts\Fustat_300.ttf,ok,3,2763,2760,3,0,
Fustat,Fustat_regular,regular,C:\Users\angel\OneDrive\Desktop\Kern\data\raw\fonts\Fustat_regular.ttf,ok,3,2763,2760,3,0,
Fustat,Fustat_500,500,C:\Users\angel\OneDrive\Desktop\Kern\data\raw\fonts\Fustat_500.ttf,ok,3,2763,2760,3,0,
Fustat,Fustat_600,600,C:\Users\angel\OneDrive\Desktop\Kern\data\raw\fonts\Fustat_600.ttf,ok,3,2763,2760,3,0,
Fustat,Fustat_700,700,C:\Users\angel\OneDrive\Desktop\Kern\data\raw\fonts\Fustat_700.ttf,ok,3,2763,2760,3,0,
Fustat,Fustat_800,800,C:\Users\angel\OneDrive\Desktop\Kern\data\raw\fonts\Fustat_800.ttf,ok,3,2763,2760,3,0,
UnifrakturMaguntia,UnifrakturMaguntia_regular,regular,C:\Users\angel\OneDrive\Desktop\Kern\data\raw\fonts\UnifrakturMaguntia_regular.ttf,ok,0,0,0,0,0,
Kiwi Maru,Kiwi_Maru_300,300,C:\Users\angel\OneDrive\Desktop\Kern\data\raw\fonts\Kiwi_Maru_300.ttf,ok,261,1515,1254,261,0,
Kiwi Maru,Kiwi_Maru_regular,regular,C:\Users\angel\OneDrive\Desktop\Kern\data\raw\fonts\Kiwi_Maru_regular.ttf,ok,262,1516,1254,262,0,
Kiwi Maru,Kiwi_Maru_500,500,C:\Users\angel\OneDrive\Desktop\Kern\data\raw\fonts\Kiwi_Maru_500.ttf,ok,260,1514,1254,260,0,
Rufina,Rufina_regular,regular,C:\Users\angel\OneDrive\Desktop\Kern\data\raw\fonts\Rufina_regular.ttf,ok,233,233,0,233,0,
Rufina,Rufina_700,700,C:\Users\angel\OneDrive\Desktop\Kern\data\raw\fonts\Rufina_700.ttf,ok,237,239,2,237,0,
Do Hyeon,Do_Hyeon_regular,regular,C:\Users\angel\OneDrive\Desktop\Kern\data\raw\fonts\Do_Hyeon_regular.ttf,ok,0,0,0,0,0,
Protest Revolution,Protest_Revolution_regular,regular,C:\Users\angel\OneDrive\Desktop\Kern\data\raw\fonts\Protest_Revolution_regular.ttf,ok,483,5927,5444,483,0,
Kreon,Kreon_300,300,C:\Users\angel\OneDrive\Desktop\Kern\data\raw\fonts\Kreon_300.ttf,ok,566,3252,2686,566,0,
Kreon,Kreon_regular,regular,C:\Users\angel\OneDrive\Desktop\Kern\data\raw\fonts\Kreon_regular.ttf,ok,780,3252,2472,780,0,
Kreon,Kreon_500,500,C:\Users\angel\OneDrive\Desktop\Kern\data\raw\fonts\Kreon_500.ttf,ok,781,3252,2471,781,0,
Kreon,Kreon_600,600,C:\Users\angel\OneDrive\Desktop\Kern\data\raw\fonts\Kreon_600.ttf,ok,781,3252,2471,781,0,
Kreon,Kreon_700,700,C:\Users\angel\OneDrive\Desktop\Kern\data\raw\fonts\Kreon_700.ttf,ok,746,3252,2506,746,0,
Marcellus SC,Marcellus_SC_regular,regular,C:\Users\angel\OneDrive\Desktop\Kern\data\raw\fonts\Marcellus_SC_regular.ttf,ok,15,2319,2304,15,0,
Basic,Basic_regular,regular,C:\Users\angel\OneDrive\Desktop\Kern\data\raw\fonts\Basic_regular.ttf,ok,0,0,0,0,0,
BenchNine,BenchNine_300,300,C:\Users\angel\OneDrive\Desktop\Kern\data\raw\fonts\BenchNine_300.ttf,ok,0,990,990,0,0,
BenchNine,BenchNine_regular,regular,C:\Users\angel\OneDrive\Desktop\Kern\data\raw\fonts\BenchNine_regular.ttf,ok,3,757,754,3,0,
BenchNine,BenchNine_700,700,C:\Users\angel\OneDrive\Desktop\Kern\data\raw\fonts\BenchNine_700.ttf,ok,1,729,728,1,0,
Proza Libre,Proza_Libre_regular,regular,C:\Users\angel\OneDrive\Desktop\Kern\data\raw\fonts\Proza_Libre_regular.ttf,ok,481,481,0,481,0,
Proza Libre,Proza_Libre_italic,italic,C:\Users\angel\OneDrive\Desktop\Kern\data\raw\fonts\Proza_Libre_italic.ttf,ok,482,482,0,482,0,
Proza Libre,Proza_Libre_500,500,C:\Users\angel\OneDrive\Desktop\Kern\data\raw\fonts\Proza_Libre_500.ttf,ok,481,481,0,481,0,
Proza Libre,Proza_Libre_500italic,500italic,C:\Users\angel\OneDrive\Desktop\Kern\data\raw\fonts\Proza_Libre_500italic.ttf,ok,482,482,0,482,0,
Proza Libre,Proza_Libre_600,600,C:\Users\angel\OneDrive\Desktop\Kern\data\raw\fonts\Proza_Libre_600.ttf,ok,481,481,0,481,0,
Proza Libre,Proza_Libre_600italic,600italic,C:\Users\angel\OneDrive\Desktop\Kern\data\raw\fonts\Proza_Libre_600italic.ttf,ok,482,482,0,482,0,
Proza Libre,Proza_Libre_700,700,C:\Users\angel\OneDrive\Desktop\Kern\data\raw\fonts\Proza_Libre_700.ttf,ok,481,481,0,481,0,
Proza Libre,Proza_Libre_700italic,700italic,C:\Users\angel\OneDrive\Desktop\Kern\data\raw\fonts\Proza_Libre_700italic.ttf,ok,482,482,0,482,0,
Proza Libre,Proza_Libre_800,800,C:\Users\angel\OneDrive\Desktop\Kern\data\raw\fonts\Proza_Libre_800.ttf,ok,597,597,0,597,0,
Proza Libre,Proza_Libre_800italic,800italic,C:\Users\angel\OneDrive\Desktop\Kern\data\raw\fonts\Proza_Libre_800italic.ttf,ok,592,592,0,592,0,
Anuphan,Anuphan_100,100,C:\Users\angel\OneDrive\Desktop\Kern\data\raw\fonts\Anuphan_100.ttf,ok,217,3144,2927,217,0,
Anuphan,Anuphan_200,200,C:\Users\angel\OneDrive\Desktop\Kern\data\raw\fonts\Anuphan_200.ttf,ok,238,3144,2906,238,0,
Anuphan,Anuphan_300,300,C:\Users\angel\OneDrive\Desktop\Kern\data\raw\fonts\Anuphan_300.ttf,ok,238,3144,2906,238,0,
Anuphan,Anuphan_regular,regular,C:\Users\angel\OneDrive\Desktop\Kern\data\raw\fonts\Anuphan_regular.ttf,ok,211,3144,2933,211,0,
Anuphan,Anuphan_500,500,C:\Users\angel\OneDrive\Desktop\Kern\data\raw\fonts\Anuphan_500.ttf,ok,225,3144,2919,225,0,
Anuphan,Anuphan_600,600,C:\Users\angel\OneDrive\Desktop\Kern\data\raw\fonts\Anuphan_600.ttf,ok,226,3144,2918,226,0,
Anuphan,Anuphan_700,700,C:\Users\angel\OneDrive\Desktop\Kern\data\raw\fonts\Anuphan_700.ttf,ok,221,3144,2923,221,0,
Yuji Mai,Yuji_Mai_regular,regular,C:\Users\angel\OneDrive\Desktop\Kern\data\raw\fonts\Yuji_Mai_regular.ttf,ok,0,0,0,0,0,
Skranji,Skranji_regular,regular,C:\Users\angel\OneDrive\Desktop\Kern\data\raw\fonts\Skranji_regular.ttf,ok,0,0,0,0,0,
Skranji,Skranji_700,700,C:\Users\angel\OneDrive\Desktop\Kern\data\raw\fonts\Skranji_700.ttf,ok,0,0,0,0,0,
Herr Von Muellerhoff,Herr_Von_Muellerhoff_regular,regular,C:\Users\angel\OneDrive\Desktop\Kern\data\raw\fonts\Herr_Von_Muellerhoff_regular.ttf,ok,721,721,0,721,0,
Glegoo,Glegoo_regular,regular,C:\Users\angel\OneDrive\Desktop\Kern\data\raw\fonts\Glegoo_regular.ttf,ok,20,20,0,20,0,
Glegoo,Glegoo_700,700,C:\Users\angel\OneDrive\Desktop\Kern\data\raw\fonts\Glegoo_700.ttf,ok,20,20,0,20,0,
Charis SIL,Charis_SIL_regular,regular,C:\Users\angel\OneDrive\Desktop\Kern\data\raw\fonts\Charis_SIL_regular.ttf,ok,0,0,0,0,0,
Charis SIL,Charis_SIL_italic,italic,C:\Users\angel\OneDrive\Desktop\Kern\data\raw\fonts\Charis_SIL_italic.ttf,ok,0,0,0,0,0,
Charis SIL,Charis_SIL_700,700,C:\Users\angel\OneDrive\Desktop\Kern\data\raw\fonts\Charis_SIL_700.ttf,ok,0,0,0,0,0,
Charis SIL,Charis_SIL_700italic,700italic,C:\Users\angel\OneDrive\Desktop\Kern\data\raw\fonts\Charis_SIL_700italic.ttf,ok,0,0,0,0,0,
Fahkwang,Fahkwang_200,200,C:\Users\angel\OneDrive\Desktop\Kern\data\raw\fonts\Fahkwang_200.ttf,ok,20,2506,2486,20,0,
Fahkwang,Fahkwang_200italic,200italic,C:\Users\angel\OneDrive\Desktop\Kern\data\raw\fonts\Fahkwang_200italic.ttf,ok,20,2506,2486,20,0,
Fahkwang,Fahkwang_300,300,C:\Users\angel\OneDrive\Desktop\Kern\data\raw\fonts\Fahkwang_300.ttf,ok,20,2506,2486,20,0,
Fahkwang,Fahkwang_300italic,300italic,C:\Users\angel\OneDrive\Desktop\Kern\data\raw\fonts\Fahkwang_300italic.ttf,ok,20,2506,2486,20,0,
Fahkwang,Fahkwang_regular,regular,C:\Users\angel\OneDrive\Desktop\Kern\data\raw\fonts\Fahkwang_regular.ttf,ok,20,2506,2486,20,0,
Fahkwang,Fahkwang_italic,italic,C:\Users\angel\OneDrive\Desktop\Kern\data\raw\fonts\Fahkwang_italic.ttf,ok,20,2506,2486,20,0,
Fahkwang,Fahkwang_500,500,C:\Users\angel\OneDrive\Desktop\Kern\data\raw\fonts\Fahkwang_500.ttf,ok,20,2506,2486,20,0,
Fahkwang,Fahkwang_500italic,500italic,C:\Users\angel\OneDrive\Desktop\Kern\data\raw\fonts\Fahkwang_500italic.ttf,ok,20,2506,2486,20,0,
Fahkwang,Fahkwang_600,600,C:\Users\angel\OneDrive\Desktop\Kern\data\raw\fonts\Fahkwang_600.ttf,ok,20,2506,2486,20,0,
Fahkwang,Fahkwang_600italic,600italic,C:\Users\angel\OneDrive\Desktop\Kern\data\raw\fonts\Fahkwang_600italic.ttf,ok,20,2506,2486,20,0,
Fahkwang,Fahkwang_700,700,C:\Users\angel\OneDrive\Desktop\Kern\data\raw\fonts\Fahkwang_700.ttf,ok,20,2506,2486,20,0,
Fahkwang,Fahkwang_700italic,700italic,C:\Users\angel\OneDrive\Desktop\Kern\data\raw\fonts\Fahkwang_700italic.ttf,ok,20,2506,2486,20,0,
Tektur,Tektur_regular,regular,C:\Users\angel\OneDrive\Desktop\Kern\data\raw\fonts\Tektur_regular.ttf,ok,15,6904,6889,15,0,
Tektur,Tektur_500,500,C:\Users\angel\OneDrive\Desktop\Kern\data\raw\fonts\Tektur_500.ttf,ok,16,6904,6888,16,0,
Tektur,Tektur_600,600,C:\Users\angel\OneDrive\Desktop\Kern\data\raw\fonts\Tektur_600.ttf,ok,16,6904,6888,16,0,
Tektur,Tektur_700,700,C:\Users\angel\OneDrive\Desktop\Kern\data\raw\fonts\Tektur_700.ttf,ok,16,6904,6888,16,0,
Tektur,Tektur_800,800,C:\Users\angel\OneDrive\Desktop\Kern\data\raw\fonts\Tektur_800.ttf,ok,16,6904,6888,16,0,
Tektur,Tektur_900,900,C:\Users\angel\OneDrive\Desktop\Kern\data\raw\fonts\Tektur_900.ttf,ok,9,6904,6895,9,0,
Poller One,Poller_One_regular,regular,C:\Users\angel\OneDrive\Desktop\Kern\data\raw\fonts\Poller_One_regular.ttf,ok,0,0,0,0,0,
Fredericka the Great,Fredericka_the_Great_regular,regular,C:\Users\angel\OneDrive\Desktop\Kern\data\raw\fonts\Fredericka_the_Great_regular.ttf,ok,0,0,0,0,0,
Castoro,Castoro_regular,regular,C:\Users\angel\OneDrive\Desktop\Kern\data\raw\fonts\Castoro_regular.ttf,ok,6,276,270,6,0,
Castoro,Castoro_italic,italic,C:\Users\angel\OneDrive\Desktop\Kern\data\raw\fonts\Castoro_italic.ttf,ok,57,345,288,57,0,
Days One,Days_One_regular,regular,C:\Users\angel\OneDrive\Desktop\Kern\data\raw\fonts\Days_One_regular.ttf,ok,399,399,0,399,0,
Electrolize,Electrolize_regular,regular,C:\Users\angel\OneDrive\Desktop\Kern\data\raw\fonts\Electrolize_regular.ttf,ok,0,0,0,0,0,
Big Shoulders,Big_Shoulders_100,100,C:\Users\angel\OneDrive\Desktop\Kern\data\raw\fonts\Big_Shoulders_100.ttf,ok,0,2886,2886,0,0,
Big Shoulders,Big_Shoulders_200,200,C:\Users\angel\OneDrive\Desktop\Kern\data\raw\fonts\Big_Shoulders_200.ttf,ok,0,2886,2886,0,0,
Big Shoulders,Big_Shoulders_300,300,C:\Users\angel\OneDrive\Desktop\Kern\data\raw\fonts\Big_Shoulders_300.ttf,ok,0,2886,2886,0,0,
Big Shoulders,Big_Shoulders_regular,regular,C:\Users\angel\OneDrive\Desktop\Kern\data\raw\fonts\Big_Shoulders_regular.ttf,ok,0,2886,2886,0,0,
Big Shoulders,Big_Shoulders_500,500,C:\Users\angel\OneDrive\Desktop\Kern\data\raw\fonts\Big_Shoulders_500.ttf,ok,0,2886,2886,0,0,
Big Shoulders,Big_Shoulders_600,600,C:\Users\angel\OneDrive\Desktop\Kern\data\raw\fonts\Big_Shoulders_600.ttf,ok,0,2886,2886,0,0,
Big Shoulders,Big_Shoulders_700,700,C:\Users\angel\OneDrive\Desktop\Kern\data\raw\fonts\Big_Shoulders_700.ttf,ok,0,2886,2886,0,0,
Big Shoulders,Big_Shoulders_800,800,C:\Users\angel\OneDrive\Desktop\Kern\data\raw\fonts\Big_Shoulders_800.ttf,ok,0,2886,2886,0,0,
Big Shoulders,Big_Shoulders_900,900,C:\Users\angel\OneDrive\Desktop\Kern\data\raw\fonts\Big_Shoulders_900.ttf,ok,0,2886,2886,0,0,
Bona Nova SC,Bona_Nova_SC_regular,regular,C:\Users\angel\OneDrive\Desktop\Kern\data\raw\fonts\Bona_Nova_SC_regular.ttf,ok,0,11687,11687,0,0,
Bona Nova SC,Bona_Nova_SC_italic,italic,C:\Users\angel\OneDrive\Desktop\Kern\data\raw\fonts\Bona_Nova_SC_italic.ttf,ok,0,5408,5408,0,0,
Bona Nova SC,Bona_Nova_SC_700,700,C:\Users\angel\OneDrive\Desktop\Kern\data\raw\fonts\Bona_Nova_SC_700.ttf,ok,0,11715,11715,0,0,
Coda,Coda_regular,regular,C:\Users\angel\OneDrive\Desktop\Kern\data\raw\fonts\Coda_regular.ttf,ok,4,524,520,4,0,
Coda,Coda_800,800,C:\Users\angel\OneDrive\Desktop\Kern\data\raw\fonts\Coda_800.ttf,ok,2,569,567,2,0,
Radley,Radley_regular,regular,C:\Users\angel\OneDrive\Desktop\Kern\data\raw\fonts\Radley_regular.ttf,ok,170,171,1,170,0,
Radley,Radley_italic,italic,C:\Users\angel\OneDrive\Desktop\Kern\data\raw\fonts\Radley_italic.ttf,ok,120,120,0,120,0,
Athiti,Athiti_200,200,C:\Users\angel\OneDrive\Desktop\Kern\data\raw\fonts\Athiti_200.ttf,ok,293,5675,5382,293,0,
Athiti,Athiti_300,300,C:\Users\angel\OneDrive\Desktop\Kern\data\raw\fonts\Athiti_300.ttf,ok,343,7401,7058,343,0,
Athiti,Athiti_regular,regular,C:\Users\angel\OneDrive\Desktop\Kern\data\raw\fonts\Athiti_regular.ttf,ok,312,3418,3106,312,0,
Athiti,Athiti_500,500,C:\Users\angel\OneDrive\Desktop\Kern\data\raw\fonts\Athiti_500.ttf,ok,323,3785,3462,323,0,
Athiti,Athiti_600,600,C:\Users\angel\OneDrive\Desktop\Kern\data\raw\fonts\Athiti_600.ttf,ok,311,3875,3564,311,0,
Athiti,Athiti_700,700,C:\Users\angel\OneDrive\Desktop\Kern\data\raw\fonts\Athiti_700.ttf,ok,306,3168,2862,306,0,
Noto Sans Myanmar,Noto_Sans_Myanmar_100,100,C:\Users\angel\OneDrive\Desktop\Kern\data\raw\fonts\Noto_Sans_Myanmar_100.ttf,ok,7,501,494,7,0,
Noto Sans Myanmar,Noto_Sans_Myanmar_200,200,C:\Users\angel\OneDrive\Desktop\Kern\data\raw\fonts\Noto_Sans_Myanmar_200.ttf,ok,7,501,494,7,0,
Noto Sans Myanmar,Noto_Sans_Myanmar_300,300,C:\Users\angel\OneDrive\Desktop\Kern\data\raw\fonts\Noto_Sans_Myanmar_300.ttf,ok,7,501,494,7,0,
Noto Sans Myanmar,Noto_Sans_Myanmar_regular,regular,C:\Users\angel\OneDrive\Desktop\Kern\data\raw\fonts\Noto_Sans_Myanmar_regular.ttf,ok,7,501,494,7,0,
Noto Sans Myanmar,Noto_Sans_Myanmar_500,500,C:\Users\angel\OneDrive\Desktop\Kern\data\raw\fonts\Noto_Sans_Myanmar_500.ttf,ok,7,501,494,7,0,
Noto Sans Myanmar,Noto_Sans_Myanmar_600,600,C:\Users\angel\OneDrive\Desktop\Kern\data\raw\fonts\Noto_Sans_Myanmar_600.ttf,ok,7,501,494,7,0,
Noto Sans Myanmar,Noto_Sans_Myanmar_700,700,C:\Users\angel\OneDrive\Desktop\Kern\data\raw\fonts\Noto_Sans_Myanmar_700.ttf,ok,7,501,494,7,0,
Noto Sans Myanmar,Noto_Sans_Myanmar_800,800,C:\Users\angel\OneDrive\Desktop\Kern\data\raw\fonts\Noto_Sans_Myanmar_800.ttf,ok,7,501,494,7,0,
Noto Sans Myanmar,Noto_Sans_Myanmar_900,900,C:\Users\angel\OneDrive\Desktop\Kern\data\raw\fonts\Noto_Sans_Myanmar_900.ttf,ok,7,501,494,7,0,
Neucha,Neucha_regular,regular,C:\Users\angel\OneDrive\Desktop\Kern\data\raw\fonts\Neucha_regular.ttf,ok,235,2259,2024,235,0,
Grandstander,Grandstander_100,100,C:\Users\angel\OneDrive\Desktop\Kern\data\raw\fonts\Grandstander_100.ttf,ok,14,2056,2042,14,0,
Grandstander,Grandstander_200,200,C:\Users\angel\OneDrive\Desktop\Kern\data\raw\fonts\Grandstander_200.ttf,ok,14,2056,2042,14,0,
Grandstander,Grandstander_300,300,C:\Users\angel\OneDrive\Desktop\Kern\data\raw\fonts\Grandstander_300.ttf,ok,14,2056,2042,14,0,
Grandstander,Grandstander_regular,regular,C:\Users\angel\OneDrive\Desktop\Kern\data\raw\fonts\Grandstander_regular.ttf,ok,14,2056,2042,14,0,
Grandstander,Grandstander_500,500,C:\Users\angel\OneDrive\Desktop\Kern\data\raw\fonts\Grandstander_500.ttf,ok,14,2056,2042,14,0,
Grandstander,Grandstander_600,600,C:\Users\angel\OneDrive\Desktop\Kern\data\raw\fonts\Grandstander_600.ttf,ok,14,2056,2042,14,0,
Grandstander,Grandstander_700,700,C:\Users\angel\OneDrive\Desktop\Kern\data\raw\fonts\Grandstander_700.ttf,ok,14,2056,2042,14,0,
Grandstander,Grandstander_800,800,C:\Users\angel\OneDrive\Desktop\Kern\data\raw\fonts\Grandstander_800.ttf,ok,14,2056,2042,14,0,
Grandstander,Grandstander_900,900,C:\Users\angel\OneDrive\Desktop\Kern\data\raw\fonts\Grandstander_900.ttf,ok,14,2056,2042,14,0,
Grandstander,Grandstander_100italic,100italic,C:\Users\angel\OneDrive\Desktop\Kern\data\raw\fonts\Grandstander_100italic.ttf,ok,14,2062,2048,14,0,
Grandstander,Grandstander_200italic,200italic,C:\Users\angel\OneDrive\Desktop\Kern\data\raw\fonts\Grandstander_200italic.ttf,ok,14,2062,2048,14,0,
Grandstander,Grandstander_300italic,300italic,C:\Users\angel\OneDrive\Desktop\Kern\data\raw\fonts\Grandstander_300italic.ttf,ok,14,2062,2048,14,0,
Grandstander,Grandstander_italic,italic,C:\Users\angel\OneDrive\Desktop\Kern\data\raw\fonts\Grandstander_italic.ttf,ok,14,2062,2048,14,0,
Grandstander,Grandstander_500italic,500italic,C:\Users\angel\OneDrive\Desktop\Kern\data\raw\fonts\Grandstander_500italic.ttf,ok,14,2062,2048,14,0,
Grandstander,Grandstander_600italic,600italic,C:\Users\angel\OneDrive\Desktop\Kern\data\raw\fonts\Grandstander_600italic.ttf,ok,14,2062,2048,14,0,
Grandstander,Grandstander_700italic,700italic,C:\Users\angel\OneDrive\Desktop\Kern\data\raw\fonts\Grandstander_700italic.ttf,ok,14,2062,2048,14,0,
Grandstander,Grandstander_800italic,800italic,C:\Users\angel\OneDrive\Desktop\Kern\data\raw\fonts\Grandstander_800italic.ttf,ok,14,2062,2048,14,0,
Grandstander,Grandstander_900italic,900italic,C:\Users\angel\OneDrive\Desktop\Kern\data\raw\fonts\Grandstander_900italic.ttf,ok,14,2062,2048,14,0,
Shadows Into Light Two,Shadows_Into_Light_Two_regular,regular,C:\Users\angel\OneDrive\Desktop\Kern\data\raw\fonts\Shadows_Into_Light_Two_regular.ttf,ok,357,357,0,357,0,
Parkinsans,Parkinsans_300,300,C:\Users\angel\OneDrive\Desktop\Kern\data\raw\fonts\Parkinsans_300.ttf,ok,164,3387,3223,164,0,
Parkinsans,Parkinsans_regular,regular,C:\Users\angel\OneDrive\Desktop\Kern\data\raw\fonts\Parkinsans_regular.ttf,ok,164,3387,3223,164,0,
Parkinsans,Parkinsans_500,500,C:\Users\angel\OneDrive\Desktop\Kern\data\raw\fonts\Parkinsans_500.ttf,ok,158,3387,3229,158,0,
Parkinsans,Parkinsans_600,600,C:\Users\angel\OneDrive\Desktop\Kern\data\raw\fonts\Parkinsans_600.ttf,ok,159,3387,3228,159,0,
Parkinsans,Parkinsans_700,700,C:\Users\angel\OneDrive\Desktop\Kern\data\raw\fonts\Parkinsans_700.ttf,ok,160,3387,3227,160,0,
Parkinsans,Parkinsans_800,800,C:\Users\angel\OneDrive\Desktop\Kern\data\raw\fonts\Parkinsans_800.ttf,ok,159,3387,3228,159,0,
Cabin Sketch,Cabin_Sketch_regular,regular,C:\Users\angel\OneDrive\Desktop\Kern\data\raw\fonts\Cabin_Sketch_regular.ttf,ok,334,13288,12954,334,0,
Cabin Sketch,Cabin_Sketch_700,700,C:\Users\angel\OneDrive\Desktop\Kern\data\raw\fonts\Cabin_Sketch_700.ttf,ok,334,13288,12954,334,0,
Tomorrow,Tomorrow_100,100,C:\Users\angel\OneDrive\Desktop\Kern\data\raw\fonts\Tomorrow_100.ttf,ok,16,88,72,16,0,
Tomorrow,Tomorrow_100italic,100italic,C:\Users\angel\OneDrive\Desktop\Kern\data\raw\fonts\Tomorrow_100italic.ttf,ok,14,124,110,14,0,
Tomorrow,Tomorrow_200,200,C:\Users\angel\OneDrive\Desktop\Kern\data\raw\fonts\Tomorrow_200.ttf,ok,19,20,1,19,0,
Tomorrow,Tomorrow_200italic,200italic,C:\Users\angel\OneDrive\Desktop\Kern\data\raw\fonts\Tomorrow_200italic.ttf,ok,20,83,63,20,0,
Tomorrow,Tomorrow_300,300,C:\Users\angel\OneDrive\Desktop\Kern\data\raw\fonts\Tomorrow_300.ttf,ok,20,20,0,20,0,
Tomorrow,Tomorrow_300italic,300italic,C:\Users\angel\OneDrive\Desktop\Kern\data\raw\fonts\Tomorrow_300italic.ttf,ok,20,83,63,20,0,
Tomorrow,Tomorrow_regular,regular,C:\Users\angel\OneDrive\Desktop\Kern\data\raw\fonts\Tomorrow_regular.ttf,ok,20,20,0,20,0,
Tomorrow,Tomorrow_italic,italic,C:\Users\angel\OneDrive\Desktop\Kern\data\raw\fonts\Tomorrow_italic.ttf,ok,20,83,63,20,0,
Tomorrow,Tomorrow_500,500,C:\Users\angel\OneDrive\Desktop\Kern\data\raw\fonts\Tomorrow_500.ttf,ok,19,19,0,19,0,
Tomorrow,Tomorrow_500italic,500italic,C:\Users\angel\OneDrive\Desktop\Kern\data\raw\fonts\Tomorrow_500italic.ttf,ok,19,82,63,19,0,
Tomorrow,Tomorrow_600,600,C:\Users\angel\OneDrive\Desktop\Kern\data\raw\fonts\Tomorrow_600.ttf,ok,35,37,2,35,0,
Tomorrow,Tomorrow_600italic,600italic,C:\Users\angel\OneDrive\Desktop\Kern\data\raw\fonts\Tomorrow_600italic.ttf,ok,35,37,2,35,0,
Tomorrow,Tomorrow_700,700,C:\Users\angel\OneDrive\Desktop\Kern\data\raw\fonts\Tomorrow_700.ttf,ok,35,69,34,35,0,
Tomorrow,Tomorrow_700italic,700italic,C:\Users\angel\OneDrive\Desktop\Kern\data\raw\fonts\Tomorrow_700italic.ttf,ok,35,69,34,35,0,
Tomorrow,Tomorrow_800,800,C:\Users\angel\OneDrive\Desktop\Kern\data\raw\fonts\Tomorrow_800.ttf,ok,75,182,107,75,0,
Tomorrow,Tomorrow_800italic,800italic,C:\Users\angel\OneDrive\Desktop\Kern\data\raw\fonts\Tomorrow_800italic.ttf,ok,75,181,106,75,0,
Tomorrow,Tomorrow_900,900,C:\Users\angel\OneDrive\Desktop\Kern\data\raw\fonts\Tomorrow_900.ttf,ok,17,503,486,17,0,
Tomorrow,Tomorrow_900italic,900italic,C:\Users\angel\OneDrive\Desktop\Kern\data\raw\fonts\Tomorrow_900italic.ttf,ok,17,503,486,17,0,
BIZ UDGothic,BIZ_UDGothic_regular,regular,C:\Users\angel\OneDrive\Desktop\Kern\data\raw\fonts\BIZ_UDGothic_regular.ttf,ok,0,0,0,0,0,
BIZ UDGothic,BIZ_UDGothic_700,700,C:\Users\angel\OneDrive\Desktop\Kern\data\raw\fonts\BIZ_UDGothic_700.ttf,ok,0,0,0,0,0,
Inria Serif,Inria_Serif_300,300,C:\Users\angel\OneDrive\Desktop\Kern\data\raw\fonts\Inria_Serif_300.ttf,ok,3,3071,3068,3,0,
Inria Serif,Inria_Serif_300italic,300italic,C:\Users\angel\OneDrive\Desktop\Kern\data\raw\fonts\Inria_Serif_300italic.ttf,ok,3,3629,3626,3,0,
Inria Serif,Inria_Serif_regular,regular,C:\Users\angel\OneDrive\Desktop\Kern\data\raw\fonts\Inria_Serif_regular.ttf,ok,7,2759,2752,7,0,
Inria Serif,Inria_Serif_italic,italic,C:\Users\angel\OneDrive\Desktop\Kern\data\raw\fonts\Inria_Serif_italic.ttf,ok,5,3621,3616,5,0,
Inria Serif,Inria_Serif_700,700,C:\Users\angel\OneDrive\Desktop\Kern\data\raw\fonts\Inria_Serif_700.ttf,ok,6,2862,2856,6,0,
Inria Serif,Inria_Serif_700italic,700italic,C:\Users\angel\OneDrive\Desktop\Kern\data\raw\fonts\Inria_Serif_700italic.ttf,ok,5,3153,3148,5,0,
Grenze Gotisch,Grenze_Gotisch_100,100,C:\Users\angel\OneDrive\Desktop\Kern\data\raw\fonts\Grenze_Gotisch_100.ttf,ok,0,1254,1254,0,0,
Grenze Gotisch,Grenze_Gotisch_200,200,C:\Users\angel\OneDrive\Desktop\Kern\data\raw\fonts\Grenze_Gotisch_200.ttf,ok,0,1254,1254,0,0,
Grenze Gotisch,Grenze_Gotisch_300,300,C:\Users\angel\OneDrive\Desktop\Kern\data\raw\fonts\Grenze_Gotisch_300.ttf,ok,0,1254,1254,0,0,
Grenze Gotisch,Grenze_Gotisch_regular,regular,C:\Users\angel\OneDrive\Desktop\Kern\data\raw\fonts\Grenze_Gotisch_regular.ttf,ok,0,1254,1254,0,0,
Grenze Gotisch,Grenze_Gotisch_500,500,C:\Users\angel\OneDrive\Desktop\Kern\data\raw\fonts\Grenze_Gotisch_500.ttf,ok,0,1254,1254,0,0,
Grenze Gotisch,Grenze_Gotisch_600,600,C:\Users\angel\OneDrive\Desktop\Kern\data\raw\fonts\Grenze_Gotisch_600.ttf,ok,0,1254,1254,0,0,
Grenze Gotisch,Grenze_Gotisch_700,700,C:\Users\angel\OneDrive\Desktop\Kern\data\raw\fonts\Grenze_Gotisch_700.ttf,ok,0,1254,1254,0,0,
Grenze Gotisch,Grenze_Gotisch_800,800,C:\Users\angel\OneDrive\Desktop\Kern\data\raw\fonts\Grenze_Gotisch_800.ttf,ok,0,1254,1254,0,0,
Grenze Gotisch,Grenze_Gotisch_900,900,C:\Users\angel\OneDrive\Desktop\Kern\data\raw\fonts\Grenze_Gotisch_900.ttf,ok,0,1254,1254,0,0,
Yrsa,Yrsa_300,300,C:\Users\angel\OneDrive\Desktop\Kern\data\raw\fonts\Yrsa_300.ttf,ok,83,100,17,83,0,
Yrsa,Yrsa_regular,regular,C:\Users\angel\OneDrive\Desktop\Kern\data\raw\fonts\Yrsa_regular.ttf,ok,83,100,17,83,0,
Yrsa,Yrsa_500,500,C:\Users\angel\OneDrive\Desktop\Kern\data\raw\fonts\Yrsa_500.ttf,ok,83,100,17,83,0,
Yrsa,Yrsa_600,600,C:\Users\angel\OneDrive\Desktop\Kern\data\raw\fonts\Yrsa_600.ttf,ok,83,100,17,83,0,
Yrsa,Yrsa_700,700,C:\Users\angel\OneDrive\Desktop\Kern\data\raw\fonts\Yrsa_700.ttf,ok,83,100,17,83,0,
Yrsa,Yrsa_300italic,300italic,C:\Users\angel\OneDrive\Desktop\Kern\data\raw\fonts\Yrsa_300italic.ttf,ok,1,2,1,1,0,
Yrsa,Yrsa_italic,italic,C:\Users\angel\OneDrive\Desktop\Kern\data\raw\fonts\Yrsa_italic.ttf,ok,1,2,1,1,0,
Yrsa,Yrsa_500italic,500italic,C:\Users\angel\OneDrive\Desktop\Kern\data\raw\fonts\Yrsa_500italic.ttf,ok,1,2,1,1,0,
Yrsa,Yrsa_600italic,600italic,C:\Users\angel\OneDrive\Desktop\Kern\data\raw\fonts\Yrsa_600italic.ttf,ok,1,2,1,1,0,
Yrsa,Yrsa_700italic,700italic,C:\Users\angel\OneDrive\Desktop\Kern\data\raw\fonts\Yrsa_700italic.ttf,ok,1,2,1,1,0,
Lemonada,Lemonada_300,300,C:\Users\angel\OneDrive\Desktop\Kern\data\raw\fonts\Lemonada_300.ttf,ok,20,1947,1927,20,0,
Lemonada,Lemonada_regular,regular,C:\Users\angel\OneDrive\Desktop\Kern\data\raw\fonts\Lemonada_regular.ttf,ok,20,1947,1927,20,0,
Lemonada,Lemonada_500,500,C:\Users\angel\OneDrive\Desktop\Kern\data\raw\fonts\Lemonada_500.ttf,ok,20,1947,1927,20,0,
Lemonada,Lemonada_600,600,C:\Users\angel\OneDrive\Desktop\Kern\data\raw\fonts\Lemonada_600.ttf,ok,20,1947,1927,20,0,
Lemonada,Lemonada_700,700,C:\Users\angel\OneDrive\Desktop\Kern\data\raw\fonts\Lemonada_700.ttf,ok,20,1947,1927,20,0,
K2D,K2D_100,100,C:\Users\angel\OneDrive\Desktop\Kern\data\raw\fonts\K2D_100.ttf,ok,207,5956,5749,207,0,
K2D,K2D_100italic,100italic,C:\Users\angel\OneDrive\Desktop\Kern\data\raw\fonts\K2D_100italic.ttf,ok,207,5956,5749,207,0,
K2D,K2D_200,200,C:\Users\angel\OneDrive\Desktop\Kern\data\raw\fonts\K2D_200.ttf,ok,211,5932,5721,211,0,
K2D,K2D_200italic,200italic,C:\Users\angel\OneDrive\Desktop\Kern\data\raw\fonts\K2D_200italic.ttf,ok,211,5932,5721,211,0,
K2D,K2D_300,300,C:\Users\angel\OneDrive\Desktop\Kern\data\raw\fonts\K2D_300.ttf,ok,211,5932,5721,211,0,
K2D,K2D_300italic,300italic,C:\Users\angel\OneDrive\Desktop\Kern\data\raw\fonts\K2D_300italic.ttf,ok,211,5932,5721,211,0,
K2D,K2D_regular,regular,C:\Users\angel\OneDrive\Desktop\Kern\data\raw\fonts\K2D_regular.ttf,ok,210,5985,5775,210,0,
K2D,K2D_italic,italic,C:\Users\angel\OneDrive\Desktop\Kern\data\raw\fonts\K2D_italic.ttf,ok,210,5985,5775,210,0,
K2D,K2D_500,500,C:\Users\angel\OneDrive\Desktop\Kern\data\raw\fonts\K2D_500.ttf,ok,220,5940,5720,220,0,
K2D,K2D_500italic,500italic,C:\Users\angel\OneDrive\Desktop\Kern\data\raw\fonts\K2D_500italic.ttf,ok,220,5940,5720,220,0,
K2D,K2D_600,600,C:\Users\angel\OneDrive\Desktop\Kern\data\raw\fonts\K2D_600.ttf,ok,220,5940,5720,220,0,
K2D,K2D_600italic,600italic,C:\Users\angel\OneDrive\Desktop\Kern\data\raw\fonts\K2D_600italic.ttf,ok,220,5940,5720,220,0,
K2D,K2D_700,700,C:\Users\angel\OneDrive\Desktop\Kern\data\raw\fonts\K2D_700.ttf,ok,220,5940,5720,220,0,
K2D,K2D_700italic,700italic,C:\Users\angel\OneDrive\Desktop\Kern\data\raw\fonts\K2D_700italic.ttf,ok,220,5940,5720,220,0,
K2D,K2D_800,800,C:\Users\angel\OneDrive\Desktop\Kern\data\raw\fonts\K2D_800.ttf,ok,218,5938,5720,218,0,
K2D,K2D_800italic,800italic,C:\Users\angel\OneDrive\Desktop\Kern\data\raw\fonts\K2D_800italic.ttf,ok,218,5938,5720,218,0,
Norican,Norican_regular,regular,C:\Users\angel\OneDrive\Desktop\Kern\data\raw\fonts\Norican_regular.ttf,ok,18,18,0,18,0,
Judson,Judson_regular,regular,C:\Users\angel\OneDrive\Desktop\Kern\data\raw\fonts\Judson_regular.ttf,ok,96,96,0,96,0,
Judson,Judson_italic,italic,C:\Users\angel\OneDrive\Desktop\Kern\data\raw\fonts\Judson_italic.ttf,ok,98,98,0,98,0,
Judson,Judson_700,700,C:\Users\angel\OneDrive\Desktop\Kern\data\raw\fonts\Judson_700.ttf,ok,100,100,0,100,0,
Podkova,Podkova_regular,regular,C:\Users\angel\OneDrive\Desktop\Kern\data\raw\fonts\Podkova_regular.ttf,ok,2,1926,1924,2,0,
Podkova,Podkova_500,500,C:\Users\angel\OneDrive\Desktop\Kern\data\raw\fonts\Podkova_500.ttf,ok,2,1926,1924,2,0,
Podkova,Podkova_600,600,C:\Users\angel\OneDrive\Desktop\Kern\data\raw\fonts\Podkova_600.ttf,ok,2,1926,1924,2,0,
Podkova,Podkova_700,700,C:\Users\angel\OneDrive\Desktop\Kern\data\raw\fonts\Podkova_700.ttf,ok,2,1926,1924,2,0,
Podkova,Podkova_800,800,C:\Users\angel\OneDrive\Desktop\Kern\data\raw\fonts\Podkova_800.ttf,ok,2,1926,1924,2,0,
Barriecito,Barriecito_regular,regular,C:\Users\angel\OneDrive\Desktop\Kern\data\raw\fonts\Barriecito_regular.ttf,ok,0,8704,8704,0,0,
Sintony,Sintony_regular,regular,C:\Users\angel\OneDrive\Desktop\Kern\data\raw\fonts\Sintony_regular.ttf,ok,35,2185,2150,35,0,
Sintony,Sintony_700,700,C:\Users\angel\OneDrive\Desktop\Kern\data\raw\fonts\Sintony_700.ttf,ok,64,2264,2200,64,0,
Aclonica,Aclonica_regular,regular,C:\Users\angel\OneDrive\Desktop\Kern\data\raw\fonts\Aclonica_regular.ttf,ok,208,328,120,208,0,
Rozha One,Rozha_One_regular,regular,C:\Users\angel\OneDrive\Desktop\Kern\data\raw\fonts\Rozha_One_regular.ttf,ok,0,0,0,0,0,
Oooh Baby,Oooh_Baby_regular,regular,C:\Users\angel\OneDrive\Desktop\Kern\data\raw\fonts\Oooh_Baby_regular.ttf,ok,59,467,408,59,0,
Rye,Rye_regular,regular,C:\Users\angel\OneDrive\Desktop\Kern\data\raw\fonts\Rye_regular.ttf,ok,0,0,0,0,0,
Geo,Geo_regular,regular,C:\Users\angel\OneDrive\Desktop\Kern\data\raw\fonts\Geo_regular.ttf,ok,0,0,0,0,0,
Geo,Geo_italic,italic,C:\Users\angel\OneDrive\Desktop\Kern\data\raw\fonts\Geo_italic.ttf,ok,0,0,0,0,0,
AR One Sans,AR_One_Sans_regular,regular,C:\Users\angel\OneDrive\Desktop\Kern\data\raw\fonts\AR_One_Sans_regular.ttf,ok,99,2869,2770,99,0,
AR One Sans,AR_One_Sans_500,500,C:\Users\angel\OneDrive\Desktop\Kern\data\raw\fonts\AR_One_Sans_500.ttf,ok,115,2869,2754,115,0,
AR One Sans,AR_One_Sans_600,600,C:\Users\angel\OneDrive\Desktop\Kern\data\raw\fonts\AR_One_Sans_600.ttf,ok,115,2869,2754,115,0,
AR One Sans,AR_One_Sans_700,700,C:\Users\angel\OneDrive\Desktop\Kern\data\raw\fonts\AR_One_Sans_700.ttf,ok,109,2869,2760,109,0,
Baloo Da 2,Baloo_Da_2_regular,regular,C:\Users\angel\OneDrive\Desktop\Kern\data\raw\fonts\Baloo_Da_2_regular.ttf,ok,231,459,228,231,0,
Baloo Da 2,Baloo_Da_2_500,500,C:\Users\angel\OneDrive\Desktop\Kern\data\raw\fonts\Baloo_Da_2_500.ttf,ok,231,459,228,231,0,
Baloo Da 2,Baloo_Da_2_600,600,C:\Users\angel\OneDrive\Desktop\Kern\data\raw\fonts\Baloo_Da_2_600.ttf,ok,230,459,229,230,0,
Baloo Da 2,Baloo_Da_2_700,700,C:\Users\angel\OneDrive\Desktop\Kern\data\raw\fonts\Baloo_Da_2_700.ttf,ok,230,459,229,230,0,
Baloo Da 2,Baloo_Da_2_800,800,C:\Users\angel\OneDrive\Desktop\Kern\data\raw\fonts\Baloo_Da_2_800.ttf,ok,221,459,238,221,0,
Faster One,Faster_One_regular,regular,C:\Users\angel\OneDrive\Desktop\Kern\data\raw\fonts\Faster_One_regular.ttf,ok,31,2143,2112,31,0,
PT Serif Caption,PT_Serif_Caption_regular,regular,C:\Users\angel\OneDrive\Desktop\Kern\data\raw\fonts\PT_Serif_Caption_regular.ttf,ok,6,581,575,6,0,
PT Serif Caption,PT_Serif_Caption_italic,italic,C:\Users\angel\OneDrive\Desktop\Kern\data\raw\fonts\PT_Serif_Caption_italic.ttf,ok,14,564,550,14,0,
Gantari,Gantari_100,100,C:\Users\angel\OneDrive\Desktop\Kern\data\raw\fonts\Gantari_100.ttf,ok,228,1162,934,228,0,
Gantari,Gantari_200,200,C:\Users\angel\OneDrive\Desktop\Kern\data\raw\fonts\Gantari_200.ttf,ok,228,1162,934,228,0,
Gantari,Gantari_300,300,C:\Users\angel\OneDrive\Desktop\Kern\data\raw\fonts\Gantari_300.ttf,ok,228,1162,934,228,0,
Gantari,Gantari_regular,regular,C:\Users\angel\OneDrive\Desktop\Kern\data\raw\fonts\Gantari_regular.ttf,ok,228,1162,934,228,0,
Gantari,Gantari_500,500,C:\Users\angel\OneDrive\Desktop\Kern\data\raw\fonts\Gantari_500.ttf,ok,228,1162,934,228,0,
Gantari,Gantari_600,600,C:\Users\angel\OneDrive\Desktop\Kern\data\raw\fonts\Gantari_600.ttf,ok,228,1162,934,228,0,
Gantari,Gantari_700,700,C:\Users\angel\OneDrive\Desktop\Kern\data\raw\fonts\Gantari_700.ttf,ok,228,1162,934,228,0,
Gantari,Gantari_800,800,C:\Users\angel\OneDrive\Desktop\Kern\data\raw\fonts\Gantari_800.ttf,ok,228,1162,934,228,0,
Gantari,Gantari_900,900,C:\Users\angel\OneDrive\Desktop\Kern\data\raw\fonts\Gantari_900.ttf,ok,228,1162,934,228,0,
Gantari,Gantari_100italic,100italic,C:\Users\angel\OneDrive\Desktop\Kern\data\raw\fonts\Gantari_100italic.ttf,ok,228,1278,1050,228,0,
Gantari,Gantari_200italic,200italic,C:\Users\angel\OneDrive\Desktop\Kern\data\raw\fonts\Gantari_200italic.ttf,ok,228,1278,1050,228,0,
Gantari,Gantari_300italic,300italic,C:\Users\angel\OneDrive\Desktop\Kern\data\raw\fonts\Gantari_300italic.ttf,ok,228,1278,1050,228,0,
Gantari,Gantari_italic,italic,C:\Users\angel\OneDrive\Desktop\Kern\data\raw\fonts\Gantari_italic.ttf,ok,228,1278,1050,228,0,
Gantari,Gantari_500italic,500italic,C:\Users\angel\OneDrive\Desktop\Kern\data\raw\fonts\Gantari_500italic.ttf,ok,228,1278,1050,228,0,
Gantari,Gantari_600italic,600italic,C:\Users\angel\OneDrive\Desktop\Kern\data\raw\fonts\Gantari_600italic.ttf,ok,228,1278,1050,228,0,
Gantari,Gantari_700italic,700italic,C:\Users\angel\OneDrive\Desktop\Kern\data\raw\fonts\Gantari_700italic.ttf,ok,228,1278,1050,228,0,
Gantari,Gantari_800italic,800italic,C:\Users\angel\OneDrive\Desktop\Kern\data\raw\fonts\Gantari_800italic.ttf,ok,228,1278,1050,228,0,
Gantari,Gantari_900italic,900italic,C:\Users\angel\OneDrive\Desktop\Kern\data\raw\fonts\Gantari_900italic.ttf,ok,228,1278,1050,228,0,
Metrophobic,Metrophobic_regular,regular,C:\Users\angel\OneDrive\Desktop\Kern\data\raw\fonts\Metrophobic_regular.ttf,ok,6,38,32,6,0,
Yatra One,Yatra_One_regular,regular,C:\Users\angel\OneDrive\Desktop\Kern\data\raw\fonts\Yatra_One_regular.ttf,ok,0,0,0,0,0,
Averia Libre,Averia_Libre_300,300,C:\Users\angel\OneDrive\Desktop\Kern\data\raw\fonts\Averia_Libre_300.ttf,ok,1445,1445,0,1445,0,
Averia Libre,Averia_Libre_300italic,300italic,C:\Users\angel\OneDrive\Desktop\Kern\data\raw\fonts\Averia_Libre_300italic.ttf,ok,1694,1694,0,1694,0,
Averia Libre,Averia_Libre_regular,regular,C:\Users\angel\OneDrive\Desktop\Kern\data\raw\fonts\Averia_Libre_regular.ttf,ok,1435,1435,0,1435,0,
Averia Libre,Averia_Libre_italic,italic,C:\Users\angel\OneDrive\Desktop\Kern\data\raw\fonts\Averia_Libre_italic.ttf,ok,1646,1646,0,1646,0,
Averia Libre,Averia_Libre_700,700,C:\Users\angel\OneDrive\Desktop\Kern\data\raw\fonts\Averia_Libre_700.ttf,ok,1477,1477,0,1477,0,
Averia Libre,Averia_Libre_700italic,700italic,C:\Users\angel\OneDrive\Desktop\Kern\data\raw\fonts\Averia_Libre_700italic.ttf,ok,1678,1678,0,1678,0,
Caudex,Caudex_regular,regular,C:\Users\angel\OneDrive\Desktop\Kern\data\raw\fonts\Caudex_regular.ttf,ok,0,1170,1170,0,0,
Caudex,Caudex_italic,italic,C:\Users\angel\OneDrive\Desktop\Kern\data\raw\fonts\Caudex_italic.ttf,ok,0,1170,1170,0,0,
Caudex,Caudex_700,700,C:\Users\angel\OneDrive\Desktop\Kern\data\raw\fonts\Caudex_700.ttf,ok,0,1200,1200,0,0,
Caudex,Caudex_700italic,700italic,C:\Users\angel\OneDrive\Desktop\Kern\data\raw\fonts\Caudex_700italic.ttf,ok,0,1240,1240,0,0,
Candal,Candal_regular,regular,C:\Users\angel\OneDrive\Desktop\Kern\data\raw\fonts\Candal_regular.ttf,ok,84,84,0,84,0,
Lexend Exa,Lexend_Exa_100,100,C:\Users\angel\OneDrive\Desktop\Kern\data\raw\fonts\Lexend_Exa_100.ttf,ok,12,24,12,12,0,
Lexend Exa,Lexend_Exa_200,200,C:\Users\angel\OneDrive\Desktop\Kern\data\raw\fonts\Lexend_Exa_200.ttf,ok,12,24,12,12,0,
Lexend Exa,Lexend_Exa_300,300,C:\Users\angel\OneDrive\Desktop\Kern\data\raw\fonts\Lexend_Exa_300.ttf,ok,12,24,12,12,0,
Lexend Exa,Lexend_Exa_regular,regular,C:\Users\angel\OneDrive\Desktop\Kern\data\raw\fonts\Lexend_Exa_regular.ttf,ok,12,24,12,12,0,
Lexend Exa,Lexend_Exa_500,500,C:\Users\angel\OneDrive\Desktop\Kern\data\raw\fonts\Lexend_Exa_500.ttf,ok,12,24,12,12,0,
Lexend Exa,Lexend_Exa_600,600,C:\Users\angel\OneDrive\Desktop\Kern\data\raw\fonts\Lexend_Exa_600.ttf,ok,12,24,12,12,0,
Lexend Exa,Lexend_Exa_700,700,C:\Users\angel\OneDrive\Desktop\Kern\data\raw\fonts\Lexend_Exa_700.ttf,ok,12,24,12,12,0,
Lexend Exa,Lexend_Exa_800,800,C:\Users\angel\OneDrive\Desktop\Kern\data\raw\fonts\Lexend_Exa_800.ttf,ok,12,24,12,12,0,
Lexend Exa,Lexend_Exa_900,900,C:\Users\angel\OneDrive\Desktop\Kern\data\raw\fonts\Lexend_Exa_900.ttf,ok,9,24,15,9,0,
Cormorant Upright,Cormorant_Upright_300,300,C:\Users\angel\OneDrive\Desktop\Kern\data\raw\fonts\Cormorant_Upright_300.ttf,ok,0,11071,11071,0,0,
Cormorant Upright,Cormorant_Upright_regular,regular,C:\Users\angel\OneDrive\Desktop\Kern\data\raw\fonts\Cormorant_Upright_regular.ttf,ok,0,11071,11071,0,0,
Cormorant Upright,Cormorant_Upright_500,500,C:\Users\angel\OneDrive\Desktop\Kern\data\raw\fonts\Cormorant_Upright_500.ttf,ok,0,11071,11071,0,0,
Cormorant Upright,Cormorant_Upright_600,600,C:\Users\angel\OneDrive\Desktop\Kern\data\raw\fonts\Cormorant_Upright_600.ttf,ok,0,11071,11071,0,0,
Cormorant Upright,Cormorant_Upright_700,700,C:\Users\angel\OneDrive\Desktop\Kern\data\raw\fonts\Cormorant_Upright_700.ttf,ok,0,11279,11279,0,0,
Gowun Batang,Gowun_Batang_regular,regular,C:\Users\angel\OneDrive\Desktop\Kern\data\raw\fonts\Gowun_Batang_regular.ttf,ok,0,0,0,0,0,
Gowun Batang,Gowun_Batang_700,700,C:\Users\angel\OneDrive\Desktop\Kern\data\raw\fonts\Gowun_Batang_700.ttf,ok,0,0,0,0,0,
Corben,Corben_regular,regular,C:\Users\angel\OneDrive\Desktop\Kern\data\raw\fonts\Corben_regular.ttf,ok,0,2070,2070,0,0,
Corben,Corben_700,700,C:\Users\angel\OneDrive\Desktop\Kern\data\raw\fonts\Corben_700.ttf,ok,187,187,0,187,0,
Sofia Sans Semi Condensed,Sofia_Sans_Semi_Condensed_100,100,C:\Users\angel\OneDrive\Desktop\Kern\data\raw\fonts\Sofia_Sans_Semi_Condensed_100.ttf,ok,4,4,0,4,0,
Sofia Sans Semi Condensed,Sofia_Sans_Semi_Condensed_200,200,C:\Users\angel\OneDrive\Desktop\Kern\data\raw\fonts\Sofia_Sans_Semi_Condensed_200.ttf,ok,4,4,0,4,0,
Sofia Sans Semi Condensed,Sofia_Sans_Semi_Condensed_300,300,C:\Users\angel\OneDrive\Desktop\Kern\data\raw\fonts\Sofia_Sans_Semi_Condensed_300.ttf,ok,4,4,0,4,0,
Sofia Sans Semi Condensed,Sofia_Sans_Semi_Condensed_regular,regular,C:\Users\angel\OneDrive\Desktop\Kern\data\raw\fonts\Sofia_Sans_Semi_Condensed_regular.ttf,ok,4,4,0,4,0,
Sofia Sans Semi Condensed,Sofia_Sans_Semi_Condensed_500,500,C:\Users\angel\OneDrive\Desktop\Kern\data\raw\fonts\Sofia_Sans_Semi_Condensed_500.ttf,ok,4,4,0,4,0,
Sofia Sans Semi Condensed,Sofia_Sans_Semi_Condensed_600,600,C:\Users\angel\OneDrive\Desktop\Kern\data\raw\fonts\Sofia_Sans_Semi_Condensed_600.ttf,ok,4,4,0,4,0,
Sofia Sans Semi Condensed,Sofia_Sans_Semi_Condensed_700,700,C:\Users\angel\OneDrive\Desktop\Kern\data\raw\fonts\Sofia_Sans_Semi_Condensed_700.ttf,ok,4,4,0,4,0,
Sofia Sans Semi Condensed,Sofia_Sans_Semi_Condensed_800,800,C:\Users\angel\OneDrive\Desktop\Kern\data\raw\fonts\Sofia_Sans_Semi_Condensed_800.ttf,ok,4,4,0,4,0,
Sofia Sans Semi Condensed,Sofia_Sans_Semi_Condensed_900,900,C:\Users\angel\OneDrive\Desktop\Kern\data\raw\fonts\Sofia_Sans_Semi_Condensed_900.ttf,ok,4,4,0,4,0,
Sofia Sans Semi Condensed,Sofia_Sans_Semi_Condensed_100italic,100italic,C:\Users\angel\OneDrive\Desktop\Kern\data\raw\fonts\Sofia_Sans_Semi_Condensed_100italic.ttf,ok,5,5,0,5,0,
Sofia Sans Semi Condensed,Sofia_Sans_Semi_Condensed_200italic,200italic,C:\Users\angel\OneDrive\Desktop\Kern\data\raw\fonts\Sofia_Sans_Semi_Condensed_200italic.ttf,ok,5,5,0,5,0,
Sofia Sans Semi Condensed,Sofia_Sans_Semi_Condensed_300italic,300italic,C:\Users\angel\OneDrive\Desktop\Kern\data\raw\fonts\Sofia_Sans_Semi_Condensed_300italic.ttf,ok,5,5,0,5,0,
Sofia Sans Semi Condensed,Sofia_Sans_Semi_Condensed_italic,italic,C:\Users\angel\OneDrive\Desktop\Kern\data\raw\fonts\Sofia_Sans_Semi_Condensed_italic.ttf,ok,5,5,0,5,0,
Sofia Sans Semi Condensed,Sofia_Sans_Semi_Condensed_500italic,500italic,C:\Users\angel\OneDrive\Desktop\Kern\data\raw\fonts\Sofia_Sans_Semi_Condensed_500italic.ttf,ok,5,5,0,5,0,
Sofia Sans Semi Condensed,Sofia_Sans_Semi_Condensed_600italic,600italic,C:\Users\angel\OneDrive\Desktop\Kern\data\raw\fonts\Sofia_Sans_Semi_Condensed_600italic.ttf,ok,5,5,0,5,0,
Sofia Sans Semi Condensed,Sofia_Sans_Semi_Condensed_700italic,700italic,C:\Users\angel\OneDrive\Desktop\Kern\data\raw\fonts\Sofia_Sans_Semi_Condensed_700italic.ttf,ok,5,5,0,5,0,
Sofia Sans Semi Condensed,Sofia_Sans_Semi_Condensed_800italic,800italic,C:\Users\angel\OneDrive\Desktop\Kern\data\raw\fonts\Sofia_Sans_Semi_Condensed_800italic.ttf,ok,5,5,0,5,0,
Sofia Sans Semi Condensed,Sofia_Sans_Semi_Condensed_900italic,900italic,C:\Users\angel\OneDrive\Desktop\Kern\data\raw\fonts\Sofia_Sans_Semi_Condensed_900italic.ttf,ok,5,5,0,5,0,
Suez One,Suez_One_regular,regular,C:\Users\angel\OneDrive\Desktop\Kern\data\raw\fonts\Suez_One_regular.ttf,ok,0,18447,18447,0,0,
Niconne,Niconne_regular,regular,C:\Users\angel\OneDrive\Desktop\Kern\data\raw\fonts\Niconne_regular.ttf,ok,60,2364,2304,60,0,
Germania One,Germania_One_regular,regular,C:\Users\angel\OneDrive\Desktop\Kern\data\raw\fonts\Germania_One_regular.ttf,ok,9,9,0,9,0,
Vina Sans,Vina_Sans_regular,regular,C:\Users\angel\OneDrive\Desktop\Kern\data\raw\fonts\Vina_Sans_regular.ttf,ok,32,32,0,32,0,
Spinnaker,Spinnaker_regular,regular,C:\Users\angel\OneDrive\Desktop\Kern\data\raw\fonts\Spinnaker_regular.ttf,ok,0,0,0,0,0,
Wallpoet,Wallpoet_regular,regular,C:\Users\angel\OneDrive\Desktop\Kern\data\raw\fonts\Wallpoet_regular.ttf,ok,359,359,0,359,0,
Karma,Karma_300,300,C:\Users\angel\OneDrive\Desktop\Kern\data\raw\fonts\Karma_300.ttf,ok,0,0,0,0,0,
Karma,Karma_regular,regular,C:\Users\angel\OneDrive\Desktop\Kern\data\raw\fonts\Karma_regular.ttf,ok,0,0,0,0,0,
Karma,Karma_500,500,C:\Users\angel\OneDrive\Desktop\Kern\data\raw\fonts\Karma_500.ttf,ok,0,0,0,0,0,
Karma,Karma_600,600,C:\Users\angel\OneDrive\Desktop\Kern\data\raw\fonts\Karma_600.ttf,ok,0,0,0,0,0,
Karma,Karma_700,700,C:\Users\angel\OneDrive\Desktop\Kern\data\raw\fonts\Karma_700.ttf,ok,0,0,0,0,0,
Glory,Glory_100,100,C:\Users\angel\OneDrive\Desktop\Kern\data\raw\fonts\Glory_100.ttf,ok,12,1068,1056,12,0,
Glory,Glory_200,200,C:\Users\angel\OneDrive\Desktop\Kern\data\raw\fonts\Glory_200.ttf,ok,14,1068,1054,14,0,
Glory,Glory_300,300,C:\Users\angel\OneDrive\Desktop\Kern\data\raw\fonts\Glory_300.ttf,ok,14,1068,1054,14,0,
Glory,Glory_regular,regular,C:\Users\angel\OneDrive\Desktop\Kern\data\raw\fonts\Glory_regular.ttf,ok,14,1068,1054,14,0,
Glory,Glory_500,500,C:\Users\angel\OneDrive\Desktop\Kern\data\raw\fonts\Glory_500.ttf,ok,14,1068,1054,14,0,
Glory,Glory_600,600,C:\Users\angel\OneDrive\Desktop\Kern\data\raw\fonts\Glory_600.ttf,ok,14,1068,1054,14,0,
Glory,Glory_700,700,C:\Users\angel\OneDrive\Desktop\Kern\data\raw\fonts\Glory_700.ttf,ok,14,1068,1054,14,0,
Glory,Glory_800,800,C:\Users\angel\OneDrive\Desktop\Kern\data\raw\fonts\Glory_800.ttf,ok,13,1068,1055,13,0,
Glory,Glory_100italic,100italic,C:\Users\angel\OneDrive\Desktop\Kern\data\raw\fonts\Glory_100italic.ttf,ok,12,1102,1090,12,0,
Glory,Glory_200italic,200italic,C:\Users\angel\OneDrive\Desktop\Kern\data\raw\fonts\Glory_200italic.ttf,ok,14,1102,1088,14,0,
Glory,Glory_300italic,300italic,C:\Users\angel\OneDrive\Desktop\Kern\data\raw\fonts\Glory_300italic.ttf,ok,14,1102,1088,14,0,
Glory,Glory_italic,italic,C:\Users\angel\OneDrive\Desktop\Kern\data\raw\fonts\Glory_italic.ttf,ok,14,1102,1088,14,0,
Glory,Glory_500italic,500italic,C:\Users\angel\OneDrive\Desktop\Kern\data\raw\fonts\Glory_500italic.ttf,ok,14,1102,1088,14,0,
Glory,Glory_600italic,600italic,C:\Users\angel\OneDrive\Desktop\Kern\data\raw\fonts\Glory_600italic.ttf,ok,14,1102,1088,14,0,
Glory,Glory_700italic,700italic,C:\Users\angel\OneDrive\Desktop\Kern\data\raw\fonts\Glory_700italic.ttf,ok,14,1102,1088,14,0,
Glory,Glory_800italic,800italic,C:\Users\angel\OneDrive\Desktop\Kern\data\raw\fonts\Glory_800italic.ttf,ok,13,1102,1089,13,0,
Alef,Alef_regular,regular,C:\Users\angel\OneDrive\Desktop\Kern\data\raw\fonts\Alef_regular.ttf,ok,0,0,0,0,0,
Alef,Alef_700,700,C:\Users\angel\OneDrive\Desktop\Kern\data\raw\fonts\Alef_700.ttf,ok,0,0,0,0,0,
ADLaM Display,ADLaM_Display_regular,regular,C:\Users\angel\OneDrive\Desktop\Kern\data\raw\fonts\ADLaM_Display_regular.ttf,ok,438,6592,6154,438,0,
Balsamiq Sans,Balsamiq_Sans_regular,regular,C:\Users\angel\OneDrive\Desktop\Kern\data\raw\fonts\Balsamiq_Sans_regular.ttf,ok,6,1293,1287,6,0,
Balsamiq Sans,Balsamiq_Sans_italic,italic,C:\Users\angel\OneDrive\Desktop\Kern\data\raw\fonts\Balsamiq_Sans_italic.ttf,ok,7,91,84,7,0,
Balsamiq Sans,Balsamiq_Sans_700,700,C:\Users\angel\OneDrive\Desktop\Kern\data\raw\fonts\Balsamiq_Sans_700.ttf,ok,5,1313,1308,5,0,
Balsamiq Sans,Balsamiq_Sans_700italic,700italic,C:\Users\angel\OneDrive\Desktop\Kern\data\raw\fonts\Balsamiq_Sans_700italic.ttf,ok,6,13,7,6,0,
Bellefair,Bellefair_regular,regular,C:\Users\angel\OneDrive\Desktop\Kern\data\raw\fonts\Bellefair_regular.ttf,ok,1,15221,15220,1,0,
Libre Caslon Display,Libre_Caslon_Display_regular,regular,C:\Users\angel\OneDrive\Desktop\Kern\data\raw\fonts\Libre_Caslon_Display_regular.ttf,ok,20,14856,14836,20,0,
Share,Share_regular,regular,C:\Users\angel\OneDrive\Desktop\Kern\data\raw\fonts\Share_regular.ttf,ok,400,400,0,400,0,
Share,Share_italic,italic,C:\Users\angel\OneDrive\Desktop\Kern\data\raw\fonts\Share_italic.ttf,ok,406,406,0,406,0,
Share,Share_700,700,C:\Users\angel\OneDrive\Desktop\Kern\data\raw\fonts\Share_700.ttf,ok,400,400,0,400,0,
Share,Share_700italic,700italic,C:\Users\angel\OneDrive\Desktop\Kern\data\raw\fonts\Share_700italic.ttf,ok,406,406,0,406,0,
Graduate,Graduate_regular,regular,C:\Users\angel\OneDrive\Desktop\Kern\data\raw\fonts\Graduate_regular.ttf,ok,31,1879,1848,31,0,
Tiro Bangla,Tiro_Bangla_regular,regular,C:\Users\angel\OneDrive\Desktop\Kern\data\raw\fonts\Tiro_Bangla_regular.ttf,ok,11,281,270,11,0,
Tiro Bangla,Tiro_Bangla_italic,italic,C:\Users\angel\OneDrive\Desktop\Kern\data\raw\fonts\Tiro_Bangla_italic.ttf,ok,59,347,288,59,0,
Noto Sans Gurmukhi,Noto_Sans_Gurmukhi_100,100,C:\Users\angel\OneDrive\Desktop\Kern\data\raw\fonts\Noto_Sans_Gurmukhi_100.ttf,ok,7,501,494,7,0,
Noto Sans Gurmukhi,Noto_Sans_Gurmukhi_200,200,C:\Users\angel\OneDrive\Desktop\Kern\data\raw\fonts\Noto_Sans_Gurmukhi_200.ttf,ok,7,501,494,7,0,
Noto Sans Gurmukhi,Noto_Sans_Gurmukhi_300,300,C:\Users\angel\OneDrive\Desktop\Kern\data\raw\fonts\Noto_Sans_Gurmukhi_300.ttf,ok,7,501,494,7,0,
Noto Sans Gurmukhi,Noto_Sans_Gurmukhi_regular,regular,C:\Users\angel\OneDrive\Desktop\Kern\data\raw\fonts\Noto_Sans_Gurmukhi_regular.ttf,ok,7,501,494,7,0,
Noto Sans Gurmukhi,Noto_Sans_Gurmukhi_500,500,C:\Users\angel\OneDrive\Desktop\Kern\data\raw\fonts\Noto_Sans_Gurmukhi_500.ttf,ok,7,501,494,7,0,
Noto Sans Gurmukhi,Noto_Sans_Gurmukhi_600,600,C:\Users\angel\OneDrive\Desktop\Kern\data\raw\fonts\Noto_Sans_Gurmukhi_600.ttf,ok,7,501,494,7,0,
Noto Sans Gurmukhi,Noto_Sans_Gurmukhi_700,700,C:\Users\angel\OneDrive\Desktop\Kern\data\raw\fonts\Noto_Sans_Gurmukhi_700.ttf,ok,7,501,494,7,0,
Noto Sans Gurmukhi,Noto_Sans_Gurmukhi_800,800,C:\Users\angel\OneDrive\Desktop\Kern\data\raw\fonts\Noto_Sans_Gurmukhi_800.ttf,ok,7,501,494,7,0,
Noto Sans Gurmukhi,Noto_Sans_Gurmukhi_900,900,C:\Users\angel\OneDrive\Desktop\Kern\data\raw\fonts\Noto_Sans_Gurmukhi_900.ttf,ok,7,501,494,7,0,
Laila,Laila_300,300,C:\Users\angel\OneDrive\Desktop\Kern\data\raw\fonts\Laila_300.ttf,ok,0,0,0,0,0,
Laila,Laila_regular,regular,C:\Users\angel\OneDrive\Desktop\Kern\data\raw\fonts\Laila_regular.ttf,ok,0,0,0,0,0,
Laila,Laila_500,500,C:\Users\angel\OneDrive\Desktop\Kern\data\raw\fonts\Laila_500.ttf,ok,0,0,0,0,0,
Laila,Laila_600,600,C:\Users\angel\OneDrive\Desktop\Kern\data\raw\fonts\Laila_600.ttf,ok,0,0,0,0,0,
Laila,Laila_700,700,C:\Users\angel\OneDrive\Desktop\Kern\data\raw\fonts\Laila_700.ttf,ok,0,0,0,0,0,
Cormorant Unicase,Cormorant_Unicase_300,300,C:\Users\angel\OneDrive\Desktop\Kern\data\raw\fonts\Cormorant_Unicase_300.ttf,ok,0,2800,2800,0,0,
Cormorant Unicase,Cormorant_Unicase_regular,regular,C:\Users\angel\OneDrive\Desktop\Kern\data\raw\fonts\Cormorant_Unicase_regular.ttf,ok,0,2760,2760,0,0,
Cormorant Unicase,Cormorant_Unicase_500,500,C:\Users\angel\OneDrive\Desktop\Kern\data\raw\fonts\Cormorant_Unicase_500.ttf,ok,0,2760,2760,0,0,
Cormorant Unicase,Cormorant_Unicase_600,600,C:\Users\angel\OneDrive\Desktop\Kern\data\raw\fonts\Cormorant_Unicase_600.ttf,ok,0,2760,2760,0,0,
Cormorant Unicase,Cormorant_Unicase_700,700,C:\Users\angel\OneDrive\Desktop\Kern\data\raw\fonts\Cormorant_Unicase_700.ttf,ok,0,2760,2760,0,0,
Allerta Stencil,Allerta_Stencil_regular,regular,C:\Users\angel\OneDrive\Desktop\Kern\data\raw\fonts\Allerta_Stencil_regular.ttf,ok,65,65,0,65,0,
Arizonia,Arizonia_regular,regular,C:\Users\angel\OneDrive\Desktop\Kern\data\raw\fonts\Arizonia_regular.ttf,ok,0,20,20,0,0,
Trirong,Trirong_100,100,C:\Users\angel\OneDrive\Desktop\Kern\data\raw\fonts\Trirong_100.ttf,ok,26,4310,4284,26,0,
Trirong,Trirong_100italic,100italic,C:\Users\angel\OneDrive\Desktop\Kern\data\raw\fonts\Trirong_100italic.ttf,ok,15,4197,4182,15,0,
Trirong,Trirong_200,200,C:\Users\angel\OneDrive\Desktop\Kern\data\raw\fonts\Trirong_200.ttf,ok,36,4286,4250,36,0,
Trirong,Trirong_200italic,200italic,C:\Users\angel\OneDrive\Desktop\Kern\data\raw\fonts\Trirong_200italic.ttf,ok,36,4958,4922,36,0,
Trirong,Trirong_300,300,C:\Users\angel\OneDrive\Desktop\Kern\data\raw\fonts\Trirong_300.ttf,ok,18,4234,4216,18,0,
Trirong,Trirong_300italic,300italic,C:\Users\angel\OneDrive\Desktop\Kern\data\raw\fonts\Trirong_300italic.ttf,ok,18,4202,4184,18,0,
Trirong,Trirong_regular,regular,C:\Users\angel\OneDrive\Desktop\Kern\data\raw\fonts\Trirong_regular.ttf,ok,23,4239,4216,23,0,
Trirong,Trirong_italic,italic,C:\Users\angel\OneDrive\Desktop\Kern\data\raw\fonts\Trirong_italic.ttf,ok,23,4236,4213,23,0,
Trirong,Trirong_500,500,C:\Users\angel\OneDrive\Desktop\Kern\data\raw\fonts\Trirong_500.ttf,ok,18,4198,4180,18,0,
Trirong,Trirong_500italic,500italic,C:\Users\angel\OneDrive\Desktop\Kern\data\raw\fonts\Trirong_500italic.ttf,ok,69,3433,3364,69,0,
Trirong,Trirong_600,600,C:\Users\angel\OneDrive\Desktop\Kern\data\raw\fonts\Trirong_600.ttf,ok,18,4198,4180,18,0,
Trirong,Trirong_600italic,600italic,C:\Users\angel\OneDrive\Desktop\Kern\data\raw\fonts\Trirong_600italic.ttf,ok,69,3433,3364,69,0,
Trirong,Trirong_700,700,C:\Users\angel\OneDrive\Desktop\Kern\data\raw\fonts\Trirong_700.ttf,ok,25,4171,4146,25,0,
Trirong,Trirong_700italic,700italic,C:\Users\angel\OneDrive\Desktop\Kern\data\raw\fonts\Trirong_700italic.ttf,ok,24,4170,4146,24,0,
Trirong,Trirong_800,800,C:\Users\angel\OneDrive\Desktop\Kern\data\raw\fonts\Trirong_800.ttf,ok,25,4171,4146,25,0,
Trirong,Trirong_800italic,800italic,C:\Users\angel\OneDrive\Desktop\Kern\data\raw\fonts\Trirong_800italic.ttf,ok,21,4131,4110,21,0,
Trirong,Trirong_900,900,C:\Users\angel\OneDrive\Desktop\Kern\data\raw\fonts\Trirong_900.ttf,ok,25,4171,4146,25,0,
Trirong,Trirong_900italic,900italic,C:\Users\angel\OneDrive\Desktop\Kern\data\raw\fonts\Trirong_900italic.ttf,ok,24,4274,4250,24,0,
Armata,Armata_regular,regular,C:\Users\angel\OneDrive\Desktop\Kern\data\raw\fonts\Armata_regular.ttf,ok,0,0,0,0,0,
Pattaya,Pattaya_regular,regular,C:\Users\angel\OneDrive\Desktop\Kern\data\raw\fonts\Pattaya_regular.ttf,ok,0,2704,2704,0,0,
Noto Sans Meetei Mayek,Noto_Sans_Meetei_Mayek_100,100,C:\Users\angel\OneDrive\Desktop\Kern\data\raw\fonts\Noto_Sans_Meetei_Mayek_100.ttf,ok,7,501,494,7,0,
Noto Sans Meetei Mayek,Noto_Sans_Meetei_Mayek_200,200,C:\Users\angel\OneDrive\Desktop\Kern\data\raw\fonts\Noto_Sans_Meetei_Mayek_200.ttf,ok,7,501,494,7,0,
Noto Sans Meetei Mayek,Noto_Sans_Meetei_Mayek_300,300,C:\Users\angel\OneDrive\Desktop\Kern\data\raw\fonts\Noto_Sans_Meetei_Mayek_300.ttf,ok,7,501,494,7,0,
Noto Sans Meetei Mayek,Noto_Sans_Meetei_Mayek_regular,regular,C:\Users\angel\OneDrive\Desktop\Kern\data\raw\fonts\Noto_Sans_Meetei_Mayek_regular.ttf,ok,7,501,494,7,0,
Noto Sans Meetei Mayek,Noto_Sans_Meetei_Mayek_500,500,C:\Users\angel\OneDrive\Desktop\Kern\data\raw\fonts\Noto_Sans_Meetei_Mayek_500.ttf,ok,7,501,494,7,0,
Noto Sans Meetei Mayek,Noto_Sans_Meetei_Mayek_600,600,C:\Users\angel\OneDrive\Desktop\Kern\data\raw\fonts\Noto_Sans_Meetei_Mayek_600.ttf,ok,7,501,494,7,0,
Noto Sans Meetei Mayek,Noto_Sans_Meetei_Mayek_700,700,C:\Users\angel\OneDrive\Desktop\Kern\data\raw\fonts\Noto_Sans_Meetei_Mayek_700.ttf,ok,7,501,494,7,0,
Noto Sans Meetei Mayek,Noto_Sans_Meetei_Mayek_800,800,C:\Users\angel\OneDrive\Desktop\Kern\data\raw\fonts\Noto_Sans_Meetei_Mayek_800.ttf,ok,7,501,494,7,0,
Noto Sans Meetei Mayek,Noto_Sans_Meetei_Mayek_900,900,C:\Users\angel\OneDrive\Desktop\Kern\data\raw\fonts\Noto_Sans_Meetei_Mayek_900.ttf,ok,7,501,494,7,0,
Pixelify Sans,Pixelify_Sans_regular,regular,C:\Users\angel\OneDrive\Desktop\Kern\data\raw\fonts\Pixelify_Sans_regular.ttf,ok,589,823,234,589,0,
Pixelify Sans,Pixelify_Sans_500,500,C:\Users\angel\OneDrive\Desktop\Kern\data\raw\fonts\Pixelify_Sans_500.ttf,ok,589,823,234,589,0,
Pixelify Sans,Pixelify_Sans_600,600,C:\Users\angel\OneDrive\Desktop\Kern\data\raw\fonts\Pixelify_Sans_600.ttf,ok,589,823,234,589,0,
Pixelify Sans,Pixelify_Sans_700,700,C:\Users\angel\OneDrive\Desktop\Kern\data\raw\fonts\Pixelify_Sans_700.ttf,ok,589,823,234,589,0,
Noto Sans Kannada,Noto_Sans_Kannada_100,100,C:\Users\angel\OneDrive\Desktop\Kern\data\raw\fonts\Noto_Sans_Kannada_100.ttf,ok,7,501,494,7,0,
Noto Sans Kannada,Noto_Sans_Kannada_200,200,C:\Users\angel\OneDrive\Desktop\Kern\data\raw\fonts\Noto_Sans_Kannada_200.ttf,ok,7,501,494,7,0,
Noto Sans Kannada,Noto_Sans_Kannada_300,300,C:\Users\angel\OneDrive\Desktop\Kern\data\raw\fonts\Noto_Sans_Kannada_300.ttf,ok,7,501,494,7,0,
Noto Sans Kannada,Noto_Sans_Kannada_regular,regular,C:\Users\angel\OneDrive\Desktop\Kern\data\raw\fonts\Noto_Sans_Kannada_regular.ttf,ok,7,501,494,7,0,
Noto Sans Kannada,Noto_Sans_Kannada_500,500,C:\Users\angel\OneDrive\Desktop\Kern\data\raw\fonts\Noto_Sans_Kannada_500.ttf,ok,7,501,494,7,0,
Noto Sans Kannada,Noto_Sans_Kannada_600,600,C:\Users\angel\OneDrive\Desktop\Kern\data\raw\fonts\Noto_Sans_Kannada_600.ttf,ok,7,501,494,7,0,
Noto Sans Kannada,Noto_Sans_Kannada_700,700,C:\Users\angel\OneDrive\Desktop\Kern\data\raw\fonts\Noto_Sans_Kannada_700.ttf,ok,7,501,494,7,0,
Noto Sans Kannada,Noto_Sans_Kannada_800,800,C:\Users\angel\OneDrive\Desktop\Kern\data\raw\fonts\Noto_Sans_Kannada_800.ttf,ok,7,501,494,7,0,
Noto Sans Kannada,Noto_Sans_Kannada_900,900,C:\Users\angel\OneDrive\Desktop\Kern\data\raw\fonts\Noto_Sans_Kannada_900.ttf,ok,7,501,494,7,0,
Pathway Extreme,Pathway_Extreme_100,100,C:\Users\angel\OneDrive\Desktop\Kern\data\raw\fonts\Pathway_Extreme_100.ttf,ok,10,56,46,10,0,
Pathway Extreme,Pathway_Extreme_200,200,C:\Users\angel\OneDrive\Desktop\Kern\data\raw\fonts\Pathway_Extreme_200.ttf,ok,10,56,46,10,0,
Pathway Extreme,Pathway_Extreme_300,300,C:\Users\angel\OneDrive\Desktop\Kern\data\raw\fonts\Pathway_Extreme_300.ttf,ok,23,56,33,23,0,
Pathway Extreme,Pathway_Extreme_regular,regular,C:\Users\angel\OneDrive\Desktop\Kern\data\raw\fonts\Pathway_Extreme_regular.ttf,ok,23,56,33,23,0,
Pathway Extreme,Pathway_Extreme_500,500,C:\Users\angel\OneDrive\Desktop\Kern\data\raw\fonts\Pathway_Extreme_500.ttf,ok,23,56,33,23,0,
Pathway Extreme,Pathway_Extreme_600,600,C:\Users\angel\OneDrive\Desktop\Kern\data\raw\fonts\Pathway_Extreme_600.ttf,ok,27,56,29,27,0,
Pathway Extreme,Pathway_Extreme_700,700,C:\Users\angel\OneDrive\Desktop\Kern\data\raw\fonts\Pathway_Extreme_700.ttf,ok,27,56,29,27,0,
Pathway Extreme,Pathway_Extreme_800,800,C:\Users\angel\OneDrive\Desktop\Kern\data\raw\fonts\Pathway_Extreme_800.ttf,ok,27,56,29,27,0,
Pathway Extreme,Pathway_Extreme_900,900,C:\Users\angel\OneDrive\Desktop\Kern\data\raw\fonts\Pathway_Extreme_900.ttf,ok,27,56,29,27,0,
Pathway Extreme,Pathway_Extreme_100italic,100italic,C:\Users\angel\OneDrive\Desktop\Kern\data\raw\fonts\Pathway_Extreme_100italic.ttf,ok,10,56,46,10,0,
Pathway Extreme,Pathway_Extreme_200italic,200italic,C:\Users\angel\OneDrive\Desktop\Kern\data\raw\fonts\Pathway_Extreme_200italic.ttf,ok,10,56,46,10,0,
Pathway Extreme,Pathway_Extreme_300italic,300italic,C:\Users\angel\OneDrive\Desktop\Kern\data\raw\fonts\Pathway_Extreme_300italic.ttf,ok,23,56,33,23,0,
Pathway Extreme,Pathway_Extreme_italic,italic,C:\Users\angel\OneDrive\Desktop\Kern\data\raw\fonts\Pathway_Extreme_italic.ttf,ok,23,56,33,23,0,
Pathway Extreme,Pathway_Extreme_500italic,500italic,C:\Users\angel\OneDrive\Desktop\Kern\data\raw\fonts\Pathway_Extreme_500italic.ttf,ok,23,56,33,23,0,
Pathway Extreme,Pathway_Extreme_600italic,600italic,C:\Users\angel\OneDrive\Desktop\Kern\data\raw\fonts\Pathway_Extreme_600italic.ttf,ok,27,56,29,27,0,
Pathway Extreme,Pathway_Extreme_700italic,700italic,C:\Users\angel\OneDrive\Desktop\Kern\data\raw\fonts\Pathway_Extreme_700italic.ttf,ok,27,56,29,27,0,
Pathway Extreme,Pathway_Extreme_800italic,800italic,C:\Users\angel\OneDrive\Desktop\Kern\data\raw\fonts\Pathway_Extreme_800italic.ttf,ok,27,56,29,27,0,
Pathway Extreme,Pathway_Extreme_900italic,900italic,C:\Users\angel\OneDrive\Desktop\Kern\data\raw\fonts\Pathway_Extreme_900italic.ttf,ok,27,56,29,27,0,
Alatsi,Alatsi_regular,regular,C:\Users\angel\OneDrive\Desktop\Kern\data\raw\fonts\Alatsi_regular.ttf,ok,2226,2279,53,2226,0,
Quintessential,Quintessential_regular,regular,C:\Users\angel\OneDrive\Desktop\Kern\data\raw\fonts\Quintessential_regular.ttf,ok,82,214,132,82,0,
Carlito,Carlito_regular,regular,C:\Users\angel\OneDrive\Desktop\Kern\data\raw\fonts\Carlito_regular.ttf,ok,0,1065,1065,0,0,
Carlito,Carlito_italic,italic,C:\Users\angel\OneDrive\Desktop\Kern\data\raw\fonts\Carlito_italic.ttf,ok,0,1305,1305,0,0,
Carlito,Carlito_700,700,C:\Users\angel\OneDrive\Desktop\Kern\data\raw\fonts\Carlito_700.ttf,ok,0,1599,1599,0,0,
Carlito,Carlito_700italic,700italic,C:\Users\angel\OneDrive\Desktop\Kern\data\raw\fonts\Carlito_700italic.ttf,ok,0,846,846,0,0,
DynaPuff,DynaPuff_regular,regular,C:\Users\angel\OneDrive\Desktop\Kern\data\raw\fonts\DynaPuff_regular.ttf,ok,0,28,28,0,0,
DynaPuff,DynaPuff_500,500,C:\Users\angel\OneDrive\Desktop\Kern\data\raw\fonts\DynaPuff_500.ttf,ok,0,28,28,0,0,
DynaPuff,DynaPuff_600,600,C:\Users\angel\OneDrive\Desktop\Kern\data\raw\fonts\DynaPuff_600.ttf,ok,0,28,28,0,0,
DynaPuff,DynaPuff_700,700,C:\Users\angel\OneDrive\Desktop\Kern\data\raw\fonts\DynaPuff_700.ttf,ok,0,28,28,0,0,
Lexend Zetta,Lexend_Zetta_100,100,C:\Users\angel\OneDrive\Desktop\Kern\data\raw\fonts\Lexend_Zetta_100.ttf,ok,12,24,12,12,0,
Lexend Zetta,Lexend_Zetta_200,200,C:\Users\angel\OneDrive\Desktop\Kern\data\raw\fonts\Lexend_Zetta_200.ttf,ok,12,24,12,12,0,
Lexend Zetta,Lexend_Zetta_300,300,C:\Users\angel\OneDrive\Desktop\Kern\data\raw\fonts\Lexend_Zetta_300.ttf,ok,12,24,12,12,0,
Lexend Zetta,Lexend_Zetta_regular,regular,C:\Users\angel\OneDrive\Desktop\Kern\data\raw\fonts\Lexend_Zetta_regular.ttf,ok,12,24,12,12,0,
Lexend Zetta,Lexend_Zetta_500,500,C:\Users\angel\OneDrive\Desktop\Kern\data\raw\fonts\Lexend_Zetta_500.ttf,ok,12,24,12,12,0,
Lexend Zetta,Lexend_Zetta_600,600,C:\Users\angel\OneDrive\Desktop\Kern\data\raw\fonts\Lexend_Zetta_600.ttf,ok,12,24,12,12,0,
Lexend Zetta,Lexend_Zetta_700,700,C:\Users\angel\OneDrive\Desktop\Kern\data\raw\fonts\Lexend_Zetta_700.ttf,ok,12,24,12,12,0,
Lexend Zetta,Lexend_Zetta_800,800,C:\Users\angel\OneDrive\Desktop\Kern\data\raw\fonts\Lexend_Zetta_800.ttf,ok,12,24,12,12,0,
Lexend Zetta,Lexend_Zetta_900,900,C:\Users\angel\OneDrive\Desktop\Kern\data\raw\fonts\Lexend_Zetta_900.ttf,ok,9,24,15,9,0,
Allison,Allison_regular,regular,C:\Users\angel\OneDrive\Desktop\Kern\data\raw\fonts\Allison_regular.ttf,ok,66,69,3,66,0,
Nobile,Nobile_regular,regular,C:\Users\angel\OneDrive\Desktop\Kern\data\raw\fonts\Nobile_regular.ttf,ok,45,45,0,45,0,
Nobile,Nobile_italic,italic,C:\Users\angel\OneDrive\Desktop\Kern\data\raw\fonts\Nobile_italic.ttf,ok,42,42,0,42,0,
Nobile,Nobile_500,500,C:\Users\angel\OneDrive\Desktop\Kern\data\raw\fonts\Nobile_500.ttf,ok,45,45,0,45,0,
Nobile,Nobile_500italic,500italic,C:\Users\angel\OneDrive\Desktop\Kern\data\raw\fonts\Nobile_500italic.ttf,ok,42,42,0,42,0,
Nobile,Nobile_700,700,C:\Users\angel\OneDrive\Desktop\Kern\data\raw\fonts\Nobile_700.ttf,ok,45,45,0,45,0,
Nobile,Nobile_700italic,700italic,C:\Users\angel\OneDrive\Desktop\Kern\data\raw\fonts\Nobile_700italic.ttf,ok,42,42,0,42,0,
Lateef,Lateef_200,200,C:\Users\angel\OneDrive\Desktop\Kern\data\raw\fonts\Lateef_200.ttf,ok,0,2704,2704,0,0,
Lateef,Lateef_300,300,C:\Users\angel\OneDrive\Desktop\Kern\data\raw\fonts\Lateef_300.ttf,ok,0,2704,2704,0,0,
Lateef,Lateef_regular,regular,C:\Users\angel\OneDrive\Desktop\Kern\data\raw\fonts\Lateef_regular.ttf,ok,0,2704,2704,0,0,
Lateef,Lateef_500,500,C:\Users\angel\OneDrive\Desktop\Kern\data\raw\fonts\Lateef_500.ttf,ok,0,2704,2704,0,0,
Lateef,Lateef_600,600,C:\Users\angel\OneDrive\Desktop\Kern\data\raw\fonts\Lateef_600.ttf,ok,0,2704,2704,0,0,
Lateef,Lateef_700,700,C:\Users\angel\OneDrive\Desktop\Kern\data\raw\fonts\Lateef_700.ttf,ok,0,2704,2704,0,0,
Lateef,Lateef_800,800,C:\Users\angel\OneDrive\Desktop\Kern\data\raw\fonts\Lateef_800.ttf,ok,0,2704,2704,0,0,
Cormorant SC,Cormorant_SC_300,300,C:\Users\angel\OneDrive\Desktop\Kern\data\raw\fonts\Cormorant_SC_300.ttf,ok,0,2728,2728,0,0,
Cormorant SC,Cormorant_SC_regular,regular,C:\Users\angel\OneDrive\Desktop\Kern\data\raw\fonts\Cormorant_SC_regular.ttf,ok,0,2692,2692,0,0,
Cormorant SC,Cormorant_SC_500,500,C:\Users\angel\OneDrive\Desktop\Kern\data\raw\fonts\Cormorant_SC_500.ttf,ok,0,2692,2692,0,0,
Cormorant SC,Cormorant_SC_600,600,C:\Users\angel\OneDrive\Desktop\Kern\data\raw\fonts\Cormorant_SC_600.ttf,ok,0,2692,2692,0,0,
Cormorant SC,Cormorant_SC_700,700,C:\Users\angel\OneDrive\Desktop\Kern\data\raw\fonts\Cormorant_SC_700.ttf,ok,0,2692,2692,0,0,
Rancho,Rancho_regular,regular,C:\Users\angel\OneDrive\Desktop\Kern\data\raw\fonts\Rancho_regular.ttf,ok,139,139,0,139,0,
Oranienbaum,Oranienbaum_regular,regular,C:\Users\angel\OneDrive\Desktop\Kern\data\raw\fonts\Oranienbaum_regular.ttf,ok,493,493,0,493,0,
Ephesis,Ephesis_regular,regular,C:\Users\angel\OneDrive\Desktop\Kern\data\raw\fonts\Ephesis_regular.ttf,ok,31,31,0,31,0,
Mali,Mali_200,200,C:\Users\angel\OneDrive\Desktop\Kern\data\raw\fonts\Mali_200.ttf,ok,17,4337,4320,17,0,
Mali,Mali_200italic,200italic,C:\Users\angel\OneDrive\Desktop\Kern\data\raw\fonts\Mali_200italic.ttf,ok,17,4337,4320,17,0,
Mali,Mali_300,300,C:\Users\angel\OneDrive\Desktop\Kern\data\raw\fonts\Mali_300.ttf,ok,17,4337,4320,17,0,
Mali,Mali_300italic,300italic,C:\Users\angel\OneDrive\Desktop\Kern\data\raw\fonts\Mali_300italic.ttf,ok,17,4337,4320,17,0,
Mali,Mali_regular,regular,C:\Users\angel\OneDrive\Desktop\Kern\data\raw\fonts\Mali_regular.ttf,ok,17,4337,4320,17,0,
Mali,Mali_italic,italic,C:\Users\angel\OneDrive\Desktop\Kern\data\raw\fonts\Mali_italic.ttf,ok,17,4337,4320,17,0,
Mali,Mali_500,500,C:\Users\angel\OneDrive\Desktop\Kern\data\raw\fonts\Mali_500.ttf,ok,17,4337,4320,17,0,
Mali,Mali_500italic,500italic,C:\Users\angel\OneDrive\Desktop\Kern\data\raw\fonts\Mali_500italic.ttf,ok,17,4337,4320,17,0,
Mali,Mali_600,600,C:\Users\angel\OneDrive\Desktop\Kern\data\raw\fonts\Mali_600.ttf,ok,17,4337,4320,17,0,
Mali,Mali_600italic,600italic,C:\Users\angel\OneDrive\Desktop\Kern\data\raw\fonts\Mali_600italic.ttf,ok,17,4337,4320,17,0,
Mali,Mali_700,700,C:\Users\angel\OneDrive\Desktop\Kern\data\raw\fonts\Mali_700.ttf,ok,17,4337,4320,17,0,
Mali,Mali_700italic,700italic,C:\Users\angel\OneDrive\Desktop\Kern\data\raw\fonts\Mali_700italic.ttf,ok,17,4337,4320,17,0,
Nanum Brush Script,Nanum_Brush_Script_regular,regular,C:\Users\angel\OneDrive\Desktop\Kern\data\raw\fonts\Nanum_Brush_Script_regular.ttf,ok,0,0,0,0,0,
Anek Devanagari,Anek_Devanagari_100,100,C:\Users\angel\OneDrive\Desktop\Kern\data\raw\fonts\Anek_Devanagari_100.ttf,ok,43,46,3,43,0,
Anek Devanagari,Anek_Devanagari_200,200,C:\Users\angel\OneDrive\Desktop\Kern\data\raw\fonts\Anek_Devanagari_200.ttf,ok,46,46,0,46,0,
Anek Devanagari,Anek_Devanagari_300,300,C:\Users\angel\OneDrive\Desktop\Kern\data\raw\fonts\Anek_Devanagari_300.ttf,ok,46,46,0,46,0,
Anek Devanagari,Anek_Devanagari_regular,regular,C:\Users\angel\OneDrive\Desktop\Kern\data\raw\fonts\Anek_Devanagari_regular.ttf,ok,45,46,1,45,0,
Anek Devanagari,Anek_Devanagari_500,500,C:\Users\angel\OneDrive\Desktop\Kern\data\raw\fonts\Anek_Devanagari_500.ttf,ok,46,46,0,46,0,
Anek Devanagari,Anek_Devanagari_600,600,C:\Users\angel\OneDrive\Desktop\Kern\data\raw\fonts\Anek_Devanagari_600.ttf,ok,46,46,0,46,0,
Anek Devanagari,Anek_Devanagari_700,700,C:\Users\angel\OneDrive\Desktop\Kern\data\raw\fonts\Anek_Devanagari_700.ttf,ok,46,46,0,46,0,
Anek Devanagari,Anek_Devanagari_800,800,C:\Users\angel\OneDrive\Desktop\Kern\data\raw\fonts\Anek_Devanagari_800.ttf,ok,46,46,0,46,0,
Markazi Text,Markazi_Text_regular,regular,C:\Users\angel\OneDrive\Desktop\Kern\data\raw\fonts\Markazi_Text_regular.ttf,ok,0,2834,2834,0,0,
Markazi Text,Markazi_Text_500,500,C:\Users\angel\OneDrive\Desktop\Kern\data\raw\fonts\Markazi_Text_500.ttf,ok,0,2834,2834,0,0,
Markazi Text,Markazi_Text_600,600,C:\Users\angel\OneDrive\Desktop\Kern\data\raw\fonts\Markazi_Text_600.ttf,ok,0,2834,2834,0,0,
Markazi Text,Markazi_Text_700,700,C:\Users\angel\OneDrive\Desktop\Kern\data\raw\fonts\Markazi_Text_700.ttf,ok,0,2834,2834,0,0,
Uncial Antiqua,Uncial_Antiqua_regular,regular,C:\Users\angel\OneDrive\Desktop\Kern\data\raw\fonts\Uncial_Antiqua_regular.ttf,ok,135,183,48,135,0,
Brygada 1918,Brygada_1918_regular,regular,C:\Users\angel\OneDrive\Desktop\Kern\data\raw\fonts\Brygada_1918_regular.ttf,ok,1,325,324,1,0,
Brygada 1918,Brygada_1918_500,500,C:\Users\angel\OneDrive\Desktop\Kern\data\raw\fonts\Brygada_1918_500.ttf,ok,1,325,324,1,0,
Brygada 1918,Brygada_1918_600,600,C:\Users\angel\OneDrive\Desktop\Kern\data\raw\fonts\Brygada_1918_600.ttf,ok,1,325,324,1,0,
Brygada 1918,Brygada_1918_700,700,C:\Users\angel\OneDrive\Desktop\Kern\data\raw\fonts\Brygada_1918_700.ttf,ok,1,325,324,1,0,
Brygada 1918,Brygada_1918_italic,italic,C:\Users\angel\OneDrive\Desktop\Kern\data\raw\fonts\Brygada_1918_italic.ttf,ok,1,397,396,1,0,
Brygada 1918,Brygada_1918_500italic,500italic,C:\Users\angel\OneDrive\Desktop\Kern\data\raw\fonts\Brygada_1918_500italic.ttf,ok,1,397,396,1,0,
Brygada 1918,Brygada_1918_600italic,600italic,C:\Users\angel\OneDrive\Desktop\Kern\data\raw\fonts\Brygada_1918_600italic.ttf,ok,1,397,396,1,0,
Brygada 1918,Brygada_1918_700italic,700italic,C:\Users\angel\OneDrive\Desktop\Kern\data\raw\fonts\Brygada_1918_700italic.ttf,ok,1,397,396,1,0,
Caladea,Caladea_regular,regular,C:\Users\angel\OneDrive\Desktop\Kern\data\raw\fonts\Caladea_regular.ttf,ok,17,5751,5734,17,0,
Caladea,Caladea_italic,italic,C:\Users\angel\OneDrive\Desktop\Kern\data\raw\fonts\Caladea_italic.ttf,ok,79,5617,5538,79,0,
Caladea,Caladea_700,700,C:\Users\angel\OneDrive\Desktop\Kern\data\raw\fonts\Caladea_700.ttf,ok,28,5504,5476,28,0,
Caladea,Caladea_700italic,700italic,C:\Users\angel\OneDrive\Desktop\Kern\data\raw\fonts\Caladea_700italic.ttf,ok,56,5463,5407,56,0,
Kosugi,Kosugi_regular,regular,C:\Users\angel\OneDrive\Desktop\Kern\data\raw\fonts\Kosugi_regular.ttf,ok,0,0,0,0,0,
Knewave,Knewave_regular,regular,C:\Users\angel\OneDrive\Desktop\Kern\data\raw\fonts\Knewave_regular.ttf,ok,0,0,0,0,0,
DotGothic16,DotGothic16_regular,regular,C:\Users\angel\OneDrive\Desktop\Kern\data\raw\fonts\DotGothic16_regular.ttf,ok,0,0,0,0,0,
Enriqueta,Enriqueta_regular,regular,C:\Users\angel\OneDrive\Desktop\Kern\data\raw\fonts\Enriqueta_regular.ttf,ok,45,10250,10205,45,0,
Enriqueta,Enriqueta_500,500,C:\Users\angel\OneDrive\Desktop\Kern\data\raw\fonts\Enriqueta_500.ttf,ok,56,9872,9816,56,0,
Enriqueta,Enriqueta_600,600,C:\Users\angel\OneDrive\Desktop\Kern\data\raw\fonts\Enriqueta_600.ttf,ok,50,10121,10071,50,0,
Enriqueta,Enriqueta_700,700,C:\Users\angel\OneDrive\Desktop\Kern\data\raw\fonts\Enriqueta_700.ttf,ok,55,10052,9997,55,0,
Noto Sans Georgian,Noto_Sans_Georgian_100,100,C:\Users\angel\OneDrive\Desktop\Kern\data\raw\fonts\Noto_Sans_Georgian_100.ttf,ok,7,3205,3198,7,0,
Noto Sans Georgian,Noto_Sans_Georgian_200,200,C:\Users\angel\OneDrive\Desktop\Kern\data\raw\fonts\Noto_Sans_Georgian_200.ttf,ok,7,3205,3198,7,0,
Noto Sans Georgian,Noto_Sans_Georgian_300,300,C:\Users\angel\OneDrive\Desktop\Kern\data\raw\fonts\Noto_Sans_Georgian_300.ttf,ok,7,3205,3198,7,0,
Noto Sans Georgian,Noto_Sans_Georgian_regular,regular,C:\Users\angel\OneDrive\Desktop\Kern\data\raw\fonts\Noto_Sans_Georgian_regular.ttf,ok,7,3205,3198,7,0,
Noto Sans Georgian,Noto_Sans_Georgian_500,500,C:\Users\angel\OneDrive\Desktop\Kern\data\raw\fonts\Noto_Sans_Georgian_500.ttf,ok,7,3205,3198,7,0,
Noto Sans Georgian,Noto_Sans_Georgian_600,600,C:\Users\angel\OneDrive\Desktop\Kern\data\raw\fonts\Noto_Sans_Georgian_600.ttf,ok,7,3205,3198,7,0,
Noto Sans Georgian,Noto_Sans_Georgian_700,700,C:\Users\angel\OneDrive\Desktop\Kern\data\raw\fonts\Noto_Sans_Georgian_700.ttf,ok,7,3205,3198,7,0,
Noto Sans Georgian,Noto_Sans_Georgian_800,800,C:\Users\angel\OneDrive\Desktop\Kern\data\raw\fonts\Noto_Sans_Georgian_800.ttf,ok,7,3205,3198,7,0,
Noto Sans Georgian,Noto_Sans_Georgian_900,900,C:\Users\angel\OneDrive\Desktop\Kern\data\raw\fonts\Noto_Sans_Georgian_900.ttf,ok,7,3205,3198,7,0,
Lexend Peta,Lexend_Peta_100,100,C:\Users\angel\OneDrive\Desktop\Kern\data\raw\fonts\Lexend_Peta_100.ttf,ok,12,24,12,12,0,
Lexend Peta,Lexend_Peta_200,200,C:\Users\angel\OneDrive\Desktop\Kern\data\raw\fonts\Lexend_Peta_200.ttf,ok,12,24,12,12,0,
Lexend Peta,Lexend_Peta_300,300,C:\Users\angel\OneDrive\Desktop\Kern\data\raw\fonts\Lexend_Peta_300.ttf,ok,12,24,12,12,0,
Lexend Peta,Lexend_Peta_regular,regular,C:\Users\angel\OneDrive\Desktop\Kern\data\raw\fonts\Lexend_Peta_regular.ttf,ok,12,24,12,12,0,
Lexend Peta,Lexend_Peta_500,500,C:\Users\angel\OneDrive\Desktop\Kern\data\raw\fonts\Lexend_Peta_500.ttf,ok,12,24,12,12,0,
Lexend Peta,Lexend_Peta_600,600,C:\Users\angel\OneDrive\Desktop\Kern\data\raw\fonts\Lexend_Peta_600.ttf,ok,12,24,12,12,0,
Lexend Peta,Lexend_Peta_700,700,C:\Users\angel\OneDrive\Desktop\Kern\data\raw\fonts\Lexend_Peta_700.ttf,ok,12,24,12,12,0,
Lexend Peta,Lexend_Peta_800,800,C:\Users\angel\OneDrive\Desktop\Kern\data\raw\fonts\Lexend_Peta_800.ttf,ok,12,24,12,12,0,
Lexend Peta,Lexend_Peta_900,900,C:\Users\angel\OneDrive\Desktop\Kern\data\raw\fonts\Lexend_Peta_900.ttf,ok,9,24,15,9,0,
Grand Hotel,Grand_Hotel_regular,regular,C:\Users\angel\OneDrive\Desktop\Kern\data\raw\fonts\Grand_Hotel_regular.ttf,ok,10,12,2,10,0,
Dawning of a New Day,Dawning_of_a_New_Day_regular,regular,C:\Users\angel\OneDrive\Desktop\Kern\data\raw\fonts\Dawning_of_a_New_Day_regular.ttf,ok,0,0,0,0,0,
Mochiy Pop One,Mochiy_Pop_One_regular,regular,C:\Users\angel\OneDrive\Desktop\Kern\data\raw\fonts\Mochiy_Pop_One_regular.ttf,ok,0,0,0,0,0,
Anton SC,Anton_SC_regular,regular,C:\Users\angel\OneDrive\Desktop\Kern\data\raw\fonts\Anton_SC_regular.ttf,ok,8,1900,1892,8,0,
Hepta Slab,Hepta_Slab_100,100,C:\Users\angel\OneDrive\Desktop\Kern\data\raw\fonts\Hepta_Slab_100.ttf,ok,5,6,1,5,0,
Hepta Slab,Hepta_Slab_200,200,C:\Users\angel\OneDrive\Desktop\Kern\data\raw\fonts\Hepta_Slab_200.ttf,ok,5,6,1,5,0,
Hepta Slab,Hepta_Slab_300,300,C:\Users\angel\OneDrive\Desktop\Kern\data\raw\fonts\Hepta_Slab_300.ttf,ok,5,6,1,5,0,
Hepta Slab,Hepta_Slab_regular,regular,C:\Users\angel\OneDrive\Desktop\Kern\data\raw\fonts\Hepta_Slab_regular.ttf,ok,5,6,1,5,0,
Hepta Slab,Hepta_Slab_500,500,C:\Users\angel\OneDrive\Desktop\Kern\data\raw\fonts\Hepta_Slab_500.ttf,ok,5,6,1,5,0,
Hepta Slab,Hepta_Slab_600,600,C:\Users\angel\OneDrive\Desktop\Kern\data\raw\fonts\Hepta_Slab_600.ttf,ok,6,6,0,6,0,
Hepta Slab,Hepta_Slab_700,700,C:\Users\angel\OneDrive\Desktop\Kern\data\raw\fonts\Hepta_Slab_700.ttf,ok,6,6,0,6,0,
Hepta Slab,Hepta_Slab_800,800,C:\Users\angel\OneDrive\Desktop\Kern\data\raw\fonts\Hepta_Slab_800.ttf,ok,6,6,0,6,0,
Hepta Slab,Hepta_Slab_900,900,C:\Users\angel\OneDrive\Desktop\Kern\data\raw\fonts\Hepta_Slab_900.ttf,ok,6,6,0,6,0,
Antic Didone,Antic_Didone_regular,regular,C:\Users\angel\OneDrive\Desktop\Kern\data\raw\fonts\Antic_Didone_regular.ttf,ok,639,684,45,639,0,
Cantata One,Cantata_One_regular,regular,C:\Users\angel\OneDrive\Desktop\Kern\data\raw\fonts\Cantata_One_regular.ttf,ok,0,0,0,0,0,
Petit Formal Script,Petit_Formal_Script_regular,regular,C:\Users\angel\OneDrive\Desktop\Kern\data\raw\fonts\Petit_Formal_Script_regular.ttf,ok,624,624,0,624,0,
Style Script,Style_Script_regular,regular,C:\Users\angel\OneDrive\Desktop\Kern\data\raw\fonts\Style_Script_regular.ttf,ok,59,59,0,59,0,
Lacquer,Lacquer_regular,regular,C:\Users\angel\OneDrive\Desktop\Kern\data\raw\fonts\Lacquer_regular.ttf,ok,1313,1313,0,1313,0,
Fjord One,Fjord_One_regular,regular,C:\Users\angel\OneDrive\Desktop\Kern\data\raw\fonts\Fjord_One_regular.ttf,ok,2,2,0,2,0,
Telex,Telex_regular,regular,C:\Users\angel\OneDrive\Desktop\Kern\data\raw\fonts\Telex_regular.ttf,ok,15,9917,9902,15,0,
Annie Use Your Telescope,Annie_Use_Your_Telescope_regular,regular,C:\Users\angel\OneDrive\Desktop\Kern\data\raw\fonts\Annie_Use_Your_Telescope_regular.ttf,ok,0,0,0,0,0,
Nixie One,Nixie_One_regular,regular,C:\Users\angel\OneDrive\Desktop\Kern\data\raw\fonts\Nixie_One_regular.ttf,ok,1274,1274,0,1274,0,
Klee One,Klee_One_regular,regular,C:\Users\angel\OneDrive\Desktop\Kern\data\raw\fonts\Klee_One_regular.ttf,ok,52,52,0,52,0,
Klee One,Klee_One_600,600,C:\Users\angel\OneDrive\Desktop\Kern\data\raw\fonts\Klee_One_600.ttf,ok,52,52,0,52,0,
Sedgwick Ave Display,Sedgwick_Ave_Display_regular,regular,C:\Users\angel\OneDrive\Desktop\Kern\data\raw\fonts\Sedgwick_Ave_Display_regular.ttf,ok,438,448,10,438,0,
Kristi,Kristi_regular,regular,C:\Users\angel\OneDrive\Desktop\Kern\data\raw\fonts\Kristi_regular.ttf,ok,0,0,0,0,0,
IBM Plex Sans KR,IBM_Plex_Sans_KR_100,100,C:\Users\angel\OneDrive\Desktop\Kern\data\raw\fonts\IBM_Plex_Sans_KR_100.ttf,ok,663,663,0,663,0,
IBM Plex Sans KR,IBM_Plex_Sans_KR_200,200,C:\Users\angel\OneDrive\Desktop\Kern\data\raw\fonts\IBM_Plex_Sans_KR_200.ttf,ok,740,740,0,740,0,
IBM Plex Sans KR,IBM_Plex_Sans_KR_300,300,C:\Users\angel\OneDrive\Desktop\Kern\data\raw\fonts\IBM_Plex_Sans_KR_300.ttf,ok,743,743,0,743,0,
IBM Plex Sans KR,IBM_Plex_Sans_KR_regular,regular,C:\Users\angel\OneDrive\Desktop\Kern\data\raw\fonts\IBM_Plex_Sans_KR_regular.ttf,ok,646,646,0,646,0,
IBM Plex Sans KR,IBM_Plex_Sans_KR_500,500,C:\Users\angel\OneDrive\Desktop\Kern\data\raw\fonts\IBM_Plex_Sans_KR_500.ttf,ok,698,698,0,698,0,
IBM Plex Sans KR,IBM_Plex_Sans_KR_600,600,C:\Users\angel\OneDrive\Desktop\Kern\data\raw\fonts\IBM_Plex_Sans_KR_600.ttf,ok,697,697,0,697,0,
IBM Plex Sans KR,IBM_Plex_Sans_KR_700,700,C:\Users\angel\OneDrive\Desktop\Kern\data\raw\fonts\IBM_Plex_Sans_KR_700.ttf,ok,676,676,0,676,0,
Rampart One,Rampart_One_regular,regular,C:\Users\angel\OneDrive\Desktop\Kern\data\raw\fonts\Rampart_One_regular.ttf,ok,0,0,0,0,0,
RocknRoll One,RocknRoll_One_regular,regular,C:\Users\angel\OneDrive\Desktop\Kern\data\raw\fonts\RocknRoll_One_regular.ttf,ok,4,1410,1406,4,0,
Young Serif,Young_Serif_regular,regular,C:\Users\angel\OneDrive\Desktop\Kern\data\raw\fonts\Young_Serif_regular.ttf,ok,22,22,0,22,0,
Noto Emoji,Noto_Emoji_300,300,C:\Users\angel\OneDrive\Desktop\Kern\data\raw\fonts\Noto_Emoji_300.ttf,ok,0,0,0,0,0,
Noto Emoji,Noto_Emoji_regular,regular,C:\Users\angel\OneDrive\Desktop\Kern\data\raw\fonts\Noto_Emoji_regular.ttf,ok,0,0,0,0,0,
Noto Emoji,Noto_Emoji_500,500,C:\Users\angel\OneDrive\Desktop\Kern\data\raw\fonts\Noto_Emoji_500.ttf,ok,0,0,0,0,0,
Noto Emoji,Noto_Emoji_600,600,C:\Users\angel\OneDrive\Desktop\Kern\data\raw\fonts\Noto_Emoji_600.ttf,ok,0,0,0,0,0,
Noto Emoji,Noto_Emoji_700,700,C:\Users\angel\OneDrive\Desktop\Kern\data\raw\fonts\Noto_Emoji_700.ttf,ok,0,0,0,0,0,
Alegreya SC,Alegreya_SC_regular,regular,C:\Users\angel\OneDrive\Desktop\Kern\data\raw\fonts\Alegreya_SC_regular.ttf,ok,0,29436,29436,0,0,
Alegreya SC,Alegreya_SC_italic,italic,C:\Users\angel\OneDrive\Desktop\Kern\data\raw\fonts\Alegreya_SC_italic.ttf,ok,0,12284,12284,0,0,
Alegreya SC,Alegreya_SC_500,500,C:\Users\angel\OneDrive\Desktop\Kern\data\raw\fonts\Alegreya_SC_500.ttf,ok,0,28916,28916,0,0,
Alegreya SC,Alegreya_SC_500italic,500italic,C:\Users\angel\OneDrive\Desktop\Kern\data\raw\fonts\Alegreya_SC_500italic.ttf,ok,0,12172,12172,0,0,
Alegreya SC,Alegreya_SC_700,700,C:\Users\angel\OneDrive\Desktop\Kern\data\raw\fonts\Alegreya_SC_700.ttf,ok,0,28916,28916,0,0,
Alegreya SC,Alegreya_SC_700italic,700italic,C:\Users\angel\OneDrive\Desktop\Kern\data\raw\fonts\Alegreya_SC_700italic.ttf,ok,0,12172,12172,0,0,
Alegreya SC,Alegreya_SC_800,800,C:\Users\angel\OneDrive\Desktop\Kern\data\raw\fonts\Alegreya_SC_800.ttf,ok,0,28916,28916,0,0,
Alegreya SC,Alegreya_SC_800italic,800italic,C:\Users\angel\OneDrive\Desktop\Kern\data\raw\fonts\Alegreya_SC_800italic.ttf,ok,0,12172,12172,0,0,
Alegreya SC,Alegreya_SC_900,900,C:\Users\angel\OneDrive\Desktop\Kern\data\raw\fonts\Alegreya_SC_900.ttf,ok,0,29332,29332,0,0,
Alegreya SC,Alegreya_SC_900italic,900italic,C:\Users\angel\OneDrive\Desktop\Kern\data\raw\fonts\Alegreya_SC_900italic.ttf,ok,0,12380,12380,0,0,
Radio Canada Big,Radio_Canada_Big_regular,regular,C:\Users\angel\OneDrive\Desktop\Kern\data\raw\fonts\Radio_Canada_Big_regular.ttf,ok,0,2704,2704,0,0,
Radio Canada Big,Radio_Canada_Big_500,500,C:\Users\angel\OneDrive\Desktop\Kern\data\raw\fonts\Radio_Canada_Big_500.ttf,ok,0,2704,2704,0,0,
Radio Canada Big,Radio_Canada_Big_600,600,C:\Users\angel\OneDrive\Desktop\Kern\data\raw\fonts\Radio_Canada_Big_600.ttf,ok,0,2704,2704,0,0,
Radio Canada Big,Radio_Canada_Big_700,700,C:\Users\angel\OneDrive\Desktop\Kern\data\raw\fonts\Radio_Canada_Big_700.ttf,ok,0,2704,2704,0,0,
Radio Canada Big,Radio_Canada_Big_italic,italic,C:\Users\angel\OneDrive\Desktop\Kern\data\raw\fonts\Radio_Canada_Big_italic.ttf,ok,0,2704,2704,0,0,
Radio Canada Big,Radio_Canada_Big_500italic,500italic,C:\Users\angel\OneDrive\Desktop\Kern\data\raw\fonts\Radio_Canada_Big_500italic.ttf,ok,0,2704,2704,0,0,
Radio Canada Big,Radio_Canada_Big_600italic,600italic,C:\Users\angel\OneDrive\Desktop\Kern\data\raw\fonts\Radio_Canada_Big_600italic.ttf,ok,0,2704,2704,0,0,
Radio Canada Big,Radio_Canada_Big_700italic,700italic,C:\Users\angel\OneDrive\Desktop\Kern\data\raw\fonts\Radio_Canada_Big_700italic.ttf,ok,0,2704,2704,0,0,
Almendra,Almendra_regular,regular,C:\Users\angel\OneDrive\Desktop\Kern\data\raw\fonts\Almendra_regular.ttf,ok,13,13,0,13,0,
Almendra,Almendra_italic,italic,C:\Users\angel\OneDrive\Desktop\Kern\data\raw\fonts\Almendra_italic.ttf,ok,12,12,0,12,0,
Almendra,Almendra_700,700,C:\Users\angel\OneDrive\Desktop\Kern\data\raw\fonts\Almendra_700.ttf,ok,10,10,0,10,0,
Almendra,Almendra_700italic,700italic,C:\Users\angel\OneDrive\Desktop\Kern\data\raw\fonts\Almendra_700italic.ttf,ok,52,52,0,52,0,
Afacad Flux,Afacad_Flux_100,100,C:\Users\angel\OneDrive\Desktop\Kern\data\raw\fonts\Afacad_Flux_100.ttf,ok,5,2712,2707,5,0,
Afacad Flux,Afacad_Flux_200,200,C:\Users\angel\OneDrive\Desktop\Kern\data\raw\fonts\Afacad_Flux_200.ttf,ok,5,2712,2707,5,0,
Afacad Flux,Afacad_Flux_300,300,C:\Users\angel\OneDrive\Desktop\Kern\data\raw\fonts\Afacad_Flux_300.ttf,ok,5,2712,2707,5,0,
Afacad Flux,Afacad_Flux_regular,regular,C:\Users\angel\OneDrive\Desktop\Kern\data\raw\fonts\Afacad_Flux_regular.ttf,ok,5,2712,2707,5,0,
Afacad Flux,Afacad_Flux_500,500,C:\Users\angel\OneDrive\Desktop\Kern\data\raw\fonts\Afacad_Flux_500.ttf,ok,5,2712,2707,5,0,
Afacad Flux,Afacad_Flux_600,600,C:\Users\angel\OneDrive\Desktop\Kern\data\raw\fonts\Afacad_Flux_600.ttf,ok,5,2712,2707,5,0,
Afacad Flux,Afacad_Flux_700,700,C:\Users\angel\OneDrive\Desktop\Kern\data\raw\fonts\Afacad_Flux_700.ttf,ok,5,2712,2707,5,0,
Afacad Flux,Afacad_Flux_800,800,C:\Users\angel\OneDrive\Desktop\Kern\data\raw\fonts\Afacad_Flux_800.ttf,ok,5,2712,2707,5,0,
Afacad Flux,Afacad_Flux_900,900,C:\Users\angel\OneDrive\Desktop\Kern\data\raw\fonts\Afacad_Flux_900.ttf,ok,5,2712,2707,5,0,
Ibarra Real Nova,Ibarra_Real_Nova_regular,regular,C:\Users\angel\OneDrive\Desktop\Kern\data\raw\fonts\Ibarra_Real_Nova_regular.ttf,ok,188,247,59,188,0,
Ibarra Real Nova,Ibarra_Real_Nova_500,500,C:\Users\angel\OneDrive\Desktop\Kern\data\raw\fonts\Ibarra_Real_Nova_500.ttf,ok,192,247,55,192,0,
Ibarra Real Nova,Ibarra_Real_Nova_600,600,C:\Users\angel\OneDrive\Desktop\Kern\data\raw\fonts\Ibarra_Real_Nova_600.ttf,ok,192,247,55,192,0,
Ibarra Real Nova,Ibarra_Real_Nova_700,700,C:\Users\angel\OneDrive\Desktop\Kern\data\raw\fonts\Ibarra_Real_Nova_700.ttf,ok,192,247,55,192,0,
Ibarra Real Nova,Ibarra_Real_Nova_italic,italic,C:\Users\angel\OneDrive\Desktop\Kern\data\raw\fonts\Ibarra_Real_Nova_italic.ttf,ok,206,281,75,206,0,
Ibarra Real Nova,Ibarra_Real_Nova_500italic,500italic,C:\Users\angel\OneDrive\Desktop\Kern\data\raw\fonts\Ibarra_Real_Nova_500italic.ttf,ok,209,281,72,209,0,
Ibarra Real Nova,Ibarra_Real_Nova_600italic,600italic,C:\Users\angel\OneDrive\Desktop\Kern\data\raw\fonts\Ibarra_Real_Nova_600italic.ttf,ok,209,281,72,209,0,
Ibarra Real Nova,Ibarra_Real_Nova_700italic,700italic,C:\Users\angel\OneDrive\Desktop\Kern\data\raw\fonts\Ibarra_Real_Nova_700italic.ttf,ok,209,281,72,209,0,
Goudy Bookletter 1911,Goudy_Bookletter_1911_regular,regular,C:\Users\angel\OneDrive\Desktop\Kern\data\raw\fonts\Goudy_Bookletter_1911_regular.ttf,ok,0,6713,6713,0,0,
Hina Mincho,Hina_Mincho_regular,regular,C:\Users\angel\OneDrive\Desktop\Kern\data\raw\fonts\Hina_Mincho_regular.ttf,ok,0,2186,2186,0,0,
Chonburi,Chonburi_regular,regular,C:\Users\angel\OneDrive\Desktop\Kern\data\raw\fonts\Chonburi_regular.ttf,ok,0,0,0,0,0,
Special Gothic Expanded One,Special_Gothic_Expanded_One_regular,regular,C:\Users\angel\OneDrive\Desktop\Kern\data\raw\fonts\Special_Gothic_Expanded_One_regular.ttf,ok,230,3110,2880,230,0,
BIZ UDPMincho,BIZ_UDPMincho_regular,regular,C:\Users\angel\OneDrive\Desktop\Kern\data\raw\fonts\BIZ_UDPMincho_regular.ttf,ok,0,0,0,0,0,
BIZ UDPMincho,BIZ_UDPMincho_700,700,C:\Users\angel\OneDrive\Desktop\Kern\data\raw\fonts\BIZ_UDPMincho_700.ttf,ok,0,0,0,0,0,
Silkscreen,Silkscreen_regular,regular,C:\Users\angel\OneDrive\Desktop\Kern\data\raw\fonts\Silkscreen_regular.ttf,ok,0,0,0,0,0,
Silkscreen,Silkscreen_700,700,C:\Users\angel\OneDrive\Desktop\Kern\data\raw\fonts\Silkscreen_700.ttf,ok,0,0,0,0,0,
Sarina,Sarina_regular,regular,C:\Users\angel\OneDrive\Desktop\Kern\data\raw\fonts\Sarina_regular.ttf,ok,0,0,0,0,0,
Schoolbell,Schoolbell_regular,regular,C:\Users\angel\OneDrive\Desktop\Kern\data\raw\fonts\Schoolbell_regular.ttf,ok,270,270,0,270,0,
Noto Serif Georgian,Noto_Serif_Georgian_100,100,C:\Users\angel\OneDrive\Desktop\Kern\data\raw\fonts\Noto_Serif_Georgian_100.ttf,ok,5,5624,5619,5,0,
Noto Serif Georgian,Noto_Serif_Georgian_200,200,C:\Users\angel\OneDrive\Desktop\Kern\data\raw\fonts\Noto_Serif_Georgian_200.ttf,ok,5,5624,5619,5,0,
Noto Serif Georgian,Noto_Serif_Georgian_300,300,C:\Users\angel\OneDrive\Desktop\Kern\data\raw\fonts\Noto_Serif_Georgian_300.ttf,ok,5,5624,5619,5,0,
Noto Serif Georgian,Noto_Serif_Georgian_regular,regular,C:\Users\angel\OneDrive\Desktop\Kern\data\raw\fonts\Noto_Serif_Georgian_regular.ttf,ok,5,5624,5619,5,0,
Noto Serif Georgian,Noto_Serif_Georgian_500,500,C:\Users\angel\OneDrive\Desktop\Kern\data\raw\fonts\Noto_Serif_Georgian_500.ttf,ok,5,5624,5619,5,0,
Noto Serif Georgian,Noto_Serif_Georgian_600,600,C:\Users\angel\OneDrive\Desktop\Kern\data\raw\fonts\Noto_Serif_Georgian_600.ttf,ok,5,5624,5619,5,0,
Noto Serif Georgian,Noto_Serif_Georgian_700,700,C:\Users\angel\OneDrive\Desktop\Kern\data\raw\fonts\Noto_Serif_Georgian_700.ttf,ok,5,5624,5619,5,0,
Noto Serif Georgian,Noto_Serif_Georgian_800,800,C:\Users\angel\OneDrive\Desktop\Kern\data\raw\fonts\Noto_Serif_Georgian_800.ttf,ok,5,5624,5619,5,0,
Noto Serif Georgian,Noto_Serif_Georgian_900,900,C:\Users\angel\OneDrive\Desktop\Kern\data\raw\fonts\Noto_Serif_Georgian_900.ttf,ok,5,5624,5619,5,0,
Sniglet,Sniglet_regular,regular,C:\Users\angel\OneDrive\Desktop\Kern\data\raw\fonts\Sniglet_regular.ttf,ok,69,727,658,69,0,
Sniglet,Sniglet_800,800,C:\Users\angel\OneDrive\Desktop\Kern\data\raw\fonts\Sniglet_800.ttf,ok,37,609,572,37,0,
Fondamento,Fondamento_regular,regular,C:\Users\angel\OneDrive\Desktop\Kern\data\raw\fonts\Fondamento_regular.ttf,ok,223,258,35,223,0,
Fondamento,Fondamento_italic,italic,C:\Users\angel\OneDrive\Desktop\Kern\data\raw\fonts\Fondamento_italic.ttf,ok,281,311,30,281,0,
Calligraffitti,Calligraffitti_regular,regular,C:\Users\angel\OneDrive\Desktop\Kern\data\raw\fonts\Calligraffitti_regular.ttf,ok,0,0,0,0,0,
Arbutus Slab,Arbutus_Slab_regular,regular,C:\Users\angel\OneDrive\Desktop\Kern\data\raw\fonts\Arbutus_Slab_regular.ttf,ok,0,0,0,0,0,
Original Surfer,Original_Surfer_regular,regular,C:\Users\angel\OneDrive\Desktop\Kern\data\raw\fonts\Original_Surfer_regular.ttf,ok,139,249,110,139,0,
Seaweed Script,Seaweed_Script_regular,regular,C:\Users\angel\OneDrive\Desktop\Kern\data\raw\fonts\Seaweed_Script_regular.ttf,ok,0,0,0,0,0,
Zalando Sans,Zalando_Sans_200,200,C:\Users\angel\OneDrive\Desktop\Kern\data\raw\fonts\Zalando_Sans_200.ttf,ok,181,2980,2799,181,0,
Zalando Sans,Zalando_Sans_300,300,C:\Users\angel\OneDrive\Desktop\Kern\data\raw\fonts\Zalando_Sans_300.ttf,ok,195,2980,2785,195,0,
Zalando Sans,Zalando_Sans_regular,regular,C:\Users\angel\OneDrive\Desktop\Kern\data\raw\fonts\Zalando_Sans_regular.ttf,ok,185,2980,2795,185,0,
Zalando Sans,Zalando_Sans_500,500,C:\Users\angel\OneDrive\Desktop\Kern\data\raw\fonts\Zalando_Sans_500.ttf,ok,214,2980,2766,214,0,
Zalando Sans,Zalando_Sans_600,600,C:\Users\angel\OneDrive\Desktop\Kern\data\raw\fonts\Zalando_Sans_600.ttf,ok,214,2980,2766,214,0,
Zalando Sans,Zalando_Sans_700,700,C:\Users\angel\OneDrive\Desktop\Kern\data\raw\fonts\Zalando_Sans_700.ttf,ok,214,2980,2766,214,0,
Zalando Sans,Zalando_Sans_800,800,C:\Users\angel\OneDrive\Desktop\Kern\data\raw\fonts\Zalando_Sans_800.ttf,ok,214,2980,2766,214,0,
Zalando Sans,Zalando_Sans_900,900,C:\Users\angel\OneDrive\Desktop\Kern\data\raw\fonts\Zalando_Sans_900.ttf,ok,200,2980,2780,200,0,
Zalando Sans,Zalando_Sans_200italic,200italic,C:\Users\angel\OneDrive\Desktop\Kern\data\raw\fonts\Zalando_Sans_200italic.ttf,ok,188,2980,2792,188,0,
Zalando Sans,Zalando_Sans_300italic,300italic,C:\Users\angel\OneDrive\Desktop\Kern\data\raw\fonts\Zalando_Sans_300italic.ttf,ok,200,2980,2780,200,0,
Zalando Sans,Zalando_Sans_italic,italic,C:\Users\angel\OneDrive\Desktop\Kern\data\raw\fonts\Zalando_Sans_italic.ttf,ok,189,2980,2791,189,0,
Zalando Sans,Zalando_Sans_500italic,500italic,C:\Users\angel\OneDrive\Desktop\Kern\data\raw\fonts\Zalando_Sans_500italic.ttf,ok,216,2980,2764,216,0,
Zalando Sans,Zalando_Sans_600italic,600italic,C:\Users\angel\OneDrive\Desktop\Kern\data\raw\fonts\Zalando_Sans_600italic.ttf,ok,220,2980,2760,220,0,
Zalando Sans,Zalando_Sans_700italic,700italic,C:\Users\angel\OneDrive\Desktop\Kern\data\raw\fonts\Zalando_Sans_700italic.ttf,ok,220,2980,2760,220,0,
Zalando Sans,Zalando_Sans_800italic,800italic,C:\Users\angel\OneDrive\Desktop\Kern\data\raw\fonts\Zalando_Sans_800italic.ttf,ok,220,2980,2760,220,0,
Zalando Sans,Zalando_Sans_900italic,900italic,C:\Users\angel\OneDrive\Desktop\Kern\data\raw\fonts\Zalando_Sans_900italic.ttf,ok,208,2980,2772,208,0,
Bellota Text,Bellota_Text_300,300,C:\Users\angel\OneDrive\Desktop\Kern\data\raw\fonts\Bellota_Text_300.ttf,ok,0,5984,5984,0,0,
Bellota Text,Bellota_Text_300italic,300italic,C:\Users\angel\OneDrive\Desktop\Kern\data\raw\fonts\Bellota_Text_300italic.ttf,ok,0,5932,5932,0,0,
Bellota Text,Bellota_Text_regular,regular,C:\Users\angel\OneDrive\Desktop\Kern\data\raw\fonts\Bellota_Text_regular.ttf,ok,0,6036,6036,0,0,
Bellota Text,Bellota_Text_italic,italic,C:\Users\angel\OneDrive\Desktop\Kern\data\raw\fonts\Bellota_Text_italic.ttf,ok,0,5984,5984,0,0,
Bellota Text,Bellota_Text_700,700,C:\Users\angel\OneDrive\Desktop\Kern\data\raw\fonts\Bellota_Text_700.ttf,ok,0,6036,6036,0,0,
Bellota Text,Bellota_Text_700italic,700italic,C:\Users\angel\OneDrive\Desktop\Kern\data\raw\fonts\Bellota_Text_700italic.ttf,ok,0,5984,5984,0,0,
ZCOOL XiaoWei,ZCOOL_XiaoWei_regular,regular,C:\Users\angel\OneDrive\Desktop\Kern\data\raw\fonts\ZCOOL_XiaoWei_regular.ttf,ok,0,9838,9838,0,0,
BioRhyme,BioRhyme_200,200,C:\Users\angel\OneDrive\Desktop\Kern\data\raw\fonts\BioRhyme_200.ttf,ok,44,798,754,44,0,
BioRhyme,BioRhyme_300,300,C:\Users\angel\OneDrive\Desktop\Kern\data\raw\fonts\BioRhyme_300.ttf,ok,59,798,739,59,0,
BioRhyme,BioRhyme_regular,regular,C:\Users\angel\OneDrive\Desktop\Kern\data\raw\fonts\BioRhyme_regular.ttf,ok,59,798,739,59,0,
BioRhyme,BioRhyme_500,500,C:\Users\angel\OneDrive\Desktop\Kern\data\raw\fonts\BioRhyme_500.ttf,ok,59,798,739,59,0,
BioRhyme,BioRhyme_600,600,C:\Users\angel\OneDrive\Desktop\Kern\data\raw\fonts\BioRhyme_600.ttf,ok,59,798,739,59,0,
BioRhyme,BioRhyme_700,700,C:\Users\angel\OneDrive\Desktop\Kern\data\raw\fonts\BioRhyme_700.ttf,ok,59,798,739,59,0,
BioRhyme,BioRhyme_800,800,C:\Users\angel\OneDrive\Desktop\Kern\data\raw\fonts\BioRhyme_800.ttf,ok,52,798,746,52,0,
Coming Soon,Coming_Soon_regular,regular,C:\Users\angel\OneDrive\Desktop\Kern\data\raw\fonts\Coming_Soon_regular.ttf,ok,271,271,0,271,0,
Honk,Honk_regular,regular,C:\Users\angel\OneDrive\Desktop\Kern\data\raw\fonts\Honk_regular.ttf,ok,0,0,0,0,0,
Qwitcher Grypen,Qwitcher_Grypen_regular,regular,C:\Users\angel\OneDrive\Desktop\Kern\data\raw\fonts\Qwitcher_Grypen_regular.ttf,ok,67,2221,2154,67,0,
Qwitcher Grypen,Qwitcher_Grypen_700,700,C:\Users\angel\OneDrive\Desktop\Kern\data\raw\fonts\Qwitcher_Grypen_700.ttf,ok,46,2196,2150,46,0,
Over the Rainbow,Over_the_Rainbow_regular,regular,C:\Users\angel\OneDrive\Desktop\Kern\data\raw\fonts\Over_the_Rainbow_regular.ttf,ok,0,0,0,0,0,
ZCOOL KuaiLe,ZCOOL_KuaiLe_regular,regular,C:\Users\angel\OneDrive\Desktop\Kern\data\raw\fonts\ZCOOL_KuaiLe_regular.ttf,ok,0,0,0,0,0,
Delius Unicase,Delius_Unicase_regular,regular,C:\Users\angel\OneDrive\Desktop\Kern\data\raw\fonts\Delius_Unicase_regular.ttf,ok,35,2432,2397,35,0,
Delius Unicase,Delius_Unicase_700,700,C:\Users\angel\OneDrive\Desktop\Kern\data\raw\fonts\Delius_Unicase_700.ttf,ok,4,2401,2397,4,0,
Yusei Magic,Yusei_Magic_regular,regular,C:\Users\angel\OneDrive\Desktop\Kern\data\raw\fonts\Yusei_Magic_regular.ttf,ok,12,12,0,12,0,
IBM Plex Sans Hebrew,IBM_Plex_Sans_Hebrew_100,100,C:\Users\angel\OneDrive\Desktop\Kern\data\raw\fonts\IBM_Plex_Sans_Hebrew_100.ttf,ok,22,11550,11528,22,0,
IBM Plex Sans Hebrew,IBM_Plex_Sans_Hebrew_200,200,C:\Users\angel\OneDrive\Desktop\Kern\data\raw\fonts\IBM_Plex_Sans_Hebrew_200.ttf,ok,23,14047,14024,23,0,
IBM Plex Sans Hebrew,IBM_Plex_Sans_Hebrew_300,300,C:\Users\angel\OneDrive\Desktop\Kern\data\raw\fonts\IBM_Plex_Sans_Hebrew_300.ttf,ok,23,14047,14024,23,0,
IBM Plex Sans Hebrew,IBM_Plex_Sans_Hebrew_regular,regular,C:\Users\angel\OneDrive\Desktop\Kern\data\raw\fonts\IBM_Plex_Sans_Hebrew_regular.ttf,ok,18,14128,14110,18,0,
IBM Plex Sans Hebrew,IBM_Plex_Sans_Hebrew_500,500,C:\Users\angel\OneDrive\Desktop\Kern\data\raw\fonts\IBM_Plex_Sans_Hebrew_500.ttf,ok,19,15065,15046,19,0,
IBM Plex Sans Hebrew,IBM_Plex_Sans_Hebrew_600,600,C:\Users\angel\OneDrive\Desktop\Kern\data\raw\fonts\IBM_Plex_Sans_Hebrew_600.ttf,ok,19,15065,15046,19,0,
IBM Plex Sans Hebrew,IBM_Plex_Sans_Hebrew_700,700,C:\Users\angel\OneDrive\Desktop\Kern\data\raw\fonts\IBM_Plex_Sans_Hebrew_700.ttf,ok,18,14233,14215,18,0,
Halant,Halant_300,300,C:\Users\angel\OneDrive\Desktop\Kern\data\raw\fonts\Halant_300.ttf,ok,0,0,0,0,0,
Halant,Halant_regular,regular,C:\Users\angel\OneDrive\Desktop\Kern\data\raw\fonts\Halant_regular.ttf,ok,0,0,0,0,0,
Halant,Halant_500,500,C:\Users\angel\OneDrive\Desktop\Kern\data\raw\fonts\Halant_500.ttf,ok,0,0,0,0,0,
Halant,Halant_600,600,C:\Users\angel\OneDrive\Desktop\Kern\data\raw\fonts\Halant_600.ttf,ok,0,0,0,0,0,
Halant,Halant_700,700,C:\Users\angel\OneDrive\Desktop\Kern\data\raw\fonts\Halant_700.ttf,ok,0,0,0,0,0,
Zen Dots,Zen_Dots_regular,regular,C:\Users\angel\OneDrive\Desktop\Kern\data\raw\fonts\Zen_Dots_regular.ttf,ok,0,456,456,0,0,
Noto Sans Oriya,Noto_Sans_Oriya_100,100,C:\Users\angel\OneDrive\Desktop\Kern\data\raw\fonts\Noto_Sans_Oriya_100.ttf,ok,7,596,589,7,0,
Noto Sans Oriya,Noto_Sans_Oriya_200,200,C:\Users\angel\OneDrive\Desktop\Kern\data\raw\fonts\Noto_Sans_Oriya_200.ttf,ok,7,596,589,7,0,
Noto Sans Oriya,Noto_Sans_Oriya_300,300,C:\Users\angel\OneDrive\Desktop\Kern\data\raw\fonts\Noto_Sans_Oriya_300.ttf,ok,7,596,589,7,0,
Noto Sans Oriya,Noto_Sans_Oriya_regular,regular,C:\Users\angel\OneDrive\Desktop\Kern\data\raw\fonts\Noto_Sans_Oriya_regular.ttf,ok,7,596,589,7,0,
Noto Sans Oriya,Noto_Sans_Oriya_500,500,C:\Users\angel\OneDrive\Desktop\Kern\data\raw\fonts\Noto_Sans_Oriya_500.ttf,ok,7,596,589,7,0,
Noto Sans Oriya,Noto_Sans_Oriya_600,600,C:\Users\angel\OneDrive\Desktop\Kern\data\raw\fonts\Noto_Sans_Oriya_600.ttf,ok,7,596,589,7,0,
Noto Sans Oriya,Noto_Sans_Oriya_700,700,C:\Users\angel\OneDrive\Desktop\Kern\data\raw\fonts\Noto_Sans_Oriya_700.ttf,ok,7,596,589,7,0,
Noto Sans Oriya,Noto_Sans_Oriya_800,800,C:\Users\angel\OneDrive\Desktop\Kern\data\raw\fonts\Noto_Sans_Oriya_800.ttf,ok,7,596,589,7,0,
Noto Sans Oriya,Noto_Sans_Oriya_900,900,C:\Users\angel\OneDrive\Desktop\Kern\data\raw\fonts\Noto_Sans_Oriya_900.ttf,ok,7,596,589,7,0,
Noto Serif Hebrew,Noto_Serif_Hebrew_100,100,C:\Users\angel\OneDrive\Desktop\Kern\data\raw\fonts\Noto_Serif_Hebrew_100.ttf,ok,5,2920,2915,5,0,
Noto Serif Hebrew,Noto_Serif_Hebrew_200,200,C:\Users\angel\OneDrive\Desktop\Kern\data\raw\fonts\Noto_Serif_Hebrew_200.ttf,ok,5,2920,2915,5,0,
Noto Serif Hebrew,Noto_Serif_Hebrew_300,300,C:\Users\angel\OneDrive\Desktop\Kern\data\raw\fonts\Noto_Serif_Hebrew_300.ttf,ok,5,2920,2915,5,0,
Noto Serif Hebrew,Noto_Serif_Hebrew_regular,regular,C:\Users\angel\OneDrive\Desktop\Kern\data\raw\fonts\Noto_Serif_Hebrew_regular.ttf,ok,5,2920,2915,5,0,
Noto Serif Hebrew,Noto_Serif_Hebrew_500,500,C:\Users\angel\OneDrive\Desktop\Kern\data\raw\fonts\Noto_Serif_Hebrew_500.ttf,ok,5,2920,2915,5,0,
Noto Serif Hebrew,Noto_Serif_Hebrew_600,600,C:\Users\angel\OneDrive\Desktop\Kern\data\raw\fonts\Noto_Serif_Hebrew_600.ttf,ok,5,2920,2915,5,0,
Noto Serif Hebrew,Noto_Serif_Hebrew_700,700,C:\Users\angel\OneDrive\Desktop\Kern\data\raw\fonts\Noto_Serif_Hebrew_700.ttf,ok,5,2920,2915,5,0,
Noto Serif Hebrew,Noto_Serif_Hebrew_800,800,C:\Users\angel\OneDrive\Desktop\Kern\data\raw\fonts\Noto_Serif_Hebrew_800.ttf,ok,5,2920,2915,5,0,
Noto Serif Hebrew,Noto_Serif_Hebrew_900,900,C:\Users\angel\OneDrive\Desktop\Kern\data\raw\fonts\Noto_Serif_Hebrew_900.ttf,ok,5,2920,2915,5,0,
Average Sans,Average_Sans_regular,regular,C:\Users\angel\OneDrive\Desktop\Kern\data\raw\fonts\Average_Sans_regular.ttf,ok,30,1038,1008,30,0,
Zalando Sans Expanded,Zalando_Sans_Expanded_200,200,C:\Users\angel\OneDrive\Desktop\Kern\data\raw\fonts\Zalando_Sans_Expanded_200.ttf,ok,186,2980,2794,186,0,
Zalando Sans Expanded,Zalando_Sans_Expanded_300,300,C:\Users\angel\OneDrive\Desktop\Kern\data\raw\fonts\Zalando_Sans_Expanded_300.ttf,ok,194,2980,2786,194,0,
Zalando Sans Expanded,Zalando_Sans_Expanded_regular,regular,C:\Users\angel\OneDrive\Desktop\Kern\data\raw\fonts\Zalando_Sans_Expanded_regular.ttf,ok,193,2980,2787,193,0,
Zalando Sans Expanded,Zalando_Sans_Expanded_500,500,C:\Users\angel\OneDrive\Desktop\Kern\data\raw\fonts\Zalando_Sans_Expanded_500.ttf,ok,215,2980,2765,215,0,
Zalando Sans Expanded,Zalando_Sans_Expanded_600,600,C:\Users\angel\OneDrive\Desktop\Kern\data\raw\fonts\Zalando_Sans_Expanded_600.ttf,ok,215,2980,2765,215,0,
Zalando Sans Expanded,Zalando_Sans_Expanded_700,700,C:\Users\angel\OneDrive\Desktop\Kern\data\raw\fonts\Zalando_Sans_Expanded_700.ttf,ok,215,2980,2765,215,0,
Zalando Sans Expanded,Zalando_Sans_Expanded_800,800,C:\Users\angel\OneDrive\Desktop\Kern\data\raw\fonts\Zalando_Sans_Expanded_800.ttf,ok,211,2980,2769,211,0,
Zalando Sans Expanded,Zalando_Sans_Expanded_900,900,C:\Users\angel\OneDrive\Desktop\Kern\data\raw\fonts\Zalando_Sans_Expanded_900.ttf,ok,206,2980,2774,206,0,
Zalando Sans Expanded,Zalando_Sans_Expanded_200italic,200italic,C:\Users\angel\OneDrive\Desktop\Kern\data\raw\fonts\Zalando_Sans_Expanded_200italic.ttf,ok,191,2980,2789,191,0,
Zalando Sans Expanded,Zalando_Sans_Expanded_300italic,300italic,C:\Users\angel\OneDrive\Desktop\Kern\data\raw\fonts\Zalando_Sans_Expanded_300italic.ttf,ok,196,2980,2784,196,0,
Zalando Sans Expanded,Zalando_Sans_Expanded_italic,italic,C:\Users\angel\OneDrive\Desktop\Kern\data\raw\fonts\Zalando_Sans_Expanded_italic.ttf,ok,194,2980,2786,194,0,
Zalando Sans Expanded,Zalando_Sans_Expanded_500italic,500italic,C:\Users\angel\OneDrive\Desktop\Kern\data\raw\fonts\Zalando_Sans_Expanded_500italic.ttf,ok,215,2980,2765,215,0,
Zalando Sans Expanded,Zalando_Sans_Expanded_600italic,600italic,C:\Users\angel\OneDrive\Desktop\Kern\data\raw\fonts\Zalando_Sans_Expanded_600italic.ttf,ok,215,2980,2765,215,0,
Zalando Sans Expanded,Zalando_Sans_Expanded_700italic,700italic,C:\Users\angel\OneDrive\Desktop\Kern\data\raw\fonts\Zalando_Sans_Expanded_700italic.ttf,ok,215,2980,2765,215,0,
Zalando Sans Expanded,Zalando_Sans_Expanded_800italic,800italic,C:\Users\angel\OneDrive\Desktop\Kern\data\raw\fonts\Zalando_Sans_Expanded_800italic.ttf,ok,211,2980,2769,211,0,
Zalando Sans Expanded,Zalando_Sans_Expanded_900italic,900italic,C:\Users\angel\OneDrive\Desktop\Kern\data\raw\fonts\Zalando_Sans_Expanded_900italic.ttf,ok,205,2980,2775,205,0,
Macondo,Macondo_regular,regular,C:\Users\angel\OneDrive\Desktop\Kern\data\raw\fonts\Macondo_regular.ttf,ok,89,89,0,89,0,
Cal Sans,Cal_Sans_regular,regular,C:\Users\angel\OneDrive\Desktop\Kern\data\raw\fonts\Cal_Sans_regular.ttf,ok,190,62144,61954,190,0,
Rosario,Rosario_300,300,C:\Users\angel\OneDrive\Desktop\Kern\data\raw\fonts\Rosario_300.ttf,ok,314,535,221,314,0,
Rosario,Rosario_regular,regular,C:\Users\angel\OneDrive\Desktop\Kern\data\raw\fonts\Rosario_regular.ttf,ok,253,535,282,253,0,
Rosario,Rosario_500,500,C:\Users\angel\OneDrive\Desktop\Kern\data\raw\fonts\Rosario_500.ttf,ok,314,535,221,314,0,
Rosario,Rosario_600,600,C:\Users\angel\OneDrive\Desktop\Kern\data\raw\fonts\Rosario_600.ttf,ok,314,535,221,314,0,
Rosario,Rosario_700,700,C:\Users\angel\OneDrive\Desktop\Kern\data\raw\fonts\Rosario_700.ttf,ok,127,535,408,127,0,
Rosario,Rosario_300italic,300italic,C:\Users\angel\OneDrive\Desktop\Kern\data\raw\fonts\Rosario_300italic.ttf,ok,208,228,20,208,0,
Rosario,Rosario_italic,italic,C:\Users\angel\OneDrive\Desktop\Kern\data\raw\fonts\Rosario_italic.ttf,ok,208,228,20,208,0,
Rosario,Rosario_500italic,500italic,C:\Users\angel\OneDrive\Desktop\Kern\data\raw\fonts\Rosario_500italic.ttf,ok,208,228,20,208,0,
Rosario,Rosario_600italic,600italic,C:\Users\angel\OneDrive\Desktop\Kern\data\raw\fonts\Rosario_600italic.ttf,ok,208,228,20,208,0,
Rosario,Rosario_700italic,700italic,C:\Users\angel\OneDrive\Desktop\Kern\data\raw\fonts\Rosario_700italic.ttf,ok,208,228,20,208,0,
Sigmar One,Sigmar_One_regular,regular,C:\Users\angel\OneDrive\Desktop\Kern\data\raw\fonts\Sigmar_One_regular.ttf,ok,0,4992,4992,0,0,
Allerta,Allerta_regular,regular,C:\Users\angel\OneDrive\Desktop\Kern\data\raw\fonts\Allerta_regular.ttf,ok,65,65,0,65,0,
Noto Sans Warang Citi,Noto_Sans_Warang_Citi_regular,regular,C:\Users\angel\OneDrive\Desktop\Kern\data\raw\fonts\Noto_Sans_Warang_Citi_regular.ttf,ok,7,501,494,7,0,
Monsieur La Doulaise,Monsieur_La_Doulaise_regular,regular,C:\Users\angel\OneDrive\Desktop\Kern\data\raw\fonts\Monsieur_La_Doulaise_regular.ttf,ok,35,35,0,35,0,
Noto Serif Devanagari,Noto_Serif_Devanagari_100,100,C:\Users\angel\OneDrive\Desktop\Kern\data\raw\fonts\Noto_Serif_Devanagari_100.ttf,ok,5,5624,5619,5,0,
Noto Serif Devanagari,Noto_Serif_Devanagari_200,200,C:\Users\angel\OneDrive\Desktop\Kern\data\raw\fonts\Noto_Serif_Devanagari_200.ttf,ok,5,5624,5619,5,0,
Noto Serif Devanagari,Noto_Serif_Devanagari_300,300,C:\Users\angel\OneDrive\Desktop\Kern\data\raw\fonts\Noto_Serif_Devanagari_300.ttf,ok,5,5624,5619,5,0,
Noto Serif Devanagari,Noto_Serif_Devanagari_regular,regular,C:\Users\angel\OneDrive\Desktop\Kern\data\raw\fonts\Noto_Serif_Devanagari_regular.ttf,ok,5,5624,5619,5,0,
Noto Serif Devanagari,Noto_Serif_Devanagari_500,500,C:\Users\angel\OneDrive\Desktop\Kern\data\raw\fonts\Noto_Serif_Devanagari_500.ttf,ok,5,5624,5619,5,0,
Noto Serif Devanagari,Noto_Serif_Devanagari_600,600,C:\Users\angel\OneDrive\Desktop\Kern\data\raw\fonts\Noto_Serif_Devanagari_600.ttf,ok,5,5624,5619,5,0,
Noto Serif Devanagari,Noto_Serif_Devanagari_700,700,C:\Users\angel\OneDrive\Desktop\Kern\data\raw\fonts\Noto_Serif_Devanagari_700.ttf,ok,5,5624,5619,5,0,
Noto Serif Devanagari,Noto_Serif_Devanagari_800,800,C:\Users\angel\OneDrive\Desktop\Kern\data\raw\fonts\Noto_Serif_Devanagari_800.ttf,ok,5,5624,5619,5,0,
Noto Serif Devanagari,Noto_Serif_Devanagari_900,900,C:\Users\angel\OneDrive\Desktop\Kern\data\raw\fonts\Noto_Serif_Devanagari_900.ttf,ok,5,5624,5619,5,0,
Agbalumo,Agbalumo_regular,regular,C:\Users\angel\OneDrive\Desktop\Kern\data\raw\fonts\Agbalumo_regular.ttf,ok,2080,2128,48,2080,0,
Turret Road,Turret_Road_200,200,C:\Users\angel\OneDrive\Desktop\Kern\data\raw\fonts\Turret_Road_200.ttf,ok,23,3453,3430,23,0,
Turret Road,Turret_Road_300,300,C:\Users\angel\OneDrive\Desktop\Kern\data\raw\fonts\Turret_Road_300.ttf,ok,23,3453,3430,23,0,
Turret Road,Turret_Road_regular,regular,C:\Users\angel\OneDrive\Desktop\Kern\data\raw\fonts\Turret_Road_regular.ttf,ok,23,3453,3430,23,0,
Turret Road,Turret_Road_500,500,C:\Users\angel\OneDrive\Desktop\Kern\data\raw\fonts\Turret_Road_500.ttf,ok,23,3453,3430,23,0,
Turret Road,Turret_Road_700,700,C:\Users\angel\OneDrive\Desktop\Kern\data\raw\fonts\Turret_Road_700.ttf,ok,0,0,0,0,0,
Turret Road,Turret_Road_800,800,C:\Users\angel\OneDrive\Desktop\Kern\data\raw\fonts\Turret_Road_800.ttf,ok,23,3453,3430,23,0,
Love Ya Like A Sister,Love_Ya_Like_A_Sister_regular,regular,C:\Users\angel\OneDrive\Desktop\Kern\data\raw\fonts\Love_Ya_Like_A_Sister_regular.ttf,ok,0,0,0,0,0,
Fuzzy Bubbles,Fuzzy_Bubbles_regular,regular,C:\Users\angel\OneDrive\Desktop\Kern\data\raw\fonts\Fuzzy_Bubbles_regular.ttf,ok,0,0,0,0,0,
Fuzzy Bubbles,Fuzzy_Bubbles_700,700,C:\Users\angel\OneDrive\Desktop\Kern\data\raw\fonts\Fuzzy_Bubbles_700.ttf,ok,0,0,0,0,0,
Baloo Thambi 2,Baloo_Thambi_2_regular,regular,C:\Users\angel\OneDrive\Desktop\Kern\data\raw\fonts\Baloo_Thambi_2_regular.ttf,ok,231,407,176,231,0,
Baloo Thambi 2,Baloo_Thambi_2_500,500,C:\Users\angel\OneDrive\Desktop\Kern\data\raw\fonts\Baloo_Thambi_2_500.ttf,ok,231,407,176,231,0,
Baloo Thambi 2,Baloo_Thambi_2_600,600,C:\Users\angel\OneDrive\Desktop\Kern\data\raw\fonts\Baloo_Thambi_2_600.ttf,ok,230,407,177,230,0,
Baloo Thambi 2,Baloo_Thambi_2_700,700,C:\Users\angel\OneDrive\Desktop\Kern\data\raw\fonts\Baloo_Thambi_2_700.ttf,ok,230,407,177,230,0,
Baloo Thambi 2,Baloo_Thambi_2_800,800,C:\Users\angel\OneDrive\Desktop\Kern\data\raw\fonts\Baloo_Thambi_2_800.ttf,ok,221,407,186,221,0,
Inria Sans,Inria_Sans_300,300,C:\Users\angel\OneDrive\Desktop\Kern\data\raw\fonts\Inria_Sans_300.ttf,ok,2,3426,3424,2,0,
Inria Sans,Inria_Sans_300italic,300italic,C:\Users\angel\OneDrive\Desktop\Kern\data\raw\fonts\Inria_Sans_300italic.ttf,ok,2,3250,3248,2,0,
Inria Sans,Inria_Sans_regular,regular,C:\Users\angel\OneDrive\Desktop\Kern\data\raw\fonts\Inria_Sans_regular.ttf,ok,2,3374,3372,2,0,
Inria Sans,Inria_Sans_italic,italic,C:\Users\angel\OneDrive\Desktop\Kern\data\raw\fonts\Inria_Sans_italic.ttf,ok,2,3250,3248,2,0,
Inria Sans,Inria_Sans_700,700,C:\Users\angel\OneDrive\Desktop\Kern\data\raw\fonts\Inria_Sans_700.ttf,ok,1,3425,3424,1,0,
Inria Sans,Inria_Sans_700italic,700italic,C:\Users\angel\OneDrive\Desktop\Kern\data\raw\fonts\Inria_Sans_700italic.ttf,ok,1,3301,3300,1,0,
Megrim,Megrim_regular,regular,C:\Users\angel\OneDrive\Desktop\Kern\data\raw\fonts\Megrim_regular.ttf,ok,0,0,0,0,0,
Vujahday Script,Vujahday_Script_regular,regular,C:\Users\angel\OneDrive\Desktop\Kern\data\raw\fonts\Vujahday_Script_regular.ttf,ok,25,2626,2601,25,0,
Maitree,Maitree_200,200,C:\Users\angel\OneDrive\Desktop\Kern\data\raw\fonts\Maitree_200.ttf,ok,307,1608,1301,307,0,
Maitree,Maitree_300,300,C:\Users\angel\OneDrive\Desktop\Kern\data\raw\fonts\Maitree_300.ttf,ok,355,355,0,355,0,
Maitree,Maitree_regular,regular,C:\Users\angel\OneDrive\Desktop\Kern\data\raw\fonts\Maitree_regular.ttf,ok,389,389,0,389,0,
Maitree,Maitree_500,500,C:\Users\angel\OneDrive\Desktop\Kern\data\raw\fonts\Maitree_500.ttf,ok,389,389,0,389,0,
Maitree,Maitree_600,600,C:\Users\angel\OneDrive\Desktop\Kern\data\raw\fonts\Maitree_600.ttf,ok,389,389,0,389,0,
Maitree,Maitree_700,700,C:\Users\angel\OneDrive\Desktop\Kern\data\raw\fonts\Maitree_700.ttf,ok,389,389,0,389,0,
Noto Sans Armenian,Noto_Sans_Armenian_100,100,C:\Users\angel\OneDrive\Desktop\Kern\data\raw\fonts\Noto_Sans_Armenian_100.ttf,ok,7,3205,3198,7,0,
Noto Sans Armenian,Noto_Sans_Armenian_200,200,C:\Users\angel\OneDrive\Desktop\Kern\data\raw\fonts\Noto_Sans_Armenian_200.ttf,ok,7,3205,3198,7,0,
Noto Sans Armenian,Noto_Sans_Armenian_300,300,C:\Users\angel\OneDrive\Desktop\Kern\data\raw\fonts\Noto_Sans_Armenian_300.ttf,ok,7,3205,3198,7,0,
Noto Sans Armenian,Noto_Sans_Armenian_regular,regular,C:\Users\angel\OneDrive\Desktop\Kern\data\raw\fonts\Noto_Sans_Armenian_regular.ttf,ok,7,3205,3198,7,0,
Noto Sans Armenian,Noto_Sans_Armenian_500,500,C:\Users\angel\OneDrive\Desktop\Kern\data\raw\fonts\Noto_Sans_Armenian_500.ttf,ok,7,3205,3198,7,0,
Noto Sans Armenian,Noto_Sans_Armenian_600,600,C:\Users\angel\OneDrive\Desktop\Kern\data\raw\fonts\Noto_Sans_Armenian_600.ttf,ok,7,3205,3198,7,0,
Noto Sans Armenian,Noto_Sans_Armenian_700,700,C:\Users\angel\OneDrive\Desktop\Kern\data\raw\fonts\Noto_Sans_Armenian_700.ttf,ok,7,3205,3198,7,0,
Noto Sans Armenian,Noto_Sans_Armenian_800,800,C:\Users\angel\OneDrive\Desktop\Kern\data\raw\fonts\Noto_Sans_Armenian_800.ttf,ok,7,3205,3198,7,0,
Noto Sans Armenian,Noto_Sans_Armenian_900,900,C:\Users\angel\OneDrive\Desktop\Kern\data\raw\fonts\Noto_Sans_Armenian_900.ttf,ok,7,3205,3198,7,0,
Waiting for the Sunrise,Waiting_for_the_Sunrise_regular,regular,C:\Users\angel\OneDrive\Desktop\Kern\data\raw\fonts\Waiting_for_the_Sunrise_regular.ttf,ok,0,0,0,0,0,
Kantumruy Pro,Kantumruy_Pro_100,100,C:\Users\angel\OneDrive\Desktop\Kern\data\raw\fonts\Kantumruy_Pro_100.ttf,ok,194,245,51,194,0,
Kantumruy Pro,Kantumruy_Pro_200,200,C:\Users\angel\OneDrive\Desktop\Kern\data\raw\fonts\Kantumruy_Pro_200.ttf,ok,208,245,37,208,0,
Kantumruy Pro,Kantumruy_Pro_300,300,C:\Users\angel\OneDrive\Desktop\Kern\data\raw\fonts\Kantumruy_Pro_300.ttf,ok,208,245,37,208,0,
Kantumruy Pro,Kantumruy_Pro_regular,regular,C:\Users\angel\OneDrive\Desktop\Kern\data\raw\fonts\Kantumruy_Pro_regular.ttf,ok,193,245,52,193,0,
Kantumruy Pro,Kantumruy_Pro_500,500,C:\Users\angel\OneDrive\Desktop\Kern\data\raw\fonts\Kantumruy_Pro_500.ttf,ok,193,245,52,193,0,
Kantumruy Pro,Kantumruy_Pro_600,600,C:\Users\angel\OneDrive\Desktop\Kern\data\raw\fonts\Kantumruy_Pro_600.ttf,ok,193,245,52,193,0,
Kantumruy Pro,Kantumruy_Pro_700,700,C:\Users\angel\OneDrive\Desktop\Kern\data\raw\fonts\Kantumruy_Pro_700.ttf,ok,193,245,52,193,0,
Kantumruy Pro,Kantumruy_Pro_100italic,100italic,C:\Users\angel\OneDrive\Desktop\Kern\data\raw\fonts\Kantumruy_Pro_100italic.ttf,ok,253,340,87,253,0,
Kantumruy Pro,Kantumruy_Pro_200italic,200italic,C:\Users\angel\OneDrive\Desktop\Kern\data\raw\fonts\Kantumruy_Pro_200italic.ttf,ok,276,340,64,276,0,
Kantumruy Pro,Kantumruy_Pro_300italic,300italic,C:\Users\angel\OneDrive\Desktop\Kern\data\raw\fonts\Kantumruy_Pro_300italic.ttf,ok,276,340,64,276,0,
Kantumruy Pro,Kantumruy_Pro_italic,italic,C:\Users\angel\OneDrive\Desktop\Kern\data\raw\fonts\Kantumruy_Pro_italic.ttf,ok,261,340,79,261,0,
Kantumruy Pro,Kantumruy_Pro_500italic,500italic,C:\Users\angel\OneDrive\Desktop\Kern\data\raw\fonts\Kantumruy_Pro_500italic.ttf,ok,283,340,57,283,0,
Kantumruy Pro,Kantumruy_Pro_600italic,600italic,C:\Users\angel\OneDrive\Desktop\Kern\data\raw\fonts\Kantumruy_Pro_600italic.ttf,ok,284,340,56,284,0,
Kantumruy Pro,Kantumruy_Pro_700italic,700italic,C:\Users\angel\OneDrive\Desktop\Kern\data\raw\fonts\Kantumruy_Pro_700italic.ttf,ok,283,340,57,283,0,
Tilt Neon,Tilt_Neon_regular,regular,C:\Users\angel\OneDrive\Desktop\Kern\data\raw\fonts\Tilt_Neon_regular.ttf,ok,342,416,74,342,0,
Amiko,Amiko_regular,regular,C:\Users\angel\OneDrive\Desktop\Kern\data\raw\fonts\Amiko_regular.ttf,ok,0,4482,4482,0,0,
Amiko,Amiko_600,600,C:\Users\angel\OneDrive\Desktop\Kern\data\raw\fonts\Amiko_600.ttf,ok,0,4482,4482,0,0,
Amiko,Amiko_700,700,C:\Users\angel\OneDrive\Desktop\Kern\data\raw\fonts\Amiko_700.ttf,ok,0,4482,4482,0,0,
Yesteryear,Yesteryear_regular,regular,C:\Users\angel\OneDrive\Desktop\Kern\data\raw\fonts\Yesteryear_regular.ttf,ok,13,64,51,13,0,
Anybody,Anybody_100,100,C:\Users\angel\OneDrive\Desktop\Kern\data\raw\fonts\Anybody_100.ttf,ok,0,1829,1829,0,0,
Anybody,Anybody_200,200,C:\Users\angel\OneDrive\Desktop\Kern\data\raw\fonts\Anybody_200.ttf,ok,0,1829,1829,0,0,
Anybody,Anybody_300,300,C:\Users\angel\OneDrive\Desktop\Kern\data\raw\fonts\Anybody_300.ttf,ok,0,1829,1829,0,0,
Anybody,Anybody_regular,regular,C:\Users\angel\OneDrive\Desktop\Kern\data\raw\fonts\Anybody_regular.ttf,ok,0,1829,1829,0,0,
Anybody,Anybody_500,500,C:\Users\angel\OneDrive\Desktop\Kern\data\raw\fonts\Anybody_500.ttf,ok,0,1829,1829,0,0,
Anybody,Anybody_600,600,C:\Users\angel\OneDrive\Desktop\Kern\data\raw\fonts\Anybody_600.ttf,ok,0,1829,1829,0,0,
Anybody,Anybody_700,700,C:\Users\angel\OneDrive\Desktop\Kern\data\raw\fonts\Anybody_700.ttf,ok,0,1829,1829,0,0,
Anybody,Anybody_800,800,C:\Users\angel\OneDrive\Desktop\Kern\data\raw\fonts\Anybody_800.ttf,ok,0,1829,1829,0,0,
Anybody,Anybody_900,900,C:\Users\angel\OneDrive\Desktop\Kern\data\raw\fonts\Anybody_900.ttf,ok,0,1829,1829,0,0,
Anybody,Anybody_100italic,100italic,C:\Users\angel\OneDrive\Desktop\Kern\data\raw\fonts\Anybody_100italic.ttf,ok,0,1829,1829,0,0,
Anybody,Anybody_200italic,200italic,C:\Users\angel\OneDrive\Desktop\Kern\data\raw\fonts\Anybody_200italic.ttf,ok,0,1829,1829,0,0,
Anybody,Anybody_300italic,300italic,C:\Users\angel\OneDrive\Desktop\Kern\data\raw\fonts\Anybody_300italic.ttf,ok,0,1829,1829,0,0,
Anybody,Anybody_italic,italic,C:\Users\angel\OneDrive\Desktop\Kern\data\raw\fonts\Anybody_italic.ttf,ok,0,1829,1829,0,0,
Anybody,Anybody_500italic,500italic,C:\Users\angel\OneDrive\Desktop\Kern\data\raw\fonts\Anybody_500italic.ttf,ok,0,1829,1829,0,0,
Anybody,Anybody_600italic,600italic,C:\Users\angel\OneDrive\Desktop\Kern\data\raw\fonts\Anybody_600italic.ttf,ok,0,1829,1829,0,0,
Anybody,Anybody_700italic,700italic,C:\Users\angel\OneDrive\Desktop\Kern\data\raw\fonts\Anybody_700italic.ttf,ok,0,1829,1829,0,0,
Anybody,Anybody_800italic,800italic,C:\Users\angel\OneDrive\Desktop\Kern\data\raw\fonts\Anybody_800italic.ttf,ok,0,1829,1829,0,0,
Anybody,Anybody_900italic,900italic,C:\Users\angel\OneDrive\Desktop\Kern\data\raw\fonts\Anybody_900italic.ttf,ok,0,1829,1829,0,0,
Bokor,Bokor_regular,regular,C:\Users\angel\OneDrive\Desktop\Kern\data\raw\fonts\Bokor_regular.ttf,ok,170,170,0,170,0,
Poetsen One,Poetsen_One_regular,regular,C:\Users\angel\OneDrive\Desktop\Kern\data\raw\fonts\Poetsen_One_regular.ttf,ok,244,340,96,244,0,
Hedvig Letters Serif,Hedvig_Letters_Serif_regular,regular,C:\Users\angel\OneDrive\Desktop\Kern\data\raw\fonts\Hedvig_Letters_Serif_regular.ttf,ok,370,3114,2744,370,0,
Recursive,Recursive_300,300,C:\Users\angel\OneDrive\Desktop\Kern\data\raw\fonts\Recursive_300.ttf,ok,119,130,11,119,0,
Recursive,Recursive_regular,regular,C:\Users\angel\OneDrive\Desktop\Kern\data\raw\fonts\Recursive_regular.ttf,ok,119,130,11,119,0,
Recursive,Recursive_500,500,C:\Users\angel\OneDrive\Desktop\Kern\data\raw\fonts\Recursive_500.ttf,ok,119,130,11,119,0,
Recursive,Recursive_600,600,C:\Users\angel\OneDrive\Desktop\Kern\data\raw\fonts\Recursive_600.ttf,ok,119,130,11,119,0,
Recursive,Recursive_700,700,C:\Users\angel\OneDrive\Desktop\Kern\data\raw\fonts\Recursive_700.ttf,ok,119,130,11,119,0,
Recursive,Recursive_800,800,C:\Users\angel\OneDrive\Desktop\Kern\data\raw\fonts\Recursive_800.ttf,ok,119,130,11,119,0,
Recursive,Recursive_900,900,C:\Users\angel\OneDrive\Desktop\Kern\data\raw\fonts\Recursive_900.ttf,ok,119,130,11,119,0,
Bentham,Bentham_regular,regular,C:\Users\angel\OneDrive\Desktop\Kern\data\raw\fonts\Bentham_regular.ttf,ok,0,0,0,0,0,
Meddon,Meddon_regular,regular,C:\Users\angel\OneDrive\Desktop\Kern\data\raw\fonts\Meddon_regular.ttf,ok,0,0,0,0,0,
Marvel,Marvel_regular,regular,C:\Users\angel\OneDrive\Desktop\Kern\data\raw\fonts\Marvel_regular.ttf,ok,416,416,0,416,0,
Marvel,Marvel_italic,italic,C:\Users\angel\OneDrive\Desktop\Kern\data\raw\fonts\Marvel_italic.ttf,ok,430,430,0,430,0,
Marvel,Marvel_700,700,C:\Users\angel\OneDrive\Desktop\Kern\data\raw\fonts\Marvel_700.ttf,ok,406,406,0,406,0,
Marvel,Marvel_700italic,700italic,C:\Users\angel\OneDrive\Desktop\Kern\data\raw\fonts\Marvel_700italic.ttf,ok,435,435,0,435,0,
Magra,Magra_regular,regular,C:\Users\angel\OneDrive\Desktop\Kern\data\raw\fonts\Magra_regular.ttf,ok,0,0,0,0,0,
Magra,Magra_700,700,C:\Users\angel\OneDrive\Desktop\Kern\data\raw\fonts\Magra_700.ttf,ok,0,0,0,0,0,
Hurricane,Hurricane_regular,regular,C:\Users\angel\OneDrive\Desktop\Kern\data\raw\fonts\Hurricane_regular.ttf,ok,320,320,0,320,0,
IM Fell English SC,IM_Fell_English_SC_regular,regular,C:\Users\angel\OneDrive\Desktop\Kern\data\raw\fonts\IM_Fell_English_SC_regular.ttf,ok,1006,1006,0,1006,0,
Chiron GoRound TC,Chiron_GoRound_TC_200,200,C:\Users\angel\OneDrive\Desktop\Kern\data\raw\fonts\Chiron_GoRound_TC_200.ttf,ok,0,0,0,0,0,
Chiron GoRound TC,Chiron_GoRound_TC_300,300,C:\Users\angel\OneDrive\Desktop\Kern\data\raw\fonts\Chiron_GoRound_TC_300.ttf,ok,0,0,0,0,0,
Chiron GoRound TC,Chiron_GoRound_TC_regular,regular,C:\Users\angel\OneDrive\Desktop\Kern\data\raw\fonts\Chiron_GoRound_TC_regular.ttf,ok,0,0,0,0,0,
Chiron GoRound TC,Chiron_GoRound_TC_500,500,C:\Users\angel\OneDrive\Desktop\Kern\data\raw\fonts\Chiron_GoRound_TC_500.ttf,ok,0,0,0,0,0,
Chiron GoRound TC,Chiron_GoRound_TC_600,600,C:\Users\angel\OneDrive\Desktop\Kern\data\raw\fonts\Chiron_GoRound_TC_600.ttf,ok,0,0,0,0,0,
Chiron GoRound TC,Chiron_GoRound_TC_700,700,C:\Users\angel\OneDrive\Desktop\Kern\data\raw\fonts\Chiron_GoRound_TC_700.ttf,ok,0,0,0,0,0,
Chiron GoRound TC,Chiron_GoRound_TC_800,800,C:\Users\angel\OneDrive\Desktop\Kern\data\raw\fonts\Chiron_GoRound_TC_800.ttf,ok,0,0,0,0,0,
Chiron GoRound TC,Chiron_GoRound_TC_900,900,C:\Users\angel\OneDrive\Desktop\Kern\data\raw\fonts\Chiron_GoRound_TC_900.ttf,ok,0,0,0,0,0,
Overlock,Overlock_regular,regular,C:\Users\angel\OneDrive\Desktop\Kern\data\raw\fonts\Overlock_regular.ttf,ok,74,74,0,74,0,
Overlock,Overlock_italic,italic,C:\Users\angel\OneDrive\Desktop\Kern\data\raw\fonts\Overlock_italic.ttf,ok,69,69,0,69,0,
Overlock,Overlock_700,700,C:\Users\angel\OneDrive\Desktop\Kern\data\raw\fonts\Overlock_700.ttf,ok,72,72,0,72,0,
Overlock,Overlock_700italic,700italic,C:\Users\angel\OneDrive\Desktop\Kern\data\raw\fonts\Overlock_700italic.ttf,ok,108,108,0,108,0,
Overlock,Overlock_900,900,C:\Users\angel\OneDrive\Desktop\Kern\data\raw\fonts\Overlock_900.ttf,ok,74,74,0,74,0,
Overlock,Overlock_900italic,900italic,C:\Users\angel\OneDrive\Desktop\Kern\data\raw\fonts\Overlock_900italic.ttf,ok,69,69,0,69,0,
Flow Circular,Flow_Circular_regular,regular,C:\Users\angel\OneDrive\Desktop\Kern\data\raw\fonts\Flow_Circular_regular.ttf,ok,0,0,0,0,0,
MedievalSharp,MedievalSharp_regular,regular,C:\Users\angel\OneDrive\Desktop\Kern\data\raw\fonts\MedievalSharp_regular.ttf,ok,0,0,0,0,0,
Bayon,Bayon_regular,regular,C:\Users\angel\OneDrive\Desktop\Kern\data\raw\fonts\Bayon_regular.ttf,ok,170,170,0,170,0,
Meow Script,Meow_Script_regular,regular,C:\Users\angel\OneDrive\Desktop\Kern\data\raw\fonts\Meow_Script_regular.ttf,ok,25,25,0,25,0,
Corinthia,Corinthia_regular,regular,C:\Users\angel\OneDrive\Desktop\Kern\data\raw\fonts\Corinthia_regular.ttf,ok,31,1407,1376,31,0,
Corinthia,Corinthia_700,700,C:\Users\angel\OneDrive\Desktop\Kern\data\raw\fonts\Corinthia_700.ttf,ok,32,1752,1720,32,0,
Zain,Zain_200,200,C:\Users\angel\OneDrive\Desktop\Kern\data\raw\fonts\Zain_200.ttf,ok,458,5890,5432,458,0,
Zain,Zain_300,300,C:\Users\angel\OneDrive\Desktop\Kern\data\raw\fonts\Zain_300.ttf,ok,464,1553,1089,464,0,
Zain,Zain_300italic,300italic,C:\Users\angel\OneDrive\Desktop\Kern\data\raw\fonts\Zain_300italic.ttf,ok,464,1553,1089,464,0,
Zain,Zain_regular,regular,C:\Users\angel\OneDrive\Desktop\Kern\data\raw\fonts\Zain_regular.ttf,ok,464,1553,1089,464,0,
Zain,Zain_italic,italic,C:\Users\angel\OneDrive\Desktop\Kern\data\raw\fonts\Zain_italic.ttf,ok,468,1590,1122,468,0,
Zain,Zain_700,700,C:\Users\angel\OneDrive\Desktop\Kern\data\raw\fonts\Zain_700.ttf,ok,459,1548,1089,459,0,
Zain,Zain_800,800,C:\Users\angel\OneDrive\Desktop\Kern\data\raw\fonts\Zain_800.ttf,ok,456,1545,1089,456,0,
Zain,Zain_900,900,C:\Users\angel\OneDrive\Desktop\Kern\data\raw\fonts\Zain_900.ttf,ok,474,1563,1089,474,0,
Koulen,Koulen_regular,regular,C:\Users\angel\OneDrive\Desktop\Kern\data\raw\fonts\Koulen_regular.ttf,ok,170,170,0,170,0,
Zalando Sans SemiExpanded,Zalando_Sans_SemiExpanded_200,200,C:\Users\angel\OneDrive\Desktop\Kern\data\raw\fonts\Zalando_Sans_SemiExpanded_200.ttf,ok,201,2980,2779,201,0,
Zalando Sans SemiExpanded,Zalando_Sans_SemiExpanded_300,300,C:\Users\angel\OneDrive\Desktop\Kern\data\raw\fonts\Zalando_Sans_SemiExpanded_300.ttf,ok,212,2980,2768,212,0,
Zalando Sans SemiExpanded,Zalando_Sans_SemiExpanded_regular,regular,C:\Users\angel\OneDrive\Desktop\Kern\data\raw\fonts\Zalando_Sans_SemiExpanded_regular.ttf,ok,207,2980,2773,207,0,
Zalando Sans SemiExpanded,Zalando_Sans_SemiExpanded_500,500,C:\Users\angel\OneDrive\Desktop\Kern\data\raw\fonts\Zalando_Sans_SemiExpanded_500.ttf,ok,229,2980,2751,229,0,
Zalando Sans SemiExpanded,Zalando_Sans_SemiExpanded_600,600,C:\Users\angel\OneDrive\Desktop\Kern\data\raw\fonts\Zalando_Sans_SemiExpanded_600.ttf,ok,229,2980,2751,229,0,
Zalando Sans SemiExpanded,Zalando_Sans_SemiExpanded_700,700,C:\Users\angel\OneDrive\Desktop\Kern\data\raw\fonts\Zalando_Sans_SemiExpanded_700.ttf,ok,228,2980,2752,228,0,
Zalando Sans SemiExpanded,Zalando_Sans_SemiExpanded_800,800,C:\Users\angel\OneDrive\Desktop\Kern\data\raw\fonts\Zalando_Sans_SemiExpanded_800.ttf,ok,223,2980,2757,223,0,
Zalando Sans SemiExpanded,Zalando_Sans_SemiExpanded_900,900,C:\Users\angel\OneDrive\Desktop\Kern\data\raw\fonts\Zalando_Sans_SemiExpanded_900.ttf,ok,218,2980,2762,218,0,
Zalando Sans SemiExpanded,Zalando_Sans_SemiExpanded_200italic,200italic,C:\Users\angel\OneDrive\Desktop\Kern\data\raw\fonts\Zalando_Sans_SemiExpanded_200italic.ttf,ok,212,2980,2768,212,0,
Zalando Sans SemiExpanded,Zalando_Sans_SemiExpanded_300italic,300italic,C:\Users\angel\OneDrive\Desktop\Kern\data\raw\fonts\Zalando_Sans_SemiExpanded_300italic.ttf,ok,218,2980,2762,218,0,
Zalando Sans SemiExpanded,Zalando_Sans_SemiExpanded_italic,italic,C:\Users\angel\OneDrive\Desktop\Kern\data\raw\fonts\Zalando_Sans_SemiExpanded_italic.ttf,ok,216,2980,2764,216,0,
Zalando Sans SemiExpanded,Zalando_Sans_SemiExpanded_500italic,500italic,C:\Users\angel\OneDrive\Desktop\Kern\data\raw\fonts\Zalando_Sans_SemiExpanded_500italic.ttf,ok,237,2980,2743,237,0,
Zalando Sans SemiExpanded,Zalando_Sans_SemiExpanded_600italic,600italic,C:\Users\angel\OneDrive\Desktop\Kern\data\raw\fonts\Zalando_Sans_SemiExpanded_600italic.ttf,ok,241,2980,2739,241,0,
Zalando Sans SemiExpanded,Zalando_Sans_SemiExpanded_700italic,700italic,C:\Users\angel\OneDrive\Desktop\Kern\data\raw\fonts\Zalando_Sans_SemiExpanded_700italic.ttf,ok,240,2980,2740,240,0,
Zalando Sans SemiExpanded,Zalando_Sans_SemiExpanded_800italic,800italic,C:\Users\angel\OneDrive\Desktop\Kern\data\raw\fonts\Zalando_Sans_SemiExpanded_800italic.ttf,ok,233,2980,2747,233,0,
Zalando Sans SemiExpanded,Zalando_Sans_SemiExpanded_900italic,900italic,C:\Users\angel\OneDrive\Desktop\Kern\data\raw\fonts\Zalando_Sans_SemiExpanded_900italic.ttf,ok,228,2980,2752,228,0,
Mouse Memoirs,Mouse_Memoirs_regular,regular,C:\Users\angel\OneDrive\Desktop\Kern\data\raw\fonts\Mouse_Memoirs_regular.ttf,ok,60,230,170,60,0,
Tiro Devanagari Hindi,Tiro_Devanagari_Hindi_regular,regular,C:\Users\angel\OneDrive\Desktop\Kern\data\raw\fonts\Tiro_Devanagari_Hindi_regular.ttf,ok,11,2985,2974,11,0,
Tiro Devanagari Hindi,Tiro_Devanagari_Hindi_italic,italic,C:\Users\angel\OneDrive\Desktop\Kern\data\raw\fonts\Tiro_Devanagari_Hindi_italic.ttf,ok,59,3051,2992,59,0,
Hanuman,Hanuman_100,100,C:\Users\angel\OneDrive\Desktop\Kern\data\raw\fonts\Hanuman_100.ttf,ok,170,170,0,170,0,
Hanuman,Hanuman_200,200,C:\Users\angel\OneDrive\Desktop\Kern\data\raw\fonts\Hanuman_200.ttf,ok,170,170,0,170,0,
Hanuman,Hanuman_300,300,C:\Users\angel\OneDrive\Desktop\Kern\data\raw\fonts\Hanuman_300.ttf,ok,170,170,0,170,0,
Hanuman,Hanuman_regular,regular,C:\Users\angel\OneDrive\Desktop\Kern\data\raw\fonts\Hanuman_regular.ttf,ok,170,170,0,170,0,
Hanuman,Hanuman_500,500,C:\Users\angel\OneDrive\Desktop\Kern\data\raw\fonts\Hanuman_500.ttf,ok,170,170,0,170,0,
Hanuman,Hanuman_600,600,C:\Users\angel\OneDrive\Desktop\Kern\data\raw\fonts\Hanuman_600.ttf,ok,170,170,0,170,0,
Hanuman,Hanuman_700,700,C:\Users\angel\OneDrive\Desktop\Kern\data\raw\fonts\Hanuman_700.ttf,ok,170,170,0,170,0,
Hanuman,Hanuman_800,800,C:\Users\angel\OneDrive\Desktop\Kern\data\raw\fonts\Hanuman_800.ttf,ok,170,170,0,170,0,
Hanuman,Hanuman_900,900,C:\Users\angel\OneDrive\Desktop\Kern\data\raw\fonts\Hanuman_900.ttf,ok,170,170,0,170,0,
ZCOOL QingKe HuangYou,ZCOOL_QingKe_HuangYou_regular,regular,C:\Users\angel\OneDrive\Desktop\Kern\data\raw\fonts\ZCOOL_QingKe_HuangYou_regular.ttf,ok,0,0,0,0,0,
Playpen Sans,Playpen_Sans_100,100,C:\Users\angel\OneDrive\Desktop\Kern\data\raw\fonts\Playpen_Sans_100.ttf,ok,0,5408,5408,0,0,
Playpen Sans,Playpen_Sans_200,200,C:\Users\angel\OneDrive\Desktop\Kern\data\raw\fonts\Playpen_Sans_200.ttf,ok,0,5408,5408,0,0,
Playpen Sans,Playpen_Sans_300,300,C:\Users\angel\OneDrive\Desktop\Kern\data\raw\fonts\Playpen_Sans_300.ttf,ok,0,5408,5408,0,0,
Playpen Sans,Playpen_Sans_regular,regular,C:\Users\angel\OneDrive\Desktop\Kern\data\raw\fonts\Playpen_Sans_regular.ttf,ok,0,5408,5408,0,0,
Playpen Sans,Playpen_Sans_500,500,C:\Users\angel\OneDrive\Desktop\Kern\data\raw\fonts\Playpen_Sans_500.ttf,ok,0,5408,5408,0,0,
Playpen Sans,Playpen_Sans_600,600,C:\Users\angel\OneDrive\Desktop\Kern\data\raw\fonts\Playpen_Sans_600.ttf,ok,0,5408,5408,0,0,
Playpen Sans,Playpen_Sans_700,700,C:\Users\angel\OneDrive\Desktop\Kern\data\raw\fonts\Playpen_Sans_700.ttf,ok,0,5408,5408,0,0,
Playpen Sans,Playpen_Sans_800,800,C:\Users\angel\OneDrive\Desktop\Kern\data\raw\fonts\Playpen_Sans_800.ttf,ok,0,5408,5408,0,0,
Scada,Scada_regular,regular,C:\Users\angel\OneDrive\Desktop\Kern\data\raw\fonts\Scada_regular.ttf,ok,217,217,0,217,0,
Scada,Scada_italic,italic,C:\Users\angel\OneDrive\Desktop\Kern\data\raw\fonts\Scada_italic.ttf,ok,217,217,0,217,0,
Scada,Scada_700,700,C:\Users\angel\OneDrive\Desktop\Kern\data\raw\fonts\Scada_700.ttf,ok,217,217,0,217,0,
Scada,Scada_700italic,700italic,C:\Users\angel\OneDrive\Desktop\Kern\data\raw\fonts\Scada_700italic.ttf,ok,217,217,0,217,0,
Mountains of Christmas,Mountains_of_Christmas_regular,regular,C:\Users\angel\OneDrive\Desktop\Kern\data\raw\fonts\Mountains_of_Christmas_regular.ttf,ok,1579,1579,0,1579,0,
Mountains of Christmas,Mountains_of_Christmas_700,700,C:\Users\angel\OneDrive\Desktop\Kern\data\raw\fonts\Mountains_of_Christmas_700.ttf,ok,1555,1555,0,1555,0,
Zen Antique,Zen_Antique_regular,regular,C:\Users\angel\OneDrive\Desktop\Kern\data\raw\fonts\Zen_Antique_regular.ttf,ok,0,4,4,0,0,
Irish Grover,Irish_Grover_regular,regular,C:\Users\angel\OneDrive\Desktop\Kern\data\raw\fonts\Irish_Grover_regular.ttf,ok,262,262,0,262,0,
Mansalva,Mansalva_regular,regular,C:\Users\angel\OneDrive\Desktop\Kern\data\raw\fonts\Mansalva_regular.ttf,ok,127,484,357,127,0,
Rochester,Rochester_regular,regular,C:\Users\angel\OneDrive\Desktop\Kern\data\raw\fonts\Rochester_regular.ttf,ok,0,0,0,0,0,
Metamorphous,Metamorphous_regular,regular,C:\Users\angel\OneDrive\Desktop\Kern\data\raw\fonts\Metamorphous_regular.ttf,ok,0,0,0,0,0,
Bubblegum Sans,Bubblegum_Sans_regular,regular,C:\Users\angel\OneDrive\Desktop\Kern\data\raw\fonts\Bubblegum_Sans_regular.ttf,ok,691,691,0,691,0,
Copse,Copse_regular,regular,C:\Users\angel\OneDrive\Desktop\Kern\data\raw\fonts\Copse_regular.ttf,ok,926,1477,551,926,0,
Red Rose,Red_Rose_300,300,C:\Users\angel\OneDrive\Desktop\Kern\data\raw\fonts\Red_Rose_300.ttf,ok,1,301,300,1,0,
Red Rose,Red_Rose_regular,regular,C:\Users\angel\OneDrive\Desktop\Kern\data\raw\fonts\Red_Rose_regular.ttf,ok,1,301,300,1,0,
Red Rose,Red_Rose_500,500,C:\Users\angel\OneDrive\Desktop\Kern\data\raw\fonts\Red_Rose_500.ttf,ok,1,301,300,1,0,
Red Rose,Red_Rose_600,600,C:\Users\angel\OneDrive\Desktop\Kern\data\raw\fonts\Red_Rose_600.ttf,ok,1,301,300,1,0,
Red Rose,Red_Rose_700,700,C:\Users\angel\OneDrive\Desktop\Kern\data\raw\fonts\Red_Rose_700.ttf,ok,1,301,300,1,0,
Hahmlet,Hahmlet_100,100,C:\Users\angel\OneDrive\Desktop\Kern\data\raw\fonts\Hahmlet_100.ttf,ok,0,1,1,0,0,
Hahmlet,Hahmlet_200,200,C:\Users\angel\OneDrive\Desktop\Kern\data\raw\fonts\Hahmlet_200.ttf,ok,0,1,1,0,0,
Hahmlet,Hahmlet_300,300,C:\Users\angel\OneDrive\Desktop\Kern\data\raw\fonts\Hahmlet_300.ttf,ok,0,1,1,0,0,
Hahmlet,Hahmlet_regular,regular,C:\Users\angel\OneDrive\Desktop\Kern\data\raw\fonts\Hahmlet_regular.ttf,ok,0,1,1,0,0,
Hahmlet,Hahmlet_500,500,C:\Users\angel\OneDrive\Desktop\Kern\data\raw\fonts\Hahmlet_500.ttf,ok,0,1,1,0,0,
Hahmlet,Hahmlet_600,600,C:\Users\angel\OneDrive\Desktop\Kern\data\raw\fonts\Hahmlet_600.ttf,ok,0,1,1,0,0,
Hahmlet,Hahmlet_700,700,C:\Users\angel\OneDrive\Desktop\Kern\data\raw\fonts\Hahmlet_700.ttf,ok,0,1,1,0,0,
Hahmlet,Hahmlet_800,800,C:\Users\angel\OneDrive\Desktop\Kern\data\raw\fonts\Hahmlet_800.ttf,ok,0,1,1,0,0,
Hahmlet,Hahmlet_900,900,C:\Users\angel\OneDrive\Desktop\Kern\data\raw\fonts\Hahmlet_900.ttf,ok,0,1,1,0,0,
Marmelad,Marmelad_regular,regular,C:\Users\angel\OneDrive\Desktop\Kern\data\raw\fonts\Marmelad_regular.ttf,ok,0,154,154,0,0,
Farro,Farro_300,300,C:\Users\angel\OneDrive\Desktop\Kern\data\raw\fonts\Farro_300.ttf,ok,10,3381,3371,10,0,
Farro,Farro_regular,regular,C:\Users\angel\OneDrive\Desktop\Kern\data\raw\fonts\Farro_regular.ttf,ok,11,3382,3371,11,0,
Farro,Farro_500,500,C:\Users\angel\OneDrive\Desktop\Kern\data\raw\fonts\Farro_500.ttf,ok,11,3382,3371,11,0,
Farro,Farro_700,700,C:\Users\angel\OneDrive\Desktop\Kern\data\raw\fonts\Farro_700.ttf,ok,8,3450,3442,8,0,
Rakkas,Rakkas_regular,regular,C:\Users\angel\OneDrive\Desktop\Kern\data\raw\fonts\Rakkas_regular.ttf,ok,25,8965,8940,25,0,
David Libre,David_Libre_regular,regular,C:\Users\angel\OneDrive\Desktop\Kern\data\raw\fonts\David_Libre_regular.ttf,ok,0,5200,5200,0,0,
David Libre,David_Libre_500,500,C:\Users\angel\OneDrive\Desktop\Kern\data\raw\fonts\David_Libre_500.ttf,ok,0,5200,5200,0,0,
David Libre,David_Libre_700,700,C:\Users\angel\OneDrive\Desktop\Kern\data\raw\fonts\David_Libre_700.ttf,ok,0,5200,5200,0,0,
Kadwa,Kadwa_regular,regular,C:\Users\angel\OneDrive\Desktop\Kern\data\raw\fonts\Kadwa_regular.ttf,ok,0,272,272,0,0,
Kadwa,Kadwa_700,700,C:\Users\angel\OneDrive\Desktop\Kern\data\raw\fonts\Kadwa_700.ttf,ok,0,224,224,0,0,
Rouge Script,Rouge_Script_regular,regular,C:\Users\angel\OneDrive\Desktop\Kern\data\raw\fonts\Rouge_Script_regular.ttf,ok,1,1,0,1,0,
Prosto One,Prosto_One_regular,regular,C:\Users\angel\OneDrive\Desktop\Kern\data\raw\fonts\Prosto_One_regular.ttf,ok,451,451,0,451,0,
Manjari,Manjari_100,100,C:\Users\angel\OneDrive\Desktop\Kern\data\raw\fonts\Manjari_100.ttf,ok,0,6882,6882,0,0,
Manjari,Manjari_regular,regular,C:\Users\angel\OneDrive\Desktop\Kern\data\raw\fonts\Manjari_regular.ttf,ok,0,6882,6882,0,0,
Manjari,Manjari_700,700,C:\Users\angel\OneDrive\Desktop\Kern\data\raw\fonts\Manjari_700.ttf,ok,0,6882,6882,0,0,
Nova Square,Nova_Square_regular,regular,C:\Users\angel\OneDrive\Desktop\Kern\data\raw\fonts\Nova_Square_regular.ttf,ok,0,0,0,0,0,
KoHo,KoHo_200,200,C:\Users\angel\OneDrive\Desktop\Kern\data\raw\fonts\KoHo_200.ttf,ok,254,4534,4280,254,0,
KoHo,KoHo_200italic,200italic,C:\Users\angel\OneDrive\Desktop\Kern\data\raw\fonts\KoHo_200italic.ttf,ok,254,4534,4280,254,0,
KoHo,KoHo_300,300,C:\Users\angel\OneDrive\Desktop\Kern\data\raw\fonts\KoHo_300.ttf,ok,254,4534,4280,254,0,
KoHo,KoHo_300italic,300italic,C:\Users\angel\OneDrive\Desktop\Kern\data\raw\fonts\KoHo_300italic.ttf,ok,254,4534,4280,254,0,
KoHo,KoHo_regular,regular,C:\Users\angel\OneDrive\Desktop\Kern\data\raw\fonts\KoHo_regular.ttf,ok,252,4532,4280,252,0,
KoHo,KoHo_italic,italic,C:\Users\angel\OneDrive\Desktop\Kern\data\raw\fonts\KoHo_italic.ttf,ok,252,4532,4280,252,0,
KoHo,KoHo_500,500,C:\Users\angel\OneDrive\Desktop\Kern\data\raw\fonts\KoHo_500.ttf,ok,257,4532,4275,257,0,
KoHo,KoHo_500italic,500italic,C:\Users\angel\OneDrive\Desktop\Kern\data\raw\fonts\KoHo_500italic.ttf,ok,257,4532,4275,257,0,
KoHo,KoHo_600,600,C:\Users\angel\OneDrive\Desktop\Kern\data\raw\fonts\KoHo_600.ttf,ok,256,4532,4276,256,0,
KoHo,KoHo_600italic,600italic,C:\Users\angel\OneDrive\Desktop\Kern\data\raw\fonts\KoHo_600italic.ttf,ok,256,4532,4276,256,0,
KoHo,KoHo_700,700,C:\Users\angel\OneDrive\Desktop\Kern\data\raw\fonts\KoHo_700.ttf,ok,208,4482,4274,208,0,
KoHo,KoHo_700italic,700italic,C:\Users\angel\OneDrive\Desktop\Kern\data\raw\fonts\KoHo_700italic.ttf,ok,208,4482,4274,208,0,
Noto Sans Thai Looped,Noto_Sans_Thai_Looped_100,100,C:\Users\angel\OneDrive\Desktop\Kern\data\raw\fonts\Noto_Sans_Thai_Looped_100.ttf,ok,7,596,589,7,0,
Noto Sans Thai Looped,Noto_Sans_Thai_Looped_200,200,C:\Users\angel\OneDrive\Desktop\Kern\data\raw\fonts\Noto_Sans_Thai_Looped_200.ttf,ok,7,596,589,7,0,
Noto Sans Thai Looped,Noto_Sans_Thai_Looped_300,300,C:\Users\angel\OneDrive\Desktop\Kern\data\raw\fonts\Noto_Sans_Thai_Looped_300.ttf,ok,7,596,589,7,0,
Noto Sans Thai Looped,Noto_Sans_Thai_Looped_regular,regular,C:\Users\angel\OneDrive\Desktop\Kern\data\raw\fonts\Noto_Sans_Thai_Looped_regular.ttf,ok,7,596,589,7,0,
Noto Sans Thai Looped,Noto_Sans_Thai_Looped_500,500,C:\Users\angel\OneDrive\Desktop\Kern\data\raw\fonts\Noto_Sans_Thai_Looped_500.ttf,ok,7,596,589,7,0,
Noto Sans Thai Looped,Noto_Sans_Thai_Looped_600,600,C:\Users\angel\OneDrive\Desktop\Kern\data\raw\fonts\Noto_Sans_Thai_Looped_600.ttf,ok,7,596,589,7,0,
Noto Sans Thai Looped,Noto_Sans_Thai_Looped_700,700,C:\Users\angel\OneDrive\Desktop\Kern\data\raw\fonts\Noto_Sans_Thai_Looped_700.ttf,ok,7,596,589,7,0,
Noto Sans Thai Looped,Noto_Sans_Thai_Looped_800,800,C:\Users\angel\OneDrive\Desktop\Kern\data\raw\fonts\Noto_Sans_Thai_Looped_800.ttf,ok,7,596,589,7,0,
Noto Sans Thai Looped,Noto_Sans_Thai_Looped_900,900,C:\Users\angel\OneDrive\Desktop\Kern\data\raw\fonts\Noto_Sans_Thai_Looped_900.ttf,ok,7,596,589,7,0,
Boldonse,Boldonse_regular,regular,C:\Users\angel\OneDrive\Desktop\Kern\data\raw\fonts\Boldonse_regular.ttf,ok,120,3169,3049,120,0,
Supermercado One,Supermercado_One_regular,regular,C:\Users\angel\OneDrive\Desktop\Kern\data\raw\fonts\Supermercado_One_regular.ttf,ok,0,0,0,0,0,
Gowun Dodum,Gowun_Dodum_regular,regular,C:\Users\angel\OneDrive\Desktop\Kern\data\raw\fonts\Gowun_Dodum_regular.ttf,ok,0,195,195,0,0,
Bungee Spice,Bungee_Spice_regular,regular,C:\Users\angel\OneDrive\Desktop\Kern\data\raw\fonts\Bungee_Spice_regular.ttf,ok,0,5672,5672,0,0,
B612,B612_regular,regular,C:\Users\angel\OneDrive\Desktop\Kern\data\raw\fonts\B612_regular.ttf,ok,207,1929,1722,207,0,
B612,B612_italic,italic,C:\Users\angel\OneDrive\Desktop\Kern\data\raw\fonts\B612_italic.ttf,ok,232,1714,1482,232,0,
B612,B612_700,700,C:\Users\angel\OneDrive\Desktop\Kern\data\raw\fonts\B612_700.ttf,ok,215,1978,1763,215,0,
B612,B612_700italic,700italic,C:\Users\angel\OneDrive\Desktop\Kern\data\raw\fonts\B612_700italic.ttf,ok,291,1697,1406,291,0,
Gabriela,Gabriela_regular,regular,C:\Users\angel\OneDrive\Desktop\Kern\data\raw\fonts\Gabriela_regular.ttf,ok,8,787,779,8,0,
Bungee Inline,Bungee_Inline_regular,regular,C:\Users\angel\OneDrive\Desktop\Kern\data\raw\fonts\Bungee_Inline_regular.ttf,ok,0,5672,5672,0,0,
Asar,Asar_regular,regular,C:\Users\angel\OneDrive\Desktop\Kern\data\raw\fonts\Asar_regular.ttf,ok,0,0,0,0,0,
Baloo Chettan 2,Baloo_Chettan_2_regular,regular,C:\Users\angel\OneDrive\Desktop\Kern\data\raw\fonts\Baloo_Chettan_2_regular.ttf,ok,231,407,176,231,0,
Baloo Chettan 2,Baloo_Chettan_2_500,500,C:\Users\angel\OneDrive\Desktop\Kern\data\raw\fonts\Baloo_Chettan_2_500.ttf,ok,231,407,176,231,0,
Baloo Chettan 2,Baloo_Chettan_2_600,600,C:\Users\angel\OneDrive\Desktop\Kern\data\raw\fonts\Baloo_Chettan_2_600.ttf,ok,230,407,177,230,0,
Baloo Chettan 2,Baloo_Chettan_2_700,700,C:\Users\angel\OneDrive\Desktop\Kern\data\raw\fonts\Baloo_Chettan_2_700.ttf,ok,230,407,177,230,0,
Baloo Chettan 2,Baloo_Chettan_2_800,800,C:\Users\angel\OneDrive\Desktop\Kern\data\raw\fonts\Baloo_Chettan_2_800.ttf,ok,221,407,186,221,0,
Baloo Tamma 2,Baloo_Tamma_2_regular,regular,C:\Users\angel\OneDrive\Desktop\Kern\data\raw\fonts\Baloo_Tamma_2_regular.ttf,ok,231,407,176,231,0,
Baloo Tamma 2,Baloo_Tamma_2_500,500,C:\Users\angel\OneDrive\Desktop\Kern\data\raw\fonts\Baloo_Tamma_2_500.ttf,ok,231,407,176,231,0,
Baloo Tamma 2,Baloo_Tamma_2_600,600,C:\Users\angel\OneDrive\Desktop\Kern\data\raw\fonts\Baloo_Tamma_2_600.ttf,ok,230,407,177,230,0,
Baloo Tamma 2,Baloo_Tamma_2_700,700,C:\Users\angel\OneDrive\Desktop\Kern\data\raw\fonts\Baloo_Tamma_2_700.ttf,ok,231,407,176,231,0,
Baloo Tamma 2,Baloo_Tamma_2_800,800,C:\Users\angel\OneDrive\Desktop\Kern\data\raw\fonts\Baloo_Tamma_2_800.ttf,ok,221,407,186,221,0,
Qwigley,Qwigley_regular,regular,C:\Users\angel\OneDrive\Desktop\Kern\data\raw\fonts\Qwigley_regular.ttf,ok,201,201,0,201,0,
Vesper Libre,Vesper_Libre_regular,regular,C:\Users\angel\OneDrive\Desktop\Kern\data\raw\fonts\Vesper_Libre_regular.ttf,ok,24,3232,3208,24,0,
Vesper Libre,Vesper_Libre_500,500,C:\Users\angel\OneDrive\Desktop\Kern\data\raw\fonts\Vesper_Libre_500.ttf,ok,54,3210,3156,54,0,
Vesper Libre,Vesper_Libre_700,700,C:\Users\angel\OneDrive\Desktop\Kern\data\raw\fonts\Vesper_Libre_700.ttf,ok,54,3210,3156,54,0,
Vesper Libre,Vesper_Libre_900,900,C:\Users\angel\OneDrive\Desktop\Kern\data\raw\fonts\Vesper_Libre_900.ttf,ok,50,3390,3340,50,0,
Birthstone,Birthstone_regular,regular,C:\Users\angel\OneDrive\Desktop\Kern\data\raw\fonts\Birthstone_regular.ttf,ok,196,2499,2303,196,0,
Give You Glory,Give_You_Glory_regular,regular,C:\Users\angel\OneDrive\Desktop\Kern\data\raw\fonts\Give_You_Glory_regular.ttf,ok,0,0,0,0,0,
Baloo Bhaijaan 2,Baloo_Bhaijaan_2_regular,regular,C:\Users\angel\OneDrive\Desktop\Kern\data\raw\fonts\Baloo_Bhaijaan_2_regular.ttf,ok,261,5909,5648,261,0,
Baloo Bhaijaan 2,Baloo_Bhaijaan_2_500,500,C:\Users\angel\OneDrive\Desktop\Kern\data\raw\fonts\Baloo_Bhaijaan_2_500.ttf,ok,261,5909,5648,261,0,
Baloo Bhaijaan 2,Baloo_Bhaijaan_2_600,600,C:\Users\angel\OneDrive\Desktop\Kern\data\raw\fonts\Baloo_Bhaijaan_2_600.ttf,ok,260,5909,5649,260,0,
Baloo Bhaijaan 2,Baloo_Bhaijaan_2_700,700,C:\Users\angel\OneDrive\Desktop\Kern\data\raw\fonts\Baloo_Bhaijaan_2_700.ttf,ok,260,5909,5649,260,0,
Baloo Bhaijaan 2,Baloo_Bhaijaan_2_800,800,C:\Users\angel\OneDrive\Desktop\Kern\data\raw\fonts\Baloo_Bhaijaan_2_800.ttf,ok,250,5909,5659,250,0,
Scheherazade New,Scheherazade_New_regular,regular,C:\Users\angel\OneDrive\Desktop\Kern\data\raw\fonts\Scheherazade_New_regular.ttf,ok,0,2704,2704,0,0,
Scheherazade New,Scheherazade_New_500,500,C:\Users\angel\OneDrive\Desktop\Kern\data\raw\fonts\Scheherazade_New_500.ttf,ok,0,2704,2704,0,0,
Scheherazade New,Scheherazade_New_600,600,C:\Users\angel\OneDrive\Desktop\Kern\data\raw\fonts\Scheherazade_New_600.ttf,ok,0,2704,2704,0,0,
Scheherazade New,Scheherazade_New_700,700,C:\Users\angel\OneDrive\Desktop\Kern\data\raw\fonts\Scheherazade_New_700.ttf,ok,0,2704,2704,0,0,
Akatab,Akatab_regular,regular,C:\Users\angel\OneDrive\Desktop\Kern\data\raw\fonts\Akatab_regular.ttf,ok,0,0,0,0,0,
Akatab,Akatab_500,500,C:\Users\angel\OneDrive\Desktop\Kern\data\raw\fonts\Akatab_500.ttf,ok,0,0,0,0,0,
Akatab,Akatab_600,600,C:\Users\angel\OneDrive\Desktop\Kern\data\raw\fonts\Akatab_600.ttf,ok,0,0,0,0,0,
Akatab,Akatab_700,700,C:\Users\angel\OneDrive\Desktop\Kern\data\raw\fonts\Akatab_700.ttf,ok,0,0,0,0,0,
Akatab,Akatab_800,800,C:\Users\angel\OneDrive\Desktop\Kern\data\raw\fonts\Akatab_800.ttf,ok,0,0,0,0,0,
Akatab,Akatab_900,900,C:\Users\angel\OneDrive\Desktop\Kern\data\raw\fonts\Akatab_900.ttf,ok,0,0,0,0,0,
Miriam Libre,Miriam_Libre_regular,regular,C:\Users\angel\OneDrive\Desktop\Kern\data\raw\fonts\Miriam_Libre_regular.ttf,ok,0,5408,5408,0,0,
Miriam Libre,Miriam_Libre_500,500,C:\Users\angel\OneDrive\Desktop\Kern\data\raw\fonts\Miriam_Libre_500.ttf,ok,0,5408,5408,0,0,
Miriam Libre,Miriam_Libre_600,600,C:\Users\angel\OneDrive\Desktop\Kern\data\raw\fonts\Miriam_Libre_600.ttf,ok,0,5408,5408,0,0,
Miriam Libre,Miriam_Libre_700,700,C:\Users\angel\OneDrive\Desktop\Kern\data\raw\fonts\Miriam_Libre_700.ttf,ok,0,5408,5408,0,0,
Ruslan Display,Ruslan_Display_regular,regular,C:\Users\angel\OneDrive\Desktop\Kern\data\raw\fonts\Ruslan_Display_regular.ttf,ok,55,55,0,55,0,
Kaisei Opti,Kaisei_Opti_regular,regular,C:\Users\angel\OneDrive\Desktop\Kern\data\raw\fonts\Kaisei_Opti_regular.ttf,ok,0,0,0,0,0,
Kaisei Opti,Kaisei_Opti_500,500,C:\Users\angel\OneDrive\Desktop\Kern\data\raw\fonts\Kaisei_Opti_500.ttf,ok,0,0,0,0,0,
Kaisei Opti,Kaisei_Opti_700,700,C:\Users\angel\OneDrive\Desktop\Kern\data\raw\fonts\Kaisei_Opti_700.ttf,ok,0,0,0,0,0,
Oleo Script Swash Caps,Oleo_Script_Swash_Caps_regular,regular,C:\Users\angel\OneDrive\Desktop\Kern\data\raw\fonts\Oleo_Script_Swash_Caps_regular.ttf,ok,423,423,0,423,0,
Oleo Script Swash Caps,Oleo_Script_Swash_Caps_700,700,C:\Users\angel\OneDrive\Desktop\Kern\data\raw\fonts\Oleo_Script_Swash_Caps_700.ttf,ok,423,423,0,423,0,
Battambang,Battambang_100,100,C:\Users\angel\OneDrive\Desktop\Kern\data\raw\fonts\Battambang_100.ttf,ok,170,170,0,170,0,
Battambang,Battambang_300,300,C:\Users\angel\OneDrive\Desktop\Kern\data\raw\fonts\Battambang_300.ttf,ok,170,170,0,170,0,
Battambang,Battambang_regular,regular,C:\Users\angel\OneDrive\Desktop\Kern\data\raw\fonts\Battambang_regular.ttf,ok,170,170,0,170,0,
Battambang,Battambang_700,700,C:\Users\angel\OneDrive\Desktop\Kern\data\raw\fonts\Battambang_700.ttf,ok,170,170,0,170,0,
Battambang,Battambang_900,900,C:\Users\angel\OneDrive\Desktop\Kern\data\raw\fonts\Battambang_900.ttf,ok,170,170,0,170,0,
Rambla,Rambla_regular,regular,C:\Users\angel\OneDrive\Desktop\Kern\data\raw\fonts\Rambla_regular.ttf,ok,129,129,0,129,0,
Rambla,Rambla_italic,italic,C:\Users\angel\OneDrive\Desktop\Kern\data\raw\fonts\Rambla_italic.ttf,ok,130,130,0,130,0,
Rambla,Rambla_700,700,C:\Users\angel\OneDrive\Desktop\Kern\data\raw\fonts\Rambla_700.ttf,ok,156,156,0,156,0,
Rambla,Rambla_700italic,700italic,C:\Users\angel\OneDrive\Desktop\Kern\data\raw\fonts\Rambla_700italic.ttf,ok,152,152,0,152,0,
Aguafina Script,Aguafina_Script_regular,regular,C:\Users\angel\OneDrive\Desktop\Kern\data\raw\fonts\Aguafina_Script_regular.ttf,ok,104,104,0,104,0,
Rasa,Rasa_300,300,C:\Users\angel\OneDrive\Desktop\Kern\data\raw\fonts\Rasa_300.ttf,ok,83,94,11,83,0,
Rasa,Rasa_regular,regular,C:\Users\angel\OneDrive\Desktop\Kern\data\raw\fonts\Rasa_regular.ttf,ok,83,94,11,83,0,
Rasa,Rasa_500,500,C:\Users\angel\OneDrive\Desktop\Kern\data\raw\fonts\Rasa_500.ttf,ok,83,94,11,83,0,
Rasa,Rasa_600,600,C:\Users\angel\OneDrive\Desktop\Kern\data\raw\fonts\Rasa_600.ttf,ok,83,94,11,83,0,
Rasa,Rasa_700,700,C:\Users\angel\OneDrive\Desktop\Kern\data\raw\fonts\Rasa_700.ttf,ok,83,94,11,83,0,
Rasa,Rasa_300italic,300italic,C:\Users\angel\OneDrive\Desktop\Kern\data\raw\fonts\Rasa_300italic.ttf,ok,1,2,1,1,0,
Rasa,Rasa_italic,italic,C:\Users\angel\OneDrive\Desktop\Kern\data\raw\fonts\Rasa_italic.ttf,ok,1,2,1,1,0,
Rasa,Rasa_500italic,500italic,C:\Users\angel\OneDrive\Desktop\Kern\data\raw\fonts\Rasa_500italic.ttf,ok,1,2,1,1,0,
Rasa,Rasa_600italic,600italic,C:\Users\angel\OneDrive\Desktop\Kern\data\raw\fonts\Rasa_600italic.ttf,ok,1,2,1,1,0,
Rasa,Rasa_700italic,700italic,C:\Users\angel\OneDrive\Desktop\Kern\data\raw\fonts\Rasa_700italic.ttf,ok,1,2,1,1,0,
Jockey One,Jockey_One_regular,regular,C:\Users\angel\OneDrive\Desktop\Kern\data\raw\fonts\Jockey_One_regular.ttf,ok,147,432,285,147,0,
Croissant One,Croissant_One_regular,regular,C:\Users\angel\OneDrive\Desktop\Kern\data\raw\fonts\Croissant_One_regular.ttf,ok,11,1844,1833,11,0,
Teachers,Teachers_regular,regular,C:\Users\angel\OneDrive\Desktop\Kern\data\raw\fonts\Teachers_regular.ttf,ok,431,1733,1302,431,0,
Teachers,Teachers_500,500,C:\Users\angel\OneDrive\Desktop\Kern\data\raw\fonts\Teachers_500.ttf,ok,474,1733,1259,474,0,
Teachers,Teachers_600,600,C:\Users\angel\OneDrive\Desktop\Kern\data\raw\fonts\Teachers_600.ttf,ok,474,1733,1259,474,0,
Teachers,Teachers_700,700,C:\Users\angel\OneDrive\Desktop\Kern\data\raw\fonts\Teachers_700.ttf,ok,406,1733,1327,406,0,
Teachers,Teachers_800,800,C:\Users\angel\OneDrive\Desktop\Kern\data\raw\fonts\Teachers_800.ttf,ok,475,1733,1258,475,0,
Teachers,Teachers_italic,italic,C:\Users\angel\OneDrive\Desktop\Kern\data\raw\fonts\Teachers_italic.ttf,ok,431,1548,1117,431,0,
Teachers,Teachers_500italic,500italic,C:\Users\angel\OneDrive\Desktop\Kern\data\raw\fonts\Teachers_500italic.ttf,ok,474,1548,1074,474,0,
Teachers,Teachers_600italic,600italic,C:\Users\angel\OneDrive\Desktop\Kern\data\raw\fonts\Teachers_600italic.ttf,ok,474,1548,1074,474,0,
Teachers,Teachers_700italic,700italic,C:\Users\angel\OneDrive\Desktop\Kern\data\raw\fonts\Teachers_700italic.ttf,ok,406,1548,1142,406,0,
Teachers,Teachers_800italic,800italic,C:\Users\angel\OneDrive\Desktop\Kern\data\raw\fonts\Teachers_800italic.ttf,ok,475,1548,1073,475,0,
Noto Sans Ol Chiki,Noto_Sans_Ol_Chiki_regular,regular,C:\Users\angel\OneDrive\Desktop\Kern\data\raw\fonts\Noto_Sans_Ol_Chiki_regular.ttf,ok,7,501,494,7,0,
Noto Sans Ol Chiki,Noto_Sans_Ol_Chiki_500,500,C:\Users\angel\OneDrive\Desktop\Kern\data\raw\fonts\Noto_Sans_Ol_Chiki_500.ttf,ok,7,501,494,7,0,
Noto Sans Ol Chiki,Noto_Sans_Ol_Chiki_600,600,C:\Users\angel\OneDrive\Desktop\Kern\data\raw\fonts\Noto_Sans_Ol_Chiki_600.ttf,ok,7,501,494,7,0,
Noto Sans Ol Chiki,Noto_Sans_Ol_Chiki_700,700,C:\Users\angel\OneDrive\Desktop\Kern\data\raw\fonts\Noto_Sans_Ol_Chiki_700.ttf,ok,7,501,494,7,0,
Platypi,Platypi_300,300,C:\Users\angel\OneDrive\Desktop\Kern\data\raw\fonts\Platypi_300.ttf,ok,38,5469,5431,38,0,
Platypi,Platypi_regular,regular,C:\Users\angel\OneDrive\Desktop\Kern\data\raw\fonts\Platypi_regular.ttf,ok,40,5469,5429,40,0,
Platypi,Platypi_500,500,C:\Users\angel\OneDrive\Desktop\Kern\data\raw\fonts\Platypi_500.ttf,ok,41,5469,5428,41,0,
Platypi,Platypi_600,600,C:\Users\angel\OneDrive\Desktop\Kern\data\raw\fonts\Platypi_600.ttf,ok,40,5469,5429,40,0,
Platypi,Platypi_700,700,C:\Users\angel\OneDrive\Desktop\Kern\data\raw\fonts\Platypi_700.ttf,ok,40,5469,5429,40,0,
Platypi,Platypi_800,800,C:\Users\angel\OneDrive\Desktop\Kern\data\raw\fonts\Platypi_800.ttf,ok,37,5469,5432,37,0,
Platypi,Platypi_300italic,300italic,C:\Users\angel\OneDrive\Desktop\Kern\data\raw\fonts\Platypi_300italic.ttf,ok,38,5472,5434,38,0,
Platypi,Platypi_italic,italic,C:\Users\angel\OneDrive\Desktop\Kern\data\raw\fonts\Platypi_italic.ttf,ok,44,5472,5428,44,0,
Platypi,Platypi_500italic,500italic,C:\Users\angel\OneDrive\Desktop\Kern\data\raw\fonts\Platypi_500italic.ttf,ok,45,5472,5427,45,0,
Platypi,Platypi_600italic,600italic,C:\Users\angel\OneDrive\Desktop\Kern\data\raw\fonts\Platypi_600italic.ttf,ok,44,5472,5428,44,0,
Platypi,Platypi_700italic,700italic,C:\Users\angel\OneDrive\Desktop\Kern\data\raw\fonts\Platypi_700italic.ttf,ok,43,5472,5429,43,0,
Platypi,Platypi_800italic,800italic,C:\Users\angel\OneDrive\Desktop\Kern\data\raw\fonts\Platypi_800italic.ttf,ok,42,5472,5430,42,0,
TikTok Sans,TikTok_Sans_300,300,C:\Users\angel\OneDrive\Desktop\Kern\data\raw\fonts\TikTok_Sans_300.ttf,ok,31,2736,2705,31,0,
TikTok Sans,TikTok_Sans_regular,regular,C:\Users\angel\OneDrive\Desktop\Kern\data\raw\fonts\TikTok_Sans_regular.ttf,ok,32,2736,2704,32,0,
TikTok Sans,TikTok_Sans_500,500,C:\Users\angel\OneDrive\Desktop\Kern\data\raw\fonts\TikTok_Sans_500.ttf,ok,32,2736,2704,32,0,
TikTok Sans,TikTok_Sans_600,600,C:\Users\angel\OneDrive\Desktop\Kern\data\raw\fonts\TikTok_Sans_600.ttf,ok,32,2736,2704,32,0,
TikTok Sans,TikTok_Sans_700,700,C:\Users\angel\OneDrive\Desktop\Kern\data\raw\fonts\TikTok_Sans_700.ttf,ok,32,2736,2704,32,0,
TikTok Sans,TikTok_Sans_800,800,C:\Users\angel\OneDrive\Desktop\Kern\data\raw\fonts\TikTok_Sans_800.ttf,ok,32,2736,2704,32,0,
TikTok Sans,TikTok_Sans_900,900,C:\Users\angel\OneDrive\Desktop\Kern\data\raw\fonts\TikTok_Sans_900.ttf,ok,24,2736,2712,24,0,
Mr De Haviland,Mr_De_Haviland_regular,regular,C:\Users\angel\OneDrive\Desktop\Kern\data\raw\fonts\Mr_De_Haviland_regular.ttf,ok,131,131,0,131,0,
Kurale,Kurale_regular,regular,C:\Users\angel\OneDrive\Desktop\Kern\data\raw\fonts\Kurale_regular.ttf,ok,0,943,943,0,0,
Slackey,Slackey_regular,regular,C:\Users\angel\OneDrive\Desktop\Kern\data\raw\fonts\Slackey_regular.ttf,ok,145,145,0,145,0,
Vibur,Vibur_regular,regular,C:\Users\angel\OneDrive\Desktop\Kern\data\raw\fonts\Vibur_regular.ttf,ok,1048,1468,420,1048,0,
Average,Average_regular,regular,C:\Users\angel\OneDrive\Desktop\Kern\data\raw\fonts\Average_regular.ttf,ok,31,856,825,31,0,
Coustard,Coustard_regular,regular,C:\Users\angel\OneDrive\Desktop\Kern\data\raw\fonts\Coustard_regular.ttf,ok,0,1974,1974,0,0,
Coustard,Coustard_900,900,C:\Users\angel\OneDrive\Desktop\Kern\data\raw\fonts\Coustard_900.ttf,ok,0,2346,2346,0,0,
Carrois Gothic,Carrois_Gothic_regular,regular,C:\Users\angel\OneDrive\Desktop\Kern\data\raw\fonts\Carrois_Gothic_regular.ttf,ok,313,313,0,313,0,
Asul,Asul_regular,regular,C:\Users\angel\OneDrive\Desktop\Kern\data\raw\fonts\Asul_regular.ttf,ok,279,279,0,279,0,
Asul,Asul_700,700,C:\Users\angel\OneDrive\Desktop\Kern\data\raw\fonts\Asul_700.ttf,ok,288,288,0,288,0,
Yuji Syuku,Yuji_Syuku_regular,regular,C:\Users\angel\OneDrive\Desktop\Kern\data\raw\fonts\Yuji_Syuku_regular.ttf,ok,0,0,0,0,0,
Shantell Sans,Shantell_Sans_300,300,C:\Users\angel\OneDrive\Desktop\Kern\data\raw\fonts\Shantell_Sans_300.ttf,ok,174,247,73,174,0,
Shantell Sans,Shantell_Sans_regular,regular,C:\Users\angel\OneDrive\Desktop\Kern\data\raw\fonts\Shantell_Sans_regular.ttf,ok,219,247,28,219,0,
Shantell Sans,Shantell_Sans_500,500,C:\Users\angel\OneDrive\Desktop\Kern\data\raw\fonts\Shantell_Sans_500.ttf,ok,219,247,28,219,0,
Shantell Sans,Shantell_Sans_600,600,C:\Users\angel\OneDrive\Desktop\Kern\data\raw\fonts\Shantell_Sans_600.ttf,ok,220,247,27,220,0,
Shantell Sans,Shantell_Sans_700,700,C:\Users\angel\OneDrive\Desktop\Kern\data\raw\fonts\Shantell_Sans_700.ttf,ok,219,247,28,219,0,
Shantell Sans,Shantell_Sans_800,800,C:\Users\angel\OneDrive\Desktop\Kern\data\raw\fonts\Shantell_Sans_800.ttf,ok,172,247,75,172,0,
Shantell Sans,Shantell_Sans_300italic,300italic,C:\Users\angel\OneDrive\Desktop\Kern\data\raw\fonts\Shantell_Sans_300italic.ttf,ok,181,247,66,181,0,
Shantell Sans,Shantell_Sans_italic,italic,C:\Users\angel\OneDrive\Desktop\Kern\data\raw\fonts\Shantell_Sans_italic.ttf,ok,211,247,36,211,0,
Shantell Sans,Shantell_Sans_500italic,500italic,C:\Users\angel\OneDrive\Desktop\Kern\data\raw\fonts\Shantell_Sans_500italic.ttf,ok,218,247,29,218,0,
Shantell Sans,Shantell_Sans_600italic,600italic,C:\Users\angel\OneDrive\Desktop\Kern\data\raw\fonts\Shantell_Sans_600italic.ttf,ok,216,247,31,216,0,
Shantell Sans,Shantell_Sans_700italic,700italic,C:\Users\angel\OneDrive\Desktop\Kern\data\raw\fonts\Shantell_Sans_700italic.ttf,ok,215,247,32,215,0,
Shantell Sans,Shantell_Sans_800italic,800italic,C:\Users\angel\OneDrive\Desktop\Kern\data\raw\fonts\Shantell_Sans_800italic.ttf,ok,180,247,67,180,0,
Inclusive Sans,Inclusive_Sans_300,300,C:\Users\angel\OneDrive\Desktop\Kern\data\raw\fonts\Inclusive_Sans_300.ttf,ok,466,1746,1280,466,0,
Inclusive Sans,Inclusive_Sans_regular,regular,C:\Users\angel\OneDrive\Desktop\Kern\data\raw\fonts\Inclusive_Sans_regular.ttf,ok,511,1746,1235,511,0,
Inclusive Sans,Inclusive_Sans_500,500,C:\Users\angel\OneDrive\Desktop\Kern\data\raw\fonts\Inclusive_Sans_500.ttf,ok,734,1746,1012,734,0,
Inclusive Sans,Inclusive_Sans_600,600,C:\Users\angel\OneDrive\Desktop\Kern\data\raw\fonts\Inclusive_Sans_600.ttf,ok,733,1746,1013,733,0,
Inclusive Sans,Inclusive_Sans_700,700,C:\Users\angel\OneDrive\Desktop\Kern\data\raw\fonts\Inclusive_Sans_700.ttf,ok,563,1746,1183,563,0,
Inclusive Sans,Inclusive_Sans_300italic,300italic,C:\Users\angel\OneDrive\Desktop\Kern\data\raw\fonts\Inclusive_Sans_300italic.ttf,ok,491,1750,1259,491,0,
Inclusive Sans,Inclusive_Sans_italic,italic,C:\Users\angel\OneDrive\Desktop\Kern\data\raw\fonts\Inclusive_Sans_italic.ttf,ok,538,1750,1212,538,0,
Inclusive Sans,Inclusive_Sans_500italic,500italic,C:\Users\angel\OneDrive\Desktop\Kern\data\raw\fonts\Inclusive_Sans_500italic.ttf,ok,766,1750,984,766,0,
Inclusive Sans,Inclusive_Sans_600italic,600italic,C:\Users\angel\OneDrive\Desktop\Kern\data\raw\fonts\Inclusive_Sans_600italic.ttf,ok,765,1750,985,765,0,
Inclusive Sans,Inclusive_Sans_700italic,700italic,C:\Users\angel\OneDrive\Desktop\Kern\data\raw\fonts\Inclusive_Sans_700italic.ttf,ok,593,1750,1157,593,0,
Beth Ellen,Beth_Ellen_regular,regular,C:\Users\angel\OneDrive\Desktop\Kern\data\raw\fonts\Beth_Ellen_regular.ttf,ok,0,0,0,0,0,
IM Fell DW Pica,IM_Fell_DW_Pica_regular,regular,C:\Users\angel\OneDrive\Desktop\Kern\data\raw\fonts\IM_Fell_DW_Pica_regular.ttf,ok,945,945,0,945,0,
IM Fell DW Pica,IM_Fell_DW_Pica_italic,italic,C:\Users\angel\OneDrive\Desktop\Kern\data\raw\fonts\IM_Fell_DW_Pica_italic.ttf,ok,1054,1054,0,1054,0,
Quando,Quando_regular,regular,C:\Users\angel\OneDrive\Desktop\Kern\data\raw\fonts\Quando_regular.ttf,ok,0,0,0,0,0,
Sue Ellen Francisco,Sue_Ellen_Francisco_regular,regular,C:\Users\angel\OneDrive\Desktop\Kern\data\raw\fonts\Sue_Ellen_Francisco_regular.ttf,ok,0,0,0,0,0,
Reddit Sans Condensed,Reddit_Sans_Condensed_200,200,C:\Users\angel\OneDrive\Desktop\Kern\data\raw\fonts\Reddit_Sans_Condensed_200.ttf,ok,0,5408,5408,0,0,
Reddit Sans Condensed,Reddit_Sans_Condensed_300,300,C:\Users\angel\OneDrive\Desktop\Kern\data\raw\fonts\Reddit_Sans_Condensed_300.ttf,ok,0,5408,5408,0,0,
Reddit Sans Condensed,Reddit_Sans_Condensed_regular,regular,C:\Users\angel\OneDrive\Desktop\Kern\data\raw\fonts\Reddit_Sans_Condensed_regular.ttf,ok,0,5408,5408,0,0,
Reddit Sans Condensed,Reddit_Sans_Condensed_500,500,C:\Users\angel\OneDrive\Desktop\Kern\data\raw\fonts\Reddit_Sans_Condensed_500.ttf,ok,0,5408,5408,0,0,
Reddit Sans Condensed,Reddit_Sans_Condensed_600,600,C:\Users\angel\OneDrive\Desktop\Kern\data\raw\fonts\Reddit_Sans_Condensed_600.ttf,ok,0,5408,5408,0,0,
Reddit Sans Condensed,Reddit_Sans_Condensed_700,700,C:\Users\angel\OneDrive\Desktop\Kern\data\raw\fonts\Reddit_Sans_Condensed_700.ttf,ok,0,5408,5408,0,0,
Reddit Sans Condensed,Reddit_Sans_Condensed_800,800,C:\Users\angel\OneDrive\Desktop\Kern\data\raw\fonts\Reddit_Sans_Condensed_800.ttf,ok,0,5408,5408,0,0,
Reddit Sans Condensed,Reddit_Sans_Condensed_900,900,C:\Users\angel\OneDrive\Desktop\Kern\data\raw\fonts\Reddit_Sans_Condensed_900.ttf,ok,0,5408,5408,0,0,
Cherry Bomb One,Cherry_Bomb_One_regular,regular,C:\Users\angel\OneDrive\Desktop\Kern\data\raw\fonts\Cherry_Bomb_One_regular.ttf,ok,1447,2737,1290,1447,0,
Kodchasan,Kodchasan_200,200,C:\Users\angel\OneDrive\Desktop\Kern\data\raw\fonts\Kodchasan_200.ttf,ok,81,6093,6012,81,0,
Kodchasan,Kodchasan_200italic,200italic,C:\Users\angel\OneDrive\Desktop\Kern\data\raw\fonts\Kodchasan_200italic.ttf,ok,81,6093,6012,81,0,
Kodchasan,Kodchasan_300,300,C:\Users\angel\OneDrive\Desktop\Kern\data\raw\fonts\Kodchasan_300.ttf,ok,92,5920,5828,92,0,
Kodchasan,Kodchasan_300italic,300italic,C:\Users\angel\OneDrive\Desktop\Kern\data\raw\fonts\Kodchasan_300italic.ttf,ok,92,5920,5828,92,0,
Kodchasan,Kodchasan_regular,regular,C:\Users\angel\OneDrive\Desktop\Kern\data\raw\fonts\Kodchasan_regular.ttf,ok,92,5920,5828,92,0,
Kodchasan,Kodchasan_italic,italic,C:\Users\angel\OneDrive\Desktop\Kern\data\raw\fonts\Kodchasan_italic.ttf,ok,92,5920,5828,92,0,
Kodchasan,Kodchasan_500,500,C:\Users\angel\OneDrive\Desktop\Kern\data\raw\fonts\Kodchasan_500.ttf,ok,92,5920,5828,92,0,
Kodchasan,Kodchasan_500italic,500italic,C:\Users\angel\OneDrive\Desktop\Kern\data\raw\fonts\Kodchasan_500italic.ttf,ok,92,5920,5828,92,0,
Kodchasan,Kodchasan_600,600,C:\Users\angel\OneDrive\Desktop\Kern\data\raw\fonts\Kodchasan_600.ttf,ok,92,5920,5828,92,0,
Kodchasan,Kodchasan_600italic,600italic,C:\Users\angel\OneDrive\Desktop\Kern\data\raw\fonts\Kodchasan_600italic.ttf,ok,92,5920,5828,92,0,
Kodchasan,Kodchasan_700,700,C:\Users\angel\OneDrive\Desktop\Kern\data\raw\fonts\Kodchasan_700.ttf,ok,92,5920,5828,92,0,
Kodchasan,Kodchasan_700italic,700italic,C:\Users\angel\OneDrive\Desktop\Kern\data\raw\fonts\Kodchasan_700italic.ttf,ok,92,5920,5828,92,0,
Gaegu,Gaegu_300,300,C:\Users\angel\OneDrive\Desktop\Kern\data\raw\fonts\Gaegu_300.ttf,ok,0,0,0,0,0,
Gaegu,Gaegu_regular,regular,C:\Users\angel\OneDrive\Desktop\Kern\data\raw\fonts\Gaegu_regular.ttf,ok,0,0,0,0,0,
Gaegu,Gaegu_700,700,C:\Users\angel\OneDrive\Desktop\Kern\data\raw\fonts\Gaegu_700.ttf,ok,0,0,0,0,0,
Slabo 13px,Slabo_13px_regular,regular,C:\Users\angel\OneDrive\Desktop\Kern\data\raw\fonts\Slabo_13px_regular.ttf,ok,25,2137,2112,25,0,
Aref Ruqaa,Aref_Ruqaa_regular,regular,C:\Users\angel\OneDrive\Desktop\Kern\data\raw\fonts\Aref_Ruqaa_regular.ttf,ok,3,2707,2704,3,0,
Aref Ruqaa,Aref_Ruqaa_700,700,C:\Users\angel\OneDrive\Desktop\Kern\data\raw\fonts\Aref_Ruqaa_700.ttf,ok,0,2704,2704,0,0,
Baloo Bhai 2,Baloo_Bhai_2_regular,regular,C:\Users\angel\OneDrive\Desktop\Kern\data\raw\fonts\Baloo_Bhai_2_regular.ttf,ok,231,455,224,231,0,
Baloo Bhai 2,Baloo_Bhai_2_500,500,C:\Users\angel\OneDrive\Desktop\Kern\data\raw\fonts\Baloo_Bhai_2_500.ttf,ok,231,455,224,231,0,
Baloo Bhai 2,Baloo_Bhai_2_600,600,C:\Users\angel\OneDrive\Desktop\Kern\data\raw\fonts\Baloo_Bhai_2_600.ttf,ok,230,455,225,230,0,
Baloo Bhai 2,Baloo_Bhai_2_700,700,C:\Users\angel\OneDrive\Desktop\Kern\data\raw\fonts\Baloo_Bhai_2_700.ttf,ok,230,455,225,230,0,
Baloo Bhai 2,Baloo_Bhai_2_800,800,C:\Users\angel\OneDrive\Desktop\Kern\data\raw\fonts\Baloo_Bhai_2_800.ttf,ok,221,455,234,221,0,
Spectral SC,Spectral_SC_200,200,C:\Users\angel\OneDrive\Desktop\Kern\data\raw\fonts\Spectral_SC_200.ttf,ok,1,2705,2704,1,0,
Spectral SC,Spectral_SC_200italic,200italic,C:\Users\angel\OneDrive\Desktop\Kern\data\raw\fonts\Spectral_SC_200italic.ttf,ok,0,2709,2709,0,0,
Spectral SC,Spectral_SC_300,300,C:\Users\angel\OneDrive\Desktop\Kern\data\raw\fonts\Spectral_SC_300.ttf,ok,1,2705,2704,1,0,
Spectral SC,Spectral_SC_300italic,300italic,C:\Users\angel\OneDrive\Desktop\Kern\data\raw\fonts\Spectral_SC_300italic.ttf,ok,0,2704,2704,0,0,
Spectral SC,Spectral_SC_regular,regular,C:\Users\angel\OneDrive\Desktop\Kern\data\raw\fonts\Spectral_SC_regular.ttf,ok,0,2704,2704,0,0,
Spectral SC,Spectral_SC_italic,italic,C:\Users\angel\OneDrive\Desktop\Kern\data\raw\fonts\Spectral_SC_italic.ttf,ok,0,2704,2704,0,0,
Spectral SC,Spectral_SC_500,500,C:\Users\angel\OneDrive\Desktop\Kern\data\raw\fonts\Spectral_SC_500.ttf,ok,0,2704,2704,0,0,
Spectral SC,Spectral_SC_500italic,500italic,C:\Users\angel\OneDrive\Desktop\Kern\data\raw\fonts\Spectral_SC_500italic.ttf,ok,0,2704,2704,0,0,
Spectral SC,Spectral_SC_600,600,C:\Users\angel\OneDrive\Desktop\Kern\data\raw\fonts\Spectral_SC_600.ttf,ok,0,2704,2704,0,0,
Spectral SC,Spectral_SC_600italic,600italic,C:\Users\angel\OneDrive\Desktop\Kern\data\raw\fonts\Spectral_SC_600italic.ttf,ok,0,2704,2704,0,0,
Spectral SC,Spectral_SC_700,700,C:\Users\angel\OneDrive\Desktop\Kern\data\raw\fonts\Spectral_SC_700.ttf,ok,0,2704,2704,0,0,
Spectral SC,Spectral_SC_700italic,700italic,C:\Users\angel\OneDrive\Desktop\Kern\data\raw\fonts\Spectral_SC_700italic.ttf,ok,0,2704,2704,0,0,
Spectral SC,Spectral_SC_800,800,C:\Users\angel\OneDrive\Desktop\Kern\data\raw\fonts\Spectral_SC_800.ttf,ok,0,2752,2752,0,0,
Spectral SC,Spectral_SC_800italic,800italic,C:\Users\angel\OneDrive\Desktop\Kern\data\raw\fonts\Spectral_SC_800italic.ttf,ok,0,2704,2704,0,0,
Voltaire,Voltaire_regular,regular,C:\Users\angel\OneDrive\Desktop\Kern\data\raw\fonts\Voltaire_regular.ttf,ok,62,2812,2750,62,0,
Alike,Alike_regular,regular,C:\Users\angel\OneDrive\Desktop\Kern\data\raw\fonts\Alike_regular.ttf,ok,799,4111,3312,799,0,
Fauna One,Fauna_One_regular,regular,C:\Users\angel\OneDrive\Desktop\Kern\data\raw\fonts\Fauna_One_regular.ttf,ok,36,2186,2150,36,0,
Finger Paint,Finger_Paint_regular,regular,C:\Users\angel\OneDrive\Desktop\Kern\data\raw\fonts\Finger_Paint_regular.ttf,ok,318,318,0,318,0,
Cambay,Cambay_regular,regular,C:\Users\angel\OneDrive\Desktop\Kern\data\raw\fonts\Cambay_regular.ttf,ok,0,0,0,0,0,
Cambay,Cambay_italic,italic,C:\Users\angel\OneDrive\Desktop\Kern\data\raw\fonts\Cambay_italic.ttf,ok,0,0,0,0,0,
Cambay,Cambay_700,700,C:\Users\angel\OneDrive\Desktop\Kern\data\raw\fonts\Cambay_700.ttf,ok,0,0,0,0,0,
Cambay,Cambay_700italic,700italic,C:\Users\angel\OneDrive\Desktop\Kern\data\raw\fonts\Cambay_700italic.ttf,ok,0,0,0,0,0,
Sunflower,Sunflower_300,300,C:\Users\angel\OneDrive\Desktop\Kern\data\raw\fonts\Sunflower_300.ttf,ok,0,0,0,0,0,
Sunflower,Sunflower_500,500,C:\Users\angel\OneDrive\Desktop\Kern\data\raw\fonts\Sunflower_500.ttf,ok,0,0,0,0,0,
Sunflower,Sunflower_700,700,C:\Users\angel\OneDrive\Desktop\Kern\data\raw\fonts\Sunflower_700.ttf,ok,0,0,0,0,0,
Trocchi,Trocchi_regular,regular,C:\Users\angel\OneDrive\Desktop\Kern\data\raw\fonts\Trocchi_regular.ttf,ok,0,378,378,0,0,
Rubik Dirt,Rubik_Dirt_regular,regular,C:\Users\angel\OneDrive\Desktop\Kern\data\raw\fonts\Rubik_Dirt_regular.ttf,ok,223,5696,5473,223,0,
Gurajada,Gurajada_regular,regular,C:\Users\angel\OneDrive\Desktop\Kern\data\raw\fonts\Gurajada_regular.ttf,ok,0,0,0,0,0,
Bungee Shade,Bungee_Shade_regular,regular,C:\Users\angel\OneDrive\Desktop\Kern\data\raw\fonts\Bungee_Shade_regular.ttf,ok,0,5672,5672,0,0,
Galada,Galada_regular,regular,C:\Users\angel\OneDrive\Desktop\Kern\data\raw\fonts\Galada_regular.ttf,ok,95,95,0,95,0,
Contrail One,Contrail_One_regular,regular,C:\Users\angel\OneDrive\Desktop\Kern\data\raw\fonts\Contrail_One_regular.ttf,ok,0,0,0,0,0,
Sansita Swashed,Sansita_Swashed_300,300,C:\Users\angel\OneDrive\Desktop\Kern\data\raw\fonts\Sansita_Swashed_300.ttf,ok,6,7,1,6,0,
Sansita Swashed,Sansita_Swashed_regular,regular,C:\Users\angel\OneDrive\Desktop\Kern\data\raw\fonts\Sansita_Swashed_regular.ttf,ok,7,7,0,7,0,
Sansita Swashed,Sansita_Swashed_500,500,C:\Users\angel\OneDrive\Desktop\Kern\data\raw\fonts\Sansita_Swashed_500.ttf,ok,7,7,0,7,0,
Sansita Swashed,Sansita_Swashed_600,600,C:\Users\angel\OneDrive\Desktop\Kern\data\raw\fonts\Sansita_Swashed_600.ttf,ok,7,7,0,7,0,
Sansita Swashed,Sansita_Swashed_700,700,C:\Users\angel\OneDrive\Desktop\Kern\data\raw\fonts\Sansita_Swashed_700.ttf,ok,7,7,0,7,0,
Sansita Swashed,Sansita_Swashed_800,800,C:\Users\angel\OneDrive\Desktop\Kern\data\raw\fonts\Sansita_Swashed_800.ttf,ok,6,7,1,6,0,
Sansita Swashed,Sansita_Swashed_900,900,C:\Users\angel\OneDrive\Desktop\Kern\data\raw\fonts\Sansita_Swashed_900.ttf,ok,7,7,0,7,0,
Bilbo Swash Caps,Bilbo_Swash_Caps_regular,regular,C:\Users\angel\OneDrive\Desktop\Kern\data\raw\fonts\Bilbo_Swash_Caps_regular.ttf,ok,177,177,0,177,0,
Walter Turncoat,Walter_Turncoat_regular,regular,C:\Users\angel\OneDrive\Desktop\Kern\data\raw\fonts\Walter_Turncoat_regular.ttf,ok,295,295,0,295,0,
Gotu,Gotu_regular,regular,C:\Users\angel\OneDrive\Desktop\Kern\data\raw\fonts\Gotu_regular.ttf,ok,226,1126,900,226,0,
Inknut Antiqua,Inknut_Antiqua_300,300,C:\Users\angel\OneDrive\Desktop\Kern\data\raw\fonts\Inknut_Antiqua_300.ttf,ok,0,3236,3236,0,0,
Inknut Antiqua,Inknut_Antiqua_regular,regular,C:\Users\angel\OneDrive\Desktop\Kern\data\raw\fonts\Inknut_Antiqua_regular.ttf,ok,0,3384,3384,0,0,
Inknut Antiqua,Inknut_Antiqua_500,500,C:\Users\angel\OneDrive\Desktop\Kern\data\raw\fonts\Inknut_Antiqua_500.ttf,ok,0,3236,3236,0,0,
Inknut Antiqua,Inknut_Antiqua_600,600,C:\Users\angel\OneDrive\Desktop\Kern\data\raw\fonts\Inknut_Antiqua_600.ttf,ok,0,3236,3236,0,0,
Inknut Antiqua,Inknut_Antiqua_700,700,C:\Users\angel\OneDrive\Desktop\Kern\data\raw\fonts\Inknut_Antiqua_700.ttf,ok,0,3236,3236,0,0,
Inknut Antiqua,Inknut_Antiqua_800,800,C:\Users\angel\OneDrive\Desktop\Kern\data\raw\fonts\Inknut_Antiqua_800.ttf,ok,0,3236,3236,0,0,
Inknut Antiqua,Inknut_Antiqua_900,900,C:\Users\angel\OneDrive\Desktop\Kern\data\raw\fonts\Inknut_Antiqua_900.ttf,ok,0,3406,3406,0,0,
Mukta Mahee,Mukta_Mahee_200,200,C:\Users\angel\OneDrive\Desktop\Kern\data\raw\fonts\Mukta_Mahee_200.ttf,ok,132,13834,13702,132,0,
Mukta Mahee,Mukta_Mahee_300,300,C:\Users\angel\OneDrive\Desktop\Kern\data\raw\fonts\Mukta_Mahee_300.ttf,ok,132,13834,13702,132,0,
Mukta Mahee,Mukta_Mahee_regular,regular,C:\Users\angel\OneDrive\Desktop\Kern\data\raw\fonts\Mukta_Mahee_regular.ttf,ok,202,13843,13641,202,0,
Mukta Mahee,Mukta_Mahee_500,500,C:\Users\angel\OneDrive\Desktop\Kern\data\raw\fonts\Mukta_Mahee_500.ttf,ok,154,14014,13860,154,0,
Mukta Mahee,Mukta_Mahee_600,600,C:\Users\angel\OneDrive\Desktop\Kern\data\raw\fonts\Mukta_Mahee_600.ttf,ok,154,14014,13860,154,0,
Mukta Mahee,Mukta_Mahee_700,700,C:\Users\angel\OneDrive\Desktop\Kern\data\raw\fonts\Mukta_Mahee_700.ttf,ok,154,14014,13860,154,0,
Mukta Mahee,Mukta_Mahee_800,800,C:\Users\angel\OneDrive\Desktop\Kern\data\raw\fonts\Mukta_Mahee_800.ttf,ok,154,8606,8452,154,0,
Della Respira,Della_Respira_regular,regular,C:\Users\angel\OneDrive\Desktop\Kern\data\raw\fonts\Della_Respira_regular.ttf,ok,203,204,1,203,0,
Jaldi,Jaldi_regular,regular,C:\Users\angel\OneDrive\Desktop\Kern\data\raw\fonts\Jaldi_regular.ttf,ok,1,12442,12441,1,0,
Jaldi,Jaldi_700,700,C:\Users\angel\OneDrive\Desktop\Kern\data\raw\fonts\Jaldi_700.ttf,ok,1,12442,12441,1,0,
Square Peg,Square_Peg_regular,regular,C:\Users\angel\OneDrive\Desktop\Kern\data\raw\fonts\Square_Peg_regular.ttf,ok,37,375,338,37,0,
Rubik Doodle Shadow,Rubik_Doodle_Shadow_regular,regular,C:\Users\angel\OneDrive\Desktop\Kern\data\raw\fonts\Rubik_Doodle_Shadow_regular.ttf,ok,223,8400,8177,223,0,
Tienne,Tienne_regular,regular,C:\Users\angel\OneDrive\Desktop\Kern\data\raw\fonts\Tienne_regular.ttf,ok,0,2450,2450,0,0,
Tienne,Tienne_700,700,C:\Users\angel\OneDrive\Desktop\Kern\data\raw\fonts\Tienne_700.ttf,ok,0,2550,2550,0,0,
Tienne,Tienne_900,900,C:\Users\angel\OneDrive\Desktop\Kern\data\raw\fonts\Tienne_900.ttf,ok,18,2272,2254,18,0,
Comic Relief,Comic_Relief_regular,regular,C:\Users\angel\OneDrive\Desktop\Kern\data\raw\fonts\Comic_Relief_regular.ttf,ok,0,0,0,0,0,
Comic Relief,Comic_Relief_700,700,C:\Users\angel\OneDrive\Desktop\Kern\data\raw\fonts\Comic_Relief_700.ttf,ok,0,0,0,0,0,
Padauk,Padauk_regular,regular,C:\Users\angel\OneDrive\Desktop\Kern\data\raw\fonts\Padauk_regular.ttf,ok,0,5408,5408,0,0,
Padauk,Padauk_700,700,C:\Users\angel\OneDrive\Desktop\Kern\data\raw\fonts\Padauk_700.ttf,ok,0,5408,5408,0,0,
Viaoda Libre,Viaoda_Libre_regular,regular,C:\Users\angel\OneDrive\Desktop\Kern\data\raw\fonts\Viaoda_Libre_regular.ttf,ok,101,13533,13432,101,0,
Fontdiner Swanky,Fontdiner_Swanky_regular,regular,C:\Users\angel\OneDrive\Desktop\Kern\data\raw\fonts\Fontdiner_Swanky_regular.ttf,ok,928,928,0,928,0,
Sail,Sail_regular,regular,C:\Users\angel\OneDrive\Desktop\Kern\data\raw\fonts\Sail_regular.ttf,ok,128,128,0,128,0,
Piazzolla,Piazzolla_100,100,C:\Users\angel\OneDrive\Desktop\Kern\data\raw\fonts\Piazzolla_100.ttf,ok,0,0,0,0,0,
Piazzolla,Piazzolla_200,200,C:\Users\angel\OneDrive\Desktop\Kern\data\raw\fonts\Piazzolla_200.ttf,ok,0,0,0,0,0,
Piazzolla,Piazzolla_300,300,C:\Users\angel\OneDrive\Desktop\Kern\data\raw\fonts\Piazzolla_300.ttf,ok,0,0,0,0,0,
Piazzolla,Piazzolla_regular,regular,C:\Users\angel\OneDrive\Desktop\Kern\data\raw\fonts\Piazzolla_regular.ttf,ok,0,0,0,0,0,
Piazzolla,Piazzolla_500,500,C:\Users\angel\OneDrive\Desktop\Kern\data\raw\fonts\Piazzolla_500.ttf,ok,0,0,0,0,0,
Piazzolla,Piazzolla_600,600,C:\Users\angel\OneDrive\Desktop\Kern\data\raw\fonts\Piazzolla_600.ttf,ok,0,0,0,0,0,
Piazzolla,Piazzolla_700,700,C:\Users\angel\OneDrive\Desktop\Kern\data\raw\fonts\Piazzolla_700.ttf,ok,0,0,0,0,0,
Piazzolla,Piazzolla_800,800,C:\Users\angel\OneDrive\Desktop\Kern\data\raw\fonts\Piazzolla_800.ttf,ok,0,0,0,0,0,
Piazzolla,Piazzolla_900,900,C:\Users\angel\OneDrive\Desktop\Kern\data\raw\fonts\Piazzolla_900.ttf,ok,0,0,0,0,0,
Piazzolla,Piazzolla_100italic,100italic,C:\Users\angel\OneDrive\Desktop\Kern\data\raw\fonts\Piazzolla_100italic.ttf,ok,0,55,55,0,0,
Piazzolla,Piazzolla_200italic,200italic,C:\Users\angel\OneDrive\Desktop\Kern\data\raw\fonts\Piazzolla_200italic.ttf,ok,0,55,55,0,0,
Piazzolla,Piazzolla_300italic,300italic,C:\Users\angel\OneDrive\Desktop\Kern\data\raw\fonts\Piazzolla_300italic.ttf,ok,0,55,55,0,0,
Piazzolla,Piazzolla_italic,italic,C:\Users\angel\OneDrive\Desktop\Kern\data\raw\fonts\Piazzolla_italic.ttf,ok,0,55,55,0,0,
Piazzolla,Piazzolla_500italic,500italic,C:\Users\angel\OneDrive\Desktop\Kern\data\raw\fonts\Piazzolla_500italic.ttf,ok,0,55,55,0,0,
Piazzolla,Piazzolla_600italic,600italic,C:\Users\angel\OneDrive\Desktop\Kern\data\raw\fonts\Piazzolla_600italic.ttf,ok,0,55,55,0,0,
Piazzolla,Piazzolla_700italic,700italic,C:\Users\angel\OneDrive\Desktop\Kern\data\raw\fonts\Piazzolla_700italic.ttf,ok,0,55,55,0,0,
Piazzolla,Piazzolla_800italic,800italic,C:\Users\angel\OneDrive\Desktop\Kern\data\raw\fonts\Piazzolla_800italic.ttf,ok,0,55,55,0,0,
Piazzolla,Piazzolla_900italic,900italic,C:\Users\angel\OneDrive\Desktop\Kern\data\raw\fonts\Piazzolla_900italic.ttf,ok,0,55,55,0,0,
Vast Shadow,Vast_Shadow_regular,regular,C:\Users\angel\OneDrive\Desktop\Kern\data\raw\fonts\Vast_Shadow_regular.ttf,ok,0,0,0,0,0,
Poly,Poly_regular,regular,C:\Users\angel\OneDrive\Desktop\Kern\data\raw\fonts\Poly_regular.ttf,ok,0,0,0,0,0,
Poly,Poly_italic,italic,C:\Users\angel\OneDrive\Desktop\Kern\data\raw\fonts\Poly_italic.ttf,ok,0,0,0,0,0,
Zen Kurenaido,Zen_Kurenaido_regular,regular,C:\Users\angel\OneDrive\Desktop\Kern\data\raw\fonts\Zen_Kurenaido_regular.ttf,ok,4,82,78,4,0,
SUSE,SUSE_100,100,C:\Users\angel\OneDrive\Desktop\Kern\data\raw\fonts\SUSE_100.ttf,ok,333,3217,2884,333,0,
SUSE,SUSE_200,200,C:\Users\angel\OneDrive\Desktop\Kern\data\raw\fonts\SUSE_200.ttf,ok,433,3217,2784,433,0,
SUSE,SUSE_300,300,C:\Users\angel\OneDrive\Desktop\Kern\data\raw\fonts\SUSE_300.ttf,ok,434,3217,2783,434,0,
SUSE,SUSE_regular,regular,C:\Users\angel\OneDrive\Desktop\Kern\data\raw\fonts\SUSE_regular.ttf,ok,434,3217,2783,434,0,
SUSE,SUSE_500,500,C:\Users\angel\OneDrive\Desktop\Kern\data\raw\fonts\SUSE_500.ttf,ok,434,3217,2783,434,0,
SUSE,SUSE_600,600,C:\Users\angel\OneDrive\Desktop\Kern\data\raw\fonts\SUSE_600.ttf,ok,434,3217,2783,434,0,
SUSE,SUSE_700,700,C:\Users\angel\OneDrive\Desktop\Kern\data\raw\fonts\SUSE_700.ttf,ok,433,3217,2784,433,0,
SUSE,SUSE_800,800,C:\Users\angel\OneDrive\Desktop\Kern\data\raw\fonts\SUSE_800.ttf,ok,424,3217,2793,424,0,
SUSE,SUSE_900,900,C:\Users\angel\OneDrive\Desktop\Kern\data\raw\fonts\SUSE_900.ttf,ok,324,3217,2893,324,0,
SUSE,SUSE_100italic,100italic,C:\Users\angel\OneDrive\Desktop\Kern\data\raw\fonts\SUSE_100italic.ttf,ok,302,3192,2890,302,0,
SUSE,SUSE_200italic,200italic,C:\Users\angel\OneDrive\Desktop\Kern\data\raw\fonts\SUSE_200italic.ttf,ok,407,3192,2785,407,0,
SUSE,SUSE_300italic,300italic,C:\Users\angel\OneDrive\Desktop\Kern\data\raw\fonts\SUSE_300italic.ttf,ok,414,3192,2778,414,0,
SUSE,SUSE_italic,italic,C:\Users\angel\OneDrive\Desktop\Kern\data\raw\fonts\SUSE_italic.ttf,ok,414,3192,2778,414,0,
SUSE,SUSE_500italic,500italic,C:\Users\angel\OneDrive\Desktop\Kern\data\raw\fonts\SUSE_500italic.ttf,ok,414,3192,2778,414,0,
SUSE,SUSE_600italic,600italic,C:\Users\angel\OneDrive\Desktop\Kern\data\raw\fonts\SUSE_600italic.ttf,ok,414,3192,2778,414,0,
SUSE,SUSE_700italic,700italic,C:\Users\angel\OneDrive\Desktop\Kern\data\raw\fonts\SUSE_700italic.ttf,ok,414,3192,2778,414,0,
SUSE,SUSE_800italic,800italic,C:\Users\angel\OneDrive\Desktop\Kern\data\raw\fonts\SUSE_800italic.ttf,ok,399,3192,2793,399,0,
SUSE,SUSE_900italic,900italic,C:\Users\angel\OneDrive\Desktop\Kern\data\raw\fonts\SUSE_900italic.ttf,ok,311,3192,2881,311,0,
Mukta Vaani,Mukta_Vaani_200,200,C:\Users\angel\OneDrive\Desktop\Kern\data\raw\fonts\Mukta_Vaani_200.ttf,ok,132,3018,2886,132,0,
Mukta Vaani,Mukta_Vaani_300,300,C:\Users\angel\OneDrive\Desktop\Kern\data\raw\fonts\Mukta_Vaani_300.ttf,ok,132,3018,2886,132,0,
Mukta Vaani,Mukta_Vaani_regular,regular,C:\Users\angel\OneDrive\Desktop\Kern\data\raw\fonts\Mukta_Vaani_regular.ttf,ok,202,3027,2825,202,0,
Mukta Vaani,Mukta_Vaani_500,500,C:\Users\angel\OneDrive\Desktop\Kern\data\raw\fonts\Mukta_Vaani_500.ttf,ok,154,3198,3044,154,0,
Mukta Vaani,Mukta_Vaani_600,600,C:\Users\angel\OneDrive\Desktop\Kern\data\raw\fonts\Mukta_Vaani_600.ttf,ok,154,3198,3044,154,0,
Mukta Vaani,Mukta_Vaani_700,700,C:\Users\angel\OneDrive\Desktop\Kern\data\raw\fonts\Mukta_Vaani_700.ttf,ok,154,3198,3044,154,0,
Mukta Vaani,Mukta_Vaani_800,800,C:\Users\angel\OneDrive\Desktop\Kern\data\raw\fonts\Mukta_Vaani_800.ttf,ok,154,5902,5748,154,0,
Averia Sans Libre,Averia_Sans_Libre_300,300,C:\Users\angel\OneDrive\Desktop\Kern\data\raw\fonts\Averia_Sans_Libre_300.ttf,ok,1445,1445,0,1445,0,
Averia Sans Libre,Averia_Sans_Libre_300italic,300italic,C:\Users\angel\OneDrive\Desktop\Kern\data\raw\fonts\Averia_Sans_Libre_300italic.ttf,ok,1694,1694,0,1694,0,
Averia Sans Libre,Averia_Sans_Libre_regular,regular,C:\Users\angel\OneDrive\Desktop\Kern\data\raw\fonts\Averia_Sans_Libre_regular.ttf,ok,1435,1435,0,1435,0,
Averia Sans Libre,Averia_Sans_Libre_italic,italic,C:\Users\angel\OneDrive\Desktop\Kern\data\raw\fonts\Averia_Sans_Libre_italic.ttf,ok,1646,1646,0,1646,0,
Averia Sans Libre,Averia_Sans_Libre_700,700,C:\Users\angel\OneDrive\Desktop\Kern\data\raw\fonts\Averia_Sans_Libre_700.ttf,ok,1477,1477,0,1477,0,
Averia Sans Libre,Averia_Sans_Libre_700italic,700italic,C:\Users\angel\OneDrive\Desktop\Kern\data\raw\fonts\Averia_Sans_Libre_700italic.ttf,ok,1678,1678,0,1678,0,
Sansation,Sansation_300,300,C:\Users\angel\OneDrive\Desktop\Kern\data\raw\fonts\Sansation_300.ttf,ok,0,0,0,0,0,
Sansation,Sansation_300italic,300italic,C:\Users\angel\OneDrive\Desktop\Kern\data\raw\fonts\Sansation_300italic.ttf,ok,0,0,0,0,0,
Sansation,Sansation_regular,regular,C:\Users\angel\OneDrive\Desktop\Kern\data\raw\fonts\Sansation_regular.ttf,ok,0,0,0,0,0,
Sansation,Sansation_italic,italic,C:\Users\angel\OneDrive\Desktop\Kern\data\raw\fonts\Sansation_italic.ttf,ok,0,0,0,0,0,
Sansation,Sansation_700,700,C:\Users\angel\OneDrive\Desktop\Kern\data\raw\fonts\Sansation_700.ttf,ok,0,0,0,0,0,
Sansation,Sansation_700italic,700italic,C:\Users\angel\OneDrive\Desktop\Kern\data\raw\fonts\Sansation_700italic.ttf,ok,0,0,0,0,0,
Expletus Sans,Expletus_Sans_regular,regular,C:\Users\angel\OneDrive\Desktop\Kern\data\raw\fonts\Expletus_Sans_regular.ttf,ok,3,6,3,3,0,
Expletus Sans,Expletus_Sans_500,500,C:\Users\angel\OneDrive\Desktop\Kern\data\raw\fonts\Expletus_Sans_500.ttf,ok,6,6,0,6,0,
Expletus Sans,Expletus_Sans_600,600,C:\Users\angel\OneDrive\Desktop\Kern\data\raw\fonts\Expletus_Sans_600.ttf,ok,6,6,0,6,0,
Expletus Sans,Expletus_Sans_700,700,C:\Users\angel\OneDrive\Desktop\Kern\data\raw\fonts\Expletus_Sans_700.ttf,ok,4,6,2,4,0,
Expletus Sans,Expletus_Sans_italic,italic,C:\Users\angel\OneDrive\Desktop\Kern\data\raw\fonts\Expletus_Sans_italic.ttf,ok,3,6,3,3,0,
Expletus Sans,Expletus_Sans_500italic,500italic,C:\Users\angel\OneDrive\Desktop\Kern\data\raw\fonts\Expletus_Sans_500italic.ttf,ok,6,6,0,6,0,
Expletus Sans,Expletus_Sans_600italic,600italic,C:\Users\angel\OneDrive\Desktop\Kern\data\raw\fonts\Expletus_Sans_600italic.ttf,ok,6,6,0,6,0,
Expletus Sans,Expletus_Sans_700italic,700italic,C:\Users\angel\OneDrive\Desktop\Kern\data\raw\fonts\Expletus_Sans_700italic.ttf,ok,4,6,2,4,0,
Noto Serif Khojki,Noto_Serif_Khojki_regular,regular,C:\Users\angel\OneDrive\Desktop\Kern\data\raw\fonts\Noto_Serif_Khojki_regular.ttf,ok,5,5633,5628,5,0,
Noto Serif Khojki,Noto_Serif_Khojki_500,500,C:\Users\angel\OneDrive\Desktop\Kern\data\raw\fonts\Noto_Serif_Khojki_500.ttf,ok,5,5633,5628,5,0,
Noto Serif Khojki,Noto_Serif_Khojki_600,600,C:\Users\angel\OneDrive\Desktop\Kern\data\raw\fonts\Noto_Serif_Khojki_600.ttf,ok,5,5633,5628,5,0,
Noto Serif Khojki,Noto_Serif_Khojki_700,700,C:\Users\angel\OneDrive\Desktop\Kern\data\raw\fonts\Noto_Serif_Khojki_700.ttf,ok,5,5633,5628,5,0,
Euphoria Script,Euphoria_Script_regular,regular,C:\Users\angel\OneDrive\Desktop\Kern\data\raw\fonts\Euphoria_Script_regular.ttf,ok,0,0,0,0,0,
Crafty Girls,Crafty_Girls_regular,regular,C:\Users\angel\OneDrive\Desktop\Kern\data\raw\fonts\Crafty_Girls_regular.ttf,ok,123,123,0,123,0,
IM Fell Double Pica,IM_Fell_Double_Pica_regular,regular,C:\Users\angel\OneDrive\Desktop\Kern\data\raw\fonts\IM_Fell_Double_Pica_regular.ttf,ok,1094,1094,0,1094,0,
IM Fell Double Pica,IM_Fell_Double_Pica_italic,italic,C:\Users\angel\OneDrive\Desktop\Kern\data\raw\fonts\IM_Fell_Double_Pica_italic.ttf,ok,1027,1027,0,1027,0,
Happy Monkey,Happy_Monkey_regular,regular,C:\Users\angel\OneDrive\Desktop\Kern\data\raw\fonts\Happy_Monkey_regular.ttf,ok,407,1665,1258,407,0,
Delicious Handrawn,Delicious_Handrawn_regular,regular,C:\Users\angel\OneDrive\Desktop\Kern\data\raw\fonts\Delicious_Handrawn_regular.ttf,ok,143,328,185,143,0,
Tenali Ramakrishna,Tenali_Ramakrishna_regular,regular,C:\Users\angel\OneDrive\Desktop\Kern\data\raw\fonts\Tenali_Ramakrishna_regular.ttf,ok,0,0,0,0,0,
Amarante,Amarante_regular,regular,C:\Users\angel\OneDrive\Desktop\Kern\data\raw\fonts\Amarante_regular.ttf,ok,0,0,0,0,0,
Kalnia,Kalnia_100,100,C:\Users\angel\OneDrive\Desktop\Kern\data\raw\fonts\Kalnia_100.ttf,ok,0,2719,2719,0,0,
Kalnia,Kalnia_200,200,C:\Users\angel\OneDrive\Desktop\Kern\data\raw\fonts\Kalnia_200.ttf,ok,0,2719,2719,0,0,
Kalnia,Kalnia_300,300,C:\Users\angel\OneDrive\Desktop\Kern\data\raw\fonts\Kalnia_300.ttf,ok,0,2719,2719,0,0,
Kalnia,Kalnia_regular,regular,C:\Users\angel\OneDrive\Desktop\Kern\data\raw\fonts\Kalnia_regular.ttf,ok,0,2719,2719,0,0,
Kalnia,Kalnia_500,500,C:\Users\angel\OneDrive\Desktop\Kern\data\raw\fonts\Kalnia_500.ttf,ok,0,2719,2719,0,0,
Kalnia,Kalnia_600,600,C:\Users\angel\OneDrive\Desktop\Kern\data\raw\fonts\Kalnia_600.ttf,ok,0,2719,2719,0,0,
Kalnia,Kalnia_700,700,C:\Users\angel\OneDrive\Desktop\Kern\data\raw\fonts\Kalnia_700.ttf,ok,0,2719,2719,0,0,
Allan,Allan_regular,regular,C:\Users\angel\OneDrive\Desktop\Kern\data\raw\fonts\Allan_regular.ttf,ok,609,609,0,609,0,
Allan,Allan_700,700,C:\Users\angel\OneDrive\Desktop\Kern\data\raw\fonts\Allan_700.ttf,ok,254,254,0,254,0,
Mallanna,Mallanna_regular,regular,C:\Users\angel\OneDrive\Desktop\Kern\data\raw\fonts\Mallanna_regular.ttf,ok,0,0,0,0,0,
Vollkorn SC,Vollkorn_SC_regular,regular,C:\Users\angel\OneDrive\Desktop\Kern\data\raw\fonts\Vollkorn_SC_regular.ttf,ok,0,26863,26863,0,0,
Vollkorn SC,Vollkorn_SC_600,600,C:\Users\angel\OneDrive\Desktop\Kern\data\raw\fonts\Vollkorn_SC_600.ttf,ok,0,34740,34740,0,0,
Vollkorn SC,Vollkorn_SC_700,700,C:\Users\angel\OneDrive\Desktop\Kern\data\raw\fonts\Vollkorn_SC_700.ttf,ok,0,34740,34740,0,0,
Vollkorn SC,Vollkorn_SC_900,900,C:\Users\angel\OneDrive\Desktop\Kern\data\raw\fonts\Vollkorn_SC_900.ttf,ok,0,30010,30010,0,0,
Doppio One,Doppio_One_regular,regular,C:\Users\angel\OneDrive\Desktop\Kern\data\raw\fonts\Doppio_One_regular.ttf,ok,0,0,0,0,0,
Arima,Arima_100,100,C:\Users\angel\OneDrive\Desktop\Kern\data\raw\fonts\Arima_100.ttf,ok,95,333,238,95,0,
Arima,Arima_200,200,C:\Users\angel\OneDrive\Desktop\Kern\data\raw\fonts\Arima_200.ttf,ok,174,333,159,174,0,
Arima,Arima_300,300,C:\Users\angel\OneDrive\Desktop\Kern\data\raw\fonts\Arima_300.ttf,ok,178,333,155,178,0,
Arima,Arima_regular,regular,C:\Users\angel\OneDrive\Desktop\Kern\data\raw\fonts\Arima_regular.ttf,ok,178,333,155,178,0,
Arima,Arima_500,500,C:\Users\angel\OneDrive\Desktop\Kern\data\raw\fonts\Arima_500.ttf,ok,178,333,155,178,0,
Arima,Arima_600,600,C:\Users\angel\OneDrive\Desktop\Kern\data\raw\fonts\Arima_600.ttf,ok,178,333,155,178,0,
Arima,Arima_700,700,C:\Users\angel\OneDrive\Desktop\Kern\data\raw\fonts\Arima_700.ttf,ok,178,333,155,178,0,
Licorice,Licorice_regular,regular,C:\Users\angel\OneDrive\Desktop\Kern\data\raw\fonts\Licorice_regular.ttf,ok,125,1973,1848,125,0,
Denk One,Denk_One_regular,regular,C:\Users\angel\OneDrive\Desktop\Kern\data\raw\fonts\Denk_One_regular.ttf,ok,2065,2104,39,2065,0,
Coiny,Coiny_regular,regular,C:\Users\angel\OneDrive\Desktop\Kern\data\raw\fonts\Coiny_regular.ttf,ok,549,549,0,549,0,
Bigshot One,Bigshot_One_regular,regular,C:\Users\angel\OneDrive\Desktop\Kern\data\raw\fonts\Bigshot_One_regular.ttf,ok,267,267,0,267,0,
Molengo,Molengo_regular,regular,C:\Users\angel\OneDrive\Desktop\Kern\data\raw\fonts\Molengo_regular.ttf,ok,0,4788,4788,0,0,
League Script,League_Script_regular,regular,C:\Users\angel\OneDrive\Desktop\Kern\data\raw\fonts\League_Script_regular.ttf,ok,430,430,0,430,0,
Fanwood Text,Fanwood_Text_regular,regular,C:\Users\angel\OneDrive\Desktop\Kern\data\raw\fonts\Fanwood_Text_regular.ttf,ok,0,10935,10935,0,0,
Fanwood Text,Fanwood_Text_italic,italic,C:\Users\angel\OneDrive\Desktop\Kern\data\raw\fonts\Fanwood_Text_italic.ttf,ok,0,5594,5594,0,0,
Antic,Antic_regular,regular,C:\Users\angel\OneDrive\Desktop\Kern\data\raw\fonts\Antic_regular.ttf,ok,883,928,45,883,0,
Buenard,Buenard_regular,regular,C:\Users\angel\OneDrive\Desktop\Kern\data\raw\fonts\Buenard_regular.ttf,ok,0,0,0,0,0,
Buenard,Buenard_500,500,C:\Users\angel\OneDrive\Desktop\Kern\data\raw\fonts\Buenard_500.ttf,ok,0,0,0,0,0,
Buenard,Buenard_600,600,C:\Users\angel\OneDrive\Desktop\Kern\data\raw\fonts\Buenard_600.ttf,ok,0,0,0,0,0,
Buenard,Buenard_700,700,C:\Users\angel\OneDrive\Desktop\Kern\data\raw\fonts\Buenard_700.ttf,ok,0,0,0,0,0,
MonteCarlo,MonteCarlo_regular,regular,C:\Users\angel\OneDrive\Desktop\Kern\data\raw\fonts\MonteCarlo_regular.ttf,ok,120,120,0,120,0,
Gamja Flower,Gamja_Flower_regular,regular,C:\Users\angel\OneDrive\Desktop\Kern\data\raw\fonts\Gamja_Flower_regular.ttf,ok,0,0,0,0,0,
Jomhuria,Jomhuria_regular,regular,C:\Users\angel\OneDrive\Desktop\Kern\data\raw\fonts\Jomhuria_regular.ttf,ok,0,5408,5408,0,0,
Noto Sans Lao,Noto_Sans_Lao_100,100,C:\Users\angel\OneDrive\Desktop\Kern\data\raw\fonts\Noto_Sans_Lao_100.ttf,ok,7,501,494,7,0,
Noto Sans Lao,Noto_Sans_Lao_200,200,C:\Users\angel\OneDrive\Desktop\Kern\data\raw\fonts\Noto_Sans_Lao_200.ttf,ok,7,501,494,7,0,
Noto Sans Lao,Noto_Sans_Lao_300,300,C:\Users\angel\OneDrive\Desktop\Kern\data\raw\fonts\Noto_Sans_Lao_300.ttf,ok,7,501,494,7,0,
Noto Sans Lao,Noto_Sans_Lao_regular,regular,C:\Users\angel\OneDrive\Desktop\Kern\data\raw\fonts\Noto_Sans_Lao_regular.ttf,ok,7,501,494,7,0,
Noto Sans Lao,Noto_Sans_Lao_500,500,C:\Users\angel\OneDrive\Desktop\Kern\data\raw\fonts\Noto_Sans_Lao_500.ttf,ok,7,501,494,7,0,
Noto Sans Lao,Noto_Sans_Lao_600,600,C:\Users\angel\OneDrive\Desktop\Kern\data\raw\fonts\Noto_Sans_Lao_600.ttf,ok,7,501,494,7,0,
Noto Sans Lao,Noto_Sans_Lao_700,700,C:\Users\angel\OneDrive\Desktop\Kern\data\raw\fonts\Noto_Sans_Lao_700.ttf,ok,7,501,494,7,0,
Noto Sans Lao,Noto_Sans_Lao_800,800,C:\Users\angel\OneDrive\Desktop\Kern\data\raw\fonts\Noto_Sans_Lao_800.ttf,ok,7,501,494,7,0,
Noto Sans Lao,Noto_Sans_Lao_900,900,C:\Users\angel\OneDrive\Desktop\Kern\data\raw\fonts\Noto_Sans_Lao_900.ttf,ok,7,501,494,7,0,
Grape Nuts,Grape_Nuts_regular,regular,C:\Users\angel\OneDrive\Desktop\Kern\data\raw\fonts\Grape_Nuts_regular.ttf,ok,10,38,28,10,0,
Thasadith,Thasadith_regular,regular,C:\Users\angel\OneDrive\Desktop\Kern\data\raw\fonts\Thasadith_regular.ttf,ok,112,5140,5028,112,0,
Thasadith,Thasadith_italic,italic,C:\Users\angel\OneDrive\Desktop\Kern\data\raw\fonts\Thasadith_italic.ttf,ok,112,5140,5028,112,0,
Thasadith,Thasadith_700,700,C:\Users\angel\OneDrive\Desktop\Kern\data\raw\fonts\Thasadith_700.ttf,ok,112,5140,5028,112,0,
Thasadith,Thasadith_700italic,700italic,C:\Users\angel\OneDrive\Desktop\Kern\data\raw\fonts\Thasadith_700italic.ttf,ok,112,5140,5028,112,0,
Charmonman,Charmonman_regular,regular,C:\Users\angel\OneDrive\Desktop\Kern\data\raw\fonts\Charmonman_regular.ttf,ok,19,4479,4460,19,0,
Charmonman,Charmonman_700,700,C:\Users\angel\OneDrive\Desktop\Kern\data\raw\fonts\Charmonman_700.ttf,ok,20,4480,4460,20,0,
Redressed,Redressed_regular,regular,C:\Users\angel\OneDrive\Desktop\Kern\data\raw\fonts\Redressed_regular.ttf,ok,243,273,30,243,0,
Prociono,Prociono_regular,regular,C:\Users\angel\OneDrive\Desktop\Kern\data\raw\fonts\Prociono_regular.ttf,ok,0,3496,3496,0,0,
Brawler,Brawler_regular,regular,C:\Users\angel\OneDrive\Desktop\Kern\data\raw\fonts\Brawler_regular.ttf,ok,257,257,0,257,0,
Brawler,Brawler_700,700,C:\Users\angel\OneDrive\Desktop\Kern\data\raw\fonts\Brawler_700.ttf,ok,251,251,0,251,0,
Montez,Montez_regular,regular,C:\Users\angel\OneDrive\Desktop\Kern\data\raw\fonts\Montez_regular.ttf,ok,40,52,12,40,0,
The Girl Next Door,The_Girl_Next_Door_regular,regular,C:\Users\angel\OneDrive\Desktop\Kern\data\raw\fonts\The_Girl_Next_Door_regular.ttf,ok,0,0,0,0,0,
Zen Antique Soft,Zen_Antique_Soft_regular,regular,C:\Users\angel\OneDrive\Desktop\Kern\data\raw\fonts\Zen_Antique_Soft_regular.ttf,ok,0,4,4,0,0,
Kelly Slab,Kelly_Slab_regular,regular,C:\Users\angel\OneDrive\Desktop\Kern\data\raw\fonts\Kelly_Slab_regular.ttf,ok,394,394,0,394,0,
Mohave,Mohave_300,300,C:\Users\angel\OneDrive\Desktop\Kern\data\raw\fonts\Mohave_300.ttf,ok,58,666,608,58,0,
Mohave,Mohave_regular,regular,C:\Users\angel\OneDrive\Desktop\Kern\data\raw\fonts\Mohave_regular.ttf,ok,72,666,594,72,0,
Mohave,Mohave_500,500,C:\Users\angel\OneDrive\Desktop\Kern\data\raw\fonts\Mohave_500.ttf,ok,72,666,594,72,0,
Mohave,Mohave_600,600,C:\Users\angel\OneDrive\Desktop\Kern\data\raw\fonts\Mohave_600.ttf,ok,72,666,594,72,0,
Mohave,Mohave_700,700,C:\Users\angel\OneDrive\Desktop\Kern\data\raw\fonts\Mohave_700.ttf,ok,52,666,614,52,0,
Mohave,Mohave_300italic,300italic,C:\Users\angel\OneDrive\Desktop\Kern\data\raw\fonts\Mohave_300italic.ttf,ok,60,690,630,60,0,
Mohave,Mohave_italic,italic,C:\Users\angel\OneDrive\Desktop\Kern\data\raw\fonts\Mohave_italic.ttf,ok,74,690,616,74,0,
Mohave,Mohave_500italic,500italic,C:\Users\angel\OneDrive\Desktop\Kern\data\raw\fonts\Mohave_500italic.ttf,ok,74,690,616,74,0,
Mohave,Mohave_600italic,600italic,C:\Users\angel\OneDrive\Desktop\Kern\data\raw\fonts\Mohave_600italic.ttf,ok,74,690,616,74,0,
Mohave,Mohave_700italic,700italic,C:\Users\angel\OneDrive\Desktop\Kern\data\raw\fonts\Mohave_700italic.ttf,ok,53,690,637,53,0,
Asset,Asset_regular,regular,C:\Users\angel\OneDrive\Desktop\Kern\data\raw\fonts\Asset_regular.ttf,ok,41,2766,2725,41,0,
Artifika,Artifika_regular,regular,C:\Users\angel\OneDrive\Desktop\Kern\data\raw\fonts\Artifika_regular.ttf,ok,708,1476,768,708,0,
Cutive,Cutive_regular,regular,C:\Users\angel\OneDrive\Desktop\Kern\data\raw\fonts\Cutive_regular.ttf,ok,17,4229,4212,17,0,
Moon Dance,Moon_Dance_regular,regular,C:\Users\angel\OneDrive\Desktop\Kern\data\raw\fonts\Moon_Dance_regular.ttf,ok,46,559,513,46,0,
Numans,Numans_regular,regular,C:\Users\angel\OneDrive\Desktop\Kern\data\raw\fonts\Numans_regular.ttf,ok,363,363,0,363,0,
Anek Malayalam,Anek_Malayalam_100,100,C:\Users\angel\OneDrive\Desktop\Kern\data\raw\fonts\Anek_Malayalam_100.ttf,ok,43,46,3,43,0,
Anek Malayalam,Anek_Malayalam_200,200,C:\Users\angel\OneDrive\Desktop\Kern\data\raw\fonts\Anek_Malayalam_200.ttf,ok,46,46,0,46,0,
Anek Malayalam,Anek_Malayalam_300,300,C:\Users\angel\OneDrive\Desktop\Kern\data\raw\fonts\Anek_Malayalam_300.ttf,ok,46,46,0,46,0,
Anek Malayalam,Anek_Malayalam_regular,regular,C:\Users\angel\OneDrive\Desktop\Kern\data\raw\fonts\Anek_Malayalam_regular.ttf,ok,45,46,1,45,0,
Anek Malayalam,Anek_Malayalam_500,500,C:\Users\angel\OneDrive\Desktop\Kern\data\raw\fonts\Anek_Malayalam_500.ttf,ok,46,46,0,46,0,
Anek Malayalam,Anek_Malayalam_600,600,C:\Users\angel\OneDrive\Desktop\Kern\data\raw\fonts\Anek_Malayalam_600.ttf,ok,46,46,0,46,0,
Anek Malayalam,Anek_Malayalam_700,700,C:\Users\angel\OneDrive\Desktop\Kern\data\raw\fonts\Anek_Malayalam_700.ttf,ok,46,46,0,46,0,
Anek Malayalam,Anek_Malayalam_800,800,C:\Users\angel\OneDrive\Desktop\Kern\data\raw\fonts\Anek_Malayalam_800.ttf,ok,46,46,0,46,0,
Waterfall,Waterfall_regular,regular,C:\Users\angel\OneDrive\Desktop\Kern\data\raw\fonts\Waterfall_regular.ttf,ok,29,2129,2100,29,0,
Noto Serif Thai,Noto_Serif_Thai_100,100,C:\Users\angel\OneDrive\Desktop\Kern\data\raw\fonts\Noto_Serif_Thai_100.ttf,ok,5,5624,5619,5,0,
Noto Serif Thai,Noto_Serif_Thai_200,200,C:\Users\angel\OneDrive\Desktop\Kern\data\raw\fonts\Noto_Serif_Thai_200.ttf,ok,5,5624,5619,5,0,
Noto Serif Thai,Noto_Serif_Thai_300,300,C:\Users\angel\OneDrive\Desktop\Kern\data\raw\fonts\Noto_Serif_Thai_300.ttf,ok,5,5624,5619,5,0,
Noto Serif Thai,Noto_Serif_Thai_regular,regular,C:\Users\angel\OneDrive\Desktop\Kern\data\raw\fonts\Noto_Serif_Thai_regular.ttf,ok,5,5624,5619,5,0,
Noto Serif Thai,Noto_Serif_Thai_500,500,C:\Users\angel\OneDrive\Desktop\Kern\data\raw\fonts\Noto_Serif_Thai_500.ttf,ok,5,5624,5619,5,0,
Noto Serif Thai,Noto_Serif_Thai_600,600,C:\Users\angel\OneDrive\Desktop\Kern\data\raw\fonts\Noto_Serif_Thai_600.ttf,ok,5,5624,5619,5,0,
Noto Serif Thai,Noto_Serif_Thai_700,700,C:\Users\angel\OneDrive\Desktop\Kern\data\raw\fonts\Noto_Serif_Thai_700.ttf,ok,5,5624,5619,5,0,
Noto Serif Thai,Noto_Serif_Thai_800,800,C:\Users\angel\OneDrive\Desktop\Kern\data\raw\fonts\Noto_Serif_Thai_800.ttf,ok,5,5624,5619,5,0,
Noto Serif Thai,Noto_Serif_Thai_900,900,C:\Users\angel\OneDrive\Desktop\Kern\data\raw\fonts\Noto_Serif_Thai_900.ttf,ok,5,5624,5619,5,0,
Rubik Glitch,Rubik_Glitch_regular,regular,C:\Users\angel\OneDrive\Desktop\Kern\data\raw\fonts\Rubik_Glitch_regular.ttf,ok,223,5696,5473,223,0,
Capriola,Capriola_regular,regular,C:\Users\angel\OneDrive\Desktop\Kern\data\raw\fonts\Capriola_regular.ttf,ok,0,0,0,0,0,
Pompiere,Pompiere_regular,regular,C:\Users\angel\OneDrive\Desktop\Kern\data\raw\fonts\Pompiere_regular.ttf,ok,0,0,0,0,0,
Orelega One,Orelega_One_regular,regular,C:\Users\angel\OneDrive\Desktop\Kern\data\raw\fonts\Orelega_One_regular.ttf,ok,0,8,8,0,0,
Patrick Hand SC,Patrick_Hand_SC_regular,regular,C:\Users\angel\OneDrive\Desktop\Kern\data\raw\fonts\Patrick_Hand_SC_regular.ttf,ok,0,0,0,0,0,
Cambo,Cambo_regular,regular,C:\Users\angel\OneDrive\Desktop\Kern\data\raw\fonts\Cambo_regular.ttf,ok,110,110,0,110,0,
Codystar,Codystar_300,300,C:\Users\angel\OneDrive\Desktop\Kern\data\raw\fonts\Codystar_300.ttf,ok,0,0,0,0,0,
Codystar,Codystar_regular,regular,C:\Users\angel\OneDrive\Desktop\Kern\data\raw\fonts\Codystar_regular.ttf,ok,0,0,0,0,0,
Unkempt,Unkempt_regular,regular,C:\Users\angel\OneDrive\Desktop\Kern\data\raw\fonts\Unkempt_regular.ttf,ok,197,197,0,197,0,
Unkempt,Unkempt_700,700,C:\Users\angel\OneDrive\Desktop\Kern\data\raw\fonts\Unkempt_700.ttf,ok,0,0,0,0,0,
Shippori Antique,Shippori_Antique_regular,regular,C:\Users\angel\OneDrive\Desktop\Kern\data\raw\fonts\Shippori_Antique_regular.ttf,ok,0,0,0,0,0,
Nata Sans,Nata_Sans_100,100,C:\Users\angel\OneDrive\Desktop\Kern\data\raw\fonts\Nata_Sans_100.ttf,ok,3,2709,2706,3,0,
Nata Sans,Nata_Sans_200,200,C:\Users\angel\OneDrive\Desktop\Kern\data\raw\fonts\Nata_Sans_200.ttf,ok,3,2709,2706,3,0,
Nata Sans,Nata_Sans_300,300,C:\Users\angel\OneDrive\Desktop\Kern\data\raw\fonts\Nata_Sans_300.ttf,ok,3,2709,2706,3,0,
Nata Sans,Nata_Sans_regular,regular,C:\Users\angel\OneDrive\Desktop\Kern\data\raw\fonts\Nata_Sans_regular.ttf,ok,3,2709,2706,3,0,
Nata Sans,Nata_Sans_500,500,C:\Users\angel\OneDrive\Desktop\Kern\data\raw\fonts\Nata_Sans_500.ttf,ok,3,2709,2706,3,0,
Nata Sans,Nata_Sans_600,600,C:\Users\angel\OneDrive\Desktop\Kern\data\raw\fonts\Nata_Sans_600.ttf,ok,3,2709,2706,3,0,
Nata Sans,Nata_Sans_700,700,C:\Users\angel\OneDrive\Desktop\Kern\data\raw\fonts\Nata_Sans_700.ttf,ok,3,2709,2706,3,0,
Nata Sans,Nata_Sans_800,800,C:\Users\angel\OneDrive\Desktop\Kern\data\raw\fonts\Nata_Sans_800.ttf,ok,3,2709,2706,3,0,
Nata Sans,Nata_Sans_900,900,C:\Users\angel\OneDrive\Desktop\Kern\data\raw\fonts\Nata_Sans_900.ttf,ok,3,2709,2706,3,0,
Kablammo,Kablammo_regular,regular,C:\Users\angel\OneDrive\Desktop\Kern\data\raw\fonts\Kablammo_regular.ttf,ok,0,0,0,0,0,
Aladin,Aladin_regular,regular,C:\Users\angel\OneDrive\Desktop\Kern\data\raw\fonts\Aladin_regular.ttf,ok,269,269,0,269,0,
Noto Sans Symbols 2,Noto_Sans_Symbols_2_regular,regular,C:\Users\angel\OneDrive\Desktop\Kern\data\raw\fonts\Noto_Sans_Symbols_2_regular.ttf,ok,7,501,494,7,0,
Cherry Cream Soda,Cherry_Cream_Soda_regular,regular,C:\Users\angel\OneDrive\Desktop\Kern\data\raw\fonts\Cherry_Cream_Soda_regular.ttf,ok,377,377,0,377,0,
Inder,Inder_regular,regular,C:\Users\angel\OneDrive\Desktop\Kern\data\raw\fonts\Inder_regular.ttf,ok,0,0,0,0,0,
McLaren,McLaren_regular,regular,C:\Users\angel\OneDrive\Desktop\Kern\data\raw\fonts\McLaren_regular.ttf,ok,61,145,84,61,0,
Aoboshi One,Aoboshi_One_regular,regular,C:\Users\angel\OneDrive\Desktop\Kern\data\raw\fonts\Aoboshi_One_regular.ttf,ok,0,0,0,0,0,
Kranky,Kranky_regular,regular,C:\Users\angel\OneDrive\Desktop\Kern\data\raw\fonts\Kranky_regular.ttf,ok,202,202,0,202,0,
Sunshiney,Sunshiney_regular,regular,C:\Users\angel\OneDrive\Desktop\Kern\data\raw\fonts\Sunshiney_regular.ttf,ok,246,246,0,246,0,
Chathura,Chathura_100,100,C:\Users\angel\OneDrive\Desktop\Kern\data\raw\fonts\Chathura_100.ttf,ok,0,0,0,0,0,
Chathura,Chathura_300,300,C:\Users\angel\OneDrive\Desktop\Kern\data\raw\fonts\Chathura_300.ttf,ok,0,0,0,0,0,
Chathura,Chathura_regular,regular,C:\Users\angel\OneDrive\Desktop\Kern\data\raw\fonts\Chathura_regular.ttf,ok,0,0,0,0,0,
Chathura,Chathura_700,700,C:\Users\angel\OneDrive\Desktop\Kern\data\raw\fonts\Chathura_700.ttf,ok,0,0,0,0,0,
Chathura,Chathura_800,800,C:\Users\angel\OneDrive\Desktop\Kern\data\raw\fonts\Chathura_800.ttf,ok,0,0,0,0,0,
Henny Penny,Henny_Penny_regular,regular,C:\Users\angel\OneDrive\Desktop\Kern\data\raw\fonts\Henny_Penny_regular.ttf,ok,533,701,168,533,0,
Carattere,Carattere_regular,regular,C:\Users\angel\OneDrive\Desktop\Kern\data\raw\fonts\Carattere_regular.ttf,ok,13,2717,2704,13,0,
Ysabeau Office,Ysabeau_Office_100,100,C:\Users\angel\OneDrive\Desktop\Kern\data\raw\fonts\Ysabeau_Office_100.ttf,ok,2,8349,8347,2,0,
Ysabeau Office,Ysabeau_Office_200,200,C:\Users\angel\OneDrive\Desktop\Kern\data\raw\fonts\Ysabeau_Office_200.ttf,ok,2,8349,8347,2,0,
Ysabeau Office,Ysabeau_Office_300,300,C:\Users\angel\OneDrive\Desktop\Kern\data\raw\fonts\Ysabeau_Office_300.ttf,ok,2,8349,8347,2,0,
Ysabeau Office,Ysabeau_Office_regular,regular,C:\Users\angel\OneDrive\Desktop\Kern\data\raw\fonts\Ysabeau_Office_regular.ttf,ok,2,8349,8347,2,0,
Ysabeau Office,Ysabeau_Office_500,500,C:\Users\angel\OneDrive\Desktop\Kern\data\raw\fonts\Ysabeau_Office_500.ttf,ok,2,8349,8347,2,0,
Ysabeau Office,Ysabeau_Office_600,600,C:\Users\angel\OneDrive\Desktop\Kern\data\raw\fonts\Ysabeau_Office_600.ttf,ok,2,8349,8347,2,0,
Ysabeau Office,Ysabeau_Office_700,700,C:\Users\angel\OneDrive\Desktop\Kern\data\raw\fonts\Ysabeau_Office_700.ttf,ok,2,8349,8347,2,0,
Ysabeau Office,Ysabeau_Office_800,800,C:\Users\angel\OneDrive\Desktop\Kern\data\raw\fonts\Ysabeau_Office_800.ttf,ok,9,8349,8340,9,0,
Ysabeau Office,Ysabeau_Office_900,900,C:\Users\angel\OneDrive\Desktop\Kern\data\raw\fonts\Ysabeau_Office_900.ttf,ok,9,8349,8340,9,0,
Ysabeau Office,Ysabeau_Office_100italic,100italic,C:\Users\angel\OneDrive\Desktop\Kern\data\raw\fonts\Ysabeau_Office_100italic.ttf,ok,1,8147,8146,1,0,
Ysabeau Office,Ysabeau_Office_200italic,200italic,C:\Users\angel\OneDrive\Desktop\Kern\data\raw\fonts\Ysabeau_Office_200italic.ttf,ok,1,8147,8146,1,0,
Ysabeau Office,Ysabeau_Office_300italic,300italic,C:\Users\angel\OneDrive\Desktop\Kern\data\raw\fonts\Ysabeau_Office_300italic.ttf,ok,1,8147,8146,1,0,
Ysabeau Office,Ysabeau_Office_italic,italic,C:\Users\angel\OneDrive\Desktop\Kern\data\raw\fonts\Ysabeau_Office_italic.ttf,ok,1,8147,8146,1,0,
Ysabeau Office,Ysabeau_Office_500italic,500italic,C:\Users\angel\OneDrive\Desktop\Kern\data\raw\fonts\Ysabeau_Office_500italic.ttf,ok,1,8147,8146,1,0,
Ysabeau Office,Ysabeau_Office_600italic,600italic,C:\Users\angel\OneDrive\Desktop\Kern\data\raw\fonts\Ysabeau_Office_600italic.ttf,ok,1,8147,8146,1,0,
Ysabeau Office,Ysabeau_Office_700italic,700italic,C:\Users\angel\OneDrive\Desktop\Kern\data\raw\fonts\Ysabeau_Office_700italic.ttf,ok,1,8147,8146,1,0,
Ysabeau Office,Ysabeau_Office_800italic,800italic,C:\Users\angel\OneDrive\Desktop\Kern\data\raw\fonts\Ysabeau_Office_800italic.ttf,ok,1,8147,8146,1,0,
Ysabeau Office,Ysabeau_Office_900italic,900italic,C:\Users\angel\OneDrive\Desktop\Kern\data\raw\fonts\Ysabeau_Office_900italic.ttf,ok,1,8147,8146,1,0,
Shojumaru,Shojumaru_regular,regular,C:\Users\angel\OneDrive\Desktop\Kern\data\raw\fonts\Shojumaru_regular.ttf,ok,71,107,36,71,0,
Meie Script,Meie_Script_regular,regular,C:\Users\angel\OneDrive\Desktop\Kern\data\raw\fonts\Meie_Script_regular.ttf,ok,0,0,0,0,0,
STIX Two Math,STIX_Two_Math_regular,regular,C:\Users\angel\OneDrive\Desktop\Kern\data\raw\fonts\STIX_Two_Math_regular.ttf,ok,1,5607,5606,1,0,
Stick No Bills,Stick_No_Bills_200,200,C:\Users\angel\OneDrive\Desktop\Kern\data\raw\fonts\Stick_No_Bills_200.ttf,ok,0,0,0,0,0,
Stick No Bills,Stick_No_Bills_300,300,C:\Users\angel\OneDrive\Desktop\Kern\data\raw\fonts\Stick_No_Bills_300.ttf,ok,0,0,0,0,0,
Stick No Bills,Stick_No_Bills_regular,regular,C:\Users\angel\OneDrive\Desktop\Kern\data\raw\fonts\Stick_No_Bills_regular.ttf,ok,0,0,0,0,0,
Stick No Bills,Stick_No_Bills_500,500,C:\Users\angel\OneDrive\Desktop\Kern\data\raw\fonts\Stick_No_Bills_500.ttf,ok,0,0,0,0,0,
Stick No Bills,Stick_No_Bills_600,600,C:\Users\angel\OneDrive\Desktop\Kern\data\raw\fonts\Stick_No_Bills_600.ttf,ok,0,0,0,0,0,
Stick No Bills,Stick_No_Bills_700,700,C:\Users\angel\OneDrive\Desktop\Kern\data\raw\fonts\Stick_No_Bills_700.ttf,ok,0,0,0,0,0,
Stick No Bills,Stick_No_Bills_800,800,C:\Users\angel\OneDrive\Desktop\Kern\data\raw\fonts\Stick_No_Bills_800.ttf,ok,0,0,0,0,0,
Train One,Train_One_regular,regular,C:\Users\angel\OneDrive\Desktop\Kern\data\raw\fonts\Train_One_regular.ttf,ok,0,0,0,0,0,
Agdasima,Agdasima_regular,regular,C:\Users\angel\OneDrive\Desktop\Kern\data\raw\fonts\Agdasima_regular.ttf,ok,0,0,0,0,0,
Agdasima,Agdasima_700,700,C:\Users\angel\OneDrive\Desktop\Kern\data\raw\fonts\Agdasima_700.ttf,ok,0,0,0,0,0,
Freehand,Freehand_regular,regular,C:\Users\angel\OneDrive\Desktop\Kern\data\raw\fonts\Freehand_regular.ttf,ok,170,170,0,170,0,
Elsie,Elsie_regular,regular,C:\Users\angel\OneDrive\Desktop\Kern\data\raw\fonts\Elsie_regular.ttf,ok,0,0,0,0,0,
Elsie,Elsie_900,900,C:\Users\angel\OneDrive\Desktop\Kern\data\raw\fonts\Elsie_900.ttf,ok,0,0,0,0,0,
Iceberg,Iceberg_regular,regular,C:\Users\angel\OneDrive\Desktop\Kern\data\raw\fonts\Iceberg_regular.ttf,ok,0,0,0,0,0,
Frijole,Frijole_regular,regular,C:\Users\angel\OneDrive\Desktop\Kern\data\raw\fonts\Frijole_regular.ttf,ok,0,0,0,0,0,
Kufam,Kufam_regular,regular,C:\Users\angel\OneDrive\Desktop\Kern\data\raw\fonts\Kufam_regular.ttf,ok,0,5,5,0,0,
Kufam,Kufam_500,500,C:\Users\angel\OneDrive\Desktop\Kern\data\raw\fonts\Kufam_500.ttf,ok,0,5,5,0,0,
Kufam,Kufam_600,600,C:\Users\angel\OneDrive\Desktop\Kern\data\raw\fonts\Kufam_600.ttf,ok,0,5,5,0,0,
Kufam,Kufam_700,700,C:\Users\angel\OneDrive\Desktop\Kern\data\raw\fonts\Kufam_700.ttf,ok,0,5,5,0,0,
Kufam,Kufam_800,800,C:\Users\angel\OneDrive\Desktop\Kern\data\raw\fonts\Kufam_800.ttf,ok,0,5,5,0,0,
Kufam,Kufam_900,900,C:\Users\angel\OneDrive\Desktop\Kern\data\raw\fonts\Kufam_900.ttf,ok,0,5,5,0,0,
Kufam,Kufam_italic,italic,C:\Users\angel\OneDrive\Desktop\Kern\data\raw\fonts\Kufam_italic.ttf,ok,0,6,6,0,0,
Kufam,Kufam_500italic,500italic,C:\Users\angel\OneDrive\Desktop\Kern\data\raw\fonts\Kufam_500italic.ttf,ok,1,6,5,1,0,
Kufam,Kufam_600italic,600italic,C:\Users\angel\OneDrive\Desktop\Kern\data\raw\fonts\Kufam_600italic.ttf,ok,1,6,5,1,0,
Kufam,Kufam_700italic,700italic,C:\Users\angel\OneDrive\Desktop\Kern\data\raw\fonts\Kufam_700italic.ttf,ok,1,6,5,1,0,
Kufam,Kufam_800italic,800italic,C:\Users\angel\OneDrive\Desktop\Kern\data\raw\fonts\Kufam_800italic.ttf,ok,1,6,5,1,0,
Kufam,Kufam_900italic,900italic,C:\Users\angel\OneDrive\Desktop\Kern\data\raw\fonts\Kufam_900italic.ttf,ok,1,6,5,1,0,
Just Me Again Down Here,Just_Me_Again_Down_Here_regular,regular,C:\Users\angel\OneDrive\Desktop\Kern\data\raw\fonts\Just_Me_Again_Down_Here_regular.ttf,ok,0,0,0,0,0,
Noto Serif HK,Noto_Serif_HK_200,200,C:\Users\angel\OneDrive\Desktop\Kern\data\raw\fonts\Noto_Serif_HK_200.ttf,ok,16,8131,8115,16,0,
Noto Serif HK,Noto_Serif_HK_300,300,C:\Users\angel\OneDrive\Desktop\Kern\data\raw\fonts\Noto_Serif_HK_300.ttf,ok,19,8131,8112,19,0,
Noto Serif HK,Noto_Serif_HK_regular,regular,C:\Users\angel\OneDrive\Desktop\Kern\data\raw\fonts\Noto_Serif_HK_regular.ttf,ok,19,8131,8112,19,0,
Noto Serif HK,Noto_Serif_HK_500,500,C:\Users\angel\OneDrive\Desktop\Kern\data\raw\fonts\Noto_Serif_HK_500.ttf,ok,19,8131,8112,19,0,
Noto Serif HK,Noto_Serif_HK_600,600,C:\Users\angel\OneDrive\Desktop\Kern\data\raw\fonts\Noto_Serif_HK_600.ttf,ok,19,8131,8112,19,0,
Noto Serif HK,Noto_Serif_HK_700,700,C:\Users\angel\OneDrive\Desktop\Kern\data\raw\fonts\Noto_Serif_HK_700.ttf,ok,19,8131,8112,19,0,
Noto Serif HK,Noto_Serif_HK_800,800,C:\Users\angel\OneDrive\Desktop\Kern\data\raw\fonts\Noto_Serif_HK_800.ttf,ok,19,8131,8112,19,0,
Noto Serif HK,Noto_Serif_HK_900,900,C:\Users\angel\OneDrive\Desktop\Kern\data\raw\fonts\Noto_Serif_HK_900.ttf,ok,18,8131,8113,18,0,
Oregano,Oregano_regular,regular,C:\Users\angel\OneDrive\Desktop\Kern\data\raw\fonts\Oregano_regular.ttf,ok,0,175,175,0,0,
Oregano,Oregano_italic,italic,C:\Users\angel\OneDrive\Desktop\Kern\data\raw\fonts\Oregano_italic.ttf,ok,7,55,48,7,0,
New Rocker,New_Rocker_regular,regular,C:\Users\angel\OneDrive\Desktop\Kern\data\raw\fonts\New_Rocker_regular.ttf,ok,27,27,0,27,0,
Atma,Atma_300,300,C:\Users\angel\OneDrive\Desktop\Kern\data\raw\fonts\Atma_300.ttf,ok,0,0,0,0,0,
Atma,Atma_regular,regular,C:\Users\angel\OneDrive\Desktop\Kern\data\raw\fonts\Atma_regular.ttf,ok,0,0,0,0,0,
Atma,Atma_500,500,C:\Users\angel\OneDrive\Desktop\Kern\data\raw\fonts\Atma_500.ttf,ok,0,0,0,0,0,
Atma,Atma_600,600,C:\Users\angel\OneDrive\Desktop\Kern\data\raw\fonts\Atma_600.ttf,ok,0,0,0,0,0,
Atma,Atma_700,700,C:\Users\angel\OneDrive\Desktop\Kern\data\raw\fonts\Atma_700.ttf,ok,0,0,0,0,0,
Road Rage,Road_Rage_regular,regular,C:\Users\angel\OneDrive\Desktop\Kern\data\raw\fonts\Road_Rage_regular.ttf,ok,68,68,0,68,0,
Imprima,Imprima_regular,regular,C:\Users\angel\OneDrive\Desktop\Kern\data\raw\fonts\Imprima_regular.ttf,ok,35,1737,1702,35,0,
Song Myung,Song_Myung_regular,regular,C:\Users\angel\OneDrive\Desktop\Kern\data\raw\fonts\Song_Myung_regular.ttf,ok,0,0,0,0,0,
Lily Script One,Lily_Script_One_regular,regular,C:\Users\angel\OneDrive\Desktop\Kern\data\raw\fonts\Lily_Script_One_regular.ttf,ok,0,1710,1710,0,0,
Julee,Julee_regular,regular,C:\Users\angel\OneDrive\Desktop\Kern\data\raw\fonts\Julee_regular.ttf,ok,6,1308,1302,6,0,
Holtwood One SC,Holtwood_One_SC_regular,regular,C:\Users\angel\OneDrive\Desktop\Kern\data\raw\fonts\Holtwood_One_SC_regular.ttf,ok,60,2892,2832,60,0,
Wire One,Wire_One_regular,regular,C:\Users\angel\OneDrive\Desktop\Kern\data\raw\fonts\Wire_One_regular.ttf,ok,312,1144,832,312,0,
Madimi One,Madimi_One_regular,regular,C:\Users\angel\OneDrive\Desktop\Kern\data\raw\fonts\Madimi_One_regular.ttf,ok,113,2850,2737,113,0,
Dynalight,Dynalight_regular,regular,C:\Users\angel\OneDrive\Desktop\Kern\data\raw\fonts\Dynalight_regular.ttf,ok,8,240,232,8,0,
Rubik Bubbles,Rubik_Bubbles_regular,regular,C:\Users\angel\OneDrive\Desktop\Kern\data\raw\fonts\Rubik_Bubbles_regular.ttf,ok,223,5696,5473,223,0,
Gluten,Gluten_100,100,C:\Users\angel\OneDrive\Desktop\Kern\data\raw\fonts\Gluten_100.ttf,ok,4,808,804,4,0,
Gluten,Gluten_200,200,C:\Users\angel\OneDrive\Desktop\Kern\data\raw\fonts\Gluten_200.ttf,ok,4,808,804,4,0,
Gluten,Gluten_300,300,C:\Users\angel\OneDrive\Desktop\Kern\data\raw\fonts\Gluten_300.ttf,ok,4,808,804,4,0,
Gluten,Gluten_regular,regular,C:\Users\angel\OneDrive\Desktop\Kern\data\raw\fonts\Gluten_regular.ttf,ok,4,808,804,4,0,
Gluten,Gluten_500,500,C:\Users\angel\OneDrive\Desktop\Kern\data\raw\fonts\Gluten_500.ttf,ok,4,808,804,4,0,
Gluten,Gluten_600,600,C:\Users\angel\OneDrive\Desktop\Kern\data\raw\fonts\Gluten_600.ttf,ok,4,808,804,4,0,
Gluten,Gluten_700,700,C:\Users\angel\OneDrive\Desktop\Kern\data\raw\fonts\Gluten_700.ttf,ok,4,808,804,4,0,
Gluten,Gluten_800,800,C:\Users\angel\OneDrive\Desktop\Kern\data\raw\fonts\Gluten_800.ttf,ok,4,808,804,4,0,
Gluten,Gluten_900,900,C:\Users\angel\OneDrive\Desktop\Kern\data\raw\fonts\Gluten_900.ttf,ok,4,808,804,4,0,
Puritan,Puritan_regular,regular,C:\Users\angel\OneDrive\Desktop\Kern\data\raw\fonts\Puritan_regular.ttf,ok,0,0,0,0,0,
Puritan,Puritan_italic,italic,C:\Users\angel\OneDrive\Desktop\Kern\data\raw\fonts\Puritan_italic.ttf,ok,0,0,0,0,0,
Puritan,Puritan_700,700,C:\Users\angel\OneDrive\Desktop\Kern\data\raw\fonts\Puritan_700.ttf,ok,0,0,0,0,0,
Puritan,Puritan_700italic,700italic,C:\Users\angel\OneDrive\Desktop\Kern\data\raw\fonts\Puritan_700italic.ttf,ok,0,0,0,0,0,
Modak,Modak_regular,regular,C:\Users\angel\OneDrive\Desktop\Kern\data\raw\fonts\Modak_regular.ttf,ok,635,3451,2816,635,0,
Protest Riot,Protest_Riot_regular,regular,C:\Users\angel\OneDrive\Desktop\Kern\data\raw\fonts\Protest_Riot_regular.ttf,ok,484,5928,5444,484,0,
Bakbak One,Bakbak_One_regular,regular,C:\Users\angel\OneDrive\Desktop\Kern\data\raw\fonts\Bakbak_One_regular.ttf,ok,0,0,0,0,0,
Voces,Voces_regular,regular,C:\Users\angel\OneDrive\Desktop\Kern\data\raw\fonts\Voces_regular.ttf,ok,0,12628,12628,0,0,
Solway,Solway_300,300,C:\Users\angel\OneDrive\Desktop\Kern\data\raw\fonts\Solway_300.ttf,ok,3,8155,8152,3,0,
Solway,Solway_regular,regular,C:\Users\angel\OneDrive\Desktop\Kern\data\raw\fonts\Solway_regular.ttf,ok,3,11942,11939,3,0,
Solway,Solway_500,500,C:\Users\angel\OneDrive\Desktop\Kern\data\raw\fonts\Solway_500.ttf,ok,3,11942,11939,3,0,
Solway,Solway_700,700,C:\Users\angel\OneDrive\Desktop\Kern\data\raw\fonts\Solway_700.ttf,ok,3,11942,11939,3,0,
Solway,Solway_800,800,C:\Users\angel\OneDrive\Desktop\Kern\data\raw\fonts\Solway_800.ttf,ok,3,11942,11939,3,0,
Metal Mania,Metal_Mania_regular,regular,C:\Users\angel\OneDrive\Desktop\Kern\data\raw\fonts\Metal_Mania_regular.ttf,ok,62,62,0,62,0,
Balthazar,Balthazar_regular,regular,C:\Users\angel\OneDrive\Desktop\Kern\data\raw\fonts\Balthazar_regular.ttf,ok,29,29,0,29,0,
Abyssinica SIL,Abyssinica_SIL_regular,regular,C:\Users\angel\OneDrive\Desktop\Kern\data\raw\fonts\Abyssinica_SIL_regular.ttf,ok,1,1,0,1,0,
Trade Winds,Trade_Winds_regular,regular,C:\Users\angel\OneDrive\Desktop\Kern\data\raw\fonts\Trade_Winds_regular.ttf,ok,0,0,0,0,0,
Asta Sans,Asta_Sans_300,300,C:\Users\angel\OneDrive\Desktop\Kern\data\raw\fonts\Asta_Sans_300.ttf,ok,1,2705,2704,1,0,
Asta Sans,Asta_Sans_regular,regular,C:\Users\angel\OneDrive\Desktop\Kern\data\raw\fonts\Asta_Sans_regular.ttf,ok,1,2705,2704,1,0,
Asta Sans,Asta_Sans_500,500,C:\Users\angel\OneDrive\Desktop\Kern\data\raw\fonts\Asta_Sans_500.ttf,ok,1,2705,2704,1,0,
Asta Sans,Asta_Sans_600,600,C:\Users\angel\OneDrive\Desktop\Kern\data\raw\fonts\Asta_Sans_600.ttf,ok,1,2705,2704,1,0,
Asta Sans,Asta_Sans_700,700,C:\Users\angel\OneDrive\Desktop\Kern\data\raw\fonts\Asta_Sans_700.ttf,ok,1,2705,2704,1,0,
Asta Sans,Asta_Sans_800,800,C:\Users\angel\OneDrive\Desktop\Kern\data\raw\fonts\Asta_Sans_800.ttf,ok,1,2705,2704,1,0,
Reggae One,Reggae_One_regular,regular,C:\Users\angel\OneDrive\Desktop\Kern\data\raw\fonts\Reggae_One_regular.ttf,ok,0,1360,1360,0,0,
Moul,Moul_regular,regular,C:\Users\angel\OneDrive\Desktop\Kern\data\raw\fonts\Moul_regular.ttf,ok,170,170,0,170,0,
Anta,Anta_regular,regular,C:\Users\angel\OneDrive\Desktop\Kern\data\raw\fonts\Anta_regular.ttf,ok,82,8522,8440,82,0,
Nokora,Nokora_100,100,C:\Users\angel\OneDrive\Desktop\Kern\data\raw\fonts\Nokora_100.ttf,ok,170,170,0,170,0,
Nokora,Nokora_200,200,C:\Users\angel\OneDrive\Desktop\Kern\data\raw\fonts\Nokora_200.ttf,ok,170,170,0,170,0,
Nokora,Nokora_300,300,C:\Users\angel\OneDrive\Desktop\Kern\data\raw\fonts\Nokora_300.ttf,ok,170,170,0,170,0,
Nokora,Nokora_regular,regular,C:\Users\angel\OneDrive\Desktop\Kern\data\raw\fonts\Nokora_regular.ttf,ok,170,170,0,170,0,
Nokora,Nokora_500,500,C:\Users\angel\OneDrive\Desktop\Kern\data\raw\fonts\Nokora_500.ttf,ok,170,170,0,170,0,
Nokora,Nokora_600,600,C:\Users\angel\OneDrive\Desktop\Kern\data\raw\fonts\Nokora_600.ttf,ok,170,170,0,170,0,
Nokora,Nokora_700,700,C:\Users\angel\OneDrive\Desktop\Kern\data\raw\fonts\Nokora_700.ttf,ok,170,170,0,170,0,
Nokora,Nokora_800,800,C:\Users\angel\OneDrive\Desktop\Kern\data\raw\fonts\Nokora_800.ttf,ok,170,170,0,170,0,
Nokora,Nokora_900,900,C:\Users\angel\OneDrive\Desktop\Kern\data\raw\fonts\Nokora_900.ttf,ok,170,170,0,170,0,
Arya,Arya_regular,regular,C:\Users\angel\OneDrive\Desktop\Kern\data\raw\fonts\Arya_regular.ttf,ok,0,4376,4376,0,0,
Arya,Arya_700,700,C:\Users\angel\OneDrive\Desktop\Kern\data\raw\fonts\Arya_700.ttf,ok,0,4376,4376,0,0,
Modern Antiqua,Modern_Antiqua_regular,regular,C:\Users\angel\OneDrive\Desktop\Kern\data\raw\fonts\Modern_Antiqua_regular.ttf,ok,0,0,0,0,0,
Nosifer,Nosifer_regular,regular,C:\Users\angel\OneDrive\Desktop\Kern\data\raw\fonts\Nosifer_regular.ttf,ok,28,28,0,28,0,
Swanky and Moo Moo,Swanky_and_Moo_Moo_regular,regular,C:\Users\angel\OneDrive\Desktop\Kern\data\raw\fonts\Swanky_and_Moo_Moo_regular.ttf,ok,0,0,0,0,0,
Mako,Mako_regular,regular,C:\Users\angel\OneDrive\Desktop\Kern\data\raw\fonts\Mako_regular.ttf,ok,397,1283,886,397,0,
Suranna,Suranna_regular,regular,C:\Users\angel\OneDrive\Desktop\Kern\data\raw\fonts\Suranna_regular.ttf,ok,0,0,0,0,0,
Nova Round,Nova_Round_regular,regular,C:\Users\angel\OneDrive\Desktop\Kern\data\raw\fonts\Nova_Round_regular.ttf,ok,0,0,0,0,0,
Goblin One,Goblin_One_regular,regular,C:\Users\angel\OneDrive\Desktop\Kern\data\raw\fonts\Goblin_One_regular.ttf,ok,0,0,0,0,0,
Bitcount Grid Double,Bitcount_Grid_Double_100,100,C:\Users\angel\OneDrive\Desktop\Kern\data\raw\fonts\Bitcount_Grid_Double_100.ttf,ok,0,0,0,0,0,
Bitcount Grid Double,Bitcount_Grid_Double_200,200,C:\Users\angel\OneDrive\Desktop\Kern\data\raw\fonts\Bitcount_Grid_Double_200.ttf,ok,0,0,0,0,0,
Bitcount Grid Double,Bitcount_Grid_Double_300,300,C:\Users\angel\OneDrive\Desktop\Kern\data\raw\fonts\Bitcount_Grid_Double_300.ttf,ok,0,0,0,0,0,
Bitcount Grid Double,Bitcount_Grid_Double_regular,regular,C:\Users\angel\OneDrive\Desktop\Kern\data\raw\fonts\Bitcount_Grid_Double_regular.ttf,ok,0,0,0,0,0,
Bitcount Grid Double,Bitcount_Grid_Double_500,500,C:\Users\angel\OneDrive\Desktop\Kern\data\raw\fonts\Bitcount_Grid_Double_500.ttf,ok,0,0,0,0,0,
Bitcount Grid Double,Bitcount_Grid_Double_600,600,C:\Users\angel\OneDrive\Desktop\Kern\data\raw\fonts\Bitcount_Grid_Double_600.ttf,ok,0,0,0,0,0,
Bitcount Grid Double,Bitcount_Grid_Double_700,700,C:\Users\angel\OneDrive\Desktop\Kern\data\raw\fonts\Bitcount_Grid_Double_700.ttf,ok,0,0,0,0,0,
Bitcount Grid Double,Bitcount_Grid_Double_800,800,C:\Users\angel\OneDrive\Desktop\Kern\data\raw\fonts\Bitcount_Grid_Double_800.ttf,ok,0,0,0,0,0,
Bitcount Grid Double,Bitcount_Grid_Double_900,900,C:\Users\angel\OneDrive\Desktop\Kern\data\raw\fonts\Bitcount_Grid_Double_900.ttf,ok,0,0,0,0,0,
Esteban,Esteban_regular,regular,C:\Users\angel\OneDrive\Desktop\Kern\data\raw\fonts\Esteban_regular.ttf,ok,596,596,0,596,0,
Baloo Paaji 2,Baloo_Paaji_2_regular,regular,C:\Users\angel\OneDrive\Desktop\Kern\data\raw\fonts\Baloo_Paaji_2_regular.ttf,ok,231,407,176,231,0,
Baloo Paaji 2,Baloo_Paaji_2_500,500,C:\Users\angel\OneDrive\Desktop\Kern\data\raw\fonts\Baloo_Paaji_2_500.ttf,ok,231,407,176,231,0,
Baloo Paaji 2,Baloo_Paaji_2_600,600,C:\Users\angel\OneDrive\Desktop\Kern\data\raw\fonts\Baloo_Paaji_2_600.ttf,ok,230,407,177,230,0,
Baloo Paaji 2,Baloo_Paaji_2_700,700,C:\Users\angel\OneDrive\Desktop\Kern\data\raw\fonts\Baloo_Paaji_2_700.ttf,ok,230,407,177,230,0,
Baloo Paaji 2,Baloo_Paaji_2_800,800,C:\Users\angel\OneDrive\Desktop\Kern\data\raw\fonts\Baloo_Paaji_2_800.ttf,ok,221,407,186,221,0,
Odibee Sans,Odibee_Sans_regular,regular,C:\Users\angel\OneDrive\Desktop\Kern\data\raw\fonts\Odibee_Sans_regular.ttf,ok,1291,1305,14,1291,0,
IM Fell Double Pica SC,IM_Fell_Double_Pica_SC_regular,regular,C:\Users\angel\OneDrive\Desktop\Kern\data\raw\fonts\IM_Fell_Double_Pica_SC_regular.ttf,ok,1176,1176,0,1176,0,
Port Lligat Sans,Port_Lligat_Sans_regular,regular,C:\Users\angel\OneDrive\Desktop\Kern\data\raw\fonts\Port_Lligat_Sans_regular.ttf,ok,47,47,0,47,0,
Sedgwick Ave,Sedgwick_Ave_regular,regular,C:\Users\angel\OneDrive\Desktop\Kern\data\raw\fonts\Sedgwick_Ave_regular.ttf,ok,505,516,11,505,0,
Loved by the King,Loved_by_the_King_regular,regular,C:\Users\angel\OneDrive\Desktop\Kern\data\raw\fonts\Loved_by_the_King_regular.ttf,ok,0,0,0,0,0,
Salsa,Salsa_regular,regular,C:\Users\angel\OneDrive\Desktop\Kern\data\raw\fonts\Salsa_regular.ttf,ok,93,2004,1911,93,0,
Shanti,Shanti_regular,regular,C:\Users\angel\OneDrive\Desktop\Kern\data\raw\fonts\Shanti_regular.ttf,ok,911,911,0,911,0,
Federo,Federo_regular,regular,C:\Users\angel\OneDrive\Desktop\Kern\data\raw\fonts\Federo_regular.ttf,ok,299,299,0,299,0,
NTR,NTR_regular,regular,C:\Users\angel\OneDrive\Desktop\Kern\data\raw\fonts\NTR_regular.ttf,ok,0,0,0,0,0,
Wendy One,Wendy_One_regular,regular,C:\Users\angel\OneDrive\Desktop\Kern\data\raw\fonts\Wendy_One_regular.ttf,ok,2,2,0,2,0,
Alike Angular,Alike_Angular_regular,regular,C:\Users\angel\OneDrive\Desktop\Kern\data\raw\fonts\Alike_Angular_regular.ttf,ok,799,4111,3312,799,0,
Ribeye,Ribeye_regular,regular,C:\Users\angel\OneDrive\Desktop\Kern\data\raw\fonts\Ribeye_regular.ttf,ok,103,178,75,103,0,
Crushed,Crushed_regular,regular,C:\Users\angel\OneDrive\Desktop\Kern\data\raw\fonts\Crushed_regular.ttf,ok,29,425,396,29,0,
Clicker Script,Clicker_Script_regular,regular,C:\Users\angel\OneDrive\Desktop\Kern\data\raw\fonts\Clicker_Script_regular.ttf,ok,0,0,0,0,0,
The Nautigal,The_Nautigal_regular,regular,C:\Users\angel\OneDrive\Desktop\Kern\data\raw\fonts\The_Nautigal_regular.ttf,ok,4,4,0,4,0,
The Nautigal,The_Nautigal_700,700,C:\Users\angel\OneDrive\Desktop\Kern\data\raw\fonts\The_Nautigal_700.ttf,ok,5,5,0,5,0,
Sancreek,Sancreek_regular,regular,C:\Users\angel\OneDrive\Desktop\Kern\data\raw\fonts\Sancreek_regular.ttf,ok,0,0,0,0,0,
Kaisei Tokumin,Kaisei_Tokumin_regular,regular,C:\Users\angel\OneDrive\Desktop\Kern\data\raw\fonts\Kaisei_Tokumin_regular.ttf,ok,0,0,0,0,0,
Kaisei Tokumin,Kaisei_Tokumin_500,500,C:\Users\angel\OneDrive\Desktop\Kern\data\raw\fonts\Kaisei_Tokumin_500.ttf,ok,0,0,0,0,0,
Kaisei Tokumin,Kaisei_Tokumin_700,700,C:\Users\angel\OneDrive\Desktop\Kern\data\raw\fonts\Kaisei_Tokumin_700.ttf,ok,0,0,0,0,0,
Kaisei Tokumin,Kaisei_Tokumin_800,800,C:\Users\angel\OneDrive\Desktop\Kern\data\raw\fonts\Kaisei_Tokumin_800.ttf,ok,0,0,0,0,0,
Bellota,Bellota_300,300,C:\Users\angel\OneDrive\Desktop\Kern\data\raw\fonts\Bellota_300.ttf,ok,6,4895,4889,6,0,
Bellota,Bellota_300italic,300italic,C:\Users\angel\OneDrive\Desktop\Kern\data\raw\fonts\Bellota_300italic.ttf,ok,6,4895,4889,6,0,
Bellota,Bellota_regular,regular,C:\Users\angel\OneDrive\Desktop\Kern\data\raw\fonts\Bellota_regular.ttf,ok,6,4947,4941,6,0,
Bellota,Bellota_italic,italic,C:\Users\angel\OneDrive\Desktop\Kern\data\raw\fonts\Bellota_italic.ttf,ok,6,4947,4941,6,0,
Bellota,Bellota_700,700,C:\Users\angel\OneDrive\Desktop\Kern\data\raw\fonts\Bellota_700.ttf,ok,6,4947,4941,6,0,
Bellota,Bellota_700italic,700italic,C:\Users\angel\OneDrive\Desktop\Kern\data\raw\fonts\Bellota_700italic.ttf,ok,6,4947,4941,6,0,
Sour Gummy,Sour_Gummy_100,100,C:\Users\angel\OneDrive\Desktop\Kern\data\raw\fonts\Sour_Gummy_100.ttf,ok,214,2958,2744,214,0,
Sour Gummy,Sour_Gummy_200,200,C:\Users\angel\OneDrive\Desktop\Kern\data\raw\fonts\Sour_Gummy_200.ttf,ok,214,2958,2744,214,0,
Sour Gummy,Sour_Gummy_300,300,C:\Users\angel\OneDrive\Desktop\Kern\data\raw\fonts\Sour_Gummy_300.ttf,ok,214,2958,2744,214,0,
Sour Gummy,Sour_Gummy_regular,regular,C:\Users\angel\OneDrive\Desktop\Kern\data\raw\fonts\Sour_Gummy_regular.ttf,ok,214,2958,2744,214,0,
Sour Gummy,Sour_Gummy_500,500,C:\Users\angel\OneDrive\Desktop\Kern\data\raw\fonts\Sour_Gummy_500.ttf,ok,214,2958,2744,214,0,
Sour Gummy,Sour_Gummy_600,600,C:\Users\angel\OneDrive\Desktop\Kern\data\raw\fonts\Sour_Gummy_600.ttf,ok,214,2958,2744,214,0,
Sour Gummy,Sour_Gummy_700,700,C:\Users\angel\OneDrive\Desktop\Kern\data\raw\fonts\Sour_Gummy_700.ttf,ok,214,2958,2744,214,0,
Sour Gummy,Sour_Gummy_800,800,C:\Users\angel\OneDrive\Desktop\Kern\data\raw\fonts\Sour_Gummy_800.ttf,ok,214,2958,2744,214,0,
Sour Gummy,Sour_Gummy_900,900,C:\Users\angel\OneDrive\Desktop\Kern\data\raw\fonts\Sour_Gummy_900.ttf,ok,202,2958,2756,202,0,
Sour Gummy,Sour_Gummy_100italic,100italic,C:\Users\angel\OneDrive\Desktop\Kern\data\raw\fonts\Sour_Gummy_100italic.ttf,ok,214,2958,2744,214,0,
Sour Gummy,Sour_Gummy_200italic,200italic,C:\Users\angel\OneDrive\Desktop\Kern\data\raw\fonts\Sour_Gummy_200italic.ttf,ok,214,2958,2744,214,0,
Sour Gummy,Sour_Gummy_300italic,300italic,C:\Users\angel\OneDrive\Desktop\Kern\data\raw\fonts\Sour_Gummy_300italic.ttf,ok,214,2958,2744,214,0,
Sour Gummy,Sour_Gummy_italic,italic,C:\Users\angel\OneDrive\Desktop\Kern\data\raw\fonts\Sour_Gummy_italic.ttf,ok,214,2958,2744,214,0,
Sour Gummy,Sour_Gummy_500italic,500italic,C:\Users\angel\OneDrive\Desktop\Kern\data\raw\fonts\Sour_Gummy_500italic.ttf,ok,214,2958,2744,214,0,
Sour Gummy,Sour_Gummy_600italic,600italic,C:\Users\angel\OneDrive\Desktop\Kern\data\raw\fonts\Sour_Gummy_600italic.ttf,ok,214,2958,2744,214,0,
Sour Gummy,Sour_Gummy_700italic,700italic,C:\Users\angel\OneDrive\Desktop\Kern\data\raw\fonts\Sour_Gummy_700italic.ttf,ok,214,2958,2744,214,0,
Sour Gummy,Sour_Gummy_800italic,800italic,C:\Users\angel\OneDrive\Desktop\Kern\data\raw\fonts\Sour_Gummy_800italic.ttf,ok,214,2958,2744,214,0,
Sour Gummy,Sour_Gummy_900italic,900italic,C:\Users\angel\OneDrive\Desktop\Kern\data\raw\fonts\Sour_Gummy_900italic.ttf,ok,201,2958,2757,201,0,
Edu SA Beginner,Edu_SA_Beginner_regular,regular,C:\Users\angel\OneDrive\Desktop\Kern\data\raw\fonts\Edu_SA_Beginner_regular.ttf,ok,195,1617,1422,195,0,
Edu SA Beginner,Edu_SA_Beginner_500,500,C:\Users\angel\OneDrive\Desktop\Kern\data\raw\fonts\Edu_SA_Beginner_500.ttf,ok,216,1617,1401,216,0,
Edu SA Beginner,Edu_SA_Beginner_600,600,C:\Users\angel\OneDrive\Desktop\Kern\data\raw\fonts\Edu_SA_Beginner_600.ttf,ok,216,1617,1401,216,0,
Edu SA Beginner,Edu_SA_Beginner_700,700,C:\Users\angel\OneDrive\Desktop\Kern\data\raw\fonts\Edu_SA_Beginner_700.ttf,ok,197,1617,1420,197,0,
Anaheim,Anaheim_regular,regular,C:\Users\angel\OneDrive\Desktop\Kern\data\raw\fonts\Anaheim_regular.ttf,ok,0,2728,2728,0,0,
Anaheim,Anaheim_500,500,C:\Users\angel\OneDrive\Desktop\Kern\data\raw\fonts\Anaheim_500.ttf,ok,0,2728,2728,0,0,
Anaheim,Anaheim_600,600,C:\Users\angel\OneDrive\Desktop\Kern\data\raw\fonts\Anaheim_600.ttf,ok,0,2728,2728,0,0,
Anaheim,Anaheim_700,700,C:\Users\angel\OneDrive\Desktop\Kern\data\raw\fonts\Anaheim_700.ttf,ok,0,2728,2728,0,0,
Anaheim,Anaheim_800,800,C:\Users\angel\OneDrive\Desktop\Kern\data\raw\fonts\Anaheim_800.ttf,ok,0,2728,2728,0,0,
Cherry Swash,Cherry_Swash_regular,regular,C:\Users\angel\OneDrive\Desktop\Kern\data\raw\fonts\Cherry_Swash_regular.ttf,ok,0,0,0,0,0,
Cherry Swash,Cherry_Swash_700,700,C:\Users\angel\OneDrive\Desktop\Kern\data\raw\fonts\Cherry_Swash_700.ttf,ok,0,0,0,0,0,
Protest Strike,Protest_Strike_regular,regular,C:\Users\angel\OneDrive\Desktop\Kern\data\raw\fonts\Protest_Strike_regular.ttf,ok,483,5927,5444,483,0,
Habibi,Habibi_regular,regular,C:\Users\angel\OneDrive\Desktop\Kern\data\raw\fonts\Habibi_regular.ttf,ok,29,29,0,29,0,
IM Fell DW Pica SC,IM_Fell_DW_Pica_SC_regular,regular,C:\Users\angel\OneDrive\Desktop\Kern\data\raw\fonts\IM_Fell_DW_Pica_SC_regular.ttf,ok,986,986,0,986,0,
Ledger,Ledger_regular,regular,C:\Users\angel\OneDrive\Desktop\Kern\data\raw\fonts\Ledger_regular.ttf,ok,286,286,0,286,0,
Fresca,Fresca_regular,regular,C:\Users\angel\OneDrive\Desktop\Kern\data\raw\fonts\Fresca_regular.ttf,ok,0,0,0,0,0,
Bagel Fat One,Bagel_Fat_One_regular,regular,C:\Users\angel\OneDrive\Desktop\Kern\data\raw\fonts\Bagel_Fat_One_regular.ttf,ok,116,273,157,116,0,
Bonheur Royale,Bonheur_Royale_regular,regular,C:\Users\angel\OneDrive\Desktop\Kern\data\raw\fonts\Bonheur_Royale_regular.ttf,ok,0,0,0,0,0,
Mina,Mina_regular,regular,C:\Users\angel\OneDrive\Desktop\Kern\data\raw\fonts\Mina_regular.ttf,ok,0,0,0,0,0,
Mina,Mina_700,700,C:\Users\angel\OneDrive\Desktop\Kern\data\raw\fonts\Mina_700.ttf,ok,0,0,0,0,0,
WindSong,WindSong_regular,regular,C:\Users\angel\OneDrive\Desktop\Kern\data\raw\fonts\WindSong_regular.ttf,ok,63,63,0,63,0,
WindSong,WindSong_500,500,C:\Users\angel\OneDrive\Desktop\Kern\data\raw\fonts\WindSong_500.ttf,ok,63,63,0,63,0,
Bona Nova,Bona_Nova_regular,regular,C:\Users\angel\OneDrive\Desktop\Kern\data\raw\fonts\Bona_Nova_regular.ttf,ok,0,6236,6236,0,0,
Bona Nova,Bona_Nova_italic,italic,C:\Users\angel\OneDrive\Desktop\Kern\data\raw\fonts\Bona_Nova_italic.ttf,ok,0,5408,5408,0,0,
Bona Nova,Bona_Nova_700,700,C:\Users\angel\OneDrive\Desktop\Kern\data\raw\fonts\Bona_Nova_700.ttf,ok,0,6265,6265,0,0,
Mirza,Mirza_regular,regular,C:\Users\angel\OneDrive\Desktop\Kern\data\raw\fonts\Mirza_regular.ttf,ok,0,7216,7216,0,0,
Mirza,Mirza_500,500,C:\Users\angel\OneDrive\Desktop\Kern\data\raw\fonts\Mirza_500.ttf,ok,0,7216,7216,0,0,
Mirza,Mirza_600,600,C:\Users\angel\OneDrive\Desktop\Kern\data\raw\fonts\Mirza_600.ttf,ok,0,7216,7216,0,0,
Mirza,Mirza_700,700,C:\Users\angel\OneDrive\Desktop\Kern\data\raw\fonts\Mirza_700.ttf,ok,0,7216,7216,0,0,
Sarpanch,Sarpanch_regular,regular,C:\Users\angel\OneDrive\Desktop\Kern\data\raw\fonts\Sarpanch_regular.ttf,ok,0,0,0,0,0,
Sarpanch,Sarpanch_500,500,C:\Users\angel\OneDrive\Desktop\Kern\data\raw\fonts\Sarpanch_500.ttf,ok,0,0,0,0,0,
Sarpanch,Sarpanch_600,600,C:\Users\angel\OneDrive\Desktop\Kern\data\raw\fonts\Sarpanch_600.ttf,ok,0,0,0,0,0,
Sarpanch,Sarpanch_700,700,C:\Users\angel\OneDrive\Desktop\Kern\data\raw\fonts\Sarpanch_700.ttf,ok,0,0,0,0,0,
Sarpanch,Sarpanch_800,800,C:\Users\angel\OneDrive\Desktop\Kern\data\raw\fonts\Sarpanch_800.ttf,ok,0,0,0,0,0,
Sarpanch,Sarpanch_900,900,C:\Users\angel\OneDrive\Desktop\Kern\data\raw\fonts\Sarpanch_900.ttf,ok,0,0,0,0,0,
Tai Heritage Pro,Tai_Heritage_Pro_regular,regular,C:\Users\angel\OneDrive\Desktop\Kern\data\raw\fonts\Tai_Heritage_Pro_regular.ttf,ok,0,0,0,0,0,
Tai Heritage Pro,Tai_Heritage_Pro_700,700,C:\Users\angel\OneDrive\Desktop\Kern\data\raw\fonts\Tai_Heritage_Pro_700.ttf,ok,0,2704,2704,0,0,
Zhi Mang Xing,Zhi_Mang_Xing_regular,regular,C:\Users\angel\OneDrive\Desktop\Kern\data\raw\fonts\Zhi_Mang_Xing_regular.ttf,ok,0,3122,3122,0,0,
Rosarivo,Rosarivo_regular,regular,C:\Users\angel\OneDrive\Desktop\Kern\data\raw\fonts\Rosarivo_regular.ttf,ok,68,1122,1054,68,0,
Rosarivo,Rosarivo_italic,italic,C:\Users\angel\OneDrive\Desktop\Kern\data\raw\fonts\Rosarivo_italic.ttf,ok,53,1397,1344,53,0,
Maiden Orange,Maiden_Orange_regular,regular,C:\Users\angel\OneDrive\Desktop\Kern\data\raw\fonts\Maiden_Orange_regular.ttf,ok,26,210,184,26,0,
Nerko One,Nerko_One_regular,regular,C:\Users\angel\OneDrive\Desktop\Kern\data\raw\fonts\Nerko_One_regular.ttf,ok,15,2224,2209,15,0,
UnifrakturCook,UnifrakturCook_700,700,C:\Users\angel\OneDrive\Desktop\Kern\data\raw\fonts\UnifrakturCook_700.ttf,ok,24,24,0,24,0,
IM Fell French Canon,IM_Fell_French_Canon_regular,regular,C:\Users\angel\OneDrive\Desktop\Kern\data\raw\fonts\IM_Fell_French_Canon_regular.ttf,ok,1133,1133,0,1133,0,
IM Fell French Canon,IM_Fell_French_Canon_italic,italic,C:\Users\angel\OneDrive\Desktop\Kern\data\raw\fonts\IM_Fell_French_Canon_italic.ttf,ok,965,965,0,965,0,
Life Savers,Life_Savers_regular,regular,C:\Users\angel\OneDrive\Desktop\Kern\data\raw\fonts\Life_Savers_regular.ttf,ok,124,2828,2704,124,0,
Life Savers,Life_Savers_700,700,C:\Users\angel\OneDrive\Desktop\Kern\data\raw\fonts\Life_Savers_700.ttf,ok,144,2848,2704,144,0,
Life Savers,Life_Savers_800,800,C:\Users\angel\OneDrive\Desktop\Kern\data\raw\fonts\Life_Savers_800.ttf,ok,124,2828,2704,124,0,
Redacted,Redacted_regular,regular,C:\Users\angel\OneDrive\Desktop\Kern\data\raw\fonts\Redacted_regular.ttf,ok,0,0,0,0,0,
Orienta,Orienta_regular,regular,C:\Users\angel\OneDrive\Desktop\Kern\data\raw\fonts\Orienta_regular.ttf,ok,45,2095,2050,45,0,
Jaro,Jaro_regular,regular,C:\Users\angel\OneDrive\Desktop\Kern\data\raw\fonts\Jaro_regular.ttf,ok,0,0,0,0,0,
Poltawski Nowy,Poltawski_Nowy_regular,regular,C:\Users\angel\OneDrive\Desktop\Kern\data\raw\fonts\Poltawski_Nowy_regular.ttf,ok,315,387,72,315,0,
Poltawski Nowy,Poltawski_Nowy_500,500,C:\Users\angel\OneDrive\Desktop\Kern\data\raw\fonts\Poltawski_Nowy_500.ttf,ok,337,387,50,337,0,
Poltawski Nowy,Poltawski_Nowy_600,600,C:\Users\angel\OneDrive\Desktop\Kern\data\raw\fonts\Poltawski_Nowy_600.ttf,ok,337,387,50,337,0,
Poltawski Nowy,Poltawski_Nowy_700,700,C:\Users\angel\OneDrive\Desktop\Kern\data\raw\fonts\Poltawski_Nowy_700.ttf,ok,328,387,59,328,0,
Poltawski Nowy,Poltawski_Nowy_italic,italic,C:\Users\angel\OneDrive\Desktop\Kern\data\raw\fonts\Poltawski_Nowy_italic.ttf,ok,284,417,133,284,0,
Poltawski Nowy,Poltawski_Nowy_500italic,500italic,C:\Users\angel\OneDrive\Desktop\Kern\data\raw\fonts\Poltawski_Nowy_500italic.ttf,ok,340,417,77,340,0,
Poltawski Nowy,Poltawski_Nowy_600italic,600italic,C:\Users\angel\OneDrive\Desktop\Kern\data\raw\fonts\Poltawski_Nowy_600italic.ttf,ok,340,417,77,340,0,
Poltawski Nowy,Poltawski_Nowy_700italic,700italic,C:\Users\angel\OneDrive\Desktop\Kern\data\raw\fonts\Poltawski_Nowy_700italic.ttf,ok,335,417,82,335,0,
Dokdo,Dokdo_regular,regular,C:\Users\angel\OneDrive\Desktop\Kern\data\raw\fonts\Dokdo_regular.ttf,ok,0,0,0,0,0,
Diplomata,Diplomata_regular,regular,C:\Users\angel\OneDrive\Desktop\Kern\data\raw\fonts\Diplomata_regular.ttf,ok,0,1360,1360,0,0,
IM Fell Great Primer,IM_Fell_Great_Primer_regular,regular,C:\Users\angel\OneDrive\Desktop\Kern\data\raw\fonts\IM_Fell_Great_Primer_regular.ttf,ok,1026,1026,0,1026,0,
IM Fell Great Primer,IM_Fell_Great_Primer_italic,italic,C:\Users\angel\OneDrive\Desktop\Kern\data\raw\fonts\IM_Fell_Great_Primer_italic.ttf,ok,1118,1118,0,1118,0,
Mochiy Pop P One,Mochiy_Pop_P_One_regular,regular,C:\Users\angel\OneDrive\Desktop\Kern\data\raw\fonts\Mochiy_Pop_P_One_regular.ttf,ok,0,0,0,0,0,
Hi Melody,Hi_Melody_regular,regular,C:\Users\angel\OneDrive\Desktop\Kern\data\raw\fonts\Hi_Melody_regular.ttf,ok,0,0,0,0,0,
Freeman,Freeman_regular,regular,C:\Users\angel\OneDrive\Desktop\Kern\data\raw\fonts\Freeman_regular.ttf,ok,13,2717,2704,13,0,
Doto,Doto_100,100,C:\Users\angel\OneDrive\Desktop\Kern\data\raw\fonts\Doto_100.ttf,ok,0,0,0,0,0,
Doto,Doto_200,200,C:\Users\angel\OneDrive\Desktop\Kern\data\raw\fonts\Doto_200.ttf,ok,0,0,0,0,0,
Doto,Doto_300,300,C:\Users\angel\OneDrive\Desktop\Kern\data\raw\fonts\Doto_300.ttf,ok,0,0,0,0,0,
Doto,Doto_regular,regular,C:\Users\angel\OneDrive\Desktop\Kern\data\raw\fonts\Doto_regular.ttf,ok,0,0,0,0,0,
Doto,Doto_500,500,C:\Users\angel\OneDrive\Desktop\Kern\data\raw\fonts\Doto_500.ttf,ok,0,0,0,0,0,
Doto,Doto_600,600,C:\Users\angel\OneDrive\Desktop\Kern\data\raw\fonts\Doto_600.ttf,ok,0,0,0,0,0,
Doto,Doto_700,700,C:\Users\angel\OneDrive\Desktop\Kern\data\raw\fonts\Doto_700.ttf,ok,0,0,0,0,0,
Doto,Doto_800,800,C:\Users\angel\OneDrive\Desktop\Kern\data\raw\fonts\Doto_800.ttf,ok,0,0,0,0,0,
Doto,Doto_900,900,C:\Users\angel\OneDrive\Desktop\Kern\data\raw\fonts\Doto_900.ttf,ok,0,0,0,0,0,
Sulphur Point,Sulphur_Point_300,300,C:\Users\angel\OneDrive\Desktop\Kern\data\raw\fonts\Sulphur_Point_300.ttf,ok,339,3043,2704,339,0,
Sulphur Point,Sulphur_Point_regular,regular,C:\Users\angel\OneDrive\Desktop\Kern\data\raw\fonts\Sulphur_Point_regular.ttf,ok,339,3043,2704,339,0,
Sulphur Point,Sulphur_Point_700,700,C:\Users\angel\OneDrive\Desktop\Kern\data\raw\fonts\Sulphur_Point_700.ttf,ok,339,3043,2704,339,0,
Sumana,Sumana_regular,regular,C:\Users\angel\OneDrive\Desktop\Kern\data\raw\fonts\Sumana_regular.ttf,ok,0,5356,5356,0,0,
Sumana,Sumana_700,700,C:\Users\angel\OneDrive\Desktop\Kern\data\raw\fonts\Sumana_700.ttf,ok,0,5252,5252,0,0,
Truculenta,Truculenta_100,100,C:\Users\angel\OneDrive\Desktop\Kern\data\raw\fonts\Truculenta_100.ttf,ok,0,868,868,0,0,
Truculenta,Truculenta_200,200,C:\Users\angel\OneDrive\Desktop\Kern\data\raw\fonts\Truculenta_200.ttf,ok,0,868,868,0,0,
Truculenta,Truculenta_300,300,C:\Users\angel\OneDrive\Desktop\Kern\data\raw\fonts\Truculenta_300.ttf,ok,0,868,868,0,0,
Truculenta,Truculenta_regular,regular,C:\Users\angel\OneDrive\Desktop\Kern\data\raw\fonts\Truculenta_regular.ttf,ok,0,868,868,0,0,
Truculenta,Truculenta_500,500,C:\Users\angel\OneDrive\Desktop\Kern\data\raw\fonts\Truculenta_500.ttf,ok,0,868,868,0,0,
Truculenta,Truculenta_600,600,C:\Users\angel\OneDrive\Desktop\Kern\data\raw\fonts\Truculenta_600.ttf,ok,0,868,868,0,0,
Truculenta,Truculenta_700,700,C:\Users\angel\OneDrive\Desktop\Kern\data\raw\fonts\Truculenta_700.ttf,ok,0,868,868,0,0,
Truculenta,Truculenta_800,800,C:\Users\angel\OneDrive\Desktop\Kern\data\raw\fonts\Truculenta_800.ttf,ok,0,868,868,0,0,
Truculenta,Truculenta_900,900,C:\Users\angel\OneDrive\Desktop\Kern\data\raw\fonts\Truculenta_900.ttf,ok,0,868,868,0,0,
Alkatra,Alkatra_regular,regular,C:\Users\angel\OneDrive\Desktop\Kern\data\raw\fonts\Alkatra_regular.ttf,ok,0,1968,1968,0,0,
Alkatra,Alkatra_500,500,C:\Users\angel\OneDrive\Desktop\Kern\data\raw\fonts\Alkatra_500.ttf,ok,0,1968,1968,0,0,
Alkatra,Alkatra_600,600,C:\Users\angel\OneDrive\Desktop\Kern\data\raw\fonts\Alkatra_600.ttf,ok,0,1968,1968,0,0,
Alkatra,Alkatra_700,700,C:\Users\angel\OneDrive\Desktop\Kern\data\raw\fonts\Alkatra_700.ttf,ok,0,1968,1968,0,0,
Alan Sans,Alan_Sans_300,300,C:\Users\angel\OneDrive\Desktop\Kern\data\raw\fonts\Alan_Sans_300.ttf,ok,26,2738,2712,26,0,
Alan Sans,Alan_Sans_regular,regular,C:\Users\angel\OneDrive\Desktop\Kern\data\raw\fonts\Alan_Sans_regular.ttf,ok,30,2738,2708,30,0,
Alan Sans,Alan_Sans_500,500,C:\Users\angel\OneDrive\Desktop\Kern\data\raw\fonts\Alan_Sans_500.ttf,ok,30,2738,2708,30,0,
Alan Sans,Alan_Sans_600,600,C:\Users\angel\OneDrive\Desktop\Kern\data\raw\fonts\Alan_Sans_600.ttf,ok,30,2738,2708,30,0,
Alan Sans,Alan_Sans_700,700,C:\Users\angel\OneDrive\Desktop\Kern\data\raw\fonts\Alan_Sans_700.ttf,ok,30,2738,2708,30,0,
Alan Sans,Alan_Sans_800,800,C:\Users\angel\OneDrive\Desktop\Kern\data\raw\fonts\Alan_Sans_800.ttf,ok,30,2738,2708,30,0,
Alan Sans,Alan_Sans_900,900,C:\Users\angel\OneDrive\Desktop\Kern\data\raw\fonts\Alan_Sans_900.ttf,ok,29,2738,2709,29,0,
Mooli,Mooli_regular,regular,C:\Users\angel\OneDrive\Desktop\Kern\data\raw\fonts\Mooli_regular.ttf,ok,6,138,132,6,0,
Mozilla Text,Mozilla_Text_200,200,C:\Users\angel\OneDrive\Desktop\Kern\data\raw\fonts\Mozilla_Text_200.ttf,ok,253,2997,2744,253,0,
Mozilla Text,Mozilla_Text_300,300,C:\Users\angel\OneDrive\Desktop\Kern\data\raw\fonts\Mozilla_Text_300.ttf,ok,253,2997,2744,253,0,
Mozilla Text,Mozilla_Text_regular,regular,C:\Users\angel\OneDrive\Desktop\Kern\data\raw\fonts\Mozilla_Text_regular.ttf,ok,253,2997,2744,253,0,
Mozilla Text,Mozilla_Text_500,500,C:\Users\angel\OneDrive\Desktop\Kern\data\raw\fonts\Mozilla_Text_500.ttf,ok,253,2997,2744,253,0,
Mozilla Text,Mozilla_Text_600,600,C:\Users\angel\OneDrive\Desktop\Kern\data\raw\fonts\Mozilla_Text_600.ttf,ok,253,2997,2744,253,0,
Mozilla Text,Mozilla_Text_700,700,C:\Users\angel\OneDrive\Desktop\Kern\data\raw\fonts\Mozilla_Text_700.ttf,ok,253,2997,2744,253,0,
Nova Flat,Nova_Flat_regular,regular,C:\Users\angel\OneDrive\Desktop\Kern\data\raw\fonts\Nova_Flat_regular.ttf,ok,0,0,0,0,0,
Long Cang,Long_Cang_regular,regular,C:\Users\angel\OneDrive\Desktop\Kern\data\raw\fonts\Long_Cang_regular.ttf,ok,15,12338,12323,15,0,
Gemunu Libre,Gemunu_Libre_200,200,C:\Users\angel\OneDrive\Desktop\Kern\data\raw\fonts\Gemunu_Libre_200.ttf,ok,427,427,0,427,0,
Gemunu Libre,Gemunu_Libre_300,300,C:\Users\angel\OneDrive\Desktop\Kern\data\raw\fonts\Gemunu_Libre_300.ttf,ok,427,427,0,427,0,
Gemunu Libre,Gemunu_Libre_regular,regular,C:\Users\angel\OneDrive\Desktop\Kern\data\raw\fonts\Gemunu_Libre_regular.ttf,ok,427,427,0,427,0,
Gemunu Libre,Gemunu_Libre_500,500,C:\Users\angel\OneDrive\Desktop\Kern\data\raw\fonts\Gemunu_Libre_500.ttf,ok,427,427,0,427,0,
Gemunu Libre,Gemunu_Libre_600,600,C:\Users\angel\OneDrive\Desktop\Kern\data\raw\fonts\Gemunu_Libre_600.ttf,ok,427,427,0,427,0,
Gemunu Libre,Gemunu_Libre_700,700,C:\Users\angel\OneDrive\Desktop\Kern\data\raw\fonts\Gemunu_Libre_700.ttf,ok,427,427,0,427,0,
Gemunu Libre,Gemunu_Libre_800,800,C:\Users\angel\OneDrive\Desktop\Kern\data\raw\fonts\Gemunu_Libre_800.ttf,ok,403,427,24,403,0,
Griffy,Griffy_regular,regular,C:\Users\angel\OneDrive\Desktop\Kern\data\raw\fonts\Griffy_regular.ttf,ok,0,0,0,0,0,
Birthstone Bounce,Birthstone_Bounce_regular,regular,C:\Users\angel\OneDrive\Desktop\Kern\data\raw\fonts\Birthstone_Bounce_regular.ttf,ok,33,33,0,33,0,
Birthstone Bounce,Birthstone_Bounce_500,500,C:\Users\angel\OneDrive\Desktop\Kern\data\raw\fonts\Birthstone_Bounce_500.ttf,ok,3,3,0,3,0,
IBM Plex Sans Devanagari,IBM_Plex_Sans_Devanagari_100,100,C:\Users\angel\OneDrive\Desktop\Kern\data\raw\fonts\IBM_Plex_Sans_Devanagari_100.ttf,ok,22,19807,19785,22,0,
IBM Plex Sans Devanagari,IBM_Plex_Sans_Devanagari_200,200,C:\Users\angel\OneDrive\Desktop\Kern\data\raw\fonts\IBM_Plex_Sans_Devanagari_200.ttf,ok,23,19808,19785,23,0,
IBM Plex Sans Devanagari,IBM_Plex_Sans_Devanagari_300,300,C:\Users\angel\OneDrive\Desktop\Kern\data\raw\fonts\IBM_Plex_Sans_Devanagari_300.ttf,ok,23,19808,19785,23,0,
IBM Plex Sans Devanagari,IBM_Plex_Sans_Devanagari_regular,regular,C:\Users\angel\OneDrive\Desktop\Kern\data\raw\fonts\IBM_Plex_Sans_Devanagari_regular.ttf,ok,18,19941,19923,18,0,
IBM Plex Sans Devanagari,IBM_Plex_Sans_Devanagari_500,500,C:\Users\angel\OneDrive\Desktop\Kern\data\raw\fonts\IBM_Plex_Sans_Devanagari_500.ttf,ok,19,19942,19923,19,0,
IBM Plex Sans Devanagari,IBM_Plex_Sans_Devanagari_600,600,C:\Users\angel\OneDrive\Desktop\Kern\data\raw\fonts\IBM_Plex_Sans_Devanagari_600.ttf,ok,19,19942,19923,19,0,
IBM Plex Sans Devanagari,IBM_Plex_Sans_Devanagari_700,700,C:\Users\angel\OneDrive\Desktop\Kern\data\raw\fonts\IBM_Plex_Sans_Devanagari_700.ttf,ok,18,19942,19924,18,0,
Nova Oval,Nova_Oval_regular,regular,C:\Users\angel\OneDrive\Desktop\Kern\data\raw\fonts\Nova_Oval_regular.ttf,ok,0,108,108,0,0,
Kavoon,Kavoon_regular,regular,C:\Users\angel\OneDrive\Desktop\Kern\data\raw\fonts\Kavoon_regular.ttf,ok,0,0,0,0,0,
Phudu,Phudu_300,300,C:\Users\angel\OneDrive\Desktop\Kern\data\raw\fonts\Phudu_300.ttf,ok,31,2737,2706,31,0,
Phudu,Phudu_regular,regular,C:\Users\angel\OneDrive\Desktop\Kern\data\raw\fonts\Phudu_regular.ttf,ok,31,2737,2706,31,0,
Phudu,Phudu_500,500,C:\Users\angel\OneDrive\Desktop\Kern\data\raw\fonts\Phudu_500.ttf,ok,31,2737,2706,31,0,
Phudu,Phudu_600,600,C:\Users\angel\OneDrive\Desktop\Kern\data\raw\fonts\Phudu_600.ttf,ok,31,2737,2706,31,0,
Phudu,Phudu_700,700,C:\Users\angel\OneDrive\Desktop\Kern\data\raw\fonts\Phudu_700.ttf,ok,31,2737,2706,31,0,
Phudu,Phudu_800,800,C:\Users\angel\OneDrive\Desktop\Kern\data\raw\fonts\Phudu_800.ttf,ok,31,2737,2706,31,0,
Phudu,Phudu_900,900,C:\Users\angel\OneDrive\Desktop\Kern\data\raw\fonts\Phudu_900.ttf,ok,31,2737,2706,31,0,
Scope One,Scope_One_regular,regular,C:\Users\angel\OneDrive\Desktop\Kern\data\raw\fonts\Scope_One_regular.ttf,ok,5,6,1,5,0,
Manuale,Manuale_300,300,C:\Users\angel\OneDrive\Desktop\Kern\data\raw\fonts\Manuale_300.ttf,ok,74,74,0,74,0,
Manuale,Manuale_regular,regular,C:\Users\angel\OneDrive\Desktop\Kern\data\raw\fonts\Manuale_regular.ttf,ok,74,74,0,74,0,
Manuale,Manuale_500,500,C:\Users\angel\OneDrive\Desktop\Kern\data\raw\fonts\Manuale_500.ttf,ok,74,74,0,74,0,
Manuale,Manuale_600,600,C:\Users\angel\OneDrive\Desktop\Kern\data\raw\fonts\Manuale_600.ttf,ok,74,74,0,74,0,
Manuale,Manuale_700,700,C:\Users\angel\OneDrive\Desktop\Kern\data\raw\fonts\Manuale_700.ttf,ok,69,74,5,69,0,
Manuale,Manuale_800,800,C:\Users\angel\OneDrive\Desktop\Kern\data\raw\fonts\Manuale_800.ttf,ok,74,74,0,74,0,
Manuale,Manuale_300italic,300italic,C:\Users\angel\OneDrive\Desktop\Kern\data\raw\fonts\Manuale_300italic.ttf,ok,51,72,21,51,0,
Manuale,Manuale_italic,italic,C:\Users\angel\OneDrive\Desktop\Kern\data\raw\fonts\Manuale_italic.ttf,ok,51,72,21,51,0,
Manuale,Manuale_500italic,500italic,C:\Users\angel\OneDrive\Desktop\Kern\data\raw\fonts\Manuale_500italic.ttf,ok,54,72,18,54,0,
Manuale,Manuale_600italic,600italic,C:\Users\angel\OneDrive\Desktop\Kern\data\raw\fonts\Manuale_600italic.ttf,ok,54,72,18,54,0,
Manuale,Manuale_700italic,700italic,C:\Users\angel\OneDrive\Desktop\Kern\data\raw\fonts\Manuale_700italic.ttf,ok,42,72,30,42,0,
Manuale,Manuale_800italic,800italic,C:\Users\angel\OneDrive\Desktop\Kern\data\raw\fonts\Manuale_800italic.ttf,ok,53,72,19,53,0,
Baloo Tammudu 2,Baloo_Tammudu_2_regular,regular,C:\Users\angel\OneDrive\Desktop\Kern\data\raw\fonts\Baloo_Tammudu_2_regular.ttf,ok,231,3111,2880,231,0,
Baloo Tammudu 2,Baloo_Tammudu_2_500,500,C:\Users\angel\OneDrive\Desktop\Kern\data\raw\fonts\Baloo_Tammudu_2_500.ttf,ok,231,3111,2880,231,0,
Baloo Tammudu 2,Baloo_Tammudu_2_600,600,C:\Users\angel\OneDrive\Desktop\Kern\data\raw\fonts\Baloo_Tammudu_2_600.ttf,ok,230,3111,2881,230,0,
Baloo Tammudu 2,Baloo_Tammudu_2_700,700,C:\Users\angel\OneDrive\Desktop\Kern\data\raw\fonts\Baloo_Tammudu_2_700.ttf,ok,231,3111,2880,231,0,
Baloo Tammudu 2,Baloo_Tammudu_2_800,800,C:\Users\angel\OneDrive\Desktop\Kern\data\raw\fonts\Baloo_Tammudu_2_800.ttf,ok,221,3111,2890,221,0,
Amethysta,Amethysta_regular,regular,C:\Users\angel\OneDrive\Desktop\Kern\data\raw\fonts\Amethysta_regular.ttf,ok,0,0,0,0,0,
Spicy Rice,Spicy_Rice_regular,regular,C:\Users\angel\OneDrive\Desktop\Kern\data\raw\fonts\Spicy_Rice_regular.ttf,ok,56,216,160,56,0,
Noto Sans Ethiopic,Noto_Sans_Ethiopic_100,100,C:\Users\angel\OneDrive\Desktop\Kern\data\raw\fonts\Noto_Sans_Ethiopic_100.ttf,ok,7,425,418,7,0,
Noto Sans Ethiopic,Noto_Sans_Ethiopic_200,200,C:\Users\angel\OneDrive\Desktop\Kern\data\raw\fonts\Noto_Sans_Ethiopic_200.ttf,ok,7,425,418,7,0,
Noto Sans Ethiopic,Noto_Sans_Ethiopic_300,300,C:\Users\angel\OneDrive\Desktop\Kern\data\raw\fonts\Noto_Sans_Ethiopic_300.ttf,ok,7,425,418,7,0,
Noto Sans Ethiopic,Noto_Sans_Ethiopic_regular,regular,C:\Users\angel\OneDrive\Desktop\Kern\data\raw\fonts\Noto_Sans_Ethiopic_regular.ttf,ok,7,425,418,7,0,
Noto Sans Ethiopic,Noto_Sans_Ethiopic_500,500,C:\Users\angel\OneDrive\Desktop\Kern\data\raw\fonts\Noto_Sans_Ethiopic_500.ttf,ok,7,425,418,7,0,
Noto Sans Ethiopic,Noto_Sans_Ethiopic_600,600,C:\Users\angel\OneDrive\Desktop\Kern\data\raw\fonts\Noto_Sans_Ethiopic_600.ttf,ok,7,425,418,7,0,
Noto Sans Ethiopic,Noto_Sans_Ethiopic_700,700,C:\Users\angel\OneDrive\Desktop\Kern\data\raw\fonts\Noto_Sans_Ethiopic_700.ttf,ok,7,425,418,7,0,
Noto Sans Ethiopic,Noto_Sans_Ethiopic_800,800,C:\Users\angel\OneDrive\Desktop\Kern\data\raw\fonts\Noto_Sans_Ethiopic_800.ttf,ok,7,425,418,7,0,
Noto Sans Ethiopic,Noto_Sans_Ethiopic_900,900,C:\Users\angel\OneDrive\Desktop\Kern\data\raw\fonts\Noto_Sans_Ethiopic_900.ttf,ok,7,425,418,7,0,
IM Fell Great Primer SC,IM_Fell_Great_Primer_SC_regular,regular,C:\Users\angel\OneDrive\Desktop\Kern\data\raw\fonts\IM_Fell_Great_Primer_SC_regular.ttf,ok,1249,1249,0,1249,0,
Cairo Play,Cairo_Play_200,200,C:\Users\angel\OneDrive\Desktop\Kern\data\raw\fonts\Cairo_Play_200.ttf,ok,469,5937,5468,469,0,
Cairo Play,Cairo_Play_300,300,C:\Users\angel\OneDrive\Desktop\Kern\data\raw\fonts\Cairo_Play_300.ttf,ok,469,5937,5468,469,0,
Cairo Play,Cairo_Play_regular,regular,C:\Users\angel\OneDrive\Desktop\Kern\data\raw\fonts\Cairo_Play_regular.ttf,ok,469,5937,5468,469,0,
Cairo Play,Cairo_Play_500,500,C:\Users\angel\OneDrive\Desktop\Kern\data\raw\fonts\Cairo_Play_500.ttf,ok,469,5937,5468,469,0,
Cairo Play,Cairo_Play_600,600,C:\Users\angel\OneDrive\Desktop\Kern\data\raw\fonts\Cairo_Play_600.ttf,ok,469,5937,5468,469,0,
Cairo Play,Cairo_Play_700,700,C:\Users\angel\OneDrive\Desktop\Kern\data\raw\fonts\Cairo_Play_700.ttf,ok,469,5937,5468,469,0,
Cairo Play,Cairo_Play_800,800,C:\Users\angel\OneDrive\Desktop\Kern\data\raw\fonts\Cairo_Play_800.ttf,ok,469,5937,5468,469,0,
Cairo Play,Cairo_Play_900,900,C:\Users\angel\OneDrive\Desktop\Kern\data\raw\fonts\Cairo_Play_900.ttf,ok,469,5937,5468,469,0,
Harmattan,Harmattan_regular,regular,C:\Users\angel\OneDrive\Desktop\Kern\data\raw\fonts\Harmattan_regular.ttf,ok,0,0,0,0,0,
Harmattan,Harmattan_500,500,C:\Users\angel\OneDrive\Desktop\Kern\data\raw\fonts\Harmattan_500.ttf,ok,0,0,0,0,0,
Harmattan,Harmattan_600,600,C:\Users\angel\OneDrive\Desktop\Kern\data\raw\fonts\Harmattan_600.ttf,ok,0,0,0,0,0,
Harmattan,Harmattan_700,700,C:\Users\angel\OneDrive\Desktop\Kern\data\raw\fonts\Harmattan_700.ttf,ok,0,0,0,0,0,
Qahiri,Qahiri_regular,regular,C:\Users\angel\OneDrive\Desktop\Kern\data\raw\fonts\Qahiri_regular.ttf,ok,0,676,676,0,0,
Lemon,Lemon_regular,regular,C:\Users\angel\OneDrive\Desktop\Kern\data\raw\fonts\Lemon_regular.ttf,ok,30,1710,1680,30,0,
Smythe,Smythe_regular,regular,C:\Users\angel\OneDrive\Desktop\Kern\data\raw\fonts\Smythe_regular.ttf,ok,207,207,0,207,0,
Montaga,Montaga_regular,regular,C:\Users\angel\OneDrive\Desktop\Kern\data\raw\fonts\Montaga_regular.ttf,ok,228,228,0,228,0,
Karantina,Karantina_300,300,C:\Users\angel\OneDrive\Desktop\Kern\data\raw\fonts\Karantina_300.ttf,ok,1136,2798,1662,1136,0,
Karantina,Karantina_regular,regular,C:\Users\angel\OneDrive\Desktop\Kern\data\raw\fonts\Karantina_regular.ttf,ok,947,2833,1886,947,0,
Karantina,Karantina_700,700,C:\Users\angel\OneDrive\Desktop\Kern\data\raw\fonts\Karantina_700.ttf,ok,699,3269,2570,699,0,
Ysabeau SC,Ysabeau_SC_100,100,C:\Users\angel\OneDrive\Desktop\Kern\data\raw\fonts\Ysabeau_SC_100.ttf,ok,0,2257,2257,0,0,
Ysabeau SC,Ysabeau_SC_200,200,C:\Users\angel\OneDrive\Desktop\Kern\data\raw\fonts\Ysabeau_SC_200.ttf,ok,0,2257,2257,0,0,
Ysabeau SC,Ysabeau_SC_300,300,C:\Users\angel\OneDrive\Desktop\Kern\data\raw\fonts\Ysabeau_SC_300.ttf,ok,0,2257,2257,0,0,
Ysabeau SC,Ysabeau_SC_regular,regular,C:\Users\angel\OneDrive\Desktop\Kern\data\raw\fonts\Ysabeau_SC_regular.ttf,ok,0,2257,2257,0,0,
Ysabeau SC,Ysabeau_SC_500,500,C:\Users\angel\OneDrive\Desktop\Kern\data\raw\fonts\Ysabeau_SC_500.ttf,ok,0,2257,2257,0,0,
Ysabeau SC,Ysabeau_SC_600,600,C:\Users\angel\OneDrive\Desktop\Kern\data\raw\fonts\Ysabeau_SC_600.ttf,ok,0,2257,2257,0,0,
Ysabeau SC,Ysabeau_SC_700,700,C:\Users\angel\OneDrive\Desktop\Kern\data\raw\fonts\Ysabeau_SC_700.ttf,ok,0,2257,2257,0,0,
Ysabeau SC,Ysabeau_SC_800,800,C:\Users\angel\OneDrive\Desktop\Kern\data\raw\fonts\Ysabeau_SC_800.ttf,ok,0,2257,2257,0,0,
Ysabeau SC,Ysabeau_SC_900,900,C:\Users\angel\OneDrive\Desktop\Kern\data\raw\fonts\Ysabeau_SC_900.ttf,ok,0,2257,2257,0,0,
Chicle,Chicle_regular,regular,C:\Users\angel\OneDrive\Desktop\Kern\data\raw\fonts\Chicle_regular.ttf,ok,503,503,0,503,0,
IBM Plex Sans Thai Looped,IBM_Plex_Sans_Thai_Looped_100,100,C:\Users\angel\OneDrive\Desktop\Kern\data\raw\fonts\IBM_Plex_Sans_Thai_Looped_100.ttf,ok,22,8991,8969,22,0,
IBM Plex Sans Thai Looped,IBM_Plex_Sans_Thai_Looped_200,200,C:\Users\angel\OneDrive\Desktop\Kern\data\raw\fonts\IBM_Plex_Sans_Thai_Looped_200.ttf,ok,23,8992,8969,23,0,
IBM Plex Sans Thai Looped,IBM_Plex_Sans_Thai_Looped_300,300,C:\Users\angel\OneDrive\Desktop\Kern\data\raw\fonts\IBM_Plex_Sans_Thai_Looped_300.ttf,ok,23,8992,8969,23,0,
IBM Plex Sans Thai Looped,IBM_Plex_Sans_Thai_Looped_regular,regular,C:\Users\angel\OneDrive\Desktop\Kern\data\raw\fonts\IBM_Plex_Sans_Thai_Looped_regular.ttf,ok,18,9125,9107,18,0,
IBM Plex Sans Thai Looped,IBM_Plex_Sans_Thai_Looped_500,500,C:\Users\angel\OneDrive\Desktop\Kern\data\raw\fonts\IBM_Plex_Sans_Thai_Looped_500.ttf,ok,19,9126,9107,19,0,
IBM Plex Sans Thai Looped,IBM_Plex_Sans_Thai_Looped_600,600,C:\Users\angel\OneDrive\Desktop\Kern\data\raw\fonts\IBM_Plex_Sans_Thai_Looped_600.ttf,ok,19,9126,9107,19,0,
IBM Plex Sans Thai Looped,IBM_Plex_Sans_Thai_Looped_700,700,C:\Users\angel\OneDrive\Desktop\Kern\data\raw\fonts\IBM_Plex_Sans_Thai_Looped_700.ttf,ok,18,9126,9108,18,0,
Anek Tamil,Anek_Tamil_100,100,C:\Users\angel\OneDrive\Desktop\Kern\data\raw\fonts\Anek_Tamil_100.ttf,ok,43,2750,2707,43,0,
Anek Tamil,Anek_Tamil_200,200,C:\Users\angel\OneDrive\Desktop\Kern\data\raw\fonts\Anek_Tamil_200.ttf,ok,46,2750,2704,46,0,
Anek Tamil,Anek_Tamil_300,300,C:\Users\angel\OneDrive\Desktop\Kern\data\raw\fonts\Anek_Tamil_300.ttf,ok,46,2750,2704,46,0,
Anek Tamil,Anek_Tamil_regular,regular,C:\Users\angel\OneDrive\Desktop\Kern\data\raw\fonts\Anek_Tamil_regular.ttf,ok,45,2750,2705,45,0,
Anek Tamil,Anek_Tamil_500,500,C:\Users\angel\OneDrive\Desktop\Kern\data\raw\fonts\Anek_Tamil_500.ttf,ok,46,2750,2704,46,0,
Anek Tamil,Anek_Tamil_600,600,C:\Users\angel\OneDrive\Desktop\Kern\data\raw\fonts\Anek_Tamil_600.ttf,ok,46,2750,2704,46,0,
Anek Tamil,Anek_Tamil_700,700,C:\Users\angel\OneDrive\Desktop\Kern\data\raw\fonts\Anek_Tamil_700.ttf,ok,46,2750,2704,46,0,
Anek Tamil,Anek_Tamil_800,800,C:\Users\angel\OneDrive\Desktop\Kern\data\raw\fonts\Anek_Tamil_800.ttf,ok,46,2750,2704,46,0,
Iceland,Iceland_regular,regular,C:\Users\angel\OneDrive\Desktop\Kern\data\raw\fonts\Iceland_regular.ttf,ok,0,0,0,0,0,
Gayathri,Gayathri_100,100,C:\Users\angel\OneDrive\Desktop\Kern\data\raw\fonts\Gayathri_100.ttf,ok,0,8305,8305,0,0,
Gayathri,Gayathri_regular,regular,C:\Users\angel\OneDrive\Desktop\Kern\data\raw\fonts\Gayathri_regular.ttf,ok,0,8305,8305,0,0,
Gayathri,Gayathri_700,700,C:\Users\angel\OneDrive\Desktop\Kern\data\raw\fonts\Gayathri_700.ttf,ok,0,8305,8305,0,0,
Nova Slim,Nova_Slim_regular,regular,C:\Users\angel\OneDrive\Desktop\Kern\data\raw\fonts\Nova_Slim_regular.ttf,ok,0,0,0,0,0,
Gasoek One,Gasoek_One_regular,regular,C:\Users\angel\OneDrive\Desktop\Kern\data\raw\fonts\Gasoek_One_regular.ttf,ok,412,4887,4475,412,0,
Fasthand,Fasthand_regular,regular,C:\Users\angel\OneDrive\Desktop\Kern\data\raw\fonts\Fasthand_regular.ttf,ok,170,170,0,170,0,
Siemreap,Siemreap_regular,regular,C:\Users\angel\OneDrive\Desktop\Kern\data\raw\fonts\Siemreap_regular.ttf,ok,0,0,0,0,0,
Grenze,Grenze_100,100,C:\Users\angel\OneDrive\Desktop\Kern\data\raw\fonts\Grenze_100.ttf,ok,0,1053,1053,0,0,
Grenze,Grenze_200,200,C:\Users\angel\OneDrive\Desktop\Kern\data\raw\fonts\Grenze_200.ttf,ok,0,1053,1053,0,0,
Grenze,Grenze_300,300,C:\Users\angel\OneDrive\Desktop\Kern\data\raw\fonts\Grenze_300.ttf,ok,0,1053,1053,0,0,
Grenze,Grenze_regular,regular,C:\Users\angel\OneDrive\Desktop\Kern\data\raw\fonts\Grenze_regular.ttf,ok,0,1053,1053,0,0,
Grenze,Grenze_500,500,C:\Users\angel\OneDrive\Desktop\Kern\data\raw\fonts\Grenze_500.ttf,ok,0,1053,1053,0,0,
Grenze,Grenze_600,600,C:\Users\angel\OneDrive\Desktop\Kern\data\raw\fonts\Grenze_600.ttf,ok,0,1053,1053,0,0,
Grenze,Grenze_700,700,C:\Users\angel\OneDrive\Desktop\Kern\data\raw\fonts\Grenze_700.ttf,ok,0,1053,1053,0,0,
Grenze,Grenze_800,800,C:\Users\angel\OneDrive\Desktop\Kern\data\raw\fonts\Grenze_800.ttf,ok,0,1053,1053,0,0,
Grenze,Grenze_900,900,C:\Users\angel\OneDrive\Desktop\Kern\data\raw\fonts\Grenze_900.ttf,ok,0,1053,1053,0,0,
Grenze,Grenze_100italic,100italic,C:\Users\angel\OneDrive\Desktop\Kern\data\raw\fonts\Grenze_100italic.ttf,ok,0,925,925,0,0,
Grenze,Grenze_200italic,200italic,C:\Users\angel\OneDrive\Desktop\Kern\data\raw\fonts\Grenze_200italic.ttf,ok,0,925,925,0,0,
Grenze,Grenze_300italic,300italic,C:\Users\angel\OneDrive\Desktop\Kern\data\raw\fonts\Grenze_300italic.ttf,ok,0,925,925,0,0,
Grenze,Grenze_italic,italic,C:\Users\angel\OneDrive\Desktop\Kern\data\raw\fonts\Grenze_italic.ttf,ok,0,925,925,0,0,
Grenze,Grenze_500italic,500italic,C:\Users\angel\OneDrive\Desktop\Kern\data\raw\fonts\Grenze_500italic.ttf,ok,0,925,925,0,0,
Grenze,Grenze_600italic,600italic,C:\Users\angel\OneDrive\Desktop\Kern\data\raw\fonts\Grenze_600italic.ttf,ok,0,925,925,0,0,
Grenze,Grenze_700italic,700italic,C:\Users\angel\OneDrive\Desktop\Kern\data\raw\fonts\Grenze_700italic.ttf,ok,0,925,925,0,0,
Grenze,Grenze_800italic,800italic,C:\Users\angel\OneDrive\Desktop\Kern\data\raw\fonts\Grenze_800italic.ttf,ok,0,925,925,0,0,
Grenze,Grenze_900italic,900italic,C:\Users\angel\OneDrive\Desktop\Kern\data\raw\fonts\Grenze_900italic.ttf,ok,0,925,925,0,0,
Kenia,Kenia_regular,regular,C:\Users\angel\OneDrive\Desktop\Kern\data\raw\fonts\Kenia_regular.ttf,ok,25,19749,19724,25,0,
Baumans,Baumans_regular,regular,C:\Users\angel\OneDrive\Desktop\Kern\data\raw\fonts\Baumans_regular.ttf,ok,0,0,0,0,0,
Stick,Stick_regular,regular,C:\Users\angel\OneDrive\Desktop\Kern\data\raw\fonts\Stick_regular.ttf,ok,45,45,0,45,0,
Liter,Liter_regular,regular,C:\Users\angel\OneDrive\Desktop\Kern\data\raw\fonts\Liter_regular.ttf,ok,32,2784,2752,32,0,
Peralta,Peralta_regular,regular,C:\Users\angel\OneDrive\Desktop\Kern\data\raw\fonts\Peralta_regular.ttf,ok,86,121,35,86,0,
Duru Sans,Duru_Sans_regular,regular,C:\Users\angel\OneDrive\Desktop\Kern\data\raw\fonts\Duru_Sans_regular.ttf,ok,0,0,0,0,0,
Medula One,Medula_One_regular,regular,C:\Users\angel\OneDrive\Desktop\Kern\data\raw\fonts\Medula_One_regular.ttf,ok,121,121,0,121,0,
Overlock SC,Overlock_SC_regular,regular,C:\Users\angel\OneDrive\Desktop\Kern\data\raw\fonts\Overlock_SC_regular.ttf,ok,64,64,0,64,0,
Badeen Display,Badeen_Display_regular,regular,C:\Users\angel\OneDrive\Desktop\Kern\data\raw\fonts\Badeen_Display_regular.ttf,ok,0,0,0,0,0,
Mynerve,Mynerve_regular,regular,C:\Users\angel\OneDrive\Desktop\Kern\data\raw\fonts\Mynerve_regular.ttf,ok,124,458,334,124,0,
Genos,Genos_100,100,C:\Users\angel\OneDrive\Desktop\Kern\data\raw\fonts\Genos_100.ttf,ok,0,540,540,0,0,
Genos,Genos_200,200,C:\Users\angel\OneDrive\Desktop\Kern\data\raw\fonts\Genos_200.ttf,ok,0,540,540,0,0,
Genos,Genos_300,300,C:\Users\angel\OneDrive\Desktop\Kern\data\raw\fonts\Genos_300.ttf,ok,0,540,540,0,0,
Genos,Genos_regular,regular,C:\Users\angel\OneDrive\Desktop\Kern\data\raw\fonts\Genos_regular.ttf,ok,0,540,540,0,0,
Genos,Genos_500,500,C:\Users\angel\OneDrive\Desktop\Kern\data\raw\fonts\Genos_500.ttf,ok,0,540,540,0,0,
Genos,Genos_600,600,C:\Users\angel\OneDrive\Desktop\Kern\data\raw\fonts\Genos_600.ttf,ok,0,540,540,0,0,
Genos,Genos_700,700,C:\Users\angel\OneDrive\Desktop\Kern\data\raw\fonts\Genos_700.ttf,ok,0,540,540,0,0,
Genos,Genos_800,800,C:\Users\angel\OneDrive\Desktop\Kern\data\raw\fonts\Genos_800.ttf,ok,0,540,540,0,0,
Genos,Genos_900,900,C:\Users\angel\OneDrive\Desktop\Kern\data\raw\fonts\Genos_900.ttf,ok,0,540,540,0,0,
Genos,Genos_100italic,100italic,C:\Users\angel\OneDrive\Desktop\Kern\data\raw\fonts\Genos_100italic.ttf,ok,51,775,724,51,0,
Genos,Genos_200italic,200italic,C:\Users\angel\OneDrive\Desktop\Kern\data\raw\fonts\Genos_200italic.ttf,ok,61,775,714,61,0,
Genos,Genos_300italic,300italic,C:\Users\angel\OneDrive\Desktop\Kern\data\raw\fonts\Genos_300italic.ttf,ok,62,775,713,62,0,
Genos,Genos_italic,italic,C:\Users\angel\OneDrive\Desktop\Kern\data\raw\fonts\Genos_italic.ttf,ok,62,775,713,62,0,
Genos,Genos_500italic,500italic,C:\Users\angel\OneDrive\Desktop\Kern\data\raw\fonts\Genos_500italic.ttf,ok,62,775,713,62,0,
Genos,Genos_600italic,600italic,C:\Users\angel\OneDrive\Desktop\Kern\data\raw\fonts\Genos_600italic.ttf,ok,62,775,713,62,0,
Genos,Genos_700italic,700italic,C:\Users\angel\OneDrive\Desktop\Kern\data\raw\fonts\Genos_700italic.ttf,ok,62,775,713,62,0,
Genos,Genos_800italic,800italic,C:\Users\angel\OneDrive\Desktop\Kern\data\raw\fonts\Genos_800italic.ttf,ok,62,775,713,62,0,
Genos,Genos_900italic,900italic,C:\Users\angel\OneDrive\Desktop\Kern\data\raw\fonts\Genos_900italic.ttf,ok,58,775,717,58,0,
Miltonian,Miltonian_regular,regular,C:\Users\angel\OneDrive\Desktop\Kern\data\raw\fonts\Miltonian_regular.ttf,ok,884,884,0,884,0,
Noto Serif Tamil,Noto_Serif_Tamil_100,100,C:\Users\angel\OneDrive\Desktop\Kern\data\raw\fonts\Noto_Serif_Tamil_100.ttf,ok,5,8328,8323,5,0,
Noto Serif Tamil,Noto_Serif_Tamil_200,200,C:\Users\angel\OneDrive\Desktop\Kern\data\raw\fonts\Noto_Serif_Tamil_200.ttf,ok,5,8328,8323,5,0,
Noto Serif Tamil,Noto_Serif_Tamil_300,300,C:\Users\angel\OneDrive\Desktop\Kern\data\raw\fonts\Noto_Serif_Tamil_300.ttf,ok,5,8328,8323,5,0,
Noto Serif Tamil,Noto_Serif_Tamil_regular,regular,C:\Users\angel\OneDrive\Desktop\Kern\data\raw\fonts\Noto_Serif_Tamil_regular.ttf,ok,5,8328,8323,5,0,
Noto Serif Tamil,Noto_Serif_Tamil_500,500,C:\Users\angel\OneDrive\Desktop\Kern\data\raw\fonts\Noto_Serif_Tamil_500.ttf,ok,5,8328,8323,5,0,
Noto Serif Tamil,Noto_Serif_Tamil_600,600,C:\Users\angel\OneDrive\Desktop\Kern\data\raw\fonts\Noto_Serif_Tamil_600.ttf,ok,5,8328,8323,5,0,
Noto Serif Tamil,Noto_Serif_Tamil_700,700,C:\Users\angel\OneDrive\Desktop\Kern\data\raw\fonts\Noto_Serif_Tamil_700.ttf,ok,5,8328,8323,5,0,
Noto Serif Tamil,Noto_Serif_Tamil_800,800,C:\Users\angel\OneDrive\Desktop\Kern\data\raw\fonts\Noto_Serif_Tamil_800.ttf,ok,5,8328,8323,5,0,
Noto Serif Tamil,Noto_Serif_Tamil_900,900,C:\Users\angel\OneDrive\Desktop\Kern\data\raw\fonts\Noto_Serif_Tamil_900.ttf,ok,5,8328,8323,5,0,
Noto Serif Tamil,Noto_Serif_Tamil_100italic,100italic,C:\Users\angel\OneDrive\Desktop\Kern\data\raw\fonts\Noto_Serif_Tamil_100italic.ttf,ok,5,8328,8323,5,0,
Noto Serif Tamil,Noto_Serif_Tamil_200italic,200italic,C:\Users\angel\OneDrive\Desktop\Kern\data\raw\fonts\Noto_Serif_Tamil_200italic.ttf,ok,5,8328,8323,5,0,
Noto Serif Tamil,Noto_Serif_Tamil_300italic,300italic,C:\Users\angel\OneDrive\Desktop\Kern\data\raw\fonts\Noto_Serif_Tamil_300italic.ttf,ok,5,8328,8323,5,0,
Noto Serif Tamil,Noto_Serif_Tamil_italic,italic,C:\Users\angel\OneDrive\Desktop\Kern\data\raw\fonts\Noto_Serif_Tamil_italic.ttf,ok,5,8328,8323,5,0,
Noto Serif Tamil,Noto_Serif_Tamil_500italic,500italic,C:\Users\angel\OneDrive\Desktop\Kern\data\raw\fonts\Noto_Serif_Tamil_500italic.ttf,ok,5,8328,8323,5,0,
Noto Serif Tamil,Noto_Serif_Tamil_600italic,600italic,C:\Users\angel\OneDrive\Desktop\Kern\data\raw\fonts\Noto_Serif_Tamil_600italic.ttf,ok,5,8328,8323,5,0,
Noto Serif Tamil,Noto_Serif_Tamil_700italic,700italic,C:\Users\angel\OneDrive\Desktop\Kern\data\raw\fonts\Noto_Serif_Tamil_700italic.ttf,ok,5,8328,8323,5,0,
Noto Serif Tamil,Noto_Serif_Tamil_800italic,800italic,C:\Users\angel\OneDrive\Desktop\Kern\data\raw\fonts\Noto_Serif_Tamil_800italic.ttf,ok,5,8328,8323,5,0,
Noto Serif Tamil,Noto_Serif_Tamil_900italic,900italic,C:\Users\angel\OneDrive\Desktop\Kern\data\raw\fonts\Noto_Serif_Tamil_900italic.ttf,ok,5,8328,8323,5,0,
Gugi,Gugi_regular,regular,C:\Users\angel\OneDrive\Desktop\Kern\data\raw\fonts\Gugi_regular.ttf,ok,0,0,0,0,0,
Yomogi,Yomogi_regular,regular,C:\Users\angel\OneDrive\Desktop\Kern\data\raw\fonts\Yomogi_regular.ttf,ok,0,0,0,0,0,
Gentium Book Plus,Gentium_Book_Plus_regular,regular,C:\Users\angel\OneDrive\Desktop\Kern\data\raw\fonts\Gentium_Book_Plus_regular.ttf,ok,84,2073,1989,84,0,
Gentium Book Plus,Gentium_Book_Plus_italic,italic,C:\Users\angel\OneDrive\Desktop\Kern\data\raw\fonts\Gentium_Book_Plus_italic.ttf,ok,83,2072,1989,83,0,
Gentium Book Plus,Gentium_Book_Plus_700,700,C:\Users\angel\OneDrive\Desktop\Kern\data\raw\fonts\Gentium_Book_Plus_700.ttf,ok,84,2073,1989,84,0,
Gentium Book Plus,Gentium_Book_Plus_700italic,700italic,C:\Users\angel\OneDrive\Desktop\Kern\data\raw\fonts\Gentium_Book_Plus_700italic.ttf,ok,83,2072,1989,83,0,
Carme,Carme_regular,regular,C:\Users\angel\OneDrive\Desktop\Kern\data\raw\fonts\Carme_regular.ttf,ok,2245,92075,89830,2245,0,
Luxurious Script,Luxurious_Script_regular,regular,C:\Users\angel\OneDrive\Desktop\Kern\data\raw\fonts\Luxurious_Script_regular.ttf,ok,69,69,0,69,0,
Galindo,Galindo_regular,regular,C:\Users\angel\OneDrive\Desktop\Kern\data\raw\fonts\Galindo_regular.ttf,ok,71,211,140,71,0,
Atomic Age,Atomic_Age_regular,regular,C:\Users\angel\OneDrive\Desktop\Kern\data\raw\fonts\Atomic_Age_regular.ttf,ok,1,1,0,1,0,
Noto Sans Mende Kikakui,Noto_Sans_Mende_Kikakui_regular,regular,C:\Users\angel\OneDrive\Desktop\Kern\data\raw\fonts\Noto_Sans_Mende_Kikakui_regular.ttf,ok,0,0,0,0,0,
Kavivanar,Kavivanar_regular,regular,C:\Users\angel\OneDrive\Desktop\Kern\data\raw\fonts\Kavivanar_regular.ttf,ok,86,2790,2704,86,0,
Chau Philomene One,Chau_Philomene_One_regular,regular,C:\Users\angel\OneDrive\Desktop\Kern\data\raw\fonts\Chau_Philomene_One_regular.ttf,ok,85,85,0,85,0,
Chau Philomene One,Chau_Philomene_One_italic,italic,C:\Users\angel\OneDrive\Desktop\Kern\data\raw\fonts\Chau_Philomene_One_italic.ttf,ok,85,85,0,85,0,
Science Gothic,Science_Gothic_100,100,C:\Users\angel\OneDrive\Desktop\Kern\data\raw\fonts\Science_Gothic_100.ttf,ok,48,2942,2894,48,0,
Science Gothic,Science_Gothic_200,200,C:\Users\angel\OneDrive\Desktop\Kern\data\raw\fonts\Science_Gothic_200.ttf,ok,48,2942,2894,48,0,
Science Gothic,Science_Gothic_300,300,C:\Users\angel\OneDrive\Desktop\Kern\data\raw\fonts\Science_Gothic_300.ttf,ok,48,2942,2894,48,0,
Science Gothic,Science_Gothic_regular,regular,C:\Users\angel\OneDrive\Desktop\Kern\data\raw\fonts\Science_Gothic_regular.ttf,ok,48,2942,2894,48,0,
Science Gothic,Science_Gothic_500,500,C:\Users\angel\OneDrive\Desktop\Kern\data\raw\fonts\Science_Gothic_500.ttf,ok,48,2942,2894,48,0,
Science Gothic,Science_Gothic_600,600,C:\Users\angel\OneDrive\Desktop\Kern\data\raw\fonts\Science_Gothic_600.ttf,ok,48,2942,2894,48,0,
Science Gothic,Science_Gothic_700,700,C:\Users\angel\OneDrive\Desktop\Kern\data\raw\fonts\Science_Gothic_700.ttf,ok,47,2942,2895,47,0,
Science Gothic,Science_Gothic_800,800,C:\Users\angel\OneDrive\Desktop\Kern\data\raw\fonts\Science_Gothic_800.ttf,ok,48,2942,2894,48,0,
Science Gothic,Science_Gothic_900,900,C:\Users\angel\OneDrive\Desktop\Kern\data\raw\fonts\Science_Gothic_900.ttf,ok,48,2942,2894,48,0,
Jersey 10,Jersey_10_regular,regular,C:\Users\angel\OneDrive\Desktop\Kern\data\raw\fonts\Jersey_10_regular.ttf,ok,0,0,0,0,0,
Akaya Kanadaka,Akaya_Kanadaka_regular,regular,C:\Users\angel\OneDrive\Desktop\Kern\data\raw\fonts\Akaya_Kanadaka_regular.ttf,ok,71,2806,2735,71,0,
Short Stack,Short_Stack_regular,regular,C:\Users\angel\OneDrive\Desktop\Kern\data\raw\fonts\Short_Stack_regular.ttf,ok,3,3,0,3,0,
New Tegomin,New_Tegomin_regular,regular,C:\Users\angel\OneDrive\Desktop\Kern\data\raw\fonts\New_Tegomin_regular.ttf,ok,0,0,0,0,0,
Khmer,Khmer_regular,regular,C:\Users\angel\OneDrive\Desktop\Kern\data\raw\fonts\Khmer_regular.ttf,ok,0,0,0,0,0,
Varta,Varta_300,300,C:\Users\angel\OneDrive\Desktop\Kern\data\raw\fonts\Varta_300.ttf,ok,0,506,506,0,0,
Varta,Varta_regular,regular,C:\Users\angel\OneDrive\Desktop\Kern\data\raw\fonts\Varta_regular.ttf,ok,0,506,506,0,0,
Varta,Varta_500,500,C:\Users\angel\OneDrive\Desktop\Kern\data\raw\fonts\Varta_500.ttf,ok,0,506,506,0,0,
Varta,Varta_600,600,C:\Users\angel\OneDrive\Desktop\Kern\data\raw\fonts\Varta_600.ttf,ok,0,506,506,0,0,
Varta,Varta_700,700,C:\Users\angel\OneDrive\Desktop\Kern\data\raw\fonts\Varta_700.ttf,ok,0,506,506,0,0,
Pavanam,Pavanam_regular,regular,C:\Users\angel\OneDrive\Desktop\Kern\data\raw\fonts\Pavanam_regular.ttf,ok,86,2790,2704,86,0,
Lexend Mega,Lexend_Mega_100,100,C:\Users\angel\OneDrive\Desktop\Kern\data\raw\fonts\Lexend_Mega_100.ttf,ok,12,24,12,12,0,
Lexend Mega,Lexend_Mega_200,200,C:\Users\angel\OneDrive\Desktop\Kern\data\raw\fonts\Lexend_Mega_200.ttf,ok,12,24,12,12,0,
Lexend Mega,Lexend_Mega_300,300,C:\Users\angel\OneDrive\Desktop\Kern\data\raw\fonts\Lexend_Mega_300.ttf,ok,12,24,12,12,0,
Lexend Mega,Lexend_Mega_regular,regular,C:\Users\angel\OneDrive\Desktop\Kern\data\raw\fonts\Lexend_Mega_regular.ttf,ok,12,24,12,12,0,
Lexend Mega,Lexend_Mega_500,500,C:\Users\angel\OneDrive\Desktop\Kern\data\raw\fonts\Lexend_Mega_500.ttf,ok,12,24,12,12,0,
Lexend Mega,Lexend_Mega_600,600,C:\Users\angel\OneDrive\Desktop\Kern\data\raw\fonts\Lexend_Mega_600.ttf,ok,12,24,12,12,0,
Lexend Mega,Lexend_Mega_700,700,C:\Users\angel\OneDrive\Desktop\Kern\data\raw\fonts\Lexend_Mega_700.ttf,ok,12,24,12,12,0,
Lexend Mega,Lexend_Mega_800,800,C:\Users\angel\OneDrive\Desktop\Kern\data\raw\fonts\Lexend_Mega_800.ttf,ok,12,24,12,12,0,
Lexend Mega,Lexend_Mega_900,900,C:\Users\angel\OneDrive\Desktop\Kern\data\raw\fonts\Lexend_Mega_900.ttf,ok,9,24,15,9,0,
Londrina Outline,Londrina_Outline_regular,regular,C:\Users\angel\OneDrive\Desktop\Kern\data\raw\fonts\Londrina_Outline_regular.ttf,ok,124,18278,18154,124,0,
Edu TAS Beginner,Edu_TAS_Beginner_regular,regular,C:\Users\angel\OneDrive\Desktop\Kern\data\raw\fonts\Edu_TAS_Beginner_regular.ttf,ok,229,1541,1312,229,0,
Edu TAS Beginner,Edu_TAS_Beginner_500,500,C:\Users\angel\OneDrive\Desktop\Kern\data\raw\fonts\Edu_TAS_Beginner_500.ttf,ok,235,1541,1306,235,0,
Edu TAS Beginner,Edu_TAS_Beginner_600,600,C:\Users\angel\OneDrive\Desktop\Kern\data\raw\fonts\Edu_TAS_Beginner_600.ttf,ok,235,1541,1306,235,0,
Edu TAS Beginner,Edu_TAS_Beginner_700,700,C:\Users\angel\OneDrive\Desktop\Kern\data\raw\fonts\Edu_TAS_Beginner_700.ttf,ok,206,1541,1335,206,0,
Eagle Lake,Eagle_Lake_regular,regular,C:\Users\angel\OneDrive\Desktop\Kern\data\raw\fonts\Eagle_Lake_regular.ttf,ok,92,137,45,92,0,
Raleway Dots,Raleway_Dots_regular,regular,C:\Users\angel\OneDrive\Desktop\Kern\data\raw\fonts\Raleway_Dots_regular.ttf,ok,587,587,0,587,0,
Dai Banna SIL,Dai_Banna_SIL_300,300,C:\Users\angel\OneDrive\Desktop\Kern\data\raw\fonts\Dai_Banna_SIL_300.ttf,ok,0,0,0,0,0,
Dai Banna SIL,Dai_Banna_SIL_300italic,300italic,C:\Users\angel\OneDrive\Desktop\Kern\data\raw\fonts\Dai_Banna_SIL_300italic.ttf,ok,0,0,0,0,0,
Dai Banna SIL,Dai_Banna_SIL_regular,regular,C:\Users\angel\OneDrive\Desktop\Kern\data\raw\fonts\Dai_Banna_SIL_regular.ttf,ok,0,0,0,0,0,
Dai Banna SIL,Dai_Banna_SIL_italic,italic,C:\Users\angel\OneDrive\Desktop\Kern\data\raw\fonts\Dai_Banna_SIL_italic.ttf,ok,0,0,0,0,0,
Dai Banna SIL,Dai_Banna_SIL_500,500,C:\Users\angel\OneDrive\Desktop\Kern\data\raw\fonts\Dai_Banna_SIL_500.ttf,ok,0,0,0,0,0,
Dai Banna SIL,Dai_Banna_SIL_500italic,500italic,C:\Users\angel\OneDrive\Desktop\Kern\data\raw\fonts\Dai_Banna_SIL_500italic.ttf,ok,0,0,0,0,0,
Dai Banna SIL,Dai_Banna_SIL_600,600,C:\Users\angel\OneDrive\Desktop\Kern\data\raw\fonts\Dai_Banna_SIL_600.ttf,ok,0,0,0,0,0,
Dai Banna SIL,Dai_Banna_SIL_600italic,600italic,C:\Users\angel\OneDrive\Desktop\Kern\data\raw\fonts\Dai_Banna_SIL_600italic.ttf,ok,0,0,0,0,0,
Dai Banna SIL,Dai_Banna_SIL_700,700,C:\Users\angel\OneDrive\Desktop\Kern\data\raw\fonts\Dai_Banna_SIL_700.ttf,ok,0,0,0,0,0,
Dai Banna SIL,Dai_Banna_SIL_700italic,700italic,C:\Users\angel\OneDrive\Desktop\Kern\data\raw\fonts\Dai_Banna_SIL_700italic.ttf,ok,0,0,0,0,0,
Bitcount Single,Bitcount_Single_100,100,C:\Users\angel\OneDrive\Desktop\Kern\data\raw\fonts\Bitcount_Single_100.ttf,ok,0,0,0,0,0,
Bitcount Single,Bitcount_Single_200,200,C:\Users\angel\OneDrive\Desktop\Kern\data\raw\fonts\Bitcount_Single_200.ttf,ok,0,0,0,0,0,
Bitcount Single,Bitcount_Single_300,300,C:\Users\angel\OneDrive\Desktop\Kern\data\raw\fonts\Bitcount_Single_300.ttf,ok,0,0,0,0,0,
Bitcount Single,Bitcount_Single_regular,regular,C:\Users\angel\OneDrive\Desktop\Kern\data\raw\fonts\Bitcount_Single_regular.ttf,ok,0,0,0,0,0,
Bitcount Single,Bitcount_Single_500,500,C:\Users\angel\OneDrive\Desktop\Kern\data\raw\fonts\Bitcount_Single_500.ttf,ok,0,0,0,0,0,
Bitcount Single,Bitcount_Single_600,600,C:\Users\angel\OneDrive\Desktop\Kern\data\raw\fonts\Bitcount_Single_600.ttf,ok,0,0,0,0,0,
Bitcount Single,Bitcount_Single_700,700,C:\Users\angel\OneDrive\Desktop\Kern\data\raw\fonts\Bitcount_Single_700.ttf,ok,0,0,0,0,0,
Bitcount Single,Bitcount_Single_800,800,C:\Users\angel\OneDrive\Desktop\Kern\data\raw\fonts\Bitcount_Single_800.ttf,ok,0,0,0,0,0,
Bitcount Single,Bitcount_Single_900,900,C:\Users\angel\OneDrive\Desktop\Kern\data\raw\fonts\Bitcount_Single_900.ttf,ok,0,0,0,0,0,
Tauri,Tauri_regular,regular,C:\Users\angel\OneDrive\Desktop\Kern\data\raw\fonts\Tauri_regular.ttf,ok,0,0,0,0,0,
Mozilla Headline,Mozilla_Headline_200,200,C:\Users\angel\OneDrive\Desktop\Kern\data\raw\fonts\Mozilla_Headline_200.ttf,ok,196,2940,2744,196,0,
Mozilla Headline,Mozilla_Headline_300,300,C:\Users\angel\OneDrive\Desktop\Kern\data\raw\fonts\Mozilla_Headline_300.ttf,ok,196,2940,2744,196,0,
Mozilla Headline,Mozilla_Headline_regular,regular,C:\Users\angel\OneDrive\Desktop\Kern\data\raw\fonts\Mozilla_Headline_regular.ttf,ok,196,2940,2744,196,0,
Mozilla Headline,Mozilla_Headline_500,500,C:\Users\angel\OneDrive\Desktop\Kern\data\raw\fonts\Mozilla_Headline_500.ttf,ok,196,2940,2744,196,0,
Mozilla Headline,Mozilla_Headline_600,600,C:\Users\angel\OneDrive\Desktop\Kern\data\raw\fonts\Mozilla_Headline_600.ttf,ok,196,2940,2744,196,0,
Mozilla Headline,Mozilla_Headline_700,700,C:\Users\angel\OneDrive\Desktop\Kern\data\raw\fonts\Mozilla_Headline_700.ttf,ok,196,2940,2744,196,0,
Noto Serif Malayalam,Noto_Serif_Malayalam_100,100,C:\Users\angel\OneDrive\Desktop\Kern\data\raw\fonts\Noto_Serif_Malayalam_100.ttf,ok,5,2929,2924,5,0,
Noto Serif Malayalam,Noto_Serif_Malayalam_200,200,C:\Users\angel\OneDrive\Desktop\Kern\data\raw\fonts\Noto_Serif_Malayalam_200.ttf,ok,5,2929,2924,5,0,
Noto Serif Malayalam,Noto_Serif_Malayalam_300,300,C:\Users\angel\OneDrive\Desktop\Kern\data\raw\fonts\Noto_Serif_Malayalam_300.ttf,ok,5,2929,2924,5,0,
Noto Serif Malayalam,Noto_Serif_Malayalam_regular,regular,C:\Users\angel\OneDrive\Desktop\Kern\data\raw\fonts\Noto_Serif_Malayalam_regular.ttf,ok,5,2929,2924,5,0,
Noto Serif Malayalam,Noto_Serif_Malayalam_500,500,C:\Users\angel\OneDrive\Desktop\Kern\data\raw\fonts\Noto_Serif_Malayalam_500.ttf,ok,5,2929,2924,5,0,
Noto Serif Malayalam,Noto_Serif_Malayalam_600,600,C:\Users\angel\OneDrive\Desktop\Kern\data\raw\fonts\Noto_Serif_Malayalam_600.ttf,ok,5,2929,2924,5,0,
Noto Serif Malayalam,Noto_Serif_Malayalam_700,700,C:\Users\angel\OneDrive\Desktop\Kern\data\raw\fonts\Noto_Serif_Malayalam_700.ttf,ok,5,2929,2924,5,0,
Noto Serif Malayalam,Noto_Serif_Malayalam_800,800,C:\Users\angel\OneDrive\Desktop\Kern\data\raw\fonts\Noto_Serif_Malayalam_800.ttf,ok,5,2929,2924,5,0,
Noto Serif Malayalam,Noto_Serif_Malayalam_900,900,C:\Users\angel\OneDrive\Desktop\Kern\data\raw\fonts\Noto_Serif_Malayalam_900.ttf,ok,5,2929,2924,5,0,
IM Fell French Canon SC,IM_Fell_French_Canon_SC_regular,regular,C:\Users\angel\OneDrive\Desktop\Kern\data\raw\fonts\IM_Fell_French_Canon_SC_regular.ttf,ok,1127,1127,0,1127,0,
Astloch,Astloch_regular,regular,C:\Users\angel\OneDrive\Desktop\Kern\data\raw\fonts\Astloch_regular.ttf,ok,544,544,0,544,0,
Astloch,Astloch_700,700,C:\Users\angel\OneDrive\Desktop\Kern\data\raw\fonts\Astloch_700.ttf,ok,600,600,0,600,0,
Kulim Park,Kulim_Park_200,200,C:\Users\angel\OneDrive\Desktop\Kern\data\raw\fonts\Kulim_Park_200.ttf,ok,613,614,1,613,0,
Kulim Park,Kulim_Park_200italic,200italic,C:\Users\angel\OneDrive\Desktop\Kern\data\raw\fonts\Kulim_Park_200italic.ttf,ok,596,597,1,596,0,
Kulim Park,Kulim_Park_300,300,C:\Users\angel\OneDrive\Desktop\Kern\data\raw\fonts\Kulim_Park_300.ttf,ok,686,687,1,686,0,
Kulim Park,Kulim_Park_300italic,300italic,C:\Users\angel\OneDrive\Desktop\Kern\data\raw\fonts\Kulim_Park_300italic.ttf,ok,653,654,1,653,0,
Kulim Park,Kulim_Park_regular,regular,C:\Users\angel\OneDrive\Desktop\Kern\data\raw\fonts\Kulim_Park_regular.ttf,ok,686,687,1,686,0,
Kulim Park,Kulim_Park_italic,italic,C:\Users\angel\OneDrive\Desktop\Kern\data\raw\fonts\Kulim_Park_italic.ttf,ok,653,654,1,653,0,
Kulim Park,Kulim_Park_600,600,C:\Users\angel\OneDrive\Desktop\Kern\data\raw\fonts\Kulim_Park_600.ttf,ok,686,687,1,686,0,
Kulim Park,Kulim_Park_600italic,600italic,C:\Users\angel\OneDrive\Desktop\Kern\data\raw\fonts\Kulim_Park_600italic.ttf,ok,653,654,1,653,0,
Kulim Park,Kulim_Park_700,700,C:\Users\angel\OneDrive\Desktop\Kern\data\raw\fonts\Kulim_Park_700.ttf,ok,675,676,1,675,0,
Kulim Park,Kulim_Park_700italic,700italic,C:\Users\angel\OneDrive\Desktop\Kern\data\raw\fonts\Kulim_Park_700italic.ttf,ok,651,652,1,651,0,
Lavishly Yours,Lavishly_Yours_regular,regular,C:\Users\angel\OneDrive\Desktop\Kern\data\raw\fonts\Lavishly_Yours_regular.ttf,ok,63,479,416,63,0,
Gafata,Gafata_regular,regular,C:\Users\angel\OneDrive\Desktop\Kern\data\raw\fonts\Gafata_regular.ttf,ok,95,95,0,95,0,
Hubot Sans,Hubot_Sans_200,200,C:\Users\angel\OneDrive\Desktop\Kern\data\raw\fonts\Hubot_Sans_200.ttf,ok,38,2766,2728,38,0,
Hubot Sans,Hubot_Sans_300,300,C:\Users\angel\OneDrive\Desktop\Kern\data\raw\fonts\Hubot_Sans_300.ttf,ok,37,2766,2729,37,0,
Hubot Sans,Hubot_Sans_regular,regular,C:\Users\angel\OneDrive\Desktop\Kern\data\raw\fonts\Hubot_Sans_regular.ttf,ok,37,2766,2729,37,0,
Hubot Sans,Hubot_Sans_500,500,C:\Users\angel\OneDrive\Desktop\Kern\data\raw\fonts\Hubot_Sans_500.ttf,ok,37,2766,2729,37,0,
Hubot Sans,Hubot_Sans_600,600,C:\Users\angel\OneDrive\Desktop\Kern\data\raw\fonts\Hubot_Sans_600.ttf,ok,37,2766,2729,37,0,
Hubot Sans,Hubot_Sans_700,700,C:\Users\angel\OneDrive\Desktop\Kern\data\raw\fonts\Hubot_Sans_700.ttf,ok,37,2766,2729,37,0,
Hubot Sans,Hubot_Sans_800,800,C:\Users\angel\OneDrive\Desktop\Kern\data\raw\fonts\Hubot_Sans_800.ttf,ok,36,2766,2730,36,0,
Hubot Sans,Hubot_Sans_900,900,C:\Users\angel\OneDrive\Desktop\Kern\data\raw\fonts\Hubot_Sans_900.ttf,ok,33,2766,2733,33,0,
Hubot Sans,Hubot_Sans_200italic,200italic,C:\Users\angel\OneDrive\Desktop\Kern\data\raw\fonts\Hubot_Sans_200italic.ttf,ok,42,2766,2724,42,0,
Hubot Sans,Hubot_Sans_300italic,300italic,C:\Users\angel\OneDrive\Desktop\Kern\data\raw\fonts\Hubot_Sans_300italic.ttf,ok,42,2766,2724,42,0,
Hubot Sans,Hubot_Sans_italic,italic,C:\Users\angel\OneDrive\Desktop\Kern\data\raw\fonts\Hubot_Sans_italic.ttf,ok,42,2766,2724,42,0,
Hubot Sans,Hubot_Sans_500italic,500italic,C:\Users\angel\OneDrive\Desktop\Kern\data\raw\fonts\Hubot_Sans_500italic.ttf,ok,42,2766,2724,42,0,
Hubot Sans,Hubot_Sans_600italic,600italic,C:\Users\angel\OneDrive\Desktop\Kern\data\raw\fonts\Hubot_Sans_600italic.ttf,ok,42,2766,2724,42,0,
Hubot Sans,Hubot_Sans_700italic,700italic,C:\Users\angel\OneDrive\Desktop\Kern\data\raw\fonts\Hubot_Sans_700italic.ttf,ok,42,2766,2724,42,0,
Hubot Sans,Hubot_Sans_800italic,800italic,C:\Users\angel\OneDrive\Desktop\Kern\data\raw\fonts\Hubot_Sans_800italic.ttf,ok,42,2766,2724,42,0,
Hubot Sans,Hubot_Sans_900italic,900italic,C:\Users\angel\OneDrive\Desktop\Kern\data\raw\fonts\Hubot_Sans_900italic.ttf,ok,36,2766,2730,36,0,
Comme,Comme_100,100,C:\Users\angel\OneDrive\Desktop\Kern\data\raw\fonts\Comme_100.ttf,ok,9,742,733,9,0,
Comme,Comme_200,200,C:\Users\angel\OneDrive\Desktop\Kern\data\raw\fonts\Comme_200.ttf,ok,9,742,733,9,0,
Comme,Comme_300,300,C:\Users\angel\OneDrive\Desktop\Kern\data\raw\fonts\Comme_300.ttf,ok,8,742,734,8,0,
Comme,Comme_regular,regular,C:\Users\angel\OneDrive\Desktop\Kern\data\raw\fonts\Comme_regular.ttf,ok,8,742,734,8,0,
Comme,Comme_500,500,C:\Users\angel\OneDrive\Desktop\Kern\data\raw\fonts\Comme_500.ttf,ok,12,742,730,12,0,
Comme,Comme_600,600,C:\Users\angel\OneDrive\Desktop\Kern\data\raw\fonts\Comme_600.ttf,ok,12,742,730,12,0,
Comme,Comme_700,700,C:\Users\angel\OneDrive\Desktop\Kern\data\raw\fonts\Comme_700.ttf,ok,12,742,730,12,0,
Comme,Comme_800,800,C:\Users\angel\OneDrive\Desktop\Kern\data\raw\fonts\Comme_800.ttf,ok,12,742,730,12,0,
Comme,Comme_900,900,C:\Users\angel\OneDrive\Desktop\Kern\data\raw\fonts\Comme_900.ttf,ok,10,742,732,10,0,
Sevillana,Sevillana_regular,regular,C:\Users\angel\OneDrive\Desktop\Kern\data\raw\fonts\Sevillana_regular.ttf,ok,277,469,192,277,0,
Ranchers,Ranchers_regular,regular,C:\Users\angel\OneDrive\Desktop\Kern\data\raw\fonts\Ranchers_regular.ttf,ok,239,467,228,239,0,
Alkalami,Alkalami_regular,regular,C:\Users\angel\OneDrive\Desktop\Kern\data\raw\fonts\Alkalami_regular.ttf,ok,0,0,0,0,0,
Devonshire,Devonshire_regular,regular,C:\Users\angel\OneDrive\Desktop\Kern\data\raw\fonts\Devonshire_regular.ttf,ok,12,103,91,12,0,
Miltonian Tattoo,Miltonian_Tattoo_regular,regular,C:\Users\angel\OneDrive\Desktop\Kern\data\raw\fonts\Miltonian_Tattoo_regular.ttf,ok,884,884,0,884,0,
Jolly Lodger,Jolly_Lodger_regular,regular,C:\Users\angel\OneDrive\Desktop\Kern\data\raw\fonts\Jolly_Lodger_regular.ttf,ok,0,0,0,0,0,
BIZ UDMincho,BIZ_UDMincho_regular,regular,C:\Users\angel\OneDrive\Desktop\Kern\data\raw\fonts\BIZ_UDMincho_regular.ttf,ok,0,0,0,0,0,
BIZ UDMincho,BIZ_UDMincho_700,700,C:\Users\angel\OneDrive\Desktop\Kern\data\raw\fonts\BIZ_UDMincho_700.ttf,ok,0,0,0,0,0,
Imbue,Imbue_100,100,C:\Users\angel\OneDrive\Desktop\Kern\data\raw\fonts\Imbue_100.ttf,ok,0,33,33,0,0,
Imbue,Imbue_200,200,C:\Users\angel\OneDrive\Desktop\Kern\data\raw\fonts\Imbue_200.ttf,ok,0,33,33,0,0,
Imbue,Imbue_300,300,C:\Users\angel\OneDrive\Desktop\Kern\data\raw\fonts\Imbue_300.ttf,ok,0,33,33,0,0,
Imbue,Imbue_regular,regular,C:\Users\angel\OneDrive\Desktop\Kern\data\raw\fonts\Imbue_regular.ttf,ok,0,33,33,0,0,
Imbue,Imbue_500,500,C:\Users\angel\OneDrive\Desktop\Kern\data\raw\fonts\Imbue_500.ttf,ok,0,33,33,0,0,
Imbue,Imbue_600,600,C:\Users\angel\OneDrive\Desktop\Kern\data\raw\fonts\Imbue_600.ttf,ok,0,33,33,0,0,
Imbue,Imbue_700,700,C:\Users\angel\OneDrive\Desktop\Kern\data\raw\fonts\Imbue_700.ttf,ok,0,33,33,0,0,
Imbue,Imbue_800,800,C:\Users\angel\OneDrive\Desktop\Kern\data\raw\fonts\Imbue_800.ttf,ok,0,33,33,0,0,
Imbue,Imbue_900,900,C:\Users\angel\OneDrive\Desktop\Kern\data\raw\fonts\Imbue_900.ttf,ok,0,33,33,0,0,
Baloo Bhaina 2,Baloo_Bhaina_2_regular,regular,C:\Users\angel\OneDrive\Desktop\Kern\data\raw\fonts\Baloo_Bhaina_2_regular.ttf,ok,231,407,176,231,0,
Baloo Bhaina 2,Baloo_Bhaina_2_500,500,C:\Users\angel\OneDrive\Desktop\Kern\data\raw\fonts\Baloo_Bhaina_2_500.ttf,ok,231,407,176,231,0,
Baloo Bhaina 2,Baloo_Bhaina_2_600,600,C:\Users\angel\OneDrive\Desktop\Kern\data\raw\fonts\Baloo_Bhaina_2_600.ttf,ok,230,407,177,230,0,
Baloo Bhaina 2,Baloo_Bhaina_2_700,700,C:\Users\angel\OneDrive\Desktop\Kern\data\raw\fonts\Baloo_Bhaina_2_700.ttf,ok,231,407,176,231,0,
Baloo Bhaina 2,Baloo_Bhaina_2_800,800,C:\Users\angel\OneDrive\Desktop\Kern\data\raw\fonts\Baloo_Bhaina_2_800.ttf,ok,221,407,186,221,0,
Nova Cut,Nova_Cut_regular,regular,C:\Users\angel\OneDrive\Desktop\Kern\data\raw\fonts\Nova_Cut_regular.ttf,ok,0,0,0,0,0,
TASA Orbiter,TASA_Orbiter_regular,regular,C:\Users\angel\OneDrive\Desktop\Kern\data\raw\fonts\TASA_Orbiter_regular.ttf,ok,28,2779,2751,28,0,
TASA Orbiter,TASA_Orbiter_500,500,C:\Users\angel\OneDrive\Desktop\Kern\data\raw\fonts\TASA_Orbiter_500.ttf,ok,39,2779,2740,39,0,
TASA Orbiter,TASA_Orbiter_600,600,C:\Users\angel\OneDrive\Desktop\Kern\data\raw\fonts\TASA_Orbiter_600.ttf,ok,39,2779,2740,39,0,
TASA Orbiter,TASA_Orbiter_700,700,C:\Users\angel\OneDrive\Desktop\Kern\data\raw\fonts\TASA_Orbiter_700.ttf,ok,39,2779,2740,39,0,
TASA Orbiter,TASA_Orbiter_800,800,C:\Users\angel\OneDrive\Desktop\Kern\data\raw\fonts\TASA_Orbiter_800.ttf,ok,36,2779,2743,36,0,
East Sea Dokdo,East_Sea_Dokdo_regular,regular,C:\Users\angel\OneDrive\Desktop\Kern\data\raw\fonts\East_Sea_Dokdo_regular.ttf,ok,0,0,0,0,0,
Stack Sans Text,Stack_Sans_Text_200,200,C:\Users\angel\OneDrive\Desktop\Kern\data\raw\fonts\Stack_Sans_Text_200.ttf,ok,39,2799,2760,39,0,
Stack Sans Text,Stack_Sans_Text_300,300,C:\Users\angel\OneDrive\Desktop\Kern\data\raw\fonts\Stack_Sans_Text_300.ttf,ok,51,2799,2748,51,0,
Stack Sans Text,Stack_Sans_Text_regular,regular,C:\Users\angel\OneDrive\Desktop\Kern\data\raw\fonts\Stack_Sans_Text_regular.ttf,ok,47,2799,2752,47,0,
Stack Sans Text,Stack_Sans_Text_500,500,C:\Users\angel\OneDrive\Desktop\Kern\data\raw\fonts\Stack_Sans_Text_500.ttf,ok,47,2799,2752,47,0,
Stack Sans Text,Stack_Sans_Text_600,600,C:\Users\angel\OneDrive\Desktop\Kern\data\raw\fonts\Stack_Sans_Text_600.ttf,ok,47,2799,2752,47,0,
Stack Sans Text,Stack_Sans_Text_700,700,C:\Users\angel\OneDrive\Desktop\Kern\data\raw\fonts\Stack_Sans_Text_700.ttf,ok,41,2799,2758,41,0,
Rationale,Rationale_regular,regular,C:\Users\angel\OneDrive\Desktop\Kern\data\raw\fonts\Rationale_regular.ttf,ok,211,1693,1482,211,0,
Emilys Candy,Emilys_Candy_regular,regular,C:\Users\angel\OneDrive\Desktop\Kern\data\raw\fonts\Emilys_Candy_regular.ttf,ok,0,0,0,0,0,
Caesar Dressing,Caesar_Dressing_regular,regular,C:\Users\angel\OneDrive\Desktop\Kern\data\raw\fonts\Caesar_Dressing_regular.ttf,ok,0,0,0,0,0,
Trispace,Trispace_100,100,C:\Users\angel\OneDrive\Desktop\Kern\data\raw\fonts\Trispace_100.ttf,ok,0,2951,2951,0,0,
Trispace,Trispace_200,200,C:\Users\angel\OneDrive\Desktop\Kern\data\raw\fonts\Trispace_200.ttf,ok,0,2951,2951,0,0,
Trispace,Trispace_300,300,C:\Users\angel\OneDrive\Desktop\Kern\data\raw\fonts\Trispace_300.ttf,ok,0,2951,2951,0,0,
Trispace,Trispace_regular,regular,C:\Users\angel\OneDrive\Desktop\Kern\data\raw\fonts\Trispace_regular.ttf,ok,0,2951,2951,0,0,
Trispace,Trispace_500,500,C:\Users\angel\OneDrive\Desktop\Kern\data\raw\fonts\Trispace_500.ttf,ok,0,2951,2951,0,0,
Trispace,Trispace_600,600,C:\Users\angel\OneDrive\Desktop\Kern\data\raw\fonts\Trispace_600.ttf,ok,0,2951,2951,0,0,
Trispace,Trispace_700,700,C:\Users\angel\OneDrive\Desktop\Kern\data\raw\fonts\Trispace_700.ttf,ok,0,2951,2951,0,0,
Trispace,Trispace_800,800,C:\Users\angel\OneDrive\Desktop\Kern\data\raw\fonts\Trispace_800.ttf,ok,0,2951,2951,0,0,
Macondo Swash Caps,Macondo_Swash_Caps_regular,regular,C:\Users\angel\OneDrive\Desktop\Kern\data\raw\fonts\Macondo_Swash_Caps_regular.ttf,ok,83,83,0,83,0,
Miniver,Miniver_regular,regular,C:\Users\angel\OneDrive\Desktop\Kern\data\raw\fonts\Miniver_regular.ttf,ok,0,0,0,0,0,
Delius Swash Caps,Delius_Swash_Caps_regular,regular,C:\Users\angel\OneDrive\Desktop\Kern\data\raw\fonts\Delius_Swash_Caps_regular.ttf,ok,928,928,0,928,0,
Homenaje,Homenaje_regular,regular,C:\Users\angel\OneDrive\Desktop\Kern\data\raw\fonts\Homenaje_regular.ttf,ok,1,2022,2021,1,0,
Convergence,Convergence_regular,regular,C:\Users\angel\OneDrive\Desktop\Kern\data\raw\fonts\Convergence_regular.ttf,ok,366,3696,3330,366,0,
Vampiro One,Vampiro_One_regular,regular,C:\Users\angel\OneDrive\Desktop\Kern\data\raw\fonts\Vampiro_One_regular.ttf,ok,0,0,0,0,0,
Baskervville SC,Baskervville_SC_regular,regular,C:\Users\angel\OneDrive\Desktop\Kern\data\raw\fonts\Baskervville_SC_regular.ttf,ok,0,2704,2704,0,0,
Baskervville SC,Baskervville_SC_500,500,C:\Users\angel\OneDrive\Desktop\Kern\data\raw\fonts\Baskervville_SC_500.ttf,ok,0,2704,2704,0,0,
Baskervville SC,Baskervville_SC_600,600,C:\Users\angel\OneDrive\Desktop\Kern\data\raw\fonts\Baskervville_SC_600.ttf,ok,0,2704,2704,0,0,
Baskervville SC,Baskervville_SC_700,700,C:\Users\angel\OneDrive\Desktop\Kern\data\raw\fonts\Baskervville_SC_700.ttf,ok,0,2704,2704,0,0,
Akronim,Akronim_regular,regular,C:\Users\angel\OneDrive\Desktop\Kern\data\raw\fonts\Akronim_regular.ttf,ok,71,71,0,71,0,
Zilla Slab Highlight,Zilla_Slab_Highlight_regular,regular,C:\Users\angel\OneDrive\Desktop\Kern\data\raw\fonts\Zilla_Slab_Highlight_regular.ttf,ok,0,0,0,0,0,
Zilla Slab Highlight,Zilla_Slab_Highlight_700,700,C:\Users\angel\OneDrive\Desktop\Kern\data\raw\fonts\Zilla_Slab_Highlight_700.ttf,ok,0,0,0,0,0,
Belgrano,Belgrano_regular,regular,C:\Users\angel\OneDrive\Desktop\Kern\data\raw\fonts\Belgrano_regular.ttf,ok,601,601,0,601,0,
Noto Sans Math,Noto_Sans_Math_regular,regular,C:\Users\angel\OneDrive\Desktop\Kern\data\raw\fonts\Noto_Sans_Math_regular.ttf,ok,7,7216,7209,7,0,
Stylish,Stylish_regular,regular,C:\Users\angel\OneDrive\Desktop\Kern\data\raw\fonts\Stylish_regular.ttf,ok,0,0,0,0,0,
Solitreo,Solitreo_regular,regular,C:\Users\angel\OneDrive\Desktop\Kern\data\raw\fonts\Solitreo_regular.ttf,ok,0,5666,5666,0,0,
Faculty Glyphic,Faculty_Glyphic_regular,regular,C:\Users\angel\OneDrive\Desktop\Kern\data\raw\fonts\Faculty_Glyphic_regular.ttf,ok,158,2889,2731,158,0,
Sigmar,Sigmar_regular,regular,C:\Users\angel\OneDrive\Desktop\Kern\data\raw\fonts\Sigmar_regular.ttf,ok,20,26,6,20,0,
Nova Script,Nova_Script_regular,regular,C:\Users\angel\OneDrive\Desktop\Kern\data\raw\fonts\Nova_Script_regular.ttf,ok,0,108,108,0,0,
Headland One,Headland_One_regular,regular,C:\Users\angel\OneDrive\Desktop\Kern\data\raw\fonts\Headland_One_regular.ttf,ok,0,0,0,0,0,
Dangrek,Dangrek_regular,regular,C:\Users\angel\OneDrive\Desktop\Kern\data\raw\fonts\Dangrek_regular.ttf,ok,170,170,0,170,0,
Fascinate Inline,Fascinate_Inline_regular,regular,C:\Users\angel\OneDrive\Desktop\Kern\data\raw\fonts\Fascinate_Inline_regular.ttf,ok,2,410,408,2,0,
Fuggles,Fuggles_regular,regular,C:\Users\angel\OneDrive\Desktop\Kern\data\raw\fonts\Fuggles_regular.ttf,ok,10,10,0,10,0,
Tiro Devanagari Sanskrit,Tiro_Devanagari_Sanskrit_regular,regular,C:\Users\angel\OneDrive\Desktop\Kern\data\raw\fonts\Tiro_Devanagari_Sanskrit_regular.ttf,ok,11,2985,2974,11,0,
Tiro Devanagari Sanskrit,Tiro_Devanagari_Sanskrit_italic,italic,C:\Users\angel\OneDrive\Desktop\Kern\data\raw\fonts\Tiro_Devanagari_Sanskrit_italic.ttf,ok,59,3051,2992,59,0,
Kdam Thmor Pro,Kdam_Thmor_Pro_regular,regular,C:\Users\angel\OneDrive\Desktop\Kern\data\raw\fonts\Kdam_Thmor_Pro_regular.ttf,ok,20,20,0,20,0,
Notable,Notable_regular,regular,C:\Users\angel\OneDrive\Desktop\Kern\data\raw\fonts\Notable_regular.ttf,ok,0,4890,4890,0,0,
Single Day,Single_Day_regular,regular,C:\Users\angel\OneDrive\Desktop\Kern\data\raw\fonts\Single_Day_regular.ttf,ok,0,0,0,0,0,
Island Moments,Island_Moments_regular,regular,C:\Users\angel\OneDrive\Desktop\Kern\data\raw\fonts\Island_Moments_regular.ttf,ok,1,2705,2704,1,0,
Cantora One,Cantora_One_regular,regular,C:\Users\angel\OneDrive\Desktop\Kern\data\raw\fonts\Cantora_One_regular.ttf,ok,15,15,0,15,0,
Fenix,Fenix_regular,regular,C:\Users\angel\OneDrive\Desktop\Kern\data\raw\fonts\Fenix_regular.ttf,ok,123,123,0,123,0,
Liu Jian Mao Cao,Liu_Jian_Mao_Cao_regular,regular,C:\Users\angel\OneDrive\Desktop\Kern\data\raw\fonts\Liu_Jian_Mao_Cao_regular.ttf,ok,0,0,0,0,0,
Timmana,Timmana_regular,regular,C:\Users\angel\OneDrive\Desktop\Kern\data\raw\fonts\Timmana_regular.ttf,ok,0,0,0,0,0,
Anek Gujarati,Anek_Gujarati_100,100,C:\Users\angel\OneDrive\Desktop\Kern\data\raw\fonts\Anek_Gujarati_100.ttf,ok,43,46,3,43,0,
Anek Gujarati,Anek_Gujarati_200,200,C:\Users\angel\OneDrive\Desktop\Kern\data\raw\fonts\Anek_Gujarati_200.ttf,ok,46,46,0,46,0,
Anek Gujarati,Anek_Gujarati_300,300,C:\Users\angel\OneDrive\Desktop\Kern\data\raw\fonts\Anek_Gujarati_300.ttf,ok,46,46,0,46,0,
Anek Gujarati,Anek_Gujarati_regular,regular,C:\Users\angel\OneDrive\Desktop\Kern\data\raw\fonts\Anek_Gujarati_regular.ttf,ok,45,46,1,45,0,
Anek Gujarati,Anek_Gujarati_500,500,C:\Users\angel\OneDrive\Desktop\Kern\data\raw\fonts\Anek_Gujarati_500.ttf,ok,46,46,0,46,0,
Anek Gujarati,Anek_Gujarati_600,600,C:\Users\angel\OneDrive\Desktop\Kern\data\raw\fonts\Anek_Gujarati_600.ttf,ok,46,46,0,46,0,
Anek Gujarati,Anek_Gujarati_700,700,C:\Users\angel\OneDrive\Desktop\Kern\data\raw\fonts\Anek_Gujarati_700.ttf,ok,46,46,0,46,0,
Anek Gujarati,Anek_Gujarati_800,800,C:\Users\angel\OneDrive\Desktop\Kern\data\raw\fonts\Anek_Gujarati_800.ttf,ok,46,46,0,46,0,
Comforter,Comforter_regular,regular,C:\Users\angel\OneDrive\Desktop\Kern\data\raw\fonts\Comforter_regular.ttf,ok,143,143,0,143,0,
Srisakdi,Srisakdi_regular,regular,C:\Users\angel\OneDrive\Desktop\Kern\data\raw\fonts\Srisakdi_regular.ttf,ok,17,4477,4460,17,0,
Srisakdi,Srisakdi_700,700,C:\Users\angel\OneDrive\Desktop\Kern\data\raw\fonts\Srisakdi_700.ttf,ok,17,4477,4460,17,0,
Ceviche One,Ceviche_One_regular,regular,C:\Users\angel\OneDrive\Desktop\Kern\data\raw\fonts\Ceviche_One_regular.ttf,ok,453,453,0,453,0,
Ballet,Ballet_regular,regular,C:\Users\angel\OneDrive\Desktop\Kern\data\raw\fonts\Ballet_regular.ttf,ok,0,0,0,0,0,
Beau Rivage,Beau_Rivage_regular,regular,C:\Users\angel\OneDrive\Desktop\Kern\data\raw\fonts\Beau_Rivage_regular.ttf,ok,25,47,22,25,0,
Margarine,Margarine_regular,regular,C:\Users\angel\OneDrive\Desktop\Kern\data\raw\fonts\Margarine_regular.ttf,ok,36,274,238,36,0,
Ysabeau,Ysabeau_100,100,C:\Users\angel\OneDrive\Desktop\Kern\data\raw\fonts\Ysabeau_100.ttf,ok,2,8349,8347,2,0,
Ysabeau,Ysabeau_200,200,C:\Users\angel\OneDrive\Desktop\Kern\data\raw\fonts\Ysabeau_200.ttf,ok,2,8349,8347,2,0,
Ysabeau,Ysabeau_300,300,C:\Users\angel\OneDrive\Desktop\Kern\data\raw\fonts\Ysabeau_300.ttf,ok,2,8349,8347,2,0,
Ysabeau,Ysabeau_regular,regular,C:\Users\angel\OneDrive\Desktop\Kern\data\raw\fonts\Ysabeau_regular.ttf,ok,2,8349,8347,2,0,
Ysabeau,Ysabeau_500,500,C:\Users\angel\OneDrive\Desktop\Kern\data\raw\fonts\Ysabeau_500.ttf,ok,2,8349,8347,2,0,
Ysabeau,Ysabeau_600,600,C:\Users\angel\OneDrive\Desktop\Kern\data\raw\fonts\Ysabeau_600.ttf,ok,2,8349,8347,2,0,
Ysabeau,Ysabeau_700,700,C:\Users\angel\OneDrive\Desktop\Kern\data\raw\fonts\Ysabeau_700.ttf,ok,2,8349,8347,2,0,
Ysabeau,Ysabeau_800,800,C:\Users\angel\OneDrive\Desktop\Kern\data\raw\fonts\Ysabeau_800.ttf,ok,9,8349,8340,9,0,
Ysabeau,Ysabeau_900,900,C:\Users\angel\OneDrive\Desktop\Kern\data\raw\fonts\Ysabeau_900.ttf,ok,9,8349,8340,9,0,
Ysabeau,Ysabeau_100italic,100italic,C:\Users\angel\OneDrive\Desktop\Kern\data\raw\fonts\Ysabeau_100italic.ttf,ok,1,8438,8437,1,0,
Ysabeau,Ysabeau_200italic,200italic,C:\Users\angel\OneDrive\Desktop\Kern\data\raw\fonts\Ysabeau_200italic.ttf,ok,1,8438,8437,1,0,
Ysabeau,Ysabeau_300italic,300italic,C:\Users\angel\OneDrive\Desktop\Kern\data\raw\fonts\Ysabeau_300italic.ttf,ok,1,8438,8437,1,0,
Ysabeau,Ysabeau_italic,italic,C:\Users\angel\OneDrive\Desktop\Kern\data\raw\fonts\Ysabeau_italic.ttf,ok,1,8438,8437,1,0,
Ysabeau,Ysabeau_500italic,500italic,C:\Users\angel\OneDrive\Desktop\Kern\data\raw\fonts\Ysabeau_500italic.ttf,ok,1,8438,8437,1,0,
Ysabeau,Ysabeau_600italic,600italic,C:\Users\angel\OneDrive\Desktop\Kern\data\raw\fonts\Ysabeau_600italic.ttf,ok,1,8438,8437,1,0,
Ysabeau,Ysabeau_700italic,700italic,C:\Users\angel\OneDrive\Desktop\Kern\data\raw\fonts\Ysabeau_700italic.ttf,ok,1,8438,8437,1,0,
Ysabeau,Ysabeau_800italic,800italic,C:\Users\angel\OneDrive\Desktop\Kern\data\raw\fonts\Ysabeau_800italic.ttf,ok,1,8438,8437,1,0,
Ysabeau,Ysabeau_900italic,900italic,C:\Users\angel\OneDrive\Desktop\Kern\data\raw\fonts\Ysabeau_900italic.ttf,ok,1,8438,8437,1,0,
Underdog,Underdog_regular,regular,C:\Users\angel\OneDrive\Desktop\Kern\data\raw\fonts\Underdog_regular.ttf,ok,292,292,0,292,0,
Erica One,Erica_One_regular,regular,C:\Users\angel\OneDrive\Desktop\Kern\data\raw\fonts\Erica_One_regular.ttf,ok,179,179,0,179,0,
Tiny5,Tiny5_regular,regular,C:\Users\angel\OneDrive\Desktop\Kern\data\raw\fonts\Tiny5_regular.ttf,ok,0,0,0,0,0,
Geomini,Geomini_200,200,C:\Users\angel\OneDrive\Desktop\Kern\data\raw\fonts\Geomini_200.ttf,ok,0,0,0,0,0,
Geomini,Geomini_300,300,C:\Users\angel\OneDrive\Desktop\Kern\data\raw\fonts\Geomini_300.ttf,ok,0,0,0,0,0,
Geomini,Geomini_regular,regular,C:\Users\angel\OneDrive\Desktop\Kern\data\raw\fonts\Geomini_regular.ttf,ok,0,0,0,0,0,
Geomini,Geomini_500,500,C:\Users\angel\OneDrive\Desktop\Kern\data\raw\fonts\Geomini_500.ttf,ok,0,0,0,0,0,
Geomini,Geomini_600,600,C:\Users\angel\OneDrive\Desktop\Kern\data\raw\fonts\Geomini_600.ttf,ok,0,0,0,0,0,
Geomini,Geomini_700,700,C:\Users\angel\OneDrive\Desktop\Kern\data\raw\fonts\Geomini_700.ttf,ok,0,0,0,0,0,
Geomini,Geomini_800,800,C:\Users\angel\OneDrive\Desktop\Kern\data\raw\fonts\Geomini_800.ttf,ok,0,0,0,0,0,
Freckle Face,Freckle_Face_regular,regular,C:\Users\angel\OneDrive\Desktop\Kern\data\raw\fonts\Freckle_Face_regular.ttf,ok,100,164,64,100,0,
Jomolhari,Jomolhari_regular,regular,C:\Users\angel\OneDrive\Desktop\Kern\data\raw\fonts\Jomolhari_regular.ttf,ok,0,0,0,0,0,
BhuTuka Expanded One,BhuTuka_Expanded_One_regular,regular,C:\Users\angel\OneDrive\Desktop\Kern\data\raw\fonts\BhuTuka_Expanded_One_regular.ttf,ok,0,0,0,0,0,
Stalemate,Stalemate_regular,regular,C:\Users\angel\OneDrive\Desktop\Kern\data\raw\fonts\Stalemate_regular.ttf,ok,0,1664,1664,0,0,
Playwrite US Trad,Playwrite_US_Trad_100,100,C:\Users\angel\OneDrive\Desktop\Kern\data\raw\fonts\Playwrite_US_Trad_100.ttf,ok,0,24300,24300,0,0,
Playwrite US Trad,Playwrite_US_Trad_200,200,C:\Users\angel\OneDrive\Desktop\Kern\data\raw\fonts\Playwrite_US_Trad_200.ttf,ok,0,24300,24300,0,0,
Playwrite US Trad,Playwrite_US_Trad_300,300,C:\Users\angel\OneDrive\Desktop\Kern\data\raw\fonts\Playwrite_US_Trad_300.ttf,ok,0,24300,24300,0,0,
Playwrite US Trad,Playwrite_US_Trad_regular,regular,C:\Users\angel\OneDrive\Desktop\Kern\data\raw\fonts\Playwrite_US_Trad_regular.ttf,ok,0,24300,24300,0,0,
Ruthie,Ruthie_regular,regular,C:\Users\angel\OneDrive\Desktop\Kern\data\raw\fonts\Ruthie_regular.ttf,ok,48,48,0,48,0,
Katibeh,Katibeh_regular,regular,C:\Users\angel\OneDrive\Desktop\Kern\data\raw\fonts\Katibeh_regular.ttf,ok,29,8141,8112,29,0,
Noto Music,Noto_Music_regular,regular,C:\Users\angel\OneDrive\Desktop\Kern\data\raw\fonts\Noto_Music_regular.ttf,ok,7,501,494,7,0,
Playwrite NZ Guides,Playwrite_NZ_Guides_regular,regular,C:\Users\angel\OneDrive\Desktop\Kern\data\raw\fonts\Playwrite_NZ_Guides_regular.ttf,ok,0,4851,4851,0,0,
Barrio,Barrio_regular,regular,C:\Users\angel\OneDrive\Desktop\Kern\data\raw\fonts\Barrio_regular.ttf,ok,0,0,0,0,0,
Kapakana,Kapakana_300,300,C:\Users\angel\OneDrive\Desktop\Kern\data\raw\fonts\Kapakana_300.ttf,ok,0,0,0,0,0,
Kapakana,Kapakana_regular,regular,C:\Users\angel\OneDrive\Desktop\Kern\data\raw\fonts\Kapakana_regular.ttf,ok,0,0,0,0,0,
Hedvig Letters Sans,Hedvig_Letters_Sans_regular,regular,C:\Users\angel\OneDrive\Desktop\Kern\data\raw\fonts\Hedvig_Letters_Sans_regular.ttf,ok,203,2947,2744,203,0,
Stack Sans Headline,Stack_Sans_Headline_200,200,C:\Users\angel\OneDrive\Desktop\Kern\data\raw\fonts\Stack_Sans_Headline_200.ttf,ok,39,2799,2760,39,0,
Stack Sans Headline,Stack_Sans_Headline_300,300,C:\Users\angel\OneDrive\Desktop\Kern\data\raw\fonts\Stack_Sans_Headline_300.ttf,ok,51,2799,2748,51,0,
Stack Sans Headline,Stack_Sans_Headline_regular,regular,C:\Users\angel\OneDrive\Desktop\Kern\data\raw\fonts\Stack_Sans_Headline_regular.ttf,ok,47,2799,2752,47,0,
Stack Sans Headline,Stack_Sans_Headline_500,500,C:\Users\angel\OneDrive\Desktop\Kern\data\raw\fonts\Stack_Sans_Headline_500.ttf,ok,47,2799,2752,47,0,
Stack Sans Headline,Stack_Sans_Headline_600,600,C:\Users\angel\OneDrive\Desktop\Kern\data\raw\fonts\Stack_Sans_Headline_600.ttf,ok,47,2799,2752,47,0,
Stack Sans Headline,Stack_Sans_Headline_700,700,C:\Users\angel\OneDrive\Desktop\Kern\data\raw\fonts\Stack_Sans_Headline_700.ttf,ok,41,2799,2758,41,0,
Joan,Joan_regular,regular,C:\Users\angel\OneDrive\Desktop\Kern\data\raw\fonts\Joan_regular.ttf,ok,37,37,0,37,0,
Noto Serif Telugu,Noto_Serif_Telugu_100,100,C:\Users\angel\OneDrive\Desktop\Kern\data\raw\fonts\Noto_Serif_Telugu_100.ttf,ok,5,225,220,5,0,
Noto Serif Telugu,Noto_Serif_Telugu_200,200,C:\Users\angel\OneDrive\Desktop\Kern\data\raw\fonts\Noto_Serif_Telugu_200.ttf,ok,5,225,220,5,0,
Noto Serif Telugu,Noto_Serif_Telugu_300,300,C:\Users\angel\OneDrive\Desktop\Kern\data\raw\fonts\Noto_Serif_Telugu_300.ttf,ok,5,225,220,5,0,
Noto Serif Telugu,Noto_Serif_Telugu_regular,regular,C:\Users\angel\OneDrive\Desktop\Kern\data\raw\fonts\Noto_Serif_Telugu_regular.ttf,ok,5,225,220,5,0,
Noto Serif Telugu,Noto_Serif_Telugu_500,500,C:\Users\angel\OneDrive\Desktop\Kern\data\raw\fonts\Noto_Serif_Telugu_500.ttf,ok,5,225,220,5,0,
Noto Serif Telugu,Noto_Serif_Telugu_600,600,C:\Users\angel\OneDrive\Desktop\Kern\data\raw\fonts\Noto_Serif_Telugu_600.ttf,ok,5,225,220,5,0,
Noto Serif Telugu,Noto_Serif_Telugu_700,700,C:\Users\angel\OneDrive\Desktop\Kern\data\raw\fonts\Noto_Serif_Telugu_700.ttf,ok,5,225,220,5,0,
Noto Serif Telugu,Noto_Serif_Telugu_800,800,C:\Users\angel\OneDrive\Desktop\Kern\data\raw\fonts\Noto_Serif_Telugu_800.ttf,ok,5,225,220,5,0,
Noto Serif Telugu,Noto_Serif_Telugu_900,900,C:\Users\angel\OneDrive\Desktop\Kern\data\raw\fonts\Noto_Serif_Telugu_900.ttf,ok,5,225,220,5,0,
Castoro Titling,Castoro_Titling_regular,regular,C:\Users\angel\OneDrive\Desktop\Kern\data\raw\fonts\Castoro_Titling_regular.ttf,ok,1,85,84,1,0,
Smooch,Smooch_regular,regular,C:\Users\angel\OneDrive\Desktop\Kern\data\raw\fonts\Smooch_regular.ttf,ok,106,2810,2704,106,0,
Braah One,Braah_One_regular,regular,C:\Users\angel\OneDrive\Desktop\Kern\data\raw\fonts\Braah_One_regular.ttf,ok,246,2139,1893,246,0,
Strait,Strait_regular,regular,C:\Users\angel\OneDrive\Desktop\Kern\data\raw\fonts\Strait_regular.ttf,ok,0,1161,1161,0,0,
Fascinate,Fascinate_regular,regular,C:\Users\angel\OneDrive\Desktop\Kern\data\raw\fonts\Fascinate_regular.ttf,ok,2,410,408,2,0,
Flamenco,Flamenco_300,300,C:\Users\angel\OneDrive\Desktop\Kern\data\raw\fonts\Flamenco_300.ttf,ok,592,592,0,592,0,
Flamenco,Flamenco_regular,regular,C:\Users\angel\OneDrive\Desktop\Kern\data\raw\fonts\Flamenco_regular.ttf,ok,566,566,0,566,0,
Zen Tokyo Zoo,Zen_Tokyo_Zoo_regular,regular,C:\Users\angel\OneDrive\Desktop\Kern\data\raw\fonts\Zen_Tokyo_Zoo_regular.ttf,ok,943,943,0,943,0,
Playwrite NO,Playwrite_NO_100,100,C:\Users\angel\OneDrive\Desktop\Kern\data\raw\fonts\Playwrite_NO_100.ttf,ok,0,24081,24081,0,0,
Playwrite NO,Playwrite_NO_200,200,C:\Users\angel\OneDrive\Desktop\Kern\data\raw\fonts\Playwrite_NO_200.ttf,ok,0,24081,24081,0,0,
Playwrite NO,Playwrite_NO_300,300,C:\Users\angel\OneDrive\Desktop\Kern\data\raw\fonts\Playwrite_NO_300.ttf,ok,0,24081,24081,0,0,
Playwrite NO,Playwrite_NO_regular,regular,C:\Users\angel\OneDrive\Desktop\Kern\data\raw\fonts\Playwrite_NO_regular.ttf,ok,0,24081,24081,0,0,
Poor Story,Poor_Story_regular,regular,C:\Users\angel\OneDrive\Desktop\Kern\data\raw\fonts\Poor_Story_regular.ttf,ok,0,0,0,0,0,
Mate SC,Mate_SC_regular,regular,C:\Users\angel\OneDrive\Desktop\Kern\data\raw\fonts\Mate_SC_regular.ttf,ok,7,1127,1120,7,0,
Yeon Sung,Yeon_Sung_regular,regular,C:\Users\angel\OneDrive\Desktop\Kern\data\raw\fonts\Yeon_Sung_regular.ttf,ok,0,0,0,0,0,
Sono,Sono_200,200,C:\Users\angel\OneDrive\Desktop\Kern\data\raw\fonts\Sono_200.ttf,ok,0,702,702,0,0,
Sono,Sono_300,300,C:\Users\angel\OneDrive\Desktop\Kern\data\raw\fonts\Sono_300.ttf,ok,0,702,702,0,0,
Sono,Sono_regular,regular,C:\Users\angel\OneDrive\Desktop\Kern\data\raw\fonts\Sono_regular.ttf,ok,0,702,702,0,0,
Sono,Sono_500,500,C:\Users\angel\OneDrive\Desktop\Kern\data\raw\fonts\Sono_500.ttf,ok,0,702,702,0,0,
Sono,Sono_600,600,C:\Users\angel\OneDrive\Desktop\Kern\data\raw\fonts\Sono_600.ttf,ok,0,702,702,0,0,
Sono,Sono_700,700,C:\Users\angel\OneDrive\Desktop\Kern\data\raw\fonts\Sono_700.ttf,ok,0,702,702,0,0,
Sono,Sono_800,800,C:\Users\angel\OneDrive\Desktop\Kern\data\raw\fonts\Sono_800.ttf,ok,0,702,702,0,0,
LXGW WenKai TC,LXGW_WenKai_TC_300,300,C:\Users\angel\OneDrive\Desktop\Kern\data\raw\fonts\LXGW_WenKai_TC_300.ttf,ok,0,0,0,0,0,
LXGW WenKai TC,LXGW_WenKai_TC_regular,regular,C:\Users\angel\OneDrive\Desktop\Kern\data\raw\fonts\LXGW_WenKai_TC_regular.ttf,ok,0,0,0,0,0,
LXGW WenKai TC,LXGW_WenKai_TC_700,700,C:\Users\angel\OneDrive\Desktop\Kern\data\raw\fonts\LXGW_WenKai_TC_700.ttf,ok,0,0,0,0,0,
Tillana,Tillana_regular,regular,C:\Users\angel\OneDrive\Desktop\Kern\data\raw\fonts\Tillana_regular.ttf,ok,0,0,0,0,0,
Tillana,Tillana_500,500,C:\Users\angel\OneDrive\Desktop\Kern\data\raw\fonts\Tillana_500.ttf,ok,0,0,0,0,0,
Tillana,Tillana_600,600,C:\Users\angel\OneDrive\Desktop\Kern\data\raw\fonts\Tillana_600.ttf,ok,0,0,0,0,0,
Tillana,Tillana_700,700,C:\Users\angel\OneDrive\Desktop\Kern\data\raw\fonts\Tillana_700.ttf,ok,0,0,0,0,0,
Tillana,Tillana_800,800,C:\Users\angel\OneDrive\Desktop\Kern\data\raw\fonts\Tillana_800.ttf,ok,0,0,0,0,0,
Sree Krushnadevaraya,Sree_Krushnadevaraya_regular,regular,C:\Users\angel\OneDrive\Desktop\Kern\data\raw\fonts\Sree_Krushnadevaraya_regular.ttf,ok,0,0,0,0,0,
Handjet,Handjet_100,100,C:\Users\angel\OneDrive\Desktop\Kern\data\raw\fonts\Handjet_100.ttf,ok,0,7904,7904,0,0,
Handjet,Handjet_200,200,C:\Users\angel\OneDrive\Desktop\Kern\data\raw\fonts\Handjet_200.ttf,ok,0,7904,7904,0,0,
Handjet,Handjet_300,300,C:\Users\angel\OneDrive\Desktop\Kern\data\raw\fonts\Handjet_300.ttf,ok,0,7904,7904,0,0,
Handjet,Handjet_regular,regular,C:\Users\angel\OneDrive\Desktop\Kern\data\raw\fonts\Handjet_regular.ttf,ok,0,7904,7904,0,0,
Handjet,Handjet_500,500,C:\Users\angel\OneDrive\Desktop\Kern\data\raw\fonts\Handjet_500.ttf,ok,0,7904,7904,0,0,
Handjet,Handjet_600,600,C:\Users\angel\OneDrive\Desktop\Kern\data\raw\fonts\Handjet_600.ttf,ok,0,7904,7904,0,0,
Handjet,Handjet_700,700,C:\Users\angel\OneDrive\Desktop\Kern\data\raw\fonts\Handjet_700.ttf,ok,0,7904,7904,0,0,
Handjet,Handjet_800,800,C:\Users\angel\OneDrive\Desktop\Kern\data\raw\fonts\Handjet_800.ttf,ok,0,7904,7904,0,0,
Handjet,Handjet_900,900,C:\Users\angel\OneDrive\Desktop\Kern\data\raw\fonts\Handjet_900.ttf,ok,0,7904,7904,0,0,
Rum Raisin,Rum_Raisin_regular,regular,C:\Users\angel\OneDrive\Desktop\Kern\data\raw\fonts\Rum_Raisin_regular.ttf,ok,35,359,324,35,0,
Borel,Borel_regular,regular,C:\Users\angel\OneDrive\Desktop\Kern\data\raw\fonts\Borel_regular.ttf,ok,0,3777,3777,0,0,
Shippori Antique B1,Shippori_Antique_B1_regular,regular,C:\Users\angel\OneDrive\Desktop\Kern\data\raw\fonts\Shippori_Antique_B1_regular.ttf,ok,0,0,0,0,0,
Mystery Quest,Mystery_Quest_regular,regular,C:\Users\angel\OneDrive\Desktop\Kern\data\raw\fonts\Mystery_Quest_regular.ttf,ok,0,0,0,0,0,
Englebert,Englebert_regular,regular,C:\Users\angel\OneDrive\Desktop\Kern\data\raw\fonts\Englebert_regular.ttf,ok,55,289,234,55,0,
Bodoni Moda SC,Bodoni_Moda_SC_regular,regular,C:\Users\angel\OneDrive\Desktop\Kern\data\raw\fonts\Bodoni_Moda_SC_regular.ttf,ok,0,2970,2970,0,0,
Bodoni Moda SC,Bodoni_Moda_SC_500,500,C:\Users\angel\OneDrive\Desktop\Kern\data\raw\fonts\Bodoni_Moda_SC_500.ttf,ok,0,2970,2970,0,0,
Bodoni Moda SC,Bodoni_Moda_SC_600,600,C:\Users\angel\OneDrive\Desktop\Kern\data\raw\fonts\Bodoni_Moda_SC_600.ttf,ok,0,2970,2970,0,0,
Bodoni Moda SC,Bodoni_Moda_SC_700,700,C:\Users\angel\OneDrive\Desktop\Kern\data\raw\fonts\Bodoni_Moda_SC_700.ttf,ok,0,2970,2970,0,0,
Bodoni Moda SC,Bodoni_Moda_SC_800,800,C:\Users\angel\OneDrive\Desktop\Kern\data\raw\fonts\Bodoni_Moda_SC_800.ttf,ok,0,2970,2970,0,0,
Bodoni Moda SC,Bodoni_Moda_SC_900,900,C:\Users\angel\OneDrive\Desktop\Kern\data\raw\fonts\Bodoni_Moda_SC_900.ttf,ok,0,2970,2970,0,0,
Bodoni Moda SC,Bodoni_Moda_SC_italic,italic,C:\Users\angel\OneDrive\Desktop\Kern\data\raw\fonts\Bodoni_Moda_SC_italic.ttf,ok,0,3081,3081,0,0,
Bodoni Moda SC,Bodoni_Moda_SC_500italic,500italic,C:\Users\angel\OneDrive\Desktop\Kern\data\raw\fonts\Bodoni_Moda_SC_500italic.ttf,ok,0,3081,3081,0,0,
Bodoni Moda SC,Bodoni_Moda_SC_600italic,600italic,C:\Users\angel\OneDrive\Desktop\Kern\data\raw\fonts\Bodoni_Moda_SC_600italic.ttf,ok,0,3081,3081,0,0,
Bodoni Moda SC,Bodoni_Moda_SC_700italic,700italic,C:\Users\angel\OneDrive\Desktop\Kern\data\raw\fonts\Bodoni_Moda_SC_700italic.ttf,ok,0,3081,3081,0,0,
Bodoni Moda SC,Bodoni_Moda_SC_800italic,800italic,C:\Users\angel\OneDrive\Desktop\Kern\data\raw\fonts\Bodoni_Moda_SC_800italic.ttf,ok,0,3081,3081,0,0,
Bodoni Moda SC,Bodoni_Moda_SC_900italic,900italic,C:\Users\angel\OneDrive\Desktop\Kern\data\raw\fonts\Bodoni_Moda_SC_900italic.ttf,ok,0,3081,3081,0,0,
Imperial Script,Imperial_Script_regular,regular,C:\Users\angel\OneDrive\Desktop\Kern\data\raw\fonts\Imperial_Script_regular.ttf,ok,0,0,0,0,0,
Passions Conflict,Passions_Conflict_regular,regular,C:\Users\angel\OneDrive\Desktop\Kern\data\raw\fonts\Passions_Conflict_regular.ttf,ok,21,2673,2652,21,0,
Anek Kannada,Anek_Kannada_100,100,C:\Users\angel\OneDrive\Desktop\Kern\data\raw\fonts\Anek_Kannada_100.ttf,ok,43,46,3,43,0,
Anek Kannada,Anek_Kannada_200,200,C:\Users\angel\OneDrive\Desktop\Kern\data\raw\fonts\Anek_Kannada_200.ttf,ok,46,46,0,46,0,
Anek Kannada,Anek_Kannada_300,300,C:\Users\angel\OneDrive\Desktop\Kern\data\raw\fonts\Anek_Kannada_300.ttf,ok,46,46,0,46,0,
Anek Kannada,Anek_Kannada_regular,regular,C:\Users\angel\OneDrive\Desktop\Kern\data\raw\fonts\Anek_Kannada_regular.ttf,ok,45,46,1,45,0,
Anek Kannada,Anek_Kannada_500,500,C:\Users\angel\OneDrive\Desktop\Kern\data\raw\fonts\Anek_Kannada_500.ttf,ok,46,46,0,46,0,
Anek Kannada,Anek_Kannada_600,600,C:\Users\angel\OneDrive\Desktop\Kern\data\raw\fonts\Anek_Kannada_600.ttf,ok,46,46,0,46,0,
Anek Kannada,Anek_Kannada_700,700,C:\Users\angel\OneDrive\Desktop\Kern\data\raw\fonts\Anek_Kannada_700.ttf,ok,46,46,0,46,0,
Anek Kannada,Anek_Kannada_800,800,C:\Users\angel\OneDrive\Desktop\Kern\data\raw\fonts\Anek_Kannada_800.ttf,ok,46,46,0,46,0,
Stint Ultra Condensed,Stint_Ultra_Condensed_regular,regular,C:\Users\angel\OneDrive\Desktop\Kern\data\raw\fonts\Stint_Ultra_Condensed_regular.ttf,ok,6,557,551,6,0,
Engagement,Engagement_regular,regular,C:\Users\angel\OneDrive\Desktop\Kern\data\raw\fonts\Engagement_regular.ttf,ok,8,124,116,8,0,
Odor Mean Chey,Odor_Mean_Chey_regular,regular,C:\Users\angel\OneDrive\Desktop\Kern\data\raw\fonts\Odor_Mean_Chey_regular.ttf,ok,170,170,0,170,0,
Lugrasimo,Lugrasimo_regular,regular,C:\Users\angel\OneDrive\Desktop\Kern\data\raw\fonts\Lugrasimo_regular.ttf,ok,0,0,0,0,0,
Lovers Quarrel,Lovers_Quarrel_regular,regular,C:\Users\angel\OneDrive\Desktop\Kern\data\raw\fonts\Lovers_Quarrel_regular.ttf,ok,40,40,0,40,0,
Amiri Quran,Amiri_Quran_regular,regular,C:\Users\angel\OneDrive\Desktop\Kern\data\raw\fonts\Amiri_Quran_regular.ttf,ok,0,27040,27040,0,0,
Gupter,Gupter_regular,regular,C:\Users\angel\OneDrive\Desktop\Kern\data\raw\fonts\Gupter_regular.ttf,ok,82,9095,9013,82,0,
Gupter,Gupter_500,500,C:\Users\angel\OneDrive\Desktop\Kern\data\raw\fonts\Gupter_500.ttf,ok,82,9095,9013,82,0,
Gupter,Gupter_700,700,C:\Users\angel\OneDrive\Desktop\Kern\data\raw\fonts\Gupter_700.ttf,ok,81,9094,9013,81,0,
Seymour One,Seymour_One_regular,regular,C:\Users\angel\OneDrive\Desktop\Kern\data\raw\fonts\Seymour_One_regular.ttf,ok,116,1484,1368,116,0,
Noto Serif Kannada,Noto_Serif_Kannada_100,100,C:\Users\angel\OneDrive\Desktop\Kern\data\raw\fonts\Noto_Serif_Kannada_100.ttf,ok,5,11041,11036,5,0,
Noto Serif Kannada,Noto_Serif_Kannada_200,200,C:\Users\angel\OneDrive\Desktop\Kern\data\raw\fonts\Noto_Serif_Kannada_200.ttf,ok,5,11041,11036,5,0,
Noto Serif Kannada,Noto_Serif_Kannada_300,300,C:\Users\angel\OneDrive\Desktop\Kern\data\raw\fonts\Noto_Serif_Kannada_300.ttf,ok,5,11041,11036,5,0,
Noto Serif Kannada,Noto_Serif_Kannada_regular,regular,C:\Users\angel\OneDrive\Desktop\Kern\data\raw\fonts\Noto_Serif_Kannada_regular.ttf,ok,5,11041,11036,5,0,
Noto Serif Kannada,Noto_Serif_Kannada_500,500,C:\Users\angel\OneDrive\Desktop\Kern\data\raw\fonts\Noto_Serif_Kannada_500.ttf,ok,5,11041,11036,5,0,
Noto Serif Kannada,Noto_Serif_Kannada_600,600,C:\Users\angel\OneDrive\Desktop\Kern\data\raw\fonts\Noto_Serif_Kannada_600.ttf,ok,5,11041,11036,5,0,
Noto Serif Kannada,Noto_Serif_Kannada_700,700,C:\Users\angel\OneDrive\Desktop\Kern\data\raw\fonts\Noto_Serif_Kannada_700.ttf,ok,5,11041,11036,5,0,
Noto Serif Kannada,Noto_Serif_Kannada_800,800,C:\Users\angel\OneDrive\Desktop\Kern\data\raw\fonts\Noto_Serif_Kannada_800.ttf,ok,5,11041,11036,5,0,
Noto Serif Kannada,Noto_Serif_Kannada_900,900,C:\Users\angel\OneDrive\Desktop\Kern\data\raw\fonts\Noto_Serif_Kannada_900.ttf,ok,5,11041,11036,5,0,
Winky Sans,Winky_Sans_300,300,C:\Users\angel\OneDrive\Desktop\Kern\data\raw\fonts\Winky_Sans_300.ttf,ok,26,60,34,26,0,
Winky Sans,Winky_Sans_regular,regular,C:\Users\angel\OneDrive\Desktop\Kern\data\raw\fonts\Winky_Sans_regular.ttf,ok,26,60,34,26,0,
Winky Sans,Winky_Sans_500,500,C:\Users\angel\OneDrive\Desktop\Kern\data\raw\fonts\Winky_Sans_500.ttf,ok,47,60,13,47,0,
Winky Sans,Winky_Sans_600,600,C:\Users\angel\OneDrive\Desktop\Kern\data\raw\fonts\Winky_Sans_600.ttf,ok,50,60,10,50,0,
Winky Sans,Winky_Sans_700,700,C:\Users\angel\OneDrive\Desktop\Kern\data\raw\fonts\Winky_Sans_700.ttf,ok,50,60,10,50,0,
Winky Sans,Winky_Sans_800,800,C:\Users\angel\OneDrive\Desktop\Kern\data\raw\fonts\Winky_Sans_800.ttf,ok,50,60,10,50,0,
Winky Sans,Winky_Sans_900,900,C:\Users\angel\OneDrive\Desktop\Kern\data\raw\fonts\Winky_Sans_900.ttf,ok,35,60,25,35,0,
Winky Sans,Winky_Sans_300italic,300italic,C:\Users\angel\OneDrive\Desktop\Kern\data\raw\fonts\Winky_Sans_300italic.ttf,ok,27,32,5,27,0,
Winky Sans,Winky_Sans_italic,italic,C:\Users\angel\OneDrive\Desktop\Kern\data\raw\fonts\Winky_Sans_italic.ttf,ok,18,32,14,18,0,
Winky Sans,Winky_Sans_500italic,500italic,C:\Users\angel\OneDrive\Desktop\Kern\data\raw\fonts\Winky_Sans_500italic.ttf,ok,18,32,14,18,0,
Winky Sans,Winky_Sans_600italic,600italic,C:\Users\angel\OneDrive\Desktop\Kern\data\raw\fonts\Winky_Sans_600italic.ttf,ok,18,32,14,18,0,
Winky Sans,Winky_Sans_700italic,700italic,C:\Users\angel\OneDrive\Desktop\Kern\data\raw\fonts\Winky_Sans_700italic.ttf,ok,18,32,14,18,0,
Winky Sans,Winky_Sans_800italic,800italic,C:\Users\angel\OneDrive\Desktop\Kern\data\raw\fonts\Winky_Sans_800italic.ttf,ok,18,32,14,18,0,
Winky Sans,Winky_Sans_900italic,900italic,C:\Users\angel\OneDrive\Desktop\Kern\data\raw\fonts\Winky_Sans_900italic.ttf,ok,13,32,19,13,0,
Paprika,Paprika_regular,regular,C:\Users\angel\OneDrive\Desktop\Kern\data\raw\fonts\Paprika_regular.ttf,ok,84,673,589,84,0,
Akaya Telivigala,Akaya_Telivigala_regular,regular,C:\Users\angel\OneDrive\Desktop\Kern\data\raw\fonts\Akaya_Telivigala_regular.ttf,ok,7,26042,26035,7,0,
Cute Font,Cute_Font_regular,regular,C:\Users\angel\OneDrive\Desktop\Kern\data\raw\fonts\Cute_Font_regular.ttf,ok,0,0,0,0,0,
Noto Sans Thaana,Noto_Sans_Thaana_100,100,C:\Users\angel\OneDrive\Desktop\Kern\data\raw\fonts\Noto_Sans_Thaana_100.ttf,ok,7,3205,3198,7,0,
Noto Sans Thaana,Noto_Sans_Thaana_200,200,C:\Users\angel\OneDrive\Desktop\Kern\data\raw\fonts\Noto_Sans_Thaana_200.ttf,ok,7,3205,3198,7,0,
Noto Sans Thaana,Noto_Sans_Thaana_300,300,C:\Users\angel\OneDrive\Desktop\Kern\data\raw\fonts\Noto_Sans_Thaana_300.ttf,ok,7,3205,3198,7,0,
Noto Sans Thaana,Noto_Sans_Thaana_regular,regular,C:\Users\angel\OneDrive\Desktop\Kern\data\raw\fonts\Noto_Sans_Thaana_regular.ttf,ok,7,3205,3198,7,0,
Noto Sans Thaana,Noto_Sans_Thaana_500,500,C:\Users\angel\OneDrive\Desktop\Kern\data\raw\fonts\Noto_Sans_Thaana_500.ttf,ok,7,3205,3198,7,0,
Noto Sans Thaana,Noto_Sans_Thaana_600,600,C:\Users\angel\OneDrive\Desktop\Kern\data\raw\fonts\Noto_Sans_Thaana_600.ttf,ok,7,3205,3198,7,0,
Noto Sans Thaana,Noto_Sans_Thaana_700,700,C:\Users\angel\OneDrive\Desktop\Kern\data\raw\fonts\Noto_Sans_Thaana_700.ttf,ok,7,3205,3198,7,0,
Noto Sans Thaana,Noto_Sans_Thaana_800,800,C:\Users\angel\OneDrive\Desktop\Kern\data\raw\fonts\Noto_Sans_Thaana_800.ttf,ok,7,3205,3198,7,0,
Noto Sans Thaana,Noto_Sans_Thaana_900,900,C:\Users\angel\OneDrive\Desktop\Kern\data\raw\fonts\Noto_Sans_Thaana_900.ttf,ok,7,3205,3198,7,0,
Mea Culpa,Mea_Culpa_regular,regular,C:\Users\angel\OneDrive\Desktop\Kern\data\raw\fonts\Mea_Culpa_regular.ttf,ok,61,2152,2091,61,0,
Nabla,Nabla_regular,regular,C:\Users\angel\OneDrive\Desktop\Kern\data\raw\fonts\Nabla_regular.ttf,ok,0,0,0,0,0,
Stoke,Stoke_300,300,C:\Users\angel\OneDrive\Desktop\Kern\data\raw\fonts\Stoke_300.ttf,ok,0,0,0,0,0,
Stoke,Stoke_regular,regular,C:\Users\angel\OneDrive\Desktop\Kern\data\raw\fonts\Stoke_regular.ttf,ok,0,0,0,0,0,
Cagliostro,Cagliostro_regular,regular,C:\Users\angel\OneDrive\Desktop\Kern\data\raw\fonts\Cagliostro_regular.ttf,ok,158,158,0,158,0,
Suwannaphum,Suwannaphum_100,100,C:\Users\angel\OneDrive\Desktop\Kern\data\raw\fonts\Suwannaphum_100.ttf,ok,170,170,0,170,0,
Suwannaphum,Suwannaphum_300,300,C:\Users\angel\OneDrive\Desktop\Kern\data\raw\fonts\Suwannaphum_300.ttf,ok,170,170,0,170,0,
Suwannaphum,Suwannaphum_regular,regular,C:\Users\angel\OneDrive\Desktop\Kern\data\raw\fonts\Suwannaphum_regular.ttf,ok,170,170,0,170,0,
Suwannaphum,Suwannaphum_700,700,C:\Users\angel\OneDrive\Desktop\Kern\data\raw\fonts\Suwannaphum_700.ttf,ok,170,170,0,170,0,
Suwannaphum,Suwannaphum_900,900,C:\Users\angel\OneDrive\Desktop\Kern\data\raw\fonts\Suwannaphum_900.ttf,ok,170,170,0,170,0,
Sura,Sura_regular,regular,C:\Users\angel\OneDrive\Desktop\Kern\data\raw\fonts\Sura_regular.ttf,ok,18,959,941,18,0,
Sura,Sura_700,700,C:\Users\angel\OneDrive\Desktop\Kern\data\raw\fonts\Sura_700.ttf,ok,19,1220,1201,19,0,
Manufacturing Consent,Manufacturing_Consent_regular,regular,C:\Users\angel\OneDrive\Desktop\Kern\data\raw\fonts\Manufacturing_Consent_regular.ttf,ok,0,286,286,0,0,
Risque,Risque_regular,regular,C:\Users\angel\OneDrive\Desktop\Kern\data\raw\fonts\Risque_regular.ttf,ok,100,136,36,100,0,
Carrois Gothic SC,Carrois_Gothic_SC_regular,regular,C:\Users\angel\OneDrive\Desktop\Kern\data\raw\fonts\Carrois_Gothic_SC_regular.ttf,ok,443,443,0,443,0,
Rubik Scribble,Rubik_Scribble_regular,regular,C:\Users\angel\OneDrive\Desktop\Kern\data\raw\fonts\Rubik_Scribble_regular.ttf,ok,223,8400,8177,223,0,
Tourney,Tourney_100,100,C:\Users\angel\OneDrive\Desktop\Kern\data\raw\fonts\Tourney_100.ttf,ok,0,900,900,0,0,
Tourney,Tourney_200,200,C:\Users\angel\OneDrive\Desktop\Kern\data\raw\fonts\Tourney_200.ttf,ok,0,900,900,0,0,
Tourney,Tourney_300,300,C:\Users\angel\OneDrive\Desktop\Kern\data\raw\fonts\Tourney_300.ttf,ok,0,900,900,0,0,
Tourney,Tourney_regular,regular,C:\Users\angel\OneDrive\Desktop\Kern\data\raw\fonts\Tourney_regular.ttf,ok,0,900,900,0,0,
Tourney,Tourney_500,500,C:\Users\angel\OneDrive\Desktop\Kern\data\raw\fonts\Tourney_500.ttf,ok,0,900,900,0,0,
Tourney,Tourney_600,600,C:\Users\angel\OneDrive\Desktop\Kern\data\raw\fonts\Tourney_600.ttf,ok,0,900,900,0,0,
Tourney,Tourney_700,700,C:\Users\angel\OneDrive\Desktop\Kern\data\raw\fonts\Tourney_700.ttf,ok,0,900,900,0,0,
Tourney,Tourney_800,800,C:\Users\angel\OneDrive\Desktop\Kern\data\raw\fonts\Tourney_800.ttf,ok,0,900,900,0,0,
Tourney,Tourney_900,900,C:\Users\angel\OneDrive\Desktop\Kern\data\raw\fonts\Tourney_900.ttf,ok,0,900,900,0,0,
Tourney,Tourney_100italic,100italic,C:\Users\angel\OneDrive\Desktop\Kern\data\raw\fonts\Tourney_100italic.ttf,ok,0,900,900,0,0,
Tourney,Tourney_200italic,200italic,C:\Users\angel\OneDrive\Desktop\Kern\data\raw\fonts\Tourney_200italic.ttf,ok,0,900,900,0,0,
Tourney,Tourney_300italic,300italic,C:\Users\angel\OneDrive\Desktop\Kern\data\raw\fonts\Tourney_300italic.ttf,ok,0,900,900,0,0,
Tourney,Tourney_italic,italic,C:\Users\angel\OneDrive\Desktop\Kern\data\raw\fonts\Tourney_italic.ttf,ok,0,900,900,0,0,
Tourney,Tourney_500italic,500italic,C:\Users\angel\OneDrive\Desktop\Kern\data\raw\fonts\Tourney_500italic.ttf,ok,0,900,900,0,0,
Tourney,Tourney_600italic,600italic,C:\Users\angel\OneDrive\Desktop\Kern\data\raw\fonts\Tourney_600italic.ttf,ok,0,900,900,0,0,
Tourney,Tourney_700italic,700italic,C:\Users\angel\OneDrive\Desktop\Kern\data\raw\fonts\Tourney_700italic.ttf,ok,0,900,900,0,0,
Tourney,Tourney_800italic,800italic,C:\Users\angel\OneDrive\Desktop\Kern\data\raw\fonts\Tourney_800italic.ttf,ok,0,900,900,0,0,
Tourney,Tourney_900italic,900italic,C:\Users\angel\OneDrive\Desktop\Kern\data\raw\fonts\Tourney_900italic.ttf,ok,0,900,900,0,0,
Sonsie One,Sonsie_One_regular,regular,C:\Users\angel\OneDrive\Desktop\Kern\data\raw\fonts\Sonsie_One_regular.ttf,ok,0,0,0,0,0,
Marhey,Marhey_300,300,C:\Users\angel\OneDrive\Desktop\Kern\data\raw\fonts\Marhey_300.ttf,ok,47,2806,2759,47,0,
Marhey,Marhey_regular,regular,C:\Users\angel\OneDrive\Desktop\Kern\data\raw\fonts\Marhey_regular.ttf,ok,86,2806,2720,86,0,
Marhey,Marhey_500,500,C:\Users\angel\OneDrive\Desktop\Kern\data\raw\fonts\Marhey_500.ttf,ok,86,2806,2720,86,0,
Marhey,Marhey_600,600,C:\Users\angel\OneDrive\Desktop\Kern\data\raw\fonts\Marhey_600.ttf,ok,86,2806,2720,86,0,
Marhey,Marhey_700,700,C:\Users\angel\OneDrive\Desktop\Kern\data\raw\fonts\Marhey_700.ttf,ok,84,2806,2722,84,0,
Kaisei HarunoUmi,Kaisei_HarunoUmi_regular,regular,C:\Users\angel\OneDrive\Desktop\Kern\data\raw\fonts\Kaisei_HarunoUmi_regular.ttf,ok,0,0,0,0,0,
Kaisei HarunoUmi,Kaisei_HarunoUmi_500,500,C:\Users\angel\OneDrive\Desktop\Kern\data\raw\fonts\Kaisei_HarunoUmi_500.ttf,ok,0,0,0,0,0,
Kaisei HarunoUmi,Kaisei_HarunoUmi_700,700,C:\Users\angel\OneDrive\Desktop\Kern\data\raw\fonts\Kaisei_HarunoUmi_700.ttf,ok,0,0,0,0,0,
Beiruti,Beiruti_200,200,C:\Users\angel\OneDrive\Desktop\Kern\data\raw\fonts\Beiruti_200.ttf,ok,0,3224,3224,0,0,
Beiruti,Beiruti_300,300,C:\Users\angel\OneDrive\Desktop\Kern\data\raw\fonts\Beiruti_300.ttf,ok,0,3224,3224,0,0,
Beiruti,Beiruti_regular,regular,C:\Users\angel\OneDrive\Desktop\Kern\data\raw\fonts\Beiruti_regular.ttf,ok,0,3224,3224,0,0,
Beiruti,Beiruti_500,500,C:\Users\angel\OneDrive\Desktop\Kern\data\raw\fonts\Beiruti_500.ttf,ok,0,3224,3224,0,0,
Beiruti,Beiruti_600,600,C:\Users\angel\OneDrive\Desktop\Kern\data\raw\fonts\Beiruti_600.ttf,ok,0,3224,3224,0,0,
Beiruti,Beiruti_700,700,C:\Users\angel\OneDrive\Desktop\Kern\data\raw\fonts\Beiruti_700.ttf,ok,0,3224,3224,0,0,
Beiruti,Beiruti_800,800,C:\Users\angel\OneDrive\Desktop\Kern\data\raw\fonts\Beiruti_800.ttf,ok,0,3224,3224,0,0,
Beiruti,Beiruti_900,900,C:\Users\angel\OneDrive\Desktop\Kern\data\raw\fonts\Beiruti_900.ttf,ok,0,3224,3224,0,0,
Noto Sans Tagalog,Noto_Sans_Tagalog_regular,regular,C:\Users\angel\OneDrive\Desktop\Kern\data\raw\fonts\Noto_Sans_Tagalog_regular.ttf,ok,7,501,494,7,0,
Averia Gruesa Libre,Averia_Gruesa_Libre_regular,regular,C:\Users\angel\OneDrive\Desktop\Kern\data\raw\fonts\Averia_Gruesa_Libre_regular.ttf,ok,1460,1460,0,1460,0,
Climate Crisis,Climate_Crisis_regular,regular,C:\Users\angel\OneDrive\Desktop\Kern\data\raw\fonts\Climate_Crisis_regular.ttf,ok,0,2704,2704,0,0,
Content,Content_regular,regular,C:\Users\angel\OneDrive\Desktop\Kern\data\raw\fonts\Content_regular.ttf,ok,0,0,0,0,0,
Content,Content_700,700,C:\Users\angel\OneDrive\Desktop\Kern\data\raw\fonts\Content_700.ttf,ok,0,0,0,0,0,
Chocolate Classical Sans,Chocolate_Classical_Sans_regular,regular,C:\Users\angel\OneDrive\Desktop\Kern\data\raw\fonts\Chocolate_Classical_Sans_regular.ttf,ok,0,0,0,0,0,
Playwrite IS,Playwrite_IS_100,100,C:\Users\angel\OneDrive\Desktop\Kern\data\raw\fonts\Playwrite_IS_100.ttf,ok,0,29391,29391,0,0,
Playwrite IS,Playwrite_IS_200,200,C:\Users\angel\OneDrive\Desktop\Kern\data\raw\fonts\Playwrite_IS_200.ttf,ok,0,29391,29391,0,0,
Playwrite IS,Playwrite_IS_300,300,C:\Users\angel\OneDrive\Desktop\Kern\data\raw\fonts\Playwrite_IS_300.ttf,ok,0,29391,29391,0,0,
Playwrite IS,Playwrite_IS_regular,regular,C:\Users\angel\OneDrive\Desktop\Kern\data\raw\fonts\Playwrite_IS_regular.ttf,ok,0,29391,29391,0,0,
Playpen Sans Arabic,Playpen_Sans_Arabic_100,100,C:\Users\angel\OneDrive\Desktop\Kern\data\raw\fonts\Playpen_Sans_Arabic_100.ttf,ok,0,8112,8112,0,0,
Playpen Sans Arabic,Playpen_Sans_Arabic_200,200,C:\Users\angel\OneDrive\Desktop\Kern\data\raw\fonts\Playpen_Sans_Arabic_200.ttf,ok,0,8112,8112,0,0,
Playpen Sans Arabic,Playpen_Sans_Arabic_300,300,C:\Users\angel\OneDrive\Desktop\Kern\data\raw\fonts\Playpen_Sans_Arabic_300.ttf,ok,0,8112,8112,0,0,
Playpen Sans Arabic,Playpen_Sans_Arabic_regular,regular,C:\Users\angel\OneDrive\Desktop\Kern\data\raw\fonts\Playpen_Sans_Arabic_regular.ttf,ok,0,8112,8112,0,0,
Playpen Sans Arabic,Playpen_Sans_Arabic_500,500,C:\Users\angel\OneDrive\Desktop\Kern\data\raw\fonts\Playpen_Sans_Arabic_500.ttf,ok,0,8112,8112,0,0,
Playpen Sans Arabic,Playpen_Sans_Arabic_600,600,C:\Users\angel\OneDrive\Desktop\Kern\data\raw\fonts\Playpen_Sans_Arabic_600.ttf,ok,0,8112,8112,0,0,
Playpen Sans Arabic,Playpen_Sans_Arabic_700,700,C:\Users\angel\OneDrive\Desktop\Kern\data\raw\fonts\Playpen_Sans_Arabic_700.ttf,ok,0,8112,8112,0,0,
Playpen Sans Arabic,Playpen_Sans_Arabic_800,800,C:\Users\angel\OneDrive\Desktop\Kern\data\raw\fonts\Playpen_Sans_Arabic_800.ttf,ok,0,8112,8112,0,0,
Playwrite DE Grund,Playwrite_DE_Grund_100,100,C:\Users\angel\OneDrive\Desktop\Kern\data\raw\fonts\Playwrite_DE_Grund_100.ttf,ok,0,29768,29768,0,0,
Playwrite DE Grund,Playwrite_DE_Grund_200,200,C:\Users\angel\OneDrive\Desktop\Kern\data\raw\fonts\Playwrite_DE_Grund_200.ttf,ok,0,29768,29768,0,0,
Playwrite DE Grund,Playwrite_DE_Grund_300,300,C:\Users\angel\OneDrive\Desktop\Kern\data\raw\fonts\Playwrite_DE_Grund_300.ttf,ok,0,29768,29768,0,0,
Playwrite DE Grund,Playwrite_DE_Grund_regular,regular,C:\Users\angel\OneDrive\Desktop\Kern\data\raw\fonts\Playwrite_DE_Grund_regular.ttf,ok,0,29768,29768,0,0,
Caramel,Caramel_regular,regular,C:\Users\angel\OneDrive\Desktop\Kern\data\raw\fonts\Caramel_regular.ttf,ok,0,2704,2704,0,0,
Foldit,Foldit_100,100,C:\Users\angel\OneDrive\Desktop\Kern\data\raw\fonts\Foldit_100.ttf,ok,199,1010,811,199,0,
Foldit,Foldit_200,200,C:\Users\angel\OneDrive\Desktop\Kern\data\raw\fonts\Foldit_200.ttf,ok,413,1010,597,413,0,
Foldit,Foldit_300,300,C:\Users\angel\OneDrive\Desktop\Kern\data\raw\fonts\Foldit_300.ttf,ok,445,1010,565,445,0,
Foldit,Foldit_regular,regular,C:\Users\angel\OneDrive\Desktop\Kern\data\raw\fonts\Foldit_regular.ttf,ok,445,1010,565,445,0,
Foldit,Foldit_500,500,C:\Users\angel\OneDrive\Desktop\Kern\data\raw\fonts\Foldit_500.ttf,ok,445,1010,565,445,0,
Foldit,Foldit_600,600,C:\Users\angel\OneDrive\Desktop\Kern\data\raw\fonts\Foldit_600.ttf,ok,445,1010,565,445,0,
Foldit,Foldit_700,700,C:\Users\angel\OneDrive\Desktop\Kern\data\raw\fonts\Foldit_700.ttf,ok,445,1010,565,445,0,
Foldit,Foldit_800,800,C:\Users\angel\OneDrive\Desktop\Kern\data\raw\fonts\Foldit_800.ttf,ok,445,1010,565,445,0,
Foldit,Foldit_900,900,C:\Users\angel\OneDrive\Desktop\Kern\data\raw\fonts\Foldit_900.ttf,ok,369,1010,641,369,0,
Junge,Junge_regular,regular,C:\Users\angel\OneDrive\Desktop\Kern\data\raw\fonts\Junge_regular.ttf,ok,0,0,0,0,0,
Elms Sans,Elms_Sans_100,100,C:\Users\angel\OneDrive\Desktop\Kern\data\raw\fonts\Elms_Sans_100.ttf,ok,8,5320,5312,8,0,
Elms Sans,Elms_Sans_200,200,C:\Users\angel\OneDrive\Desktop\Kern\data\raw\fonts\Elms_Sans_200.ttf,ok,8,5320,5312,8,0,
Elms Sans,Elms_Sans_300,300,C:\Users\angel\OneDrive\Desktop\Kern\data\raw\fonts\Elms_Sans_300.ttf,ok,8,5320,5312,8,0,
Elms Sans,Elms_Sans_regular,regular,C:\Users\angel\OneDrive\Desktop\Kern\data\raw\fonts\Elms_Sans_regular.ttf,ok,8,5320,5312,8,0,
Elms Sans,Elms_Sans_500,500,C:\Users\angel\OneDrive\Desktop\Kern\data\raw\fonts\Elms_Sans_500.ttf,ok,8,5320,5312,8,0,
Elms Sans,Elms_Sans_600,600,C:\Users\angel\OneDrive\Desktop\Kern\data\raw\fonts\Elms_Sans_600.ttf,ok,8,5320,5312,8,0,
Elms Sans,Elms_Sans_700,700,C:\Users\angel\OneDrive\Desktop\Kern\data\raw\fonts\Elms_Sans_700.ttf,ok,8,5320,5312,8,0,
Elms Sans,Elms_Sans_800,800,C:\Users\angel\OneDrive\Desktop\Kern\data\raw\fonts\Elms_Sans_800.ttf,ok,8,5320,5312,8,0,
Elms Sans,Elms_Sans_900,900,C:\Users\angel\OneDrive\Desktop\Kern\data\raw\fonts\Elms_Sans_900.ttf,ok,8,5320,5312,8,0,
Elms Sans,Elms_Sans_100italic,100italic,C:\Users\angel\OneDrive\Desktop\Kern\data\raw\fonts\Elms_Sans_100italic.ttf,ok,8,5320,5312,8,0,
Elms Sans,Elms_Sans_200italic,200italic,C:\Users\angel\OneDrive\Desktop\Kern\data\raw\fonts\Elms_Sans_200italic.ttf,ok,8,5320,5312,8,0,
Elms Sans,Elms_Sans_300italic,300italic,C:\Users\angel\OneDrive\Desktop\Kern\data\raw\fonts\Elms_Sans_300italic.ttf,ok,8,5320,5312,8,0,
Elms Sans,Elms_Sans_italic,italic,C:\Users\angel\OneDrive\Desktop\Kern\data\raw\fonts\Elms_Sans_italic.ttf,ok,8,5320,5312,8,0,
Elms Sans,Elms_Sans_500italic,500italic,C:\Users\angel\OneDrive\Desktop\Kern\data\raw\fonts\Elms_Sans_500italic.ttf,ok,8,5320,5312,8,0,
Elms Sans,Elms_Sans_600italic,600italic,C:\Users\angel\OneDrive\Desktop\Kern\data\raw\fonts\Elms_Sans_600italic.ttf,ok,8,5320,5312,8,0,
Elms Sans,Elms_Sans_700italic,700italic,C:\Users\angel\OneDrive\Desktop\Kern\data\raw\fonts\Elms_Sans_700italic.ttf,ok,8,5320,5312,8,0,
Elms Sans,Elms_Sans_800italic,800italic,C:\Users\angel\OneDrive\Desktop\Kern\data\raw\fonts\Elms_Sans_800italic.ttf,ok,8,5320,5312,8,0,
Elms Sans,Elms_Sans_900italic,900italic,C:\Users\angel\OneDrive\Desktop\Kern\data\raw\fonts\Elms_Sans_900italic.ttf,ok,8,5320,5312,8,0,
Montserrat Underline,Montserrat_Underline_100,100,C:\Users\angel\OneDrive\Desktop\Kern\data\raw\fonts\Montserrat_Underline_100.ttf,ok,0,5464,5464,0,0,
Montserrat Underline,Montserrat_Underline_200,200,C:\Users\angel\OneDrive\Desktop\Kern\data\raw\fonts\Montserrat_Underline_200.ttf,ok,0,5464,5464,0,0,
Montserrat Underline,Montserrat_Underline_300,300,C:\Users\angel\OneDrive\Desktop\Kern\data\raw\fonts\Montserrat_Underline_300.ttf,ok,0,5464,5464,0,0,
Montserrat Underline,Montserrat_Underline_regular,regular,C:\Users\angel\OneDrive\Desktop\Kern\data\raw\fonts\Montserrat_Underline_regular.ttf,ok,0,5464,5464,0,0,
Montserrat Underline,Montserrat_Underline_500,500,C:\Users\angel\OneDrive\Desktop\Kern\data\raw\fonts\Montserrat_Underline_500.ttf,ok,0,5464,5464,0,0,
Montserrat Underline,Montserrat_Underline_600,600,C:\Users\angel\OneDrive\Desktop\Kern\data\raw\fonts\Montserrat_Underline_600.ttf,ok,0,5464,5464,0,0,
Montserrat Underline,Montserrat_Underline_700,700,C:\Users\angel\OneDrive\Desktop\Kern\data\raw\fonts\Montserrat_Underline_700.ttf,ok,0,5464,5464,0,0,
Montserrat Underline,Montserrat_Underline_800,800,C:\Users\angel\OneDrive\Desktop\Kern\data\raw\fonts\Montserrat_Underline_800.ttf,ok,0,5464,5464,0,0,
Montserrat Underline,Montserrat_Underline_900,900,C:\Users\angel\OneDrive\Desktop\Kern\data\raw\fonts\Montserrat_Underline_900.ttf,ok,0,5464,5464,0,0,
Montserrat Underline,Montserrat_Underline_100italic,100italic,C:\Users\angel\OneDrive\Desktop\Kern\data\raw\fonts\Montserrat_Underline_100italic.ttf,ok,0,5465,5465,0,0,
Montserrat Underline,Montserrat_Underline_200italic,200italic,C:\Users\angel\OneDrive\Desktop\Kern\data\raw\fonts\Montserrat_Underline_200italic.ttf,ok,0,5465,5465,0,0,
Montserrat Underline,Montserrat_Underline_300italic,300italic,C:\Users\angel\OneDrive\Desktop\Kern\data\raw\fonts\Montserrat_Underline_300italic.ttf,ok,0,5465,5465,0,0,
Montserrat Underline,Montserrat_Underline_italic,italic,C:\Users\angel\OneDrive\Desktop\Kern\data\raw\fonts\Montserrat_Underline_italic.ttf,ok,0,5465,5465,0,0,
Montserrat Underline,Montserrat_Underline_500italic,500italic,C:\Users\angel\OneDrive\Desktop\Kern\data\raw\fonts\Montserrat_Underline_500italic.ttf,ok,0,5465,5465,0,0,
Montserrat Underline,Montserrat_Underline_600italic,600italic,C:\Users\angel\OneDrive\Desktop\Kern\data\raw\fonts\Montserrat_Underline_600italic.ttf,ok,0,5465,5465,0,0,
Montserrat Underline,Montserrat_Underline_700italic,700italic,C:\Users\angel\OneDrive\Desktop\Kern\data\raw\fonts\Montserrat_Underline_700italic.ttf,ok,0,5465,5465,0,0,
Montserrat Underline,Montserrat_Underline_800italic,800italic,C:\Users\angel\OneDrive\Desktop\Kern\data\raw\fonts\Montserrat_Underline_800italic.ttf,ok,0,5465,5465,0,0,
Montserrat Underline,Montserrat_Underline_900italic,900italic,C:\Users\angel\OneDrive\Desktop\Kern\data\raw\fonts\Montserrat_Underline_900italic.ttf,ok,0,5465,5465,0,0,
Sirin Stencil,Sirin_Stencil_regular,regular,C:\Users\angel\OneDrive\Desktop\Kern\data\raw\fonts\Sirin_Stencil_regular.ttf,ok,0,0,0,0,0,
Edu NSW ACT Cursive,Edu_NSW_ACT_Cursive_regular,regular,C:\Users\angel\OneDrive\Desktop\Kern\data\raw\fonts\Edu_NSW_ACT_Cursive_regular.ttf,ok,42,2761,2719,42,0,
Edu NSW ACT Cursive,Edu_NSW_ACT_Cursive_500,500,C:\Users\angel\OneDrive\Desktop\Kern\data\raw\fonts\Edu_NSW_ACT_Cursive_500.ttf,ok,49,2761,2712,49,0,
Edu NSW ACT Cursive,Edu_NSW_ACT_Cursive_600,600,C:\Users\angel\OneDrive\Desktop\Kern\data\raw\fonts\Edu_NSW_ACT_Cursive_600.ttf,ok,51,2761,2710,51,0,
Edu NSW ACT Cursive,Edu_NSW_ACT_Cursive_700,700,C:\Users\angel\OneDrive\Desktop\Kern\data\raw\fonts\Edu_NSW_ACT_Cursive_700.ttf,ok,50,2761,2711,50,0,
Tac One,Tac_One_regular,regular,C:\Users\angel\OneDrive\Desktop\Kern\data\raw\fonts\Tac_One_regular.ttf,ok,0,5408,5408,0,0,
National Park,National_Park_200,200,C:\Users\angel\OneDrive\Desktop\Kern\data\raw\fonts\National_Park_200.ttf,ok,4,2729,2725,4,0,
National Park,National_Park_300,300,C:\Users\angel\OneDrive\Desktop\Kern\data\raw\fonts\National_Park_300.ttf,ok,4,2729,2725,4,0,
National Park,National_Park_regular,regular,C:\Users\angel\OneDrive\Desktop\Kern\data\raw\fonts\National_Park_regular.ttf,ok,4,2729,2725,4,0,
National Park,National_Park_500,500,C:\Users\angel\OneDrive\Desktop\Kern\data\raw\fonts\National_Park_500.ttf,ok,5,2729,2724,5,0,
National Park,National_Park_600,600,C:\Users\angel\OneDrive\Desktop\Kern\data\raw\fonts\National_Park_600.ttf,ok,5,2729,2724,5,0,
National Park,National_Park_700,700,C:\Users\angel\OneDrive\Desktop\Kern\data\raw\fonts\National_Park_700.ttf,ok,5,2729,2724,5,0,
National Park,National_Park_800,800,C:\Users\angel\OneDrive\Desktop\Kern\data\raw\fonts\National_Park_800.ttf,ok,5,2729,2724,5,0,
Noto Serif Ahom,Noto_Serif_Ahom_regular,regular,C:\Users\angel\OneDrive\Desktop\Kern\data\raw\fonts\Noto_Serif_Ahom_regular.ttf,ok,5,2929,2924,5,0,
Text Me One,Text_Me_One_regular,regular,C:\Users\angel\OneDrive\Desktop\Kern\data\raw\fonts\Text_Me_One_regular.ttf,ok,0,0,0,0,0,
Port Lligat Slab,Port_Lligat_Slab_regular,regular,C:\Users\angel\OneDrive\Desktop\Kern\data\raw\fonts\Port_Lligat_Slab_regular.ttf,ok,48,48,0,48,0,
Spirax,Spirax_regular,regular,C:\Users\angel\OneDrive\Desktop\Kern\data\raw\fonts\Spirax_regular.ttf,ok,349,349,0,349,0,
Ramaraja,Ramaraja_regular,regular,C:\Users\angel\OneDrive\Desktop\Kern\data\raw\fonts\Ramaraja_regular.ttf,ok,0,0,0,0,0,
Momo Trust Sans,Momo_Trust_Sans_200,200,C:\Users\angel\OneDrive\Desktop\Kern\data\raw\fonts\Momo_Trust_Sans_200.ttf,ok,18,2746,2728,18,0,
Momo Trust Sans,Momo_Trust_Sans_300,300,C:\Users\angel\OneDrive\Desktop\Kern\data\raw\fonts\Momo_Trust_Sans_300.ttf,ok,18,2746,2728,18,0,
Momo Trust Sans,Momo_Trust_Sans_regular,regular,C:\Users\angel\OneDrive\Desktop\Kern\data\raw\fonts\Momo_Trust_Sans_regular.ttf,ok,17,2746,2729,17,0,
Momo Trust Sans,Momo_Trust_Sans_500,500,C:\Users\angel\OneDrive\Desktop\Kern\data\raw\fonts\Momo_Trust_Sans_500.ttf,ok,19,2746,2727,19,0,
Momo Trust Sans,Momo_Trust_Sans_600,600,C:\Users\angel\OneDrive\Desktop\Kern\data\raw\fonts\Momo_Trust_Sans_600.ttf,ok,19,2746,2727,19,0,
Momo Trust Sans,Momo_Trust_Sans_700,700,C:\Users\angel\OneDrive\Desktop\Kern\data\raw\fonts\Momo_Trust_Sans_700.ttf,ok,19,2746,2727,19,0,
Momo Trust Sans,Momo_Trust_Sans_800,800,C:\Users\angel\OneDrive\Desktop\Kern\data\raw\fonts\Momo_Trust_Sans_800.ttf,ok,14,2746,2732,14,0,
Chilanka,Chilanka_regular,regular,C:\Users\angel\OneDrive\Desktop\Kern\data\raw\fonts\Chilanka_regular.ttf,ok,18,12018,12000,18,0,
Geostar Fill,Geostar_Fill_regular,regular,C:\Users\angel\OneDrive\Desktop\Kern\data\raw\fonts\Geostar_Fill_regular.ttf,ok,358,358,0,358,0,
Gorditas,Gorditas_regular,regular,C:\Users\angel\OneDrive\Desktop\Kern\data\raw\fonts\Gorditas_regular.ttf,ok,777,1677,900,777,0,
Gorditas,Gorditas_700,700,C:\Users\angel\OneDrive\Desktop\Kern\data\raw\fonts\Gorditas_700.ttf,ok,843,1743,900,843,0,
Benne,Benne_regular,regular,C:\Users\angel\OneDrive\Desktop\Kern\data\raw\fonts\Benne_regular.ttf,ok,0,0,0,0,0,
Playwrite IN,Playwrite_IN_100,100,C:\Users\angel\OneDrive\Desktop\Kern\data\raw\fonts\Playwrite_IN_100.ttf,ok,0,24300,24300,0,0,
Playwrite IN,Playwrite_IN_200,200,C:\Users\angel\OneDrive\Desktop\Kern\data\raw\fonts\Playwrite_IN_200.ttf,ok,0,24300,24300,0,0,
Playwrite IN,Playwrite_IN_300,300,C:\Users\angel\OneDrive\Desktop\Kern\data\raw\fonts\Playwrite_IN_300.ttf,ok,0,24300,24300,0,0,
Playwrite IN,Playwrite_IN_regular,regular,C:\Users\angel\OneDrive\Desktop\Kern\data\raw\fonts\Playwrite_IN_regular.ttf,ok,0,24300,24300,0,0,
Dorsa,Dorsa_regular,regular,C:\Users\angel\OneDrive\Desktop\Kern\data\raw\fonts\Dorsa_regular.ttf,ok,119,2669,2550,119,0,
Ravi Prakash,Ravi_Prakash_regular,regular,C:\Users\angel\OneDrive\Desktop\Kern\data\raw\fonts\Ravi_Prakash_regular.ttf,ok,0,0,0,0,0,
Noto Sans Buhid,Noto_Sans_Buhid_regular,regular,C:\Users\angel\OneDrive\Desktop\Kern\data\raw\fonts\Noto_Sans_Buhid_regular.ttf,ok,7,501,494,7,0,
Almendra SC,Almendra_SC_regular,regular,C:\Users\angel\OneDrive\Desktop\Kern\data\raw\fonts\Almendra_SC_regular.ttf,ok,0,0,0,0,0,
Shalimar,Shalimar_regular,regular,C:\Users\angel\OneDrive\Desktop\Kern\data\raw\fonts\Shalimar_regular.ttf,ok,0,0,0,0,0,
Yaldevi,Yaldevi_200,200,C:\Users\angel\OneDrive\Desktop\Kern\data\raw\fonts\Yaldevi_200.ttf,ok,464,569,105,464,0,
Yaldevi,Yaldevi_300,300,C:\Users\angel\OneDrive\Desktop\Kern\data\raw\fonts\Yaldevi_300.ttf,ok,569,569,0,569,0,
Yaldevi,Yaldevi_regular,regular,C:\Users\angel\OneDrive\Desktop\Kern\data\raw\fonts\Yaldevi_regular.ttf,ok,567,569,2,567,0,
Yaldevi,Yaldevi_500,500,C:\Users\angel\OneDrive\Desktop\Kern\data\raw\fonts\Yaldevi_500.ttf,ok,569,569,0,569,0,
Yaldevi,Yaldevi_600,600,C:\Users\angel\OneDrive\Desktop\Kern\data\raw\fonts\Yaldevi_600.ttf,ok,565,569,4,565,0,
Yaldevi,Yaldevi_700,700,C:\Users\angel\OneDrive\Desktop\Kern\data\raw\fonts\Yaldevi_700.ttf,ok,463,569,106,463,0,
Tiro Devanagari Marathi,Tiro_Devanagari_Marathi_regular,regular,C:\Users\angel\OneDrive\Desktop\Kern\data\raw\fonts\Tiro_Devanagari_Marathi_regular.ttf,ok,8,2982,2974,8,0,
Tiro Devanagari Marathi,Tiro_Devanagari_Marathi_italic,italic,C:\Users\angel\OneDrive\Desktop\Kern\data\raw\fonts\Tiro_Devanagari_Marathi_italic.ttf,ok,59,3051,2992,59,0,
Gentium Plus,Gentium_Plus_regular,regular,C:\Users\angel\OneDrive\Desktop\Kern\data\raw\fonts\Gentium_Plus_regular.ttf,ok,84,2073,1989,84,0,
Gentium Plus,Gentium_Plus_italic,italic,C:\Users\angel\OneDrive\Desktop\Kern\data\raw\fonts\Gentium_Plus_italic.ttf,ok,83,2072,1989,83,0,
Gentium Plus,Gentium_Plus_700,700,C:\Users\angel\OneDrive\Desktop\Kern\data\raw\fonts\Gentium_Plus_700.ttf,ok,84,2073,1989,84,0,
Gentium Plus,Gentium_Plus_700italic,700italic,C:\Users\angel\OneDrive\Desktop\Kern\data\raw\fonts\Gentium_Plus_700italic.ttf,ok,83,2072,1989,83,0,
Bilbo,Bilbo_regular,regular,C:\Users\angel\OneDrive\Desktop\Kern\data\raw\fonts\Bilbo_regular.ttf,ok,652,2861,2209,652,0,
Moderustic,Moderustic_300,300,C:\Users\angel\OneDrive\Desktop\Kern\data\raw\fonts\Moderustic_300.ttf,ok,0,187,187,0,0,
Moderustic,Moderustic_regular,regular,C:\Users\angel\OneDrive\Desktop\Kern\data\raw\fonts\Moderustic_regular.ttf,ok,1,187,186,1,0,
Moderustic,Moderustic_500,500,C:\Users\angel\OneDrive\Desktop\Kern\data\raw\fonts\Moderustic_500.ttf,ok,1,187,186,1,0,
Moderustic,Moderustic_600,600,C:\Users\angel\OneDrive\Desktop\Kern\data\raw\fonts\Moderustic_600.ttf,ok,1,187,186,1,0,
Moderustic,Moderustic_700,700,C:\Users\angel\OneDrive\Desktop\Kern\data\raw\fonts\Moderustic_700.ttf,ok,1,187,186,1,0,
Moderustic,Moderustic_800,800,C:\Users\angel\OneDrive\Desktop\Kern\data\raw\fonts\Moderustic_800.ttf,ok,0,187,187,0,0,
Stint Ultra Expanded,Stint_Ultra_Expanded_regular,regular,C:\Users\angel\OneDrive\Desktop\Kern\data\raw\fonts\Stint_Ultra_Expanded_regular.ttf,ok,6,397,391,6,0,
Keania One,Keania_One_regular,regular,C:\Users\angel\OneDrive\Desktop\Kern\data\raw\fonts\Keania_One_regular.ttf,ok,106,106,0,106,0,
Send Flowers,Send_Flowers_regular,regular,C:\Users\angel\OneDrive\Desktop\Kern\data\raw\fonts\Send_Flowers_regular.ttf,ok,0,144,144,0,0,
Water Brush,Water_Brush_regular,regular,C:\Users\angel\OneDrive\Desktop\Kern\data\raw\fonts\Water_Brush_regular.ttf,ok,21,497,476,21,0,
Girassol,Girassol_regular,regular,C:\Users\angel\OneDrive\Desktop\Kern\data\raw\fonts\Girassol_regular.ttf,ok,0,1848,1848,0,0,
Geom,Geom_300,300,C:\Users\angel\OneDrive\Desktop\Kern\data\raw\fonts\Geom_300.ttf,ok,0,295,295,0,0,
Geom,Geom_regular,regular,C:\Users\angel\OneDrive\Desktop\Kern\data\raw\fonts\Geom_regular.ttf,ok,295,295,0,295,0,
Geom,Geom_500,500,C:\Users\angel\OneDrive\Desktop\Kern\data\raw\fonts\Geom_500.ttf,ok,295,295,0,295,0,
Geom,Geom_600,600,C:\Users\angel\OneDrive\Desktop\Kern\data\raw\fonts\Geom_600.ttf,ok,295,295,0,295,0,
Geom,Geom_700,700,C:\Users\angel\OneDrive\Desktop\Kern\data\raw\fonts\Geom_700.ttf,ok,295,295,0,295,0,
Geom,Geom_800,800,C:\Users\angel\OneDrive\Desktop\Kern\data\raw\fonts\Geom_800.ttf,ok,295,295,0,295,0,
Geom,Geom_900,900,C:\Users\angel\OneDrive\Desktop\Kern\data\raw\fonts\Geom_900.ttf,ok,0,295,295,0,0,
Geom,Geom_300italic,300italic,C:\Users\angel\OneDrive\Desktop\Kern\data\raw\fonts\Geom_300italic.ttf,ok,0,295,295,0,0,
Geom,Geom_italic,italic,C:\Users\angel\OneDrive\Desktop\Kern\data\raw\fonts\Geom_italic.ttf,ok,295,295,0,295,0,
Geom,Geom_500italic,500italic,C:\Users\angel\OneDrive\Desktop\Kern\data\raw\fonts\Geom_500italic.ttf,ok,295,295,0,295,0,
Geom,Geom_600italic,600italic,C:\Users\angel\OneDrive\Desktop\Kern\data\raw\fonts\Geom_600italic.ttf,ok,295,295,0,295,0,
Geom,Geom_700italic,700italic,C:\Users\angel\OneDrive\Desktop\Kern\data\raw\fonts\Geom_700italic.ttf,ok,295,295,0,295,0,
Geom,Geom_800italic,800italic,C:\Users\angel\OneDrive\Desktop\Kern\data\raw\fonts\Geom_800italic.ttf,ok,295,295,0,295,0,
Geom,Geom_900italic,900italic,C:\Users\angel\OneDrive\Desktop\Kern\data\raw\fonts\Geom_900italic.ttf,ok,0,295,295,0,0,
Texturina,Texturina_100,100,C:\Users\angel\OneDrive\Desktop\Kern\data\raw\fonts\Texturina_100.ttf,ok,0,117,117,0,0,
Texturina,Texturina_200,200,C:\Users\angel\OneDrive\Desktop\Kern\data\raw\fonts\Texturina_200.ttf,ok,0,117,117,0,0,
Texturina,Texturina_300,300,C:\Users\angel\OneDrive\Desktop\Kern\data\raw\fonts\Texturina_300.ttf,ok,0,117,117,0,0,
Texturina,Texturina_regular,regular,C:\Users\angel\OneDrive\Desktop\Kern\data\raw\fonts\Texturina_regular.ttf,ok,0,117,117,0,0,
Texturina,Texturina_500,500,C:\Users\angel\OneDrive\Desktop\Kern\data\raw\fonts\Texturina_500.ttf,ok,0,117,117,0,0,
Texturina,Texturina_600,600,C:\Users\angel\OneDrive\Desktop\Kern\data\raw\fonts\Texturina_600.ttf,ok,0,117,117,0,0,
Texturina,Texturina_700,700,C:\Users\angel\OneDrive\Desktop\Kern\data\raw\fonts\Texturina_700.ttf,ok,0,117,117,0,0,
Texturina,Texturina_800,800,C:\Users\angel\OneDrive\Desktop\Kern\data\raw\fonts\Texturina_800.ttf,ok,0,117,117,0,0,
Texturina,Texturina_900,900,C:\Users\angel\OneDrive\Desktop\Kern\data\raw\fonts\Texturina_900.ttf,ok,0,117,117,0,0,
Texturina,Texturina_100italic,100italic,C:\Users\angel\OneDrive\Desktop\Kern\data\raw\fonts\Texturina_100italic.ttf,ok,0,342,342,0,0,
Texturina,Texturina_200italic,200italic,C:\Users\angel\OneDrive\Desktop\Kern\data\raw\fonts\Texturina_200italic.ttf,ok,0,342,342,0,0,
Texturina,Texturina_300italic,300italic,C:\Users\angel\OneDrive\Desktop\Kern\data\raw\fonts\Texturina_300italic.ttf,ok,0,342,342,0,0,
Texturina,Texturina_italic,italic,C:\Users\angel\OneDrive\Desktop\Kern\data\raw\fonts\Texturina_italic.ttf,ok,0,342,342,0,0,
Texturina,Texturina_500italic,500italic,C:\Users\angel\OneDrive\Desktop\Kern\data\raw\fonts\Texturina_500italic.ttf,ok,0,342,342,0,0,
Texturina,Texturina_600italic,600italic,C:\Users\angel\OneDrive\Desktop\Kern\data\raw\fonts\Texturina_600italic.ttf,ok,0,342,342,0,0,
Texturina,Texturina_700italic,700italic,C:\Users\angel\OneDrive\Desktop\Kern\data\raw\fonts\Texturina_700italic.ttf,ok,0,342,342,0,0,
Texturina,Texturina_800italic,800italic,C:\Users\angel\OneDrive\Desktop\Kern\data\raw\fonts\Texturina_800italic.ttf,ok,0,342,342,0,0,
Texturina,Texturina_900italic,900italic,C:\Users\angel\OneDrive\Desktop\Kern\data\raw\fonts\Texturina_900italic.ttf,ok,0,342,342,0,0,
Cactus Classical Serif,Cactus_Classical_Serif_regular,regular,C:\Users\angel\OneDrive\Desktop\Kern\data\raw\fonts\Cactus_Classical_Serif_regular.ttf,ok,0,0,0,0,0,
SN Pro,SN_Pro_200,200,C:\Users\angel\OneDrive\Desktop\Kern\data\raw\fonts\SN_Pro_200.ttf,ok,4,2708,2704,4,0,
SN Pro,SN_Pro_300,300,C:\Users\angel\OneDrive\Desktop\Kern\data\raw\fonts\SN_Pro_300.ttf,ok,4,2708,2704,4,0,
SN Pro,SN_Pro_regular,regular,C:\Users\angel\OneDrive\Desktop\Kern\data\raw\fonts\SN_Pro_regular.ttf,ok,4,2708,2704,4,0,
SN Pro,SN_Pro_500,500,C:\Users\angel\OneDrive\Desktop\Kern\data\raw\fonts\SN_Pro_500.ttf,ok,4,2708,2704,4,0,
SN Pro,SN_Pro_600,600,C:\Users\angel\OneDrive\Desktop\Kern\data\raw\fonts\SN_Pro_600.ttf,ok,4,2708,2704,4,0,
SN Pro,SN_Pro_700,700,C:\Users\angel\OneDrive\Desktop\Kern\data\raw\fonts\SN_Pro_700.ttf,ok,4,2708,2704,4,0,
SN Pro,SN_Pro_800,800,C:\Users\angel\OneDrive\Desktop\Kern\data\raw\fonts\SN_Pro_800.ttf,ok,4,2708,2704,4,0,
SN Pro,SN_Pro_900,900,C:\Users\angel\OneDrive\Desktop\Kern\data\raw\fonts\SN_Pro_900.ttf,ok,4,2708,2704,4,0,
SN Pro,SN_Pro_200italic,200italic,C:\Users\angel\OneDrive\Desktop\Kern\data\raw\fonts\SN_Pro_200italic.ttf,ok,4,2708,2704,4,0,
SN Pro,SN_Pro_300italic,300italic,C:\Users\angel\OneDrive\Desktop\Kern\data\raw\fonts\SN_Pro_300italic.ttf,ok,4,2708,2704,4,0,
SN Pro,SN_Pro_italic,italic,C:\Users\angel\OneDrive\Desktop\Kern\data\raw\fonts\SN_Pro_italic.ttf,ok,4,2708,2704,4,0,
SN Pro,SN_Pro_500italic,500italic,C:\Users\angel\OneDrive\Desktop\Kern\data\raw\fonts\SN_Pro_500italic.ttf,ok,4,2708,2704,4,0,
SN Pro,SN_Pro_600italic,600italic,C:\Users\angel\OneDrive\Desktop\Kern\data\raw\fonts\SN_Pro_600italic.ttf,ok,4,2708,2704,4,0,
SN Pro,SN_Pro_700italic,700italic,C:\Users\angel\OneDrive\Desktop\Kern\data\raw\fonts\SN_Pro_700italic.ttf,ok,4,2708,2704,4,0,
SN Pro,SN_Pro_800italic,800italic,C:\Users\angel\OneDrive\Desktop\Kern\data\raw\fonts\SN_Pro_800italic.ttf,ok,4,2708,2704,4,0,
SN Pro,SN_Pro_900italic,900italic,C:\Users\angel\OneDrive\Desktop\Kern\data\raw\fonts\SN_Pro_900italic.ttf,ok,4,2708,2704,4,0,
Yuji Boku,Yuji_Boku_regular,regular,C:\Users\angel\OneDrive\Desktop\Kern\data\raw\fonts\Yuji_Boku_regular.ttf,ok,0,0,0,0,0,
Edu VIC WA NT Hand,Edu_VIC_WA_NT_Hand_regular,regular,C:\Users\angel\OneDrive\Desktop\Kern\data\raw\fonts\Edu_VIC_WA_NT_Hand_regular.ttf,ok,59,4912,4853,59,0,
Edu VIC WA NT Hand,Edu_VIC_WA_NT_Hand_500,500,C:\Users\angel\OneDrive\Desktop\Kern\data\raw\fonts\Edu_VIC_WA_NT_Hand_500.ttf,ok,2406,4912,2506,2406,0,
Edu VIC WA NT Hand,Edu_VIC_WA_NT_Hand_600,600,C:\Users\angel\OneDrive\Desktop\Kern\data\raw\fonts\Edu_VIC_WA_NT_Hand_600.ttf,ok,2406,4912,2506,2406,0,
Edu VIC WA NT Hand,Edu_VIC_WA_NT_Hand_700,700,C:\Users\angel\OneDrive\Desktop\Kern\data\raw\fonts\Edu_VIC_WA_NT_Hand_700.ttf,ok,2401,4912,2511,2401,0,
Gwendolyn,Gwendolyn_regular,regular,C:\Users\angel\OneDrive\Desktop\Kern\data\raw\fonts\Gwendolyn_regular.ttf,ok,30,30,0,30,0,
Gwendolyn,Gwendolyn_700,700,C:\Users\angel\OneDrive\Desktop\Kern\data\raw\fonts\Gwendolyn_700.ttf,ok,29,29,0,29,0,
Rubik Moonrocks,Rubik_Moonrocks_regular,regular,C:\Users\angel\OneDrive\Desktop\Kern\data\raw\fonts\Rubik_Moonrocks_regular.ttf,ok,223,5696,5473,223,0,
Simonetta,Simonetta_regular,regular,C:\Users\angel\OneDrive\Desktop\Kern\data\raw\fonts\Simonetta_regular.ttf,ok,0,580,580,0,0,
Simonetta,Simonetta_italic,italic,C:\Users\angel\OneDrive\Desktop\Kern\data\raw\fonts\Simonetta_italic.ttf,ok,0,540,540,0,0,
Simonetta,Simonetta_900,900,C:\Users\angel\OneDrive\Desktop\Kern\data\raw\fonts\Simonetta_900.ttf,ok,653,978,325,653,0,
Simonetta,Simonetta_900italic,900italic,C:\Users\angel\OneDrive\Desktop\Kern\data\raw\fonts\Simonetta_900italic.ttf,ok,714,1036,322,714,0,
Wellfleet,Wellfleet_regular,regular,C:\Users\angel\OneDrive\Desktop\Kern\data\raw\fonts\Wellfleet_regular.ttf,ok,0,0,0,0,0,
Linden Hill,Linden_Hill_regular,regular,C:\Users\angel\OneDrive\Desktop\Kern\data\raw\fonts\Linden_Hill_regular.ttf,ok,3,8101,8098,3,0,
Linden Hill,Linden_Hill_italic,italic,C:\Users\angel\OneDrive\Desktop\Kern\data\raw\fonts\Linden_Hill_italic.ttf,ok,1,5544,5543,1,0,
My Soul,My_Soul_regular,regular,C:\Users\angel\OneDrive\Desktop\Kern\data\raw\fonts\My_Soul_regular.ttf,ok,0,208,208,0,0,
Noto Sans Tai Viet,Noto_Sans_Tai_Viet_regular,regular,C:\Users\angel\OneDrive\Desktop\Kern\data\raw\fonts\Noto_Sans_Tai_Viet_regular.ttf,ok,7,501,494,7,0,
Galdeano,Galdeano_regular,regular,C:\Users\angel\OneDrive\Desktop\Kern\data\raw\fonts\Galdeano_regular.ttf,ok,26,26,0,26,0,
Comforter Brush,Comforter_Brush_regular,regular,C:\Users\angel\OneDrive\Desktop\Kern\data\raw\fonts\Comforter_Brush_regular.ttf,ok,142,142,0,142,0,
Gulzar,Gulzar_regular,regular,C:\Users\angel\OneDrive\Desktop\Kern\data\raw\fonts\Gulzar_regular.ttf,ok,36,91217,91181,36,0,
Glass Antiqua,Glass_Antiqua_regular,regular,C:\Users\angel\OneDrive\Desktop\Kern\data\raw\fonts\Glass_Antiqua_regular.ttf,ok,386,386,0,386,0,
Piedra,Piedra_regular,regular,C:\Users\angel\OneDrive\Desktop\Kern\data\raw\fonts\Piedra_regular.ttf,ok,736,736,0,736,0,
Unlock,Unlock_regular,regular,C:\Users\angel\OneDrive\Desktop\Kern\data\raw\fonts\Unlock_regular.ttf,ok,0,2160,2160,0,0,
Farsan,Farsan_regular,regular,C:\Users\angel\OneDrive\Desktop\Kern\data\raw\fonts\Farsan_regular.ttf,ok,0,6860,6860,0,0,
Lexend Tera,Lexend_Tera_100,100,C:\Users\angel\OneDrive\Desktop\Kern\data\raw\fonts\Lexend_Tera_100.ttf,ok,12,24,12,12,0,
Lexend Tera,Lexend_Tera_200,200,C:\Users\angel\OneDrive\Desktop\Kern\data\raw\fonts\Lexend_Tera_200.ttf,ok,12,24,12,12,0,
Lexend Tera,Lexend_Tera_300,300,C:\Users\angel\OneDrive\Desktop\Kern\data\raw\fonts\Lexend_Tera_300.ttf,ok,12,24,12,12,0,
Lexend Tera,Lexend_Tera_regular,regular,C:\Users\angel\OneDrive\Desktop\Kern\data\raw\fonts\Lexend_Tera_regular.ttf,ok,12,24,12,12,0,
Lexend Tera,Lexend_Tera_500,500,C:\Users\angel\OneDrive\Desktop\Kern\data\raw\fonts\Lexend_Tera_500.ttf,ok,12,24,12,12,0,
Lexend Tera,Lexend_Tera_600,600,C:\Users\angel\OneDrive\Desktop\Kern\data\raw\fonts\Lexend_Tera_600.ttf,ok,12,24,12,12,0,
Lexend Tera,Lexend_Tera_700,700,C:\Users\angel\OneDrive\Desktop\Kern\data\raw\fonts\Lexend_Tera_700.ttf,ok,12,24,12,12,0,
Lexend Tera,Lexend_Tera_800,800,C:\Users\angel\OneDrive\Desktop\Kern\data\raw\fonts\Lexend_Tera_800.ttf,ok,12,24,12,12,0,
Lexend Tera,Lexend_Tera_900,900,C:\Users\angel\OneDrive\Desktop\Kern\data\raw\fonts\Lexend_Tera_900.ttf,ok,9,24,15,9,0,
Jim Nightshade,Jim_Nightshade_regular,regular,C:\Users\angel\OneDrive\Desktop\Kern\data\raw\fonts\Jim_Nightshade_regular.ttf,ok,67,157,90,67,0,
Ysabeau Infant,Ysabeau_Infant_100,100,C:\Users\angel\OneDrive\Desktop\Kern\data\raw\fonts\Ysabeau_Infant_100.ttf,ok,2,7748,7746,2,0,
Ysabeau Infant,Ysabeau_Infant_200,200,C:\Users\angel\OneDrive\Desktop\Kern\data\raw\fonts\Ysabeau_Infant_200.ttf,ok,2,7748,7746,2,0,
Ysabeau Infant,Ysabeau_Infant_300,300,C:\Users\angel\OneDrive\Desktop\Kern\data\raw\fonts\Ysabeau_Infant_300.ttf,ok,2,7748,7746,2,0,
Ysabeau Infant,Ysabeau_Infant_regular,regular,C:\Users\angel\OneDrive\Desktop\Kern\data\raw\fonts\Ysabeau_Infant_regular.ttf,ok,2,7748,7746,2,0,
Ysabeau Infant,Ysabeau_Infant_500,500,C:\Users\angel\OneDrive\Desktop\Kern\data\raw\fonts\Ysabeau_Infant_500.ttf,ok,2,7748,7746,2,0,
Ysabeau Infant,Ysabeau_Infant_600,600,C:\Users\angel\OneDrive\Desktop\Kern\data\raw\fonts\Ysabeau_Infant_600.ttf,ok,2,7748,7746,2,0,
Ysabeau Infant,Ysabeau_Infant_700,700,C:\Users\angel\OneDrive\Desktop\Kern\data\raw\fonts\Ysabeau_Infant_700.ttf,ok,2,7748,7746,2,0,
Ysabeau Infant,Ysabeau_Infant_800,800,C:\Users\angel\OneDrive\Desktop\Kern\data\raw\fonts\Ysabeau_Infant_800.ttf,ok,8,7748,7740,8,0,
Ysabeau Infant,Ysabeau_Infant_900,900,C:\Users\angel\OneDrive\Desktop\Kern\data\raw\fonts\Ysabeau_Infant_900.ttf,ok,8,7748,7740,8,0,
Ysabeau Infant,Ysabeau_Infant_100italic,100italic,C:\Users\angel\OneDrive\Desktop\Kern\data\raw\fonts\Ysabeau_Infant_100italic.ttf,ok,1,7843,7842,1,0,
Ysabeau Infant,Ysabeau_Infant_200italic,200italic,C:\Users\angel\OneDrive\Desktop\Kern\data\raw\fonts\Ysabeau_Infant_200italic.ttf,ok,1,7843,7842,1,0,
Ysabeau Infant,Ysabeau_Infant_300italic,300italic,C:\Users\angel\OneDrive\Desktop\Kern\data\raw\fonts\Ysabeau_Infant_300italic.ttf,ok,1,7843,7842,1,0,
Ysabeau Infant,Ysabeau_Infant_italic,italic,C:\Users\angel\OneDrive\Desktop\Kern\data\raw\fonts\Ysabeau_Infant_italic.ttf,ok,1,7843,7842,1,0,
Ysabeau Infant,Ysabeau_Infant_500italic,500italic,C:\Users\angel\OneDrive\Desktop\Kern\data\raw\fonts\Ysabeau_Infant_500italic.ttf,ok,1,7843,7842,1,0,
Ysabeau Infant,Ysabeau_Infant_600italic,600italic,C:\Users\angel\OneDrive\Desktop\Kern\data\raw\fonts\Ysabeau_Infant_600italic.ttf,ok,1,7843,7842,1,0,
Ysabeau Infant,Ysabeau_Infant_700italic,700italic,C:\Users\angel\OneDrive\Desktop\Kern\data\raw\fonts\Ysabeau_Infant_700italic.ttf,ok,1,7843,7842,1,0,
Ysabeau Infant,Ysabeau_Infant_800italic,800italic,C:\Users\angel\OneDrive\Desktop\Kern\data\raw\fonts\Ysabeau_Infant_800italic.ttf,ok,1,7843,7842,1,0,
Ysabeau Infant,Ysabeau_Infant_900italic,900italic,C:\Users\angel\OneDrive\Desktop\Kern\data\raw\fonts\Ysabeau_Infant_900italic.ttf,ok,1,7843,7842,1,0,
Noto Serif Lao,Noto_Serif_Lao_100,100,C:\Users\angel\OneDrive\Desktop\Kern\data\raw\fonts\Noto_Serif_Lao_100.ttf,ok,5,5624,5619,5,0,
Noto Serif Lao,Noto_Serif_Lao_200,200,C:\Users\angel\OneDrive\Desktop\Kern\data\raw\fonts\Noto_Serif_Lao_200.ttf,ok,5,5624,5619,5,0,
Noto Serif Lao,Noto_Serif_Lao_300,300,C:\Users\angel\OneDrive\Desktop\Kern\data\raw\fonts\Noto_Serif_Lao_300.ttf,ok,5,5624,5619,5,0,
Noto Serif Lao,Noto_Serif_Lao_regular,regular,C:\Users\angel\OneDrive\Desktop\Kern\data\raw\fonts\Noto_Serif_Lao_regular.ttf,ok,5,5624,5619,5,0,
Noto Serif Lao,Noto_Serif_Lao_500,500,C:\Users\angel\OneDrive\Desktop\Kern\data\raw\fonts\Noto_Serif_Lao_500.ttf,ok,5,5624,5619,5,0,
Noto Serif Lao,Noto_Serif_Lao_600,600,C:\Users\angel\OneDrive\Desktop\Kern\data\raw\fonts\Noto_Serif_Lao_600.ttf,ok,5,5624,5619,5,0,
Noto Serif Lao,Noto_Serif_Lao_700,700,C:\Users\angel\OneDrive\Desktop\Kern\data\raw\fonts\Noto_Serif_Lao_700.ttf,ok,5,5624,5619,5,0,
Noto Serif Lao,Noto_Serif_Lao_800,800,C:\Users\angel\OneDrive\Desktop\Kern\data\raw\fonts\Noto_Serif_Lao_800.ttf,ok,5,5624,5619,5,0,
Noto Serif Lao,Noto_Serif_Lao_900,900,C:\Users\angel\OneDrive\Desktop\Kern\data\raw\fonts\Noto_Serif_Lao_900.ttf,ok,5,5624,5619,5,0,
Dekko,Dekko_regular,regular,C:\Users\angel\OneDrive\Desktop\Kern\data\raw\fonts\Dekko_regular.ttf,ok,1,2705,2704,1,0,
Rubik Wet Paint,Rubik_Wet_Paint_regular,regular,C:\Users\angel\OneDrive\Desktop\Kern\data\raw\fonts\Rubik_Wet_Paint_regular.ttf,ok,223,5696,5473,223,0,
Condiment,Condiment_regular,regular,C:\Users\angel\OneDrive\Desktop\Kern\data\raw\fonts\Condiment_regular.ttf,ok,936,936,0,936,0,
Inspiration,Inspiration_regular,regular,C:\Users\angel\OneDrive\Desktop\Kern\data\raw\fonts\Inspiration_regular.ttf,ok,7,7,0,7,0,
Romanesco,Romanesco_regular,regular,C:\Users\angel\OneDrive\Desktop\Kern\data\raw\fonts\Romanesco_regular.ttf,ok,2,716,714,2,0,
Kotta One,Kotta_One_regular,regular,C:\Users\angel\OneDrive\Desktop\Kern\data\raw\fonts\Kotta_One_regular.ttf,ok,0,0,0,0,0,
Inika,Inika_regular,regular,C:\Users\angel\OneDrive\Desktop\Kern\data\raw\fonts\Inika_regular.ttf,ok,15,15,0,15,0,
Inika,Inika_700,700,C:\Users\angel\OneDrive\Desktop\Kern\data\raw\fonts\Inika_700.ttf,ok,15,15,0,15,0,
Darumadrop One,Darumadrop_One_regular,regular,C:\Users\angel\OneDrive\Desktop\Kern\data\raw\fonts\Darumadrop_One_regular.ttf,ok,261,261,0,261,0,
Tiro Gurmukhi,Tiro_Gurmukhi_regular,regular,C:\Users\angel\OneDrive\Desktop\Kern\data\raw\fonts\Tiro_Gurmukhi_regular.ttf,ok,11,281,270,11,0,
Tiro Gurmukhi,Tiro_Gurmukhi_italic,italic,C:\Users\angel\OneDrive\Desktop\Kern\data\raw\fonts\Tiro_Gurmukhi_italic.ttf,ok,11,281,270,11,0,
Offside,Offside_regular,regular,C:\Users\angel\OneDrive\Desktop\Kern\data\raw\fonts\Offside_regular.ttf,ok,12,1692,1680,12,0,
Koh Santepheap,Koh_Santepheap_100,100,C:\Users\angel\OneDrive\Desktop\Kern\data\raw\fonts\Koh_Santepheap_100.ttf,ok,0,0,0,0,0,
Koh Santepheap,Koh_Santepheap_300,300,C:\Users\angel\OneDrive\Desktop\Kern\data\raw\fonts\Koh_Santepheap_300.ttf,ok,0,0,0,0,0,
Koh Santepheap,Koh_Santepheap_regular,regular,C:\Users\angel\OneDrive\Desktop\Kern\data\raw\fonts\Koh_Santepheap_regular.ttf,ok,0,0,0,0,0,
Koh Santepheap,Koh_Santepheap_700,700,C:\Users\angel\OneDrive\Desktop\Kern\data\raw\fonts\Koh_Santepheap_700.ttf,ok,0,0,0,0,0,
Koh Santepheap,Koh_Santepheap_900,900,C:\Users\angel\OneDrive\Desktop\Kern\data\raw\fonts\Koh_Santepheap_900.ttf,ok,0,0,0,0,0,
Jacques Francois,Jacques_Francois_regular,regular,C:\Users\angel\OneDrive\Desktop\Kern\data\raw\fonts\Jacques_Francois_regular.ttf,ok,0,0,0,0,0,
Bruno Ace SC,Bruno_Ace_SC_regular,regular,C:\Users\angel\OneDrive\Desktop\Kern\data\raw\fonts\Bruno_Ace_SC_regular.ttf,ok,56,311,255,56,0,
Mrs Sheppards,Mrs_Sheppards_regular,regular,C:\Users\angel\OneDrive\Desktop\Kern\data\raw\fonts\Mrs_Sheppards_regular.ttf,ok,608,608,0,608,0,
Mogra,Mogra_regular,regular,C:\Users\angel\OneDrive\Desktop\Kern\data\raw\fonts\Mogra_regular.ttf,ok,196,854,658,196,0,
Festive,Festive_regular,regular,C:\Users\angel\OneDrive\Desktop\Kern\data\raw\fonts\Festive_regular.ttf,ok,112,115,3,112,0,
Jacquard 12,Jacquard_12_regular,regular,C:\Users\angel\OneDrive\Desktop\Kern\data\raw\fonts\Jacquard_12_regular.ttf,ok,7,7,0,7,0,
Emblema One,Emblema_One_regular,regular,C:\Users\angel\OneDrive\Desktop\Kern\data\raw\fonts\Emblema_One_regular.ttf,ok,0,0,0,0,0,
Plaster,Plaster_regular,regular,C:\Users\angel\OneDrive\Desktop\Kern\data\raw\fonts\Plaster_regular.ttf,ok,0,0,0,0,0,
Chela One,Chela_One_regular,regular,C:\Users\angel\OneDrive\Desktop\Kern\data\raw\fonts\Chela_One_regular.ttf,ok,319,319,0,319,0,
Noto Sans Canadian Aboriginal,Noto_Sans_Canadian_Aboriginal_100,100,C:\Users\angel\OneDrive\Desktop\Kern\data\raw\fonts\Noto_Sans_Canadian_Aboriginal_100.ttf,ok,7,501,494,7,0,
Noto Sans Canadian Aboriginal,Noto_Sans_Canadian_Aboriginal_200,200,C:\Users\angel\OneDrive\Desktop\Kern\data\raw\fonts\Noto_Sans_Canadian_Aboriginal_200.ttf,ok,7,501,494,7,0,
Noto Sans Canadian Aboriginal,Noto_Sans_Canadian_Aboriginal_300,300,C:\Users\angel\OneDrive\Desktop\Kern\data\raw\fonts\Noto_Sans_Canadian_Aboriginal_300.ttf,ok,7,501,494,7,0,
Noto Sans Canadian Aboriginal,Noto_Sans_Canadian_Aboriginal_regular,regular,C:\Users\angel\OneDrive\Desktop\Kern\data\raw\fonts\Noto_Sans_Canadian_Aboriginal_regular.ttf,ok,7,501,494,7,0,
Noto Sans Canadian Aboriginal,Noto_Sans_Canadian_Aboriginal_500,500,C:\Users\angel\OneDrive\Desktop\Kern\data\raw\fonts\Noto_Sans_Canadian_Aboriginal_500.ttf,ok,7,501,494,7,0,
Noto Sans Canadian Aboriginal,Noto_Sans_Canadian_Aboriginal_600,600,C:\Users\angel\OneDrive\Desktop\Kern\data\raw\fonts\Noto_Sans_Canadian_Aboriginal_600.ttf,ok,7,501,494,7,0,
Noto Sans Canadian Aboriginal,Noto_Sans_Canadian_Aboriginal_700,700,C:\Users\angel\OneDrive\Desktop\Kern\data\raw\fonts\Noto_Sans_Canadian_Aboriginal_700.ttf,ok,7,501,494,7,0,
Noto Sans Canadian Aboriginal,Noto_Sans_Canadian_Aboriginal_800,800,C:\Users\angel\OneDrive\Desktop\Kern\data\raw\fonts\Noto_Sans_Canadian_Aboriginal_800.ttf,ok,7,501,494,7,0,
Noto Sans Canadian Aboriginal,Noto_Sans_Canadian_Aboriginal_900,900,C:\Users\angel\OneDrive\Desktop\Kern\data\raw\fonts\Noto_Sans_Canadian_Aboriginal_900.ttf,ok,7,501,494,7,0,
Noto Sans Gothic,Noto_Sans_Gothic_regular,regular,C:\Users\angel\OneDrive\Desktop\Kern\data\raw\fonts\Noto_Sans_Gothic_regular.ttf,ok,7,501,494,7,0,
Alumni Sans Pinstripe,Alumni_Sans_Pinstripe_regular,regular,C:\Users\angel\OneDrive\Desktop\Kern\data\raw\fonts\Alumni_Sans_Pinstripe_regular.ttf,ok,31,175,144,31,0,
Alumni Sans Pinstripe,Alumni_Sans_Pinstripe_italic,italic,C:\Users\angel\OneDrive\Desktop\Kern\data\raw\fonts\Alumni_Sans_Pinstripe_italic.ttf,ok,31,175,144,31,0,
Momo Trust Display,Momo_Trust_Display_regular,regular,C:\Users\angel\OneDrive\Desktop\Kern\data\raw\fonts\Momo_Trust_Display_regular.ttf,ok,62,2795,2733,62,0,
Noto Sans Linear A,Noto_Sans_Linear_A_regular,regular,C:\Users\angel\OneDrive\Desktop\Kern\data\raw\fonts\Noto_Sans_Linear_A_regular.ttf,ok,7,501,494,7,0,
Bungee Hairline,Bungee_Hairline_regular,regular,C:\Users\angel\OneDrive\Desktop\Kern\data\raw\fonts\Bungee_Hairline_regular.ttf,ok,0,5672,5672,0,0,
Buda,Buda_300,300,C:\Users\angel\OneDrive\Desktop\Kern\data\raw\fonts\Buda_300.ttf,ok,1451,2002,551,1451,0,
Playwrite CU,Playwrite_CU_100,100,C:\Users\angel\OneDrive\Desktop\Kern\data\raw\fonts\Playwrite_CU_100.ttf,ok,0,24211,24211,0,0,
Playwrite CU,Playwrite_CU_200,200,C:\Users\angel\OneDrive\Desktop\Kern\data\raw\fonts\Playwrite_CU_200.ttf,ok,0,24211,24211,0,0,
Playwrite CU,Playwrite_CU_300,300,C:\Users\angel\OneDrive\Desktop\Kern\data\raw\fonts\Playwrite_CU_300.ttf,ok,0,24211,24211,0,0,
Playwrite CU,Playwrite_CU_regular,regular,C:\Users\angel\OneDrive\Desktop\Kern\data\raw\fonts\Playwrite_CU_regular.ttf,ok,0,24211,24211,0,0,
Reem Kufi Fun,Reem_Kufi_Fun_regular,regular,C:\Users\angel\OneDrive\Desktop\Kern\data\raw\fonts\Reem_Kufi_Fun_regular.ttf,ok,146,1233,1087,146,0,
Reem Kufi Fun,Reem_Kufi_Fun_500,500,C:\Users\angel\OneDrive\Desktop\Kern\data\raw\fonts\Reem_Kufi_Fun_500.ttf,ok,146,1233,1087,146,0,
Reem Kufi Fun,Reem_Kufi_Fun_600,600,C:\Users\angel\OneDrive\Desktop\Kern\data\raw\fonts\Reem_Kufi_Fun_600.ttf,ok,146,1233,1087,146,0,
Reem Kufi Fun,Reem_Kufi_Fun_700,700,C:\Users\angel\OneDrive\Desktop\Kern\data\raw\fonts\Reem_Kufi_Fun_700.ttf,ok,135,1233,1098,135,0,
Huninn,Huninn_regular,regular,C:\Users\angel\OneDrive\Desktop\Kern\data\raw\fonts\Huninn_regular.ttf,ok,21,2809,2788,21,0,
Kite One,Kite_One_regular,regular,C:\Users\angel\OneDrive\Desktop\Kern\data\raw\fonts\Kite_One_regular.ttf,ok,0,1188,1188,0,0,
Tilt Prism,Tilt_Prism_regular,regular,C:\Users\angel\OneDrive\Desktop\Kern\data\raw\fonts\Tilt_Prism_regular.ttf,ok,264,356,92,264,0,
Noto Sans Samaritan,Noto_Sans_Samaritan_regular,regular,C:\Users\angel\OneDrive\Desktop\Kern\data\raw\fonts\Noto_Sans_Samaritan_regular.ttf,ok,7,501,494,7,0,
Autour One,Autour_One_regular,regular,C:\Users\angel\OneDrive\Desktop\Kern\data\raw\fonts\Autour_One_regular.ttf,ok,0,0,0,0,0,
Anek Odia,Anek_Odia_100,100,C:\Users\angel\OneDrive\Desktop\Kern\data\raw\fonts\Anek_Odia_100.ttf,ok,44,46,2,44,0,
Anek Odia,Anek_Odia_200,200,C:\Users\angel\OneDrive\Desktop\Kern\data\raw\fonts\Anek_Odia_200.ttf,ok,46,46,0,46,0,
Anek Odia,Anek_Odia_300,300,C:\Users\angel\OneDrive\Desktop\Kern\data\raw\fonts\Anek_Odia_300.ttf,ok,46,46,0,46,0,
Anek Odia,Anek_Odia_regular,regular,C:\Users\angel\OneDrive\Desktop\Kern\data\raw\fonts\Anek_Odia_regular.ttf,ok,46,46,0,46,0,
Anek Odia,Anek_Odia_500,500,C:\Users\angel\OneDrive\Desktop\Kern\data\raw\fonts\Anek_Odia_500.ttf,ok,46,46,0,46,0,
Anek Odia,Anek_Odia_600,600,C:\Users\angel\OneDrive\Desktop\Kern\data\raw\fonts\Anek_Odia_600.ttf,ok,46,46,0,46,0,
Anek Odia,Anek_Odia_700,700,C:\Users\angel\OneDrive\Desktop\Kern\data\raw\fonts\Anek_Odia_700.ttf,ok,46,46,0,46,0,
Anek Odia,Anek_Odia_800,800,C:\Users\angel\OneDrive\Desktop\Kern\data\raw\fonts\Anek_Odia_800.ttf,ok,46,46,0,46,0,
Ewert,Ewert_regular,regular,C:\Users\angel\OneDrive\Desktop\Kern\data\raw\fonts\Ewert_regular.ttf,ok,0,0,0,0,0,
Jacques Francois Shadow,Jacques_Francois_Shadow_regular,regular,C:\Users\angel\OneDrive\Desktop\Kern\data\raw\fonts\Jacques_Francois_Shadow_regular.ttf,ok,0,0,0,0,0,
Edu AU VIC WA NT Guides,Edu_AU_VIC_WA_NT_Guides_regular,regular,C:\Users\angel\OneDrive\Desktop\Kern\data\raw\fonts\Edu_AU_VIC_WA_NT_Guides_regular.ttf,ok,2279,2620,341,2279,0,
Edu AU VIC WA NT Guides,Edu_AU_VIC_WA_NT_Guides_500,500,C:\Users\angel\OneDrive\Desktop\Kern\data\raw\fonts\Edu_AU_VIC_WA_NT_Guides_500.ttf,ok,2592,2620,28,2592,0,
Edu AU VIC WA NT Guides,Edu_AU_VIC_WA_NT_Guides_600,600,C:\Users\angel\OneDrive\Desktop\Kern\data\raw\fonts\Edu_AU_VIC_WA_NT_Guides_600.ttf,ok,2590,2620,30,2590,0,
Edu AU VIC WA NT Guides,Edu_AU_VIC_WA_NT_Guides_700,700,C:\Users\angel\OneDrive\Desktop\Kern\data\raw\fonts\Edu_AU_VIC_WA_NT_Guides_700.ttf,ok,2396,2620,224,2396,0,
Orbit,Orbit_regular,regular,C:\Users\angel\OneDrive\Desktop\Kern\data\raw\fonts\Orbit_regular.ttf,ok,0,0,0,0,0,
Noto Serif Khmer,Noto_Serif_Khmer_100,100,C:\Users\angel\OneDrive\Desktop\Kern\data\raw\fonts\Noto_Serif_Khmer_100.ttf,ok,5,2920,2915,5,0,
Noto Serif Khmer,Noto_Serif_Khmer_200,200,C:\Users\angel\OneDrive\Desktop\Kern\data\raw\fonts\Noto_Serif_Khmer_200.ttf,ok,5,2920,2915,5,0,
Noto Serif Khmer,Noto_Serif_Khmer_300,300,C:\Users\angel\OneDrive\Desktop\Kern\data\raw\fonts\Noto_Serif_Khmer_300.ttf,ok,5,2920,2915,5,0,
Noto Serif Khmer,Noto_Serif_Khmer_regular,regular,C:\Users\angel\OneDrive\Desktop\Kern\data\raw\fonts\Noto_Serif_Khmer_regular.ttf,ok,5,2920,2915,5,0,
Noto Serif Khmer,Noto_Serif_Khmer_500,500,C:\Users\angel\OneDrive\Desktop\Kern\data\raw\fonts\Noto_Serif_Khmer_500.ttf,ok,5,2920,2915,5,0,
Noto Serif Khmer,Noto_Serif_Khmer_600,600,C:\Users\angel\OneDrive\Desktop\Kern\data\raw\fonts\Noto_Serif_Khmer_600.ttf,ok,5,2920,2915,5,0,
Noto Serif Khmer,Noto_Serif_Khmer_700,700,C:\Users\angel\OneDrive\Desktop\Kern\data\raw\fonts\Noto_Serif_Khmer_700.ttf,ok,5,2920,2915,5,0,
Noto Serif Khmer,Noto_Serif_Khmer_800,800,C:\Users\angel\OneDrive\Desktop\Kern\data\raw\fonts\Noto_Serif_Khmer_800.ttf,ok,5,2920,2915,5,0,
Noto Serif Khmer,Noto_Serif_Khmer_900,900,C:\Users\angel\OneDrive\Desktop\Kern\data\raw\fonts\Noto_Serif_Khmer_900.ttf,ok,5,2920,2915,5,0,
Vend Sans,Vend_Sans_300,300,C:\Users\angel\OneDrive\Desktop\Kern\data\raw\fonts\Vend_Sans_300.ttf,ok,40,2754,2714,40,0,
Vend Sans,Vend_Sans_regular,regular,C:\Users\angel\OneDrive\Desktop\Kern\data\raw\fonts\Vend_Sans_regular.ttf,ok,46,2754,2708,46,0,
Vend Sans,Vend_Sans_500,500,C:\Users\angel\OneDrive\Desktop\Kern\data\raw\fonts\Vend_Sans_500.ttf,ok,44,2754,2710,44,0,
Vend Sans,Vend_Sans_600,600,C:\Users\angel\OneDrive\Desktop\Kern\data\raw\fonts\Vend_Sans_600.ttf,ok,46,2754,2708,46,0,
Vend Sans,Vend_Sans_700,700,C:\Users\angel\OneDrive\Desktop\Kern\data\raw\fonts\Vend_Sans_700.ttf,ok,45,2754,2709,45,0,
Vend Sans,Vend_Sans_300italic,300italic,C:\Users\angel\OneDrive\Desktop\Kern\data\raw\fonts\Vend_Sans_300italic.ttf,ok,37,2744,2707,37,0,
Vend Sans,Vend_Sans_italic,italic,C:\Users\angel\OneDrive\Desktop\Kern\data\raw\fonts\Vend_Sans_italic.ttf,ok,37,2744,2707,37,0,
Vend Sans,Vend_Sans_500italic,500italic,C:\Users\angel\OneDrive\Desktop\Kern\data\raw\fonts\Vend_Sans_500italic.ttf,ok,37,2744,2707,37,0,
Vend Sans,Vend_Sans_600italic,600italic,C:\Users\angel\OneDrive\Desktop\Kern\data\raw\fonts\Vend_Sans_600italic.ttf,ok,37,2744,2707,37,0,
Vend Sans,Vend_Sans_700italic,700italic,C:\Users\angel\OneDrive\Desktop\Kern\data\raw\fonts\Vend_Sans_700italic.ttf,ok,37,2744,2707,37,0,
Smokum,Smokum_regular,regular,C:\Users\angel\OneDrive\Desktop\Kern\data\raw\fonts\Smokum_regular.ttf,ok,116,116,0,116,0,
Babylonica,Babylonica_regular,regular,C:\Users\angel\OneDrive\Desktop\Kern\data\raw\fonts\Babylonica_regular.ttf,ok,56,1496,1440,56,0,
Miss Fajardose,Miss_Fajardose_regular,regular,C:\Users\angel\OneDrive\Desktop\Kern\data\raw\fonts\Miss_Fajardose_regular.ttf,ok,245,245,0,245,0,
BBH Bartle,BBH_Bartle_regular,regular,C:\Users\angel\OneDrive\Desktop\Kern\data\raw\fonts\BBH_Bartle_regular.ttf,ok,0,2704,2704,0,0,
Bruno Ace,Bruno_Ace_regular,regular,C:\Users\angel\OneDrive\Desktop\Kern\data\raw\fonts\Bruno_Ace_regular.ttf,ok,49,249,200,49,0,
Libertinus Sans,Libertinus_Sans_regular,regular,C:\Users\angel\OneDrive\Desktop\Kern\data\raw\fonts\Libertinus_Sans_regular.ttf,ok,0,7209,7209,0,0,
Libertinus Sans,Libertinus_Sans_italic,italic,C:\Users\angel\OneDrive\Desktop\Kern\data\raw\fonts\Libertinus_Sans_italic.ttf,ok,0,5824,5824,0,0,
Libertinus Sans,Libertinus_Sans_700,700,C:\Users\angel\OneDrive\Desktop\Kern\data\raw\fonts\Libertinus_Sans_700.ttf,ok,0,7157,7157,0,0,
Edu AU VIC WA NT Hand,Edu_AU_VIC_WA_NT_Hand_regular,regular,C:\Users\angel\OneDrive\Desktop\Kern\data\raw\fonts\Edu_AU_VIC_WA_NT_Hand_regular.ttf,ok,2279,2620,341,2279,0,
Edu AU VIC WA NT Hand,Edu_AU_VIC_WA_NT_Hand_500,500,C:\Users\angel\OneDrive\Desktop\Kern\data\raw\fonts\Edu_AU_VIC_WA_NT_Hand_500.ttf,ok,2592,2620,28,2592,0,
Edu AU VIC WA NT Hand,Edu_AU_VIC_WA_NT_Hand_600,600,C:\Users\angel\OneDrive\Desktop\Kern\data\raw\fonts\Edu_AU_VIC_WA_NT_Hand_600.ttf,ok,2590,2620,30,2590,0,
Edu AU VIC WA NT Hand,Edu_AU_VIC_WA_NT_Hand_700,700,C:\Users\angel\OneDrive\Desktop\Kern\data\raw\fonts\Edu_AU_VIC_WA_NT_Hand_700.ttf,ok,2396,2620,224,2396,0,
Anek Gurmukhi,Anek_Gurmukhi_100,100,C:\Users\angel\OneDrive\Desktop\Kern\data\raw\fonts\Anek_Gurmukhi_100.ttf,ok,43,2750,2707,43,0,
Anek Gurmukhi,Anek_Gurmukhi_200,200,C:\Users\angel\OneDrive\Desktop\Kern\data\raw\fonts\Anek_Gurmukhi_200.ttf,ok,46,2750,2704,46,0,
Anek Gurmukhi,Anek_Gurmukhi_300,300,C:\Users\angel\OneDrive\Desktop\Kern\data\raw\fonts\Anek_Gurmukhi_300.ttf,ok,46,2750,2704,46,0,
Anek Gurmukhi,Anek_Gurmukhi_regular,regular,C:\Users\angel\OneDrive\Desktop\Kern\data\raw\fonts\Anek_Gurmukhi_regular.ttf,ok,45,2750,2705,45,0,
Anek Gurmukhi,Anek_Gurmukhi_500,500,C:\Users\angel\OneDrive\Desktop\Kern\data\raw\fonts\Anek_Gurmukhi_500.ttf,ok,46,2750,2704,46,0,
Anek Gurmukhi,Anek_Gurmukhi_600,600,C:\Users\angel\OneDrive\Desktop\Kern\data\raw\fonts\Anek_Gurmukhi_600.ttf,ok,46,2750,2704,46,0,
Anek Gurmukhi,Anek_Gurmukhi_700,700,C:\Users\angel\OneDrive\Desktop\Kern\data\raw\fonts\Anek_Gurmukhi_700.ttf,ok,46,2750,2704,46,0,
Anek Gurmukhi,Anek_Gurmukhi_800,800,C:\Users\angel\OneDrive\Desktop\Kern\data\raw\fonts\Anek_Gurmukhi_800.ttf,ok,46,2750,2704,46,0,
Noto Serif Gujarati,Noto_Serif_Gujarati_100,100,C:\Users\angel\OneDrive\Desktop\Kern\data\raw\fonts\Noto_Serif_Gujarati_100.ttf,ok,5,5633,5628,5,0,
Noto Serif Gujarati,Noto_Serif_Gujarati_200,200,C:\Users\angel\OneDrive\Desktop\Kern\data\raw\fonts\Noto_Serif_Gujarati_200.ttf,ok,5,5633,5628,5,0,
Noto Serif Gujarati,Noto_Serif_Gujarati_300,300,C:\Users\angel\OneDrive\Desktop\Kern\data\raw\fonts\Noto_Serif_Gujarati_300.ttf,ok,5,5633,5628,5,0,
Noto Serif Gujarati,Noto_Serif_Gujarati_regular,regular,C:\Users\angel\OneDrive\Desktop\Kern\data\raw\fonts\Noto_Serif_Gujarati_regular.ttf,ok,5,5633,5628,5,0,
Noto Serif Gujarati,Noto_Serif_Gujarati_500,500,C:\Users\angel\OneDrive\Desktop\Kern\data\raw\fonts\Noto_Serif_Gujarati_500.ttf,ok,5,5633,5628,5,0,
Noto Serif Gujarati,Noto_Serif_Gujarati_600,600,C:\Users\angel\OneDrive\Desktop\Kern\data\raw\fonts\Noto_Serif_Gujarati_600.ttf,ok,5,5633,5628,5,0,
Noto Serif Gujarati,Noto_Serif_Gujarati_700,700,C:\Users\angel\OneDrive\Desktop\Kern\data\raw\fonts\Noto_Serif_Gujarati_700.ttf,ok,5,5633,5628,5,0,
Noto Serif Gujarati,Noto_Serif_Gujarati_800,800,C:\Users\angel\OneDrive\Desktop\Kern\data\raw\fonts\Noto_Serif_Gujarati_800.ttf,ok,5,5633,5628,5,0,
Noto Serif Gujarati,Noto_Serif_Gujarati_900,900,C:\Users\angel\OneDrive\Desktop\Kern\data\raw\fonts\Noto_Serif_Gujarati_900.ttf,ok,5,5633,5628,5,0,
WDXL Lubrifont JP N,WDXL_Lubrifont_JP_N_regular,regular,C:\Users\angel\OneDrive\Desktop\Kern\data\raw\fonts\WDXL_Lubrifont_JP_N_regular.ttf,ok,0,0,0,0,0,
Arbutus,Arbutus_regular,regular,C:\Users\angel\OneDrive\Desktop\Kern\data\raw\fonts\Arbutus_regular.ttf,ok,0,0,0,0,0,
Micro 5,Micro_5_regular,regular,C:\Users\angel\OneDrive\Desktop\Kern\data\raw\fonts\Micro_5_regular.ttf,ok,0,0,0,0,0,
Meera Inimai,Meera_Inimai_regular,regular,C:\Users\angel\OneDrive\Desktop\Kern\data\raw\fonts\Meera_Inimai_regular.ttf,ok,0,0,0,0,0,
Trykker,Trykker_regular,regular,C:\Users\angel\OneDrive\Desktop\Kern\data\raw\fonts\Trykker_regular.ttf,ok,7,7,0,7,0,
Oi,Oi_regular,regular,C:\Users\angel\OneDrive\Desktop\Kern\data\raw\fonts\Oi_regular.ttf,ok,1,2759,2758,1,0,
Wittgenstein,Wittgenstein_regular,regular,C:\Users\angel\OneDrive\Desktop\Kern\data\raw\fonts\Wittgenstein_regular.ttf,ok,303,525,222,303,0,
Wittgenstein,Wittgenstein_500,500,C:\Users\angel\OneDrive\Desktop\Kern\data\raw\fonts\Wittgenstein_500.ttf,ok,305,525,220,305,0,
Wittgenstein,Wittgenstein_600,600,C:\Users\angel\OneDrive\Desktop\Kern\data\raw\fonts\Wittgenstein_600.ttf,ok,305,525,220,305,0,
Wittgenstein,Wittgenstein_700,700,C:\Users\angel\OneDrive\Desktop\Kern\data\raw\fonts\Wittgenstein_700.ttf,ok,309,525,216,309,0,
Wittgenstein,Wittgenstein_800,800,C:\Users\angel\OneDrive\Desktop\Kern\data\raw\fonts\Wittgenstein_800.ttf,ok,309,525,216,309,0,
Wittgenstein,Wittgenstein_900,900,C:\Users\angel\OneDrive\Desktop\Kern\data\raw\fonts\Wittgenstein_900.ttf,ok,308,525,217,308,0,
Wittgenstein,Wittgenstein_italic,italic,C:\Users\angel\OneDrive\Desktop\Kern\data\raw\fonts\Wittgenstein_italic.ttf,ok,226,548,322,226,0,
Wittgenstein,Wittgenstein_500italic,500italic,C:\Users\angel\OneDrive\Desktop\Kern\data\raw\fonts\Wittgenstein_500italic.ttf,ok,226,548,322,226,0,
Wittgenstein,Wittgenstein_600italic,600italic,C:\Users\angel\OneDrive\Desktop\Kern\data\raw\fonts\Wittgenstein_600italic.ttf,ok,226,548,322,226,0,
Wittgenstein,Wittgenstein_700italic,700italic,C:\Users\angel\OneDrive\Desktop\Kern\data\raw\fonts\Wittgenstein_700italic.ttf,ok,226,548,322,226,0,
Wittgenstein,Wittgenstein_800italic,800italic,C:\Users\angel\OneDrive\Desktop\Kern\data\raw\fonts\Wittgenstein_800italic.ttf,ok,226,548,322,226,0,
Wittgenstein,Wittgenstein_900italic,900italic,C:\Users\angel\OneDrive\Desktop\Kern\data\raw\fonts\Wittgenstein_900italic.ttf,ok,226,548,322,226,0,
Big Shoulders Stencil,Big_Shoulders_Stencil_100,100,C:\Users\angel\OneDrive\Desktop\Kern\data\raw\fonts\Big_Shoulders_Stencil_100.ttf,ok,0,2720,2720,0,0,
Big Shoulders Stencil,Big_Shoulders_Stencil_200,200,C:\Users\angel\OneDrive\Desktop\Kern\data\raw\fonts\Big_Shoulders_Stencil_200.ttf,ok,0,2720,2720,0,0,
Big Shoulders Stencil,Big_Shoulders_Stencil_300,300,C:\Users\angel\OneDrive\Desktop\Kern\data\raw\fonts\Big_Shoulders_Stencil_300.ttf,ok,0,2720,2720,0,0,
Big Shoulders Stencil,Big_Shoulders_Stencil_regular,regular,C:\Users\angel\OneDrive\Desktop\Kern\data\raw\fonts\Big_Shoulders_Stencil_regular.ttf,ok,0,2720,2720,0,0,
Big Shoulders Stencil,Big_Shoulders_Stencil_500,500,C:\Users\angel\OneDrive\Desktop\Kern\data\raw\fonts\Big_Shoulders_Stencil_500.ttf,ok,0,2720,2720,0,0,
Big Shoulders Stencil,Big_Shoulders_Stencil_600,600,C:\Users\angel\OneDrive\Desktop\Kern\data\raw\fonts\Big_Shoulders_Stencil_600.ttf,ok,0,2720,2720,0,0,
Big Shoulders Stencil,Big_Shoulders_Stencil_700,700,C:\Users\angel\OneDrive\Desktop\Kern\data\raw\fonts\Big_Shoulders_Stencil_700.ttf,ok,0,2720,2720,0,0,
Big Shoulders Stencil,Big_Shoulders_Stencil_800,800,C:\Users\angel\OneDrive\Desktop\Kern\data\raw\fonts\Big_Shoulders_Stencil_800.ttf,ok,0,2720,2720,0,0,
Big Shoulders Stencil,Big_Shoulders_Stencil_900,900,C:\Users\angel\OneDrive\Desktop\Kern\data\raw\fonts\Big_Shoulders_Stencil_900.ttf,ok,0,2720,2720,0,0,
Donegal One,Donegal_One_regular,regular,C:\Users\angel\OneDrive\Desktop\Kern\data\raw\fonts\Donegal_One_regular.ttf,ok,0,0,0,0,0,
Londrina Shadow,Londrina_Shadow_regular,regular,C:\Users\angel\OneDrive\Desktop\Kern\data\raw\fonts\Londrina_Shadow_regular.ttf,ok,124,18278,18154,124,0,
Dr Sugiyama,Dr_Sugiyama_regular,regular,C:\Users\angel\OneDrive\Desktop\Kern\data\raw\fonts\Dr_Sugiyama_regular.ttf,ok,379,379,0,379,0,
Story Script,Story_Script_regular,regular,C:\Users\angel\OneDrive\Desktop\Kern\data\raw\fonts\Story_Script_regular.ttf,ok,177,2896,2719,177,0,
Nuosu SIL,Nuosu_SIL_regular,regular,C:\Users\angel\OneDrive\Desktop\Kern\data\raw\fonts\Nuosu_SIL_regular.ttf,ok,0,0,0,0,0,
Ruluko,Ruluko_regular,regular,C:\Users\angel\OneDrive\Desktop\Kern\data\raw\fonts\Ruluko_regular.ttf,ok,0,0,0,0,0,
Praise,Praise_regular,regular,C:\Users\angel\OneDrive\Desktop\Kern\data\raw\fonts\Praise_regular.ttf,ok,154,2212,2058,154,0,
Playwrite US Modern,Playwrite_US_Modern_100,100,C:\Users\angel\OneDrive\Desktop\Kern\data\raw\fonts\Playwrite_US_Modern_100.ttf,ok,0,30581,30581,0,0,
Playwrite US Modern,Playwrite_US_Modern_200,200,C:\Users\angel\OneDrive\Desktop\Kern\data\raw\fonts\Playwrite_US_Modern_200.ttf,ok,0,30581,30581,0,0,
Playwrite US Modern,Playwrite_US_Modern_300,300,C:\Users\angel\OneDrive\Desktop\Kern\data\raw\fonts\Playwrite_US_Modern_300.ttf,ok,0,30581,30581,0,0,
Playwrite US Modern,Playwrite_US_Modern_regular,regular,C:\Users\angel\OneDrive\Desktop\Kern\data\raw\fonts\Playwrite_US_Modern_regular.ttf,ok,0,30581,30581,0,0,
Elsie Swash Caps,Elsie_Swash_Caps_regular,regular,C:\Users\angel\OneDrive\Desktop\Kern\data\raw\fonts\Elsie_Swash_Caps_regular.ttf,ok,0,0,0,0,0,
Elsie Swash Caps,Elsie_Swash_Caps_900,900,C:\Users\angel\OneDrive\Desktop\Kern\data\raw\fonts\Elsie_Swash_Caps_900.ttf,ok,0,0,0,0,0,
Milonga,Milonga_regular,regular,C:\Users\angel\OneDrive\Desktop\Kern\data\raw\fonts\Milonga_regular.ttf,ok,22,22,0,22,0,
Fruktur,Fruktur_regular,regular,C:\Users\angel\OneDrive\Desktop\Kern\data\raw\fonts\Fruktur_regular.ttf,ok,292,362,70,292,0,
Fruktur,Fruktur_italic,italic,C:\Users\angel\OneDrive\Desktop\Kern\data\raw\fonts\Fruktur_italic.ttf,ok,292,362,70,292,0,
Reem Kufi Ink,Reem_Kufi_Ink_regular,regular,C:\Users\angel\OneDrive\Desktop\Kern\data\raw\fonts\Reem_Kufi_Ink_regular.ttf,ok,146,1233,1087,146,0,
Luxurious Roman,Luxurious_Roman_regular,regular,C:\Users\angel\OneDrive\Desktop\Kern\data\raw\fonts\Luxurious_Roman_regular.ttf,ok,35,528,493,35,0,
Ranga,Ranga_regular,regular,C:\Users\angel\OneDrive\Desktop\Kern\data\raw\fonts\Ranga_regular.ttf,ok,411,438,27,411,0,
Ranga,Ranga_700,700,C:\Users\angel\OneDrive\Desktop\Kern\data\raw\fonts\Ranga_700.ttf,ok,435,438,3,435,0,
Lakki Reddy,Lakki_Reddy_regular,regular,C:\Users\angel\OneDrive\Desktop\Kern\data\raw\fonts\Lakki_Reddy_regular.ttf,ok,0,0,0,0,0,
Marko One,Marko_One_regular,regular,C:\Users\angel\OneDrive\Desktop\Kern\data\raw\fonts\Marko_One_regular.ttf,ok,0,0,0,0,0,
GFS Neohellenic,GFS_Neohellenic_regular,regular,C:\Users\angel\OneDrive\Desktop\Kern\data\raw\fonts\GFS_Neohellenic_regular.ttf,ok,0,0,0,0,0,
GFS Neohellenic,GFS_Neohellenic_italic,italic,C:\Users\angel\OneDrive\Desktop\Kern\data\raw\fonts\GFS_Neohellenic_italic.ttf,ok,0,0,0,0,0,
GFS Neohellenic,GFS_Neohellenic_700,700,C:\Users\angel\OneDrive\Desktop\Kern\data\raw\fonts\GFS_Neohellenic_700.ttf,ok,0,0,0,0,0,
GFS Neohellenic,GFS_Neohellenic_700italic,700italic,C:\Users\angel\OneDrive\Desktop\Kern\data\raw\fonts\GFS_Neohellenic_700italic.ttf,ok,0,0,0,0,0,
Dhurjati,Dhurjati_regular,regular,C:\Users\angel\OneDrive\Desktop\Kern\data\raw\fonts\Dhurjati_regular.ttf,ok,0,0,0,0,0,
Playwrite AU NSW,Playwrite_AU_NSW_100,100,C:\Users\angel\OneDrive\Desktop\Kern\data\raw\fonts\Playwrite_AU_NSW_100.ttf,ok,0,29568,29568,0,0,
Playwrite AU NSW,Playwrite_AU_NSW_200,200,C:\Users\angel\OneDrive\Desktop\Kern\data\raw\fonts\Playwrite_AU_NSW_200.ttf,ok,0,29568,29568,0,0,
Playwrite AU NSW,Playwrite_AU_NSW_300,300,C:\Users\angel\OneDrive\Desktop\Kern\data\raw\fonts\Playwrite_AU_NSW_300.ttf,ok,0,29568,29568,0,0,
Playwrite AU NSW,Playwrite_AU_NSW_regular,regular,C:\Users\angel\OneDrive\Desktop\Kern\data\raw\fonts\Playwrite_AU_NSW_regular.ttf,ok,0,29568,29568,0,0,
Noto Sans Osmanya,Noto_Sans_Osmanya_regular,regular,C:\Users\angel\OneDrive\Desktop\Kern\data\raw\fonts\Noto_Sans_Osmanya_regular.ttf,ok,7,501,494,7,0,
Konkhmer Sleokchher,Konkhmer_Sleokchher_regular,regular,C:\Users\angel\OneDrive\Desktop\Kern\data\raw\fonts\Konkhmer_Sleokchher_regular.ttf,ok,0,0,0,0,0,
Diplomata SC,Diplomata_SC_regular,regular,C:\Users\angel\OneDrive\Desktop\Kern\data\raw\fonts\Diplomata_SC_regular.ttf,ok,0,1932,1932,0,0,
Playwrite GB S,Playwrite_GB_S_100,100,C:\Users\angel\OneDrive\Desktop\Kern\data\raw\fonts\Playwrite_GB_S_100.ttf,ok,0,29507,29507,0,0,
Playwrite GB S,Playwrite_GB_S_200,200,C:\Users\angel\OneDrive\Desktop\Kern\data\raw\fonts\Playwrite_GB_S_200.ttf,ok,0,29507,29507,0,0,
Playwrite GB S,Playwrite_GB_S_300,300,C:\Users\angel\OneDrive\Desktop\Kern\data\raw\fonts\Playwrite_GB_S_300.ttf,ok,0,29507,29507,0,0,
Playwrite GB S,Playwrite_GB_S_regular,regular,C:\Users\angel\OneDrive\Desktop\Kern\data\raw\fonts\Playwrite_GB_S_regular.ttf,ok,0,29507,29507,0,0,
Playwrite GB S,Playwrite_GB_S_100italic,100italic,C:\Users\angel\OneDrive\Desktop\Kern\data\raw\fonts\Playwrite_GB_S_100italic.ttf,ok,0,29507,29507,0,0,
Playwrite GB S,Playwrite_GB_S_200italic,200italic,C:\Users\angel\OneDrive\Desktop\Kern\data\raw\fonts\Playwrite_GB_S_200italic.ttf,ok,0,29507,29507,0,0,
Playwrite GB S,Playwrite_GB_S_300italic,300italic,C:\Users\angel\OneDrive\Desktop\Kern\data\raw\fonts\Playwrite_GB_S_300italic.ttf,ok,0,29507,29507,0,0,
Playwrite GB S,Playwrite_GB_S_italic,italic,C:\Users\angel\OneDrive\Desktop\Kern\data\raw\fonts\Playwrite_GB_S_italic.ttf,ok,0,29507,29507,0,0,
Ojuju,Ojuju_200,200,C:\Users\angel\OneDrive\Desktop\Kern\data\raw\fonts\Ojuju_200.ttf,ok,44,5551,5507,44,0,
Ojuju,Ojuju_300,300,C:\Users\angel\OneDrive\Desktop\Kern\data\raw\fonts\Ojuju_300.ttf,ok,58,5551,5493,58,0,
Ojuju,Ojuju_regular,regular,C:\Users\angel\OneDrive\Desktop\Kern\data\raw\fonts\Ojuju_regular.ttf,ok,65,5551,5486,65,0,
Ojuju,Ojuju_500,500,C:\Users\angel\OneDrive\Desktop\Kern\data\raw\fonts\Ojuju_500.ttf,ok,68,5551,5483,68,0,
Ojuju,Ojuju_600,600,C:\Users\angel\OneDrive\Desktop\Kern\data\raw\fonts\Ojuju_600.ttf,ok,67,5551,5484,67,0,
Ojuju,Ojuju_700,700,C:\Users\angel\OneDrive\Desktop\Kern\data\raw\fonts\Ojuju_700.ttf,ok,69,5551,5482,69,0,
Ojuju,Ojuju_800,800,C:\Users\angel\OneDrive\Desktop\Kern\data\raw\fonts\Ojuju_800.ttf,ok,60,5551,5491,60,0,
Noto Sans Sora Sompeng,Noto_Sans_Sora_Sompeng_regular,regular,C:\Users\angel\OneDrive\Desktop\Kern\data\raw\fonts\Noto_Sans_Sora_Sompeng_regular.ttf,ok,7,501,494,7,0,
Noto Sans Sora Sompeng,Noto_Sans_Sora_Sompeng_500,500,C:\Users\angel\OneDrive\Desktop\Kern\data\raw\fonts\Noto_Sans_Sora_Sompeng_500.ttf,ok,7,501,494,7,0,
Noto Sans Sora Sompeng,Noto_Sans_Sora_Sompeng_600,600,C:\Users\angel\OneDrive\Desktop\Kern\data\raw\fonts\Noto_Sans_Sora_Sompeng_600.ttf,ok,7,501,494,7,0,
Noto Sans Sora Sompeng,Noto_Sans_Sora_Sompeng_700,700,C:\Users\angel\OneDrive\Desktop\Kern\data\raw\fonts\Noto_Sans_Sora_Sompeng_700.ttf,ok,7,501,494,7,0,
Federant,Federant_regular,regular,C:\Users\angel\OneDrive\Desktop\Kern\data\raw\fonts\Federant_regular.ttf,ok,84,9200,9116,84,0,
Playwrite AU SA,Playwrite_AU_SA_100,100,C:\Users\angel\OneDrive\Desktop\Kern\data\raw\fonts\Playwrite_AU_SA_100.ttf,ok,0,29539,29539,0,0,
Playwrite AU SA,Playwrite_AU_SA_200,200,C:\Users\angel\OneDrive\Desktop\Kern\data\raw\fonts\Playwrite_AU_SA_200.ttf,ok,0,29539,29539,0,0,
Playwrite AU SA,Playwrite_AU_SA_300,300,C:\Users\angel\OneDrive\Desktop\Kern\data\raw\fonts\Playwrite_AU_SA_300.ttf,ok,0,29539,29539,0,0,
Playwrite AU SA,Playwrite_AU_SA_regular,regular,C:\Users\angel\OneDrive\Desktop\Kern\data\raw\fonts\Playwrite_AU_SA_regular.ttf,ok,0,29539,29539,0,0,
Ancizar Serif,Ancizar_Serif_300,300,C:\Users\angel\OneDrive\Desktop\Kern\data\raw\fonts\Ancizar_Serif_300.ttf,ok,612,3434,2822,612,0,
Ancizar Serif,Ancizar_Serif_regular,regular,C:\Users\angel\OneDrive\Desktop\Kern\data\raw\fonts\Ancizar_Serif_regular.ttf,ok,615,3434,2819,615,0,
Ancizar Serif,Ancizar_Serif_500,500,C:\Users\angel\OneDrive\Desktop\Kern\data\raw\fonts\Ancizar_Serif_500.ttf,ok,606,3434,2828,606,0,
Ancizar Serif,Ancizar_Serif_600,600,C:\Users\angel\OneDrive\Desktop\Kern\data\raw\fonts\Ancizar_Serif_600.ttf,ok,595,3434,2839,595,0,
Ancizar Serif,Ancizar_Serif_700,700,C:\Users\angel\OneDrive\Desktop\Kern\data\raw\fonts\Ancizar_Serif_700.ttf,ok,614,3434,2820,614,0,
Ancizar Serif,Ancizar_Serif_800,800,C:\Users\angel\OneDrive\Desktop\Kern\data\raw\fonts\Ancizar_Serif_800.ttf,ok,569,3434,2865,569,0,
Ancizar Serif,Ancizar_Serif_900,900,C:\Users\angel\OneDrive\Desktop\Kern\data\raw\fonts\Ancizar_Serif_900.ttf,ok,298,3434,3136,298,0,
Ancizar Serif,Ancizar_Serif_300italic,300italic,C:\Users\angel\OneDrive\Desktop\Kern\data\raw\fonts\Ancizar_Serif_300italic.ttf,ok,16,2993,2977,16,0,
Ancizar Serif,Ancizar_Serif_italic,italic,C:\Users\angel\OneDrive\Desktop\Kern\data\raw\fonts\Ancizar_Serif_italic.ttf,ok,22,2993,2971,22,0,
Ancizar Serif,Ancizar_Serif_500italic,500italic,C:\Users\angel\OneDrive\Desktop\Kern\data\raw\fonts\Ancizar_Serif_500italic.ttf,ok,22,2993,2971,22,0,
Ancizar Serif,Ancizar_Serif_600italic,600italic,C:\Users\angel\OneDrive\Desktop\Kern\data\raw\fonts\Ancizar_Serif_600italic.ttf,ok,22,2993,2971,22,0,
Ancizar Serif,Ancizar_Serif_700italic,700italic,C:\Users\angel\OneDrive\Desktop\Kern\data\raw\fonts\Ancizar_Serif_700italic.ttf,ok,20,2993,2973,20,0,
Ancizar Serif,Ancizar_Serif_800italic,800italic,C:\Users\angel\OneDrive\Desktop\Kern\data\raw\fonts\Ancizar_Serif_800italic.ttf,ok,22,2993,2971,22,0,
Ancizar Serif,Ancizar_Serif_900italic,900italic,C:\Users\angel\OneDrive\Desktop\Kern\data\raw\fonts\Ancizar_Serif_900italic.ttf,ok,11,2993,2982,11,0,
Noto Serif Sinhala,Noto_Serif_Sinhala_100,100,C:\Users\angel\OneDrive\Desktop\Kern\data\raw\fonts\Noto_Serif_Sinhala_100.ttf,ok,5,2920,2915,5,0,
Noto Serif Sinhala,Noto_Serif_Sinhala_200,200,C:\Users\angel\OneDrive\Desktop\Kern\data\raw\fonts\Noto_Serif_Sinhala_200.ttf,ok,5,2920,2915,5,0,
Noto Serif Sinhala,Noto_Serif_Sinhala_300,300,C:\Users\angel\OneDrive\Desktop\Kern\data\raw\fonts\Noto_Serif_Sinhala_300.ttf,ok,5,2920,2915,5,0,
Noto Serif Sinhala,Noto_Serif_Sinhala_regular,regular,C:\Users\angel\OneDrive\Desktop\Kern\data\raw\fonts\Noto_Serif_Sinhala_regular.ttf,ok,5,2920,2915,5,0,
Noto Serif Sinhala,Noto_Serif_Sinhala_500,500,C:\Users\angel\OneDrive\Desktop\Kern\data\raw\fonts\Noto_Serif_Sinhala_500.ttf,ok,5,2920,2915,5,0,
Noto Serif Sinhala,Noto_Serif_Sinhala_600,600,C:\Users\angel\OneDrive\Desktop\Kern\data\raw\fonts\Noto_Serif_Sinhala_600.ttf,ok,5,2920,2915,5,0,
Noto Serif Sinhala,Noto_Serif_Sinhala_700,700,C:\Users\angel\OneDrive\Desktop\Kern\data\raw\fonts\Noto_Serif_Sinhala_700.ttf,ok,5,2920,2915,5,0,
Noto Serif Sinhala,Noto_Serif_Sinhala_800,800,C:\Users\angel\OneDrive\Desktop\Kern\data\raw\fonts\Noto_Serif_Sinhala_800.ttf,ok,5,2920,2915,5,0,
Noto Serif Sinhala,Noto_Serif_Sinhala_900,900,C:\Users\angel\OneDrive\Desktop\Kern\data\raw\fonts\Noto_Serif_Sinhala_900.ttf,ok,5,2920,2915,5,0,
Bubbler One,Bubbler_One_regular,regular,C:\Users\angel\OneDrive\Desktop\Kern\data\raw\fonts\Bubbler_One_regular.ttf,ok,84,84,0,84,0,
Joti One,Joti_One_regular,regular,C:\Users\angel\OneDrive\Desktop\Kern\data\raw\fonts\Joti_One_regular.ttf,ok,11,1873,1862,11,0,
Neonderthaw,Neonderthaw_regular,regular,C:\Users\angel\OneDrive\Desktop\Kern\data\raw\fonts\Neonderthaw_regular.ttf,ok,13,2718,2705,13,0,
Akt,Akt_100,100,C:\Users\angel\OneDrive\Desktop\Kern\data\raw\fonts\Akt_100.ttf,ok,0,2704,2704,0,0,
Akt,Akt_200,200,C:\Users\angel\OneDrive\Desktop\Kern\data\raw\fonts\Akt_200.ttf,ok,0,2704,2704,0,0,
Akt,Akt_300,300,C:\Users\angel\OneDrive\Desktop\Kern\data\raw\fonts\Akt_300.ttf,ok,0,2704,2704,0,0,
Akt,Akt_regular,regular,C:\Users\angel\OneDrive\Desktop\Kern\data\raw\fonts\Akt_regular.ttf,ok,0,2704,2704,0,0,
Akt,Akt_500,500,C:\Users\angel\OneDrive\Desktop\Kern\data\raw\fonts\Akt_500.ttf,ok,0,2704,2704,0,0,
Akt,Akt_600,600,C:\Users\angel\OneDrive\Desktop\Kern\data\raw\fonts\Akt_600.ttf,ok,0,2704,2704,0,0,
Akt,Akt_700,700,C:\Users\angel\OneDrive\Desktop\Kern\data\raw\fonts\Akt_700.ttf,ok,0,2704,2704,0,0,
Akt,Akt_800,800,C:\Users\angel\OneDrive\Desktop\Kern\data\raw\fonts\Akt_800.ttf,ok,0,2704,2704,0,0,
Akt,Akt_900,900,C:\Users\angel\OneDrive\Desktop\Kern\data\raw\fonts\Akt_900.ttf,ok,0,2704,2704,0,0,
Bigelow Rules,Bigelow_Rules_regular,regular,C:\Users\angel\OneDrive\Desktop\Kern\data\raw\fonts\Bigelow_Rules_regular.ttf,ok,62,112,50,62,0,
Tulpen One,Tulpen_One_regular,regular,C:\Users\angel\OneDrive\Desktop\Kern\data\raw\fonts\Tulpen_One_regular.ttf,ok,90,90,0,90,0,
Noto Serif Armenian,Noto_Serif_Armenian_100,100,C:\Users\angel\OneDrive\Desktop\Kern\data\raw\fonts\Noto_Serif_Armenian_100.ttf,ok,5,5624,5619,5,0,
Noto Serif Armenian,Noto_Serif_Armenian_200,200,C:\Users\angel\OneDrive\Desktop\Kern\data\raw\fonts\Noto_Serif_Armenian_200.ttf,ok,5,5624,5619,5,0,
Noto Serif Armenian,Noto_Serif_Armenian_300,300,C:\Users\angel\OneDrive\Desktop\Kern\data\raw\fonts\Noto_Serif_Armenian_300.ttf,ok,5,5624,5619,5,0,
Noto Serif Armenian,Noto_Serif_Armenian_regular,regular,C:\Users\angel\OneDrive\Desktop\Kern\data\raw\fonts\Noto_Serif_Armenian_regular.ttf,ok,5,5624,5619,5,0,
Noto Serif Armenian,Noto_Serif_Armenian_500,500,C:\Users\angel\OneDrive\Desktop\Kern\data\raw\fonts\Noto_Serif_Armenian_500.ttf,ok,5,5624,5619,5,0,
Noto Serif Armenian,Noto_Serif_Armenian_600,600,C:\Users\angel\OneDrive\Desktop\Kern\data\raw\fonts\Noto_Serif_Armenian_600.ttf,ok,5,5624,5619,5,0,
Noto Serif Armenian,Noto_Serif_Armenian_700,700,C:\Users\angel\OneDrive\Desktop\Kern\data\raw\fonts\Noto_Serif_Armenian_700.ttf,ok,5,5624,5619,5,0,
Noto Serif Armenian,Noto_Serif_Armenian_800,800,C:\Users\angel\OneDrive\Desktop\Kern\data\raw\fonts\Noto_Serif_Armenian_800.ttf,ok,5,5624,5619,5,0,
Noto Serif Armenian,Noto_Serif_Armenian_900,900,C:\Users\angel\OneDrive\Desktop\Kern\data\raw\fonts\Noto_Serif_Armenian_900.ttf,ok,5,5624,5619,5,0,
Playwrite VN Guides,Playwrite_VN_Guides_regular,regular,C:\Users\angel\OneDrive\Desktop\Kern\data\raw\fonts\Playwrite_VN_Guides_regular.ttf,ok,0,0,0,0,0,
Fleur De Leah,Fleur_De_Leah_regular,regular,C:\Users\angel\OneDrive\Desktop\Kern\data\raw\fonts\Fleur_De_Leah_regular.ttf,ok,0,2707,2707,0,0,
Bungee Outline,Bungee_Outline_regular,regular,C:\Users\angel\OneDrive\Desktop\Kern\data\raw\fonts\Bungee_Outline_regular.ttf,ok,0,5672,5672,0,0,
Almendra Display,Almendra_Display_regular,regular,C:\Users\angel\OneDrive\Desktop\Kern\data\raw\fonts\Almendra_Display_regular.ttf,ok,0,0,0,0,0,
Felipa,Felipa_regular,regular,C:\Users\angel\OneDrive\Desktop\Kern\data\raw\fonts\Felipa_regular.ttf,ok,0,0,0,0,0,
Metal,Metal_regular,regular,C:\Users\angel\OneDrive\Desktop\Kern\data\raw\fonts\Metal_regular.ttf,ok,170,170,0,170,0,
Sahitya,Sahitya_regular,regular,C:\Users\angel\OneDrive\Desktop\Kern\data\raw\fonts\Sahitya_regular.ttf,ok,9,1432,1423,9,0,
Sahitya,Sahitya_700,700,C:\Users\angel\OneDrive\Desktop\Kern\data\raw\fonts\Sahitya_700.ttf,ok,19,1432,1413,19,0,
Updock,Updock_regular,regular,C:\Users\angel\OneDrive\Desktop\Kern\data\raw\fonts\Updock_regular.ttf,ok,0,196,196,0,0,
Kumar One,Kumar_One_regular,regular,C:\Users\angel\OneDrive\Desktop\Kern\data\raw\fonts\Kumar_One_regular.ttf,ok,0,0,0,0,0,
Bacasime Antique,Bacasime_Antique_regular,regular,C:\Users\angel\OneDrive\Desktop\Kern\data\raw\fonts\Bacasime_Antique_regular.ttf,ok,0,0,0,0,0,
Revalia,Revalia_regular,regular,C:\Users\angel\OneDrive\Desktop\Kern\data\raw\fonts\Revalia_regular.ttf,ok,0,0,0,0,0,
Sedan SC,Sedan_SC_regular,regular,C:\Users\angel\OneDrive\Desktop\Kern\data\raw\fonts\Sedan_SC_regular.ttf,ok,86,3544,3458,86,0,
Noto Sans Bhaiksuki,Noto_Sans_Bhaiksuki_regular,regular,C:\Users\angel\OneDrive\Desktop\Kern\data\raw\fonts\Noto_Sans_Bhaiksuki_regular.ttf,ok,7,501,494,7,0,
Ribeye Marrow,Ribeye_Marrow_regular,regular,C:\Users\angel\OneDrive\Desktop\Kern\data\raw\fonts\Ribeye_Marrow_regular.ttf,ok,161,236,75,161,0,
Princess Sofia,Princess_Sofia_regular,regular,C:\Users\angel\OneDrive\Desktop\Kern\data\raw\fonts\Princess_Sofia_regular.ttf,ok,0,0,0,0,0,
Mr Bedfort,Mr_Bedfort_regular,regular,C:\Users\angel\OneDrive\Desktop\Kern\data\raw\fonts\Mr_Bedfort_regular.ttf,ok,292,292,0,292,0,
Alumni Sans Collegiate One,Alumni_Sans_Collegiate_One_regular,regular,C:\Users\angel\OneDrive\Desktop\Kern\data\raw\fonts\Alumni_Sans_Collegiate_One_regular.ttf,ok,6,681,675,6,0,
Alumni Sans Collegiate One,Alumni_Sans_Collegiate_One_italic,italic,C:\Users\angel\OneDrive\Desktop\Kern\data\raw\fonts\Alumni_Sans_Collegiate_One_italic.ttf,ok,6,706,700,6,0,
Butcherman,Butcherman_regular,regular,C:\Users\angel\OneDrive\Desktop\Kern\data\raw\fonts\Butcherman_regular.ttf,ok,0,0,0,0,0,
Grey Qo,Grey_Qo_regular,regular,C:\Users\angel\OneDrive\Desktop\Kern\data\raw\fonts\Grey_Qo_regular.ttf,ok,1,2705,2704,1,0,
Momo Signature,Momo_Signature_regular,regular,C:\Users\angel\OneDrive\Desktop\Kern\data\raw\fonts\Momo_Signature_regular.ttf,ok,0,3180,3180,0,0,
Edu NSW ACT Foundation,Edu_NSW_ACT_Foundation_regular,regular,C:\Users\angel\OneDrive\Desktop\Kern\data\raw\fonts\Edu_NSW_ACT_Foundation_regular.ttf,ok,85,1524,1439,85,0,
Edu NSW ACT Foundation,Edu_NSW_ACT_Foundation_500,500,C:\Users\angel\OneDrive\Desktop\Kern\data\raw\fonts\Edu_NSW_ACT_Foundation_500.ttf,ok,216,1524,1308,216,0,
Edu NSW ACT Foundation,Edu_NSW_ACT_Foundation_600,600,C:\Users\angel\OneDrive\Desktop\Kern\data\raw\fonts\Edu_NSW_ACT_Foundation_600.ttf,ok,216,1524,1308,216,0,
Edu NSW ACT Foundation,Edu_NSW_ACT_Foundation_700,700,C:\Users\angel\OneDrive\Desktop\Kern\data\raw\fonts\Edu_NSW_ACT_Foundation_700.ttf,ok,189,1524,1335,189,0,
Rubik Distressed,Rubik_Distressed_regular,regular,C:\Users\angel\OneDrive\Desktop\Kern\data\raw\fonts\Rubik_Distressed_regular.ttf,ok,223,5696,5473,223,0,
Passero One,Passero_One_regular,regular,C:\Users\angel\OneDrive\Desktop\Kern\data\raw\fonts\Passero_One_regular.ttf,ok,0,0,0,0,0,
Sedan,Sedan_regular,regular,C:\Users\angel\OneDrive\Desktop\Kern\data\raw\fonts\Sedan_regular.ttf,ok,86,3544,3458,86,0,
Sedan,Sedan_italic,italic,C:\Users\angel\OneDrive\Desktop\Kern\data\raw\fonts\Sedan_italic.ttf,ok,14,3109,3095,14,0,
Stalinist One,Stalinist_One_regular,regular,C:\Users\angel\OneDrive\Desktop\Kern\data\raw\fonts\Stalinist_One_regular.ttf,ok,182,182,0,182,0,
Kirang Haerang,Kirang_Haerang_regular,regular,C:\Users\angel\OneDrive\Desktop\Kern\data\raw\fonts\Kirang_Haerang_regular.ttf,ok,0,0,0,0,0,
Tiro Kannada,Tiro_Kannada_regular,regular,C:\Users\angel\OneDrive\Desktop\Kern\data\raw\fonts\Tiro_Kannada_regular.ttf,ok,11,5689,5678,11,0,
Tiro Kannada,Tiro_Kannada_italic,italic,C:\Users\angel\OneDrive\Desktop\Kern\data\raw\fonts\Tiro_Kannada_italic.ttf,ok,59,5755,5696,59,0,
Hubballi,Hubballi_regular,regular,C:\Users\angel\OneDrive\Desktop\Kern\data\raw\fonts\Hubballi_regular.ttf,ok,395,3752,3357,395,0,
Preahvihear,Preahvihear_regular,regular,C:\Users\angel\OneDrive\Desktop\Kern\data\raw\fonts\Preahvihear_regular.ttf,ok,170,170,0,170,0,
Gideon Roman,Gideon_Roman_regular,regular,C:\Users\angel\OneDrive\Desktop\Kern\data\raw\fonts\Gideon_Roman_regular.ttf,ok,3,12,9,3,0,
Jersey 15,Jersey_15_regular,regular,C:\Users\angel\OneDrive\Desktop\Kern\data\raw\fonts\Jersey_15_regular.ttf,ok,0,0,0,0,0,
New Amsterdam,New_Amsterdam_regular,regular,C:\Users\angel\OneDrive\Desktop\Kern\data\raw\fonts\New_Amsterdam_regular.ttf,ok,0,1728,1728,0,0,
Lancelot,Lancelot_regular,regular,C:\Users\angel\OneDrive\Desktop\Kern\data\raw\fonts\Lancelot_regular.ttf,ok,79,1719,1640,79,0,
Aref Ruqaa Ink,Aref_Ruqaa_Ink_regular,regular,C:\Users\angel\OneDrive\Desktop\Kern\data\raw\fonts\Aref_Ruqaa_Ink_regular.ttf,ok,7,7,0,7,0,
Aref Ruqaa Ink,Aref_Ruqaa_Ink_700,700,C:\Users\angel\OneDrive\Desktop\Kern\data\raw\fonts\Aref_Ruqaa_Ink_700.ttf,ok,4,4,0,4,0,
Jersey 20,Jersey_20_regular,regular,C:\Users\angel\OneDrive\Desktop\Kern\data\raw\fonts\Jersey_20_regular.ttf,ok,0,0,0,0,0,
Rubik Gemstones,Rubik_Gemstones_regular,regular,C:\Users\angel\OneDrive\Desktop\Kern\data\raw\fonts\Rubik_Gemstones_regular.ttf,ok,223,5696,5473,223,0,
Libertinus Math,Libertinus_Math_regular,regular,C:\Users\angel\OneDrive\Desktop\Kern\data\raw\fonts\Libertinus_Math_regular.ttf,ok,0,22048,22048,0,0,
Sofadi One,Sofadi_One_regular,regular,C:\Users\angel\OneDrive\Desktop\Kern\data\raw\fonts\Sofadi_One_regular.ttf,ok,337,337,0,337,0,
Ponomar,Ponomar_regular,regular,C:\Users\angel\OneDrive\Desktop\Kern\data\raw\fonts\Ponomar_regular.ttf,ok,0,0,0,0,0,
Snippet,Snippet_regular,regular,C:\Users\angel\OneDrive\Desktop\Kern\data\raw\fonts\Snippet_regular.ttf,ok,117,117,0,117,0,
Rubik Iso,Rubik_Iso_regular,regular,C:\Users\angel\OneDrive\Desktop\Kern\data\raw\fonts\Rubik_Iso_regular.ttf,ok,223,5696,5473,223,0,
Alumni Sans Inline One,Alumni_Sans_Inline_One_regular,regular,C:\Users\angel\OneDrive\Desktop\Kern\data\raw\fonts\Alumni_Sans_Inline_One_regular.ttf,ok,6,538,532,6,0,
Alumni Sans Inline One,Alumni_Sans_Inline_One_italic,italic,C:\Users\angel\OneDrive\Desktop\Kern\data\raw\fonts\Alumni_Sans_Inline_One_italic.ttf,ok,6,552,546,6,0,
Flavors,Flavors_regular,regular,C:\Users\angel\OneDrive\Desktop\Kern\data\raw\fonts\Flavors_regular.ttf,ok,0,0,0,0,0,
Noto Sans Tangsa,Noto_Sans_Tangsa_regular,regular,C:\Users\angel\OneDrive\Desktop\Kern\data\raw\fonts\Noto_Sans_Tangsa_regular.ttf,ok,7,3205,3198,7,0,
Noto Sans Tangsa,Noto_Sans_Tangsa_500,500,C:\Users\angel\OneDrive\Desktop\Kern\data\raw\fonts\Noto_Sans_Tangsa_500.ttf,ok,7,3205,3198,7,0,
Noto Sans Tangsa,Noto_Sans_Tangsa_600,600,C:\Users\angel\OneDrive\Desktop\Kern\data\raw\fonts\Noto_Sans_Tangsa_600.ttf,ok,7,3205,3198,7,0,
Noto Sans Tangsa,Noto_Sans_Tangsa_700,700,C:\Users\angel\OneDrive\Desktop\Kern\data\raw\fonts\Noto_Sans_Tangsa_700.ttf,ok,7,3205,3198,7,0,
Playwrite ID,Playwrite_ID_100,100,C:\Users\angel\OneDrive\Desktop\Kern\data\raw\fonts\Playwrite_ID_100.ttf,ok,0,26984,26984,0,0,
Playwrite ID,Playwrite_ID_200,200,C:\Users\angel\OneDrive\Desktop\Kern\data\raw\fonts\Playwrite_ID_200.ttf,ok,0,26984,26984,0,0,
Playwrite ID,Playwrite_ID_300,300,C:\Users\angel\OneDrive\Desktop\Kern\data\raw\fonts\Playwrite_ID_300.ttf,ok,0,26984,26984,0,0,
Playwrite ID,Playwrite_ID_regular,regular,C:\Users\angel\OneDrive\Desktop\Kern\data\raw\fonts\Playwrite_ID_regular.ttf,ok,0,26984,26984,0,0,
Bonbon,Bonbon_regular,regular,C:\Users\angel\OneDrive\Desktop\Kern\data\raw\fonts\Bonbon_regular.ttf,ok,0,0,0,0,0,
Shizuru,Shizuru_regular,regular,C:\Users\angel\OneDrive\Desktop\Kern\data\raw\fonts\Shizuru_regular.ttf,ok,0,0,0,0,0,
Rubik Pixels,Rubik_Pixels_regular,regular,C:\Users\angel\OneDrive\Desktop\Kern\data\raw\fonts\Rubik_Pixels_regular.ttf,ok,223,5696,5473,223,0,
Ole,Ole_regular,regular,C:\Users\angel\OneDrive\Desktop\Kern\data\raw\fonts\Ole_regular.ttf,ok,23,2139,2116,23,0,
Purple Purse,Purple_Purse_regular,regular,C:\Users\angel\OneDrive\Desktop\Kern\data\raw\fonts\Purple_Purse_regular.ttf,ok,117,159,42,117,0,
Diphylleia,Diphylleia_regular,regular,C:\Users\angel\OneDrive\Desktop\Kern\data\raw\fonts\Diphylleia_regular.ttf,ok,458,463,5,458,0,
Tiro Telugu,Tiro_Telugu_regular,regular,C:\Users\angel\OneDrive\Desktop\Kern\data\raw\fonts\Tiro_Telugu_regular.ttf,ok,11,2985,2974,11,0,
Tiro Telugu,Tiro_Telugu_italic,italic,C:\Users\angel\OneDrive\Desktop\Kern\data\raw\fonts\Tiro_Telugu_italic.ttf,ok,59,3051,2992,59,0,
Pliant,Pliant_100,100,C:\Users\angel\OneDrive\Desktop\Kern\data\raw\fonts\Pliant_100.ttf,ok,13,5372,5359,13,0,
Pliant,Pliant_200,200,C:\Users\angel\OneDrive\Desktop\Kern\data\raw\fonts\Pliant_200.ttf,ok,13,5372,5359,13,0,
Pliant,Pliant_300,300,C:\Users\angel\OneDrive\Desktop\Kern\data\raw\fonts\Pliant_300.ttf,ok,13,5372,5359,13,0,
Pliant,Pliant_regular,regular,C:\Users\angel\OneDrive\Desktop\Kern\data\raw\fonts\Pliant_regular.ttf,ok,13,5372,5359,13,0,
Pliant,Pliant_500,500,C:\Users\angel\OneDrive\Desktop\Kern\data\raw\fonts\Pliant_500.ttf,ok,13,5372,5359,13,0,
Pliant,Pliant_600,600,C:\Users\angel\OneDrive\Desktop\Kern\data\raw\fonts\Pliant_600.ttf,ok,13,5372,5359,13,0,
Pliant,Pliant_700,700,C:\Users\angel\OneDrive\Desktop\Kern\data\raw\fonts\Pliant_700.ttf,ok,13,5372,5359,13,0,
Pliant,Pliant_800,800,C:\Users\angel\OneDrive\Desktop\Kern\data\raw\fonts\Pliant_800.ttf,ok,13,5372,5359,13,0,
Pliant,Pliant_900,900,C:\Users\angel\OneDrive\Desktop\Kern\data\raw\fonts\Pliant_900.ttf,ok,12,5372,5360,12,0,
Pliant,Pliant_100italic,100italic,C:\Users\angel\OneDrive\Desktop\Kern\data\raw\fonts\Pliant_100italic.ttf,ok,13,5372,5359,13,0,
Pliant,Pliant_200italic,200italic,C:\Users\angel\OneDrive\Desktop\Kern\data\raw\fonts\Pliant_200italic.ttf,ok,13,5372,5359,13,0,
Pliant,Pliant_300italic,300italic,C:\Users\angel\OneDrive\Desktop\Kern\data\raw\fonts\Pliant_300italic.ttf,ok,13,5372,5359,13,0,
Pliant,Pliant_italic,italic,C:\Users\angel\OneDrive\Desktop\Kern\data\raw\fonts\Pliant_italic.ttf,ok,13,5372,5359,13,0,
Pliant,Pliant_500italic,500italic,C:\Users\angel\OneDrive\Desktop\Kern\data\raw\fonts\Pliant_500italic.ttf,ok,13,5372,5359,13,0,
Pliant,Pliant_600italic,600italic,C:\Users\angel\OneDrive\Desktop\Kern\data\raw\fonts\Pliant_600italic.ttf,ok,13,5372,5359,13,0,
Pliant,Pliant_700italic,700italic,C:\Users\angel\OneDrive\Desktop\Kern\data\raw\fonts\Pliant_700italic.ttf,ok,13,5372,5359,13,0,
Pliant,Pliant_800italic,800italic,C:\Users\angel\OneDrive\Desktop\Kern\data\raw\fonts\Pliant_800italic.ttf,ok,13,5372,5359,13,0,
Pliant,Pliant_900italic,900italic,C:\Users\angel\OneDrive\Desktop\Kern\data\raw\fonts\Pliant_900italic.ttf,ok,12,5372,5360,12,0,
Ancizar Sans,Ancizar_Sans_100,100,C:\Users\angel\OneDrive\Desktop\Kern\data\raw\fonts\Ancizar_Sans_100.ttf,ok,15,2845,2830,15,0,
Ancizar Sans,Ancizar_Sans_200,200,C:\Users\angel\OneDrive\Desktop\Kern\data\raw\fonts\Ancizar_Sans_200.ttf,ok,20,2845,2825,20,0,
Ancizar Sans,Ancizar_Sans_300,300,C:\Users\angel\OneDrive\Desktop\Kern\data\raw\fonts\Ancizar_Sans_300.ttf,ok,22,2845,2823,22,0,
Ancizar Sans,Ancizar_Sans_regular,regular,C:\Users\angel\OneDrive\Desktop\Kern\data\raw\fonts\Ancizar_Sans_regular.ttf,ok,21,2845,2824,21,0,
Ancizar Sans,Ancizar_Sans_500,500,C:\Users\angel\OneDrive\Desktop\Kern\data\raw\fonts\Ancizar_Sans_500.ttf,ok,22,2845,2823,22,0,
Ancizar Sans,Ancizar_Sans_600,600,C:\Users\angel\OneDrive\Desktop\Kern\data\raw\fonts\Ancizar_Sans_600.ttf,ok,22,2845,2823,22,0,
Ancizar Sans,Ancizar_Sans_700,700,C:\Users\angel\OneDrive\Desktop\Kern\data\raw\fonts\Ancizar_Sans_700.ttf,ok,22,2845,2823,22,0,
Ancizar Sans,Ancizar_Sans_800,800,C:\Users\angel\OneDrive\Desktop\Kern\data\raw\fonts\Ancizar_Sans_800.ttf,ok,22,2845,2823,22,0,
Ancizar Sans,Ancizar_Sans_900,900,C:\Users\angel\OneDrive\Desktop\Kern\data\raw\fonts\Ancizar_Sans_900.ttf,ok,22,2845,2823,22,0,
Ancizar Sans,Ancizar_Sans_100italic,100italic,C:\Users\angel\OneDrive\Desktop\Kern\data\raw\fonts\Ancizar_Sans_100italic.ttf,ok,927,1125,198,927,0,
Ancizar Sans,Ancizar_Sans_200italic,200italic,C:\Users\angel\OneDrive\Desktop\Kern\data\raw\fonts\Ancizar_Sans_200italic.ttf,ok,1026,1125,99,1026,0,
Ancizar Sans,Ancizar_Sans_300italic,300italic,C:\Users\angel\OneDrive\Desktop\Kern\data\raw\fonts\Ancizar_Sans_300italic.ttf,ok,1053,1125,72,1053,0,
Ancizar Sans,Ancizar_Sans_italic,italic,C:\Users\angel\OneDrive\Desktop\Kern\data\raw\fonts\Ancizar_Sans_italic.ttf,ok,1091,1125,34,1091,0,
Ancizar Sans,Ancizar_Sans_500italic,500italic,C:\Users\angel\OneDrive\Desktop\Kern\data\raw\fonts\Ancizar_Sans_500italic.ttf,ok,1094,1125,31,1094,0,
Ancizar Sans,Ancizar_Sans_600italic,600italic,C:\Users\angel\OneDrive\Desktop\Kern\data\raw\fonts\Ancizar_Sans_600italic.ttf,ok,1089,1125,36,1089,0,
Ancizar Sans,Ancizar_Sans_700italic,700italic,C:\Users\angel\OneDrive\Desktop\Kern\data\raw\fonts\Ancizar_Sans_700italic.ttf,ok,1081,1125,44,1081,0,
Ancizar Sans,Ancizar_Sans_800italic,800italic,C:\Users\angel\OneDrive\Desktop\Kern\data\raw\fonts\Ancizar_Sans_800italic.ttf,ok,1092,1125,33,1092,0,
Ancizar Sans,Ancizar_Sans_900italic,900italic,C:\Users\angel\OneDrive\Desktop\Kern\data\raw\fonts\Ancizar_Sans_900italic.ttf,ok,1060,1125,65,1060,0,
Libertinus Serif,Libertinus_Serif_regular,regular,C:\Users\angel\OneDrive\Desktop\Kern\data\raw\fonts\Libertinus_Serif_regular.ttf,ok,0,5824,5824,0,0,
Libertinus Serif,Libertinus_Serif_italic,italic,C:\Users\angel\OneDrive\Desktop\Kern\data\raw\fonts\Libertinus_Serif_italic.ttf,ok,0,5824,5824,0,0,
Libertinus Serif,Libertinus_Serif_600,600,C:\Users\angel\OneDrive\Desktop\Kern\data\raw\fonts\Libertinus_Serif_600.ttf,ok,0,189,189,0,0,
Libertinus Serif,Libertinus_Serif_600italic,600italic,C:\Users\angel\OneDrive\Desktop\Kern\data\raw\fonts\Libertinus_Serif_600italic.ttf,ok,119,119,0,119,0,
Libertinus Serif,Libertinus_Serif_700,700,C:\Users\angel\OneDrive\Desktop\Kern\data\raw\fonts\Libertinus_Serif_700.ttf,ok,0,5824,5824,0,0,
Libertinus Serif,Libertinus_Serif_700italic,700italic,C:\Users\angel\OneDrive\Desktop\Kern\data\raw\fonts\Libertinus_Serif_700italic.ttf,ok,0,4451,4451,0,0,
Arsenal SC,Arsenal_SC_regular,regular,C:\Users\angel\OneDrive\Desktop\Kern\data\raw\fonts\Arsenal_SC_regular.ttf,ok,178,178,0,178,0,
Arsenal SC,Arsenal_SC_italic,italic,C:\Users\angel\OneDrive\Desktop\Kern\data\raw\fonts\Arsenal_SC_italic.ttf,ok,201,201,0,201,0,
Arsenal SC,Arsenal_SC_700,700,C:\Users\angel\OneDrive\Desktop\Kern\data\raw\fonts\Arsenal_SC_700.ttf,ok,178,178,0,178,0,
Arsenal SC,Arsenal_SC_700italic,700italic,C:\Users\angel\OneDrive\Desktop\Kern\data\raw\fonts\Arsenal_SC_700italic.ttf,ok,201,201,0,201,0,
Bahiana,Bahiana_regular,regular,C:\Users\angel\OneDrive\Desktop\Kern\data\raw\fonts\Bahiana_regular.ttf,ok,0,0,0,0,0,
Rubik Spray Paint,Rubik_Spray_Paint_regular,regular,C:\Users\angel\OneDrive\Desktop\Kern\data\raw\fonts\Rubik_Spray_Paint_regular.ttf,ok,223,5696,5473,223,0,
Uchen,Uchen_regular,regular,C:\Users\angel\OneDrive\Desktop\Kern\data\raw\fonts\Uchen_regular.ttf,ok,0,0,0,0,0,
BioRhyme Expanded,BioRhyme_Expanded_200,200,C:\Users\angel\OneDrive\Desktop\Kern\data\raw\fonts\BioRhyme_Expanded_200.ttf,ok,26,14019,13993,26,0,
BioRhyme Expanded,BioRhyme_Expanded_300,300,C:\Users\angel\OneDrive\Desktop\Kern\data\raw\fonts\BioRhyme_Expanded_300.ttf,ok,61,12088,12027,61,0,
BioRhyme Expanded,BioRhyme_Expanded_regular,regular,C:\Users\angel\OneDrive\Desktop\Kern\data\raw\fonts\BioRhyme_Expanded_regular.ttf,ok,61,12088,12027,61,0,
BioRhyme Expanded,BioRhyme_Expanded_700,700,C:\Users\angel\OneDrive\Desktop\Kern\data\raw\fonts\BioRhyme_Expanded_700.ttf,ok,61,12088,12027,61,0,
BioRhyme Expanded,BioRhyme_Expanded_800,800,C:\Users\angel\OneDrive\Desktop\Kern\data\raw\fonts\BioRhyme_Expanded_800.ttf,ok,44,12074,12030,44,0,
TASA Explorer,TASA_Explorer_regular,regular,C:\Users\angel\OneDrive\Desktop\Kern\data\raw\fonts\TASA_Explorer_regular.ttf,ok,2,2745,2743,2,0,
TASA Explorer,TASA_Explorer_500,500,C:\Users\angel\OneDrive\Desktop\Kern\data\raw\fonts\TASA_Explorer_500.ttf,ok,3,2745,2742,3,0,
TASA Explorer,TASA_Explorer_600,600,C:\Users\angel\OneDrive\Desktop\Kern\data\raw\fonts\TASA_Explorer_600.ttf,ok,3,2745,2742,3,0,
TASA Explorer,TASA_Explorer_700,700,C:\Users\angel\OneDrive\Desktop\Kern\data\raw\fonts\TASA_Explorer_700.ttf,ok,3,2745,2742,3,0,
TASA Explorer,TASA_Explorer_800,800,C:\Users\angel\OneDrive\Desktop\Kern\data\raw\fonts\TASA_Explorer_800.ttf,ok,2,2745,2743,2,0,
Agu Display,Agu_Display_regular,regular,C:\Users\angel\OneDrive\Desktop\Kern\data\raw\fonts\Agu_Display_regular.ttf,ok,33,2744,2711,33,0,
BJCree,BJCree_regular,regular,C:\Users\angel\OneDrive\Desktop\Kern\data\raw\fonts\BJCree_regular.ttf,ok,0,0,0,0,0,
BJCree,BJCree_500,500,C:\Users\angel\OneDrive\Desktop\Kern\data\raw\fonts\BJCree_500.ttf,ok,0,0,0,0,0,
BJCree,BJCree_600,600,C:\Users\angel\OneDrive\Desktop\Kern\data\raw\fonts\BJCree_600.ttf,ok,0,0,0,0,0,
BJCree,BJCree_700,700,C:\Users\angel\OneDrive\Desktop\Kern\data\raw\fonts\BJCree_700.ttf,ok,0,0,0,0,0,
Noto Sans Lao Looped,Noto_Sans_Lao_Looped_100,100,C:\Users\angel\OneDrive\Desktop\Kern\data\raw\fonts\Noto_Sans_Lao_Looped_100.ttf,ok,7,3205,3198,7,0,
Noto Sans Lao Looped,Noto_Sans_Lao_Looped_200,200,C:\Users\angel\OneDrive\Desktop\Kern\data\raw\fonts\Noto_Sans_Lao_Looped_200.ttf,ok,7,3205,3198,7,0,
Noto Sans Lao Looped,Noto_Sans_Lao_Looped_300,300,C:\Users\angel\OneDrive\Desktop\Kern\data\raw\fonts\Noto_Sans_Lao_Looped_300.ttf,ok,7,3205,3198,7,0,
Noto Sans Lao Looped,Noto_Sans_Lao_Looped_regular,regular,C:\Users\angel\OneDrive\Desktop\Kern\data\raw\fonts\Noto_Sans_Lao_Looped_regular.ttf,ok,7,3205,3198,7,0,
Noto Sans Lao Looped,Noto_Sans_Lao_Looped_500,500,C:\Users\angel\OneDrive\Desktop\Kern\data\raw\fonts\Noto_Sans_Lao_Looped_500.ttf,ok,7,3205,3198,7,0,
Noto Sans Lao Looped,Noto_Sans_Lao_Looped_600,600,C:\Users\angel\OneDrive\Desktop\Kern\data\raw\fonts\Noto_Sans_Lao_Looped_600.ttf,ok,7,3205,3198,7,0,
Noto Sans Lao Looped,Noto_Sans_Lao_Looped_700,700,C:\Users\angel\OneDrive\Desktop\Kern\data\raw\fonts\Noto_Sans_Lao_Looped_700.ttf,ok,7,3205,3198,7,0,
Noto Sans Lao Looped,Noto_Sans_Lao_Looped_800,800,C:\Users\angel\OneDrive\Desktop\Kern\data\raw\fonts\Noto_Sans_Lao_Looped_800.ttf,ok,7,3205,3198,7,0,
Noto Sans Lao Looped,Noto_Sans_Lao_Looped_900,900,C:\Users\angel\OneDrive\Desktop\Kern\data\raw\fonts\Noto_Sans_Lao_Looped_900.ttf,ok,7,3205,3198,7,0,
Noto Sans Anatolian Hieroglyphs,Noto_Sans_Anatolian_Hieroglyphs_regular,regular,C:\Users\angel\OneDrive\Desktop\Kern\data\raw\fonts\Noto_Sans_Anatolian_Hieroglyphs_regular.ttf,ok,7,501,494,7,0,
Bitcount Grid Single,Bitcount_Grid_Single_100,100,C:\Users\angel\OneDrive\Desktop\Kern\data\raw\fonts\Bitcount_Grid_Single_100.ttf,ok,0,0,0,0,0,
Bitcount Grid Single,Bitcount_Grid_Single_200,200,C:\Users\angel\OneDrive\Desktop\Kern\data\raw\fonts\Bitcount_Grid_Single_200.ttf,ok,0,0,0,0,0,
Bitcount Grid Single,Bitcount_Grid_Single_300,300,C:\Users\angel\OneDrive\Desktop\Kern\data\raw\fonts\Bitcount_Grid_Single_300.ttf,ok,0,0,0,0,0,
Bitcount Grid Single,Bitcount_Grid_Single_regular,regular,C:\Users\angel\OneDrive\Desktop\Kern\data\raw\fonts\Bitcount_Grid_Single_regular.ttf,ok,0,0,0,0,0,
Bitcount Grid Single,Bitcount_Grid_Single_500,500,C:\Users\angel\OneDrive\Desktop\Kern\data\raw\fonts\Bitcount_Grid_Single_500.ttf,ok,0,0,0,0,0,
Bitcount Grid Single,Bitcount_Grid_Single_600,600,C:\Users\angel\OneDrive\Desktop\Kern\data\raw\fonts\Bitcount_Grid_Single_600.ttf,ok,0,0,0,0,0,
Bitcount Grid Single,Bitcount_Grid_Single_700,700,C:\Users\angel\OneDrive\Desktop\Kern\data\raw\fonts\Bitcount_Grid_Single_700.ttf,ok,0,0,0,0,0,
Bitcount Grid Single,Bitcount_Grid_Single_800,800,C:\Users\angel\OneDrive\Desktop\Kern\data\raw\fonts\Bitcount_Grid_Single_800.ttf,ok,0,0,0,0,0,
Bitcount Grid Single,Bitcount_Grid_Single_900,900,C:\Users\angel\OneDrive\Desktop\Kern\data\raw\fonts\Bitcount_Grid_Single_900.ttf,ok,0,0,0,0,0,
Sassy Frass,Sassy_Frass_regular,regular,C:\Users\angel\OneDrive\Desktop\Kern\data\raw\fonts\Sassy_Frass_regular.ttf,ok,119,119,0,119,0,
Noto Rashi Hebrew,Noto_Rashi_Hebrew_100,100,C:\Users\angel\OneDrive\Desktop\Kern\data\raw\fonts\Noto_Rashi_Hebrew_100.ttf,ok,5,2929,2924,5,0,
Noto Rashi Hebrew,Noto_Rashi_Hebrew_200,200,C:\Users\angel\OneDrive\Desktop\Kern\data\raw\fonts\Noto_Rashi_Hebrew_200.ttf,ok,5,2929,2924,5,0,
Noto Rashi Hebrew,Noto_Rashi_Hebrew_300,300,C:\Users\angel\OneDrive\Desktop\Kern\data\raw\fonts\Noto_Rashi_Hebrew_300.ttf,ok,5,2929,2924,5,0,
Noto Rashi Hebrew,Noto_Rashi_Hebrew_regular,regular,C:\Users\angel\OneDrive\Desktop\Kern\data\raw\fonts\Noto_Rashi_Hebrew_regular.ttf,ok,5,2929,2924,5,0,
Noto Rashi Hebrew,Noto_Rashi_Hebrew_500,500,C:\Users\angel\OneDrive\Desktop\Kern\data\raw\fonts\Noto_Rashi_Hebrew_500.ttf,ok,5,2929,2924,5,0,
Noto Rashi Hebrew,Noto_Rashi_Hebrew_600,600,C:\Users\angel\OneDrive\Desktop\Kern\data\raw\fonts\Noto_Rashi_Hebrew_600.ttf,ok,5,2929,2924,5,0,
Noto Rashi Hebrew,Noto_Rashi_Hebrew_700,700,C:\Users\angel\OneDrive\Desktop\Kern\data\raw\fonts\Noto_Rashi_Hebrew_700.ttf,ok,5,2929,2924,5,0,
Noto Rashi Hebrew,Noto_Rashi_Hebrew_800,800,C:\Users\angel\OneDrive\Desktop\Kern\data\raw\fonts\Noto_Rashi_Hebrew_800.ttf,ok,5,2929,2924,5,0,
Noto Rashi Hebrew,Noto_Rashi_Hebrew_900,900,C:\Users\angel\OneDrive\Desktop\Kern\data\raw\fonts\Noto_Rashi_Hebrew_900.ttf,ok,5,2929,2924,5,0,
Edu VIC WA NT Beginner,Edu_VIC_WA_NT_Beginner_regular,regular,C:\Users\angel\OneDrive\Desktop\Kern\data\raw\fonts\Edu_VIC_WA_NT_Beginner_regular.ttf,ok,209,1686,1477,209,0,
Edu VIC WA NT Beginner,Edu_VIC_WA_NT_Beginner_500,500,C:\Users\angel\OneDrive\Desktop\Kern\data\raw\fonts\Edu_VIC_WA_NT_Beginner_500.ttf,ok,225,1686,1461,225,0,
Edu VIC WA NT Beginner,Edu_VIC_WA_NT_Beginner_600,600,C:\Users\angel\OneDrive\Desktop\Kern\data\raw\fonts\Edu_VIC_WA_NT_Beginner_600.ttf,ok,225,1686,1461,225,0,
Edu VIC WA NT Beginner,Edu_VIC_WA_NT_Beginner_700,700,C:\Users\angel\OneDrive\Desktop\Kern\data\raw\fonts\Edu_VIC_WA_NT_Beginner_700.ttf,ok,212,1686,1474,212,0,
Playwrite IE,Playwrite_IE_100,100,C:\Users\angel\OneDrive\Desktop\Kern\data\raw\fonts\Playwrite_IE_100.ttf,ok,0,24124,24124,0,0,
Playwrite IE,Playwrite_IE_200,200,C:\Users\angel\OneDrive\Desktop\Kern\data\raw\fonts\Playwrite_IE_200.ttf,ok,0,24124,24124,0,0,
Playwrite IE,Playwrite_IE_300,300,C:\Users\angel\OneDrive\Desktop\Kern\data\raw\fonts\Playwrite_IE_300.ttf,ok,0,24124,24124,0,0,
Playwrite IE,Playwrite_IE_regular,regular,C:\Users\angel\OneDrive\Desktop\Kern\data\raw\fonts\Playwrite_IE_regular.ttf,ok,0,24124,24124,0,0,
Annapurna SIL,Annapurna_SIL_regular,regular,C:\Users\angel\OneDrive\Desktop\Kern\data\raw\fonts\Annapurna_SIL_regular.ttf,ok,0,0,0,0,0,
Annapurna SIL,Annapurna_SIL_700,700,C:\Users\angel\OneDrive\Desktop\Kern\data\raw\fonts\Annapurna_SIL_700.ttf,ok,0,0,0,0,0,
Gidugu,Gidugu_regular,regular,C:\Users\angel\OneDrive\Desktop\Kern\data\raw\fonts\Gidugu_regular.ttf,ok,0,0,0,0,0,
Chiron Hei HK,Chiron_Hei_HK_200,200,C:\Users\angel\OneDrive\Desktop\Kern\data\raw\fonts\Chiron_Hei_HK_200.ttf,ok,0,0,0,0,0,
Chiron Hei HK,Chiron_Hei_HK_300,300,C:\Users\angel\OneDrive\Desktop\Kern\data\raw\fonts\Chiron_Hei_HK_300.ttf,ok,0,0,0,0,0,
Chiron Hei HK,Chiron_Hei_HK_regular,regular,C:\Users\angel\OneDrive\Desktop\Kern\data\raw\fonts\Chiron_Hei_HK_regular.ttf,ok,0,0,0,0,0,
Chiron Hei HK,Chiron_Hei_HK_500,500,C:\Users\angel\OneDrive\Desktop\Kern\data\raw\fonts\Chiron_Hei_HK_500.ttf,ok,0,0,0,0,0,
Chiron Hei HK,Chiron_Hei_HK_600,600,C:\Users\angel\OneDrive\Desktop\Kern\data\raw\fonts\Chiron_Hei_HK_600.ttf,ok,0,0,0,0,0,
Chiron Hei HK,Chiron_Hei_HK_700,700,C:\Users\angel\OneDrive\Desktop\Kern\data\raw\fonts\Chiron_Hei_HK_700.ttf,ok,0,0,0,0,0,
Chiron Hei HK,Chiron_Hei_HK_800,800,C:\Users\angel\OneDrive\Desktop\Kern\data\raw\fonts\Chiron_Hei_HK_800.ttf,ok,0,0,0,0,0,
Chiron Hei HK,Chiron_Hei_HK_900,900,C:\Users\angel\OneDrive\Desktop\Kern\data\raw\fonts\Chiron_Hei_HK_900.ttf,ok,0,0,0,0,0,
Chiron Hei HK,Chiron_Hei_HK_200italic,200italic,C:\Users\angel\OneDrive\Desktop\Kern\data\raw\fonts\Chiron_Hei_HK_200italic.ttf,ok,0,0,0,0,0,
Chiron Hei HK,Chiron_Hei_HK_300italic,300italic,C:\Users\angel\OneDrive\Desktop\Kern\data\raw\fonts\Chiron_Hei_HK_300italic.ttf,ok,0,0,0,0,0,
Chiron Hei HK,Chiron_Hei_HK_italic,italic,C:\Users\angel\OneDrive\Desktop\Kern\data\raw\fonts\Chiron_Hei_HK_italic.ttf,ok,0,0,0,0,0,
Chiron Hei HK,Chiron_Hei_HK_500italic,500italic,C:\Users\angel\OneDrive\Desktop\Kern\data\raw\fonts\Chiron_Hei_HK_500italic.ttf,ok,0,0,0,0,0,
Chiron Hei HK,Chiron_Hei_HK_600italic,600italic,C:\Users\angel\OneDrive\Desktop\Kern\data\raw\fonts\Chiron_Hei_HK_600italic.ttf,ok,0,0,0,0,0,
Chiron Hei HK,Chiron_Hei_HK_700italic,700italic,C:\Users\angel\OneDrive\Desktop\Kern\data\raw\fonts\Chiron_Hei_HK_700italic.ttf,ok,0,0,0,0,0,
Chiron Hei HK,Chiron_Hei_HK_800italic,800italic,C:\Users\angel\OneDrive\Desktop\Kern\data\raw\fonts\Chiron_Hei_HK_800italic.ttf,ok,0,0,0,0,0,
Chiron Hei HK,Chiron_Hei_HK_900italic,900italic,C:\Users\angel\OneDrive\Desktop\Kern\data\raw\fonts\Chiron_Hei_HK_900italic.ttf,ok,0,0,0,0,0,
Matemasie,Matemasie_regular,regular,C:\Users\angel\OneDrive\Desktop\Kern\data\raw\fonts\Matemasie_regular.ttf,ok,186,2907,2721,186,0,
Trochut,Trochut_regular,regular,C:\Users\angel\OneDrive\Desktop\Kern\data\raw\fonts\Trochut_regular.ttf,ok,92,92,0,92,0,
Trochut,Trochut_italic,italic,C:\Users\angel\OneDrive\Desktop\Kern\data\raw\fonts\Trochut_italic.ttf,ok,92,92,0,92,0,
Trochut,Trochut_700,700,C:\Users\angel\OneDrive\Desktop\Kern\data\raw\fonts\Trochut_700.ttf,ok,92,92,0,92,0,
Peddana,Peddana_regular,regular,C:\Users\angel\OneDrive\Desktop\Kern\data\raw\fonts\Peddana_regular.ttf,ok,0,0,0,0,0,
Londrina Sketch,Londrina_Sketch_regular,regular,C:\Users\angel\OneDrive\Desktop\Kern\data\raw\fonts\Londrina_Sketch_regular.ttf,ok,124,18278,18154,124,0,
Parastoo,Parastoo_regular,regular,C:\Users\angel\OneDrive\Desktop\Kern\data\raw\fonts\Parastoo_regular.ttf,ok,503,6114,5611,503,0,
Parastoo,Parastoo_500,500,C:\Users\angel\OneDrive\Desktop\Kern\data\raw\fonts\Parastoo_500.ttf,ok,593,6114,5521,593,0,
Parastoo,Parastoo_600,600,C:\Users\angel\OneDrive\Desktop\Kern\data\raw\fonts\Parastoo_600.ttf,ok,594,6114,5520,594,0,
Parastoo,Parastoo_700,700,C:\Users\angel\OneDrive\Desktop\Kern\data\raw\fonts\Parastoo_700.ttf,ok,543,6114,5571,543,0,
Tsukimi Rounded,Tsukimi_Rounded_300,300,C:\Users\angel\OneDrive\Desktop\Kern\data\raw\fonts\Tsukimi_Rounded_300.ttf,ok,73,4273,4200,73,0,
Tsukimi Rounded,Tsukimi_Rounded_regular,regular,C:\Users\angel\OneDrive\Desktop\Kern\data\raw\fonts\Tsukimi_Rounded_regular.ttf,ok,77,3347,3270,77,0,
Tsukimi Rounded,Tsukimi_Rounded_500,500,C:\Users\angel\OneDrive\Desktop\Kern\data\raw\fonts\Tsukimi_Rounded_500.ttf,ok,77,3347,3270,77,0,
Tsukimi Rounded,Tsukimi_Rounded_600,600,C:\Users\angel\OneDrive\Desktop\Kern\data\raw\fonts\Tsukimi_Rounded_600.ttf,ok,77,3347,3270,77,0,
Tsukimi Rounded,Tsukimi_Rounded_700,700,C:\Users\angel\OneDrive\Desktop\Kern\data\raw\fonts\Tsukimi_Rounded_700.ttf,ok,77,3347,3270,77,0,
Epunda Sans,Epunda_Sans_300,300,C:\Users\angel\OneDrive\Desktop\Kern\data\raw\fonts\Epunda_Sans_300.ttf,ok,77,5509,5432,77,0,
Epunda Sans,Epunda_Sans_regular,regular,C:\Users\angel\OneDrive\Desktop\Kern\data\raw\fonts\Epunda_Sans_regular.ttf,ok,80,5509,5429,80,0,
Epunda Sans,Epunda_Sans_500,500,C:\Users\angel\OneDrive\Desktop\Kern\data\raw\fonts\Epunda_Sans_500.ttf,ok,80,5509,5429,80,0,
Epunda Sans,Epunda_Sans_600,600,C:\Users\angel\OneDrive\Desktop\Kern\data\raw\fonts\Epunda_Sans_600.ttf,ok,80,5509,5429,80,0,
Epunda Sans,Epunda_Sans_700,700,C:\Users\angel\OneDrive\Desktop\Kern\data\raw\fonts\Epunda_Sans_700.ttf,ok,80,5509,5429,80,0,
Epunda Sans,Epunda_Sans_800,800,C:\Users\angel\OneDrive\Desktop\Kern\data\raw\fonts\Epunda_Sans_800.ttf,ok,77,5509,5432,77,0,
Epunda Sans,Epunda_Sans_900,900,C:\Users\angel\OneDrive\Desktop\Kern\data\raw\fonts\Epunda_Sans_900.ttf,ok,66,5509,5443,66,0,
Epunda Sans,Epunda_Sans_300italic,300italic,C:\Users\angel\OneDrive\Desktop\Kern\data\raw\fonts\Epunda_Sans_300italic.ttf,ok,56,5487,5431,56,0,
Epunda Sans,Epunda_Sans_italic,italic,C:\Users\angel\OneDrive\Desktop\Kern\data\raw\fonts\Epunda_Sans_italic.ttf,ok,58,5487,5429,58,0,
Epunda Sans,Epunda_Sans_500italic,500italic,C:\Users\angel\OneDrive\Desktop\Kern\data\raw\fonts\Epunda_Sans_500italic.ttf,ok,58,5487,5429,58,0,
Epunda Sans,Epunda_Sans_600italic,600italic,C:\Users\angel\OneDrive\Desktop\Kern\data\raw\fonts\Epunda_Sans_600italic.ttf,ok,58,5487,5429,58,0,
Epunda Sans,Epunda_Sans_700italic,700italic,C:\Users\angel\OneDrive\Desktop\Kern\data\raw\fonts\Epunda_Sans_700italic.ttf,ok,57,5487,5430,57,0,
Epunda Sans,Epunda_Sans_800italic,800italic,C:\Users\angel\OneDrive\Desktop\Kern\data\raw\fonts\Epunda_Sans_800italic.ttf,ok,57,5487,5430,57,0,
Epunda Sans,Epunda_Sans_900italic,900italic,C:\Users\angel\OneDrive\Desktop\Kern\data\raw\fonts\Epunda_Sans_900italic.ttf,ok,52,5487,5435,52,0,
Oldenburg,Oldenburg_regular,regular,C:\Users\angel\OneDrive\Desktop\Kern\data\raw\fonts\Oldenburg_regular.ttf,ok,0,0,0,0,0,
Triodion,Triodion_regular,regular,C:\Users\angel\OneDrive\Desktop\Kern\data\raw\fonts\Triodion_regular.ttf,ok,0,2704,2704,0,0,
Hanalei Fill,Hanalei_Fill_regular,regular,C:\Users\angel\OneDrive\Desktop\Kern\data\raw\fonts\Hanalei_Fill_regular.ttf,ok,318,743,425,318,0,
Rhodium Libre,Rhodium_Libre_regular,regular,C:\Users\angel\OneDrive\Desktop\Kern\data\raw\fonts\Rhodium_Libre_regular.ttf,ok,18,2882,2864,18,0,
Noto Sans Javanese,Noto_Sans_Javanese_regular,regular,C:\Users\angel\OneDrive\Desktop\Kern\data\raw\fonts\Noto_Sans_Javanese_regular.ttf,ok,7,501,494,7,0,
Noto Sans Javanese,Noto_Sans_Javanese_500,500,C:\Users\angel\OneDrive\Desktop\Kern\data\raw\fonts\Noto_Sans_Javanese_500.ttf,ok,7,501,494,7,0,
Noto Sans Javanese,Noto_Sans_Javanese_600,600,C:\Users\angel\OneDrive\Desktop\Kern\data\raw\fonts\Noto_Sans_Javanese_600.ttf,ok,7,501,494,7,0,
Noto Sans Javanese,Noto_Sans_Javanese_700,700,C:\Users\angel\OneDrive\Desktop\Kern\data\raw\fonts\Noto_Sans_Javanese_700.ttf,ok,7,501,494,7,0,
Kolker Brush,Kolker_Brush_regular,regular,C:\Users\angel\OneDrive\Desktop\Kern\data\raw\fonts\Kolker_Brush_regular.ttf,ok,40,2744,2704,40,0,
Noto Sans Adlam,Noto_Sans_Adlam_regular,regular,C:\Users\angel\OneDrive\Desktop\Kern\data\raw\fonts\Noto_Sans_Adlam_regular.ttf,ok,7,3205,3198,7,0,
Noto Sans Adlam,Noto_Sans_Adlam_500,500,C:\Users\angel\OneDrive\Desktop\Kern\data\raw\fonts\Noto_Sans_Adlam_500.ttf,ok,7,3205,3198,7,0,
Noto Sans Adlam,Noto_Sans_Adlam_600,600,C:\Users\angel\OneDrive\Desktop\Kern\data\raw\fonts\Noto_Sans_Adlam_600.ttf,ok,7,3205,3198,7,0,
Noto Sans Adlam,Noto_Sans_Adlam_700,700,C:\Users\angel\OneDrive\Desktop\Kern\data\raw\fonts\Noto_Sans_Adlam_700.ttf,ok,7,3205,3198,7,0,
Noto Sans Batak,Noto_Sans_Batak_regular,regular,C:\Users\angel\OneDrive\Desktop\Kern\data\raw\fonts\Noto_Sans_Batak_regular.ttf,ok,7,501,494,7,0,
Ga Maamli,Ga_Maamli_regular,regular,C:\Users\angel\OneDrive\Desktop\Kern\data\raw\fonts\Ga_Maamli_regular.ttf,ok,1947,1979,32,1947,0,
Geist Pixel,Geist_Pixel_regular,regular,C:\Users\angel\OneDrive\Desktop\Kern\data\raw\fonts\Geist_Pixel_regular.ttf,ok,0,1677,1677,0,0,
Molle,Molle_italic,italic,C:\Users\angel\OneDrive\Desktop\Kern\data\raw\fonts\Molle_italic.ttf,ok,0,0,0,0,0,
Cherish,Cherish_regular,regular,C:\Users\angel\OneDrive\Desktop\Kern\data\raw\fonts\Cherish_regular.ttf,ok,465,475,10,465,0,
Playwrite RO,Playwrite_RO_100,100,C:\Users\angel\OneDrive\Desktop\Kern\data\raw\fonts\Playwrite_RO_100.ttf,ok,0,24300,24300,0,0,
Playwrite RO,Playwrite_RO_200,200,C:\Users\angel\OneDrive\Desktop\Kern\data\raw\fonts\Playwrite_RO_200.ttf,ok,0,24300,24300,0,0,
Playwrite RO,Playwrite_RO_300,300,C:\Users\angel\OneDrive\Desktop\Kern\data\raw\fonts\Playwrite_RO_300.ttf,ok,0,24300,24300,0,0,
Playwrite RO,Playwrite_RO_regular,regular,C:\Users\angel\OneDrive\Desktop\Kern\data\raw\fonts\Playwrite_RO_regular.ttf,ok,0,24300,24300,0,0,
Playwrite AU QLD,Playwrite_AU_QLD_100,100,C:\Users\angel\OneDrive\Desktop\Kern\data\raw\fonts\Playwrite_AU_QLD_100.ttf,ok,0,29601,29601,0,0,
Playwrite AU QLD,Playwrite_AU_QLD_200,200,C:\Users\angel\OneDrive\Desktop\Kern\data\raw\fonts\Playwrite_AU_QLD_200.ttf,ok,0,29601,29601,0,0,
Playwrite AU QLD,Playwrite_AU_QLD_300,300,C:\Users\angel\OneDrive\Desktop\Kern\data\raw\fonts\Playwrite_AU_QLD_300.ttf,ok,0,29601,29601,0,0,
Playwrite AU QLD,Playwrite_AU_QLD_regular,regular,C:\Users\angel\OneDrive\Desktop\Kern\data\raw\fonts\Playwrite_AU_QLD_regular.ttf,ok,0,29601,29601,0,0,
Cause,Cause_100,100,C:\Users\angel\OneDrive\Desktop\Kern\data\raw\fonts\Cause_100.ttf,ok,238,3488,3250,238,0,
Cause,Cause_200,200,C:\Users\angel\OneDrive\Desktop\Kern\data\raw\fonts\Cause_200.ttf,ok,238,3488,3250,238,0,
Cause,Cause_300,300,C:\Users\angel\OneDrive\Desktop\Kern\data\raw\fonts\Cause_300.ttf,ok,238,3488,3250,238,0,
Cause,Cause_regular,regular,C:\Users\angel\OneDrive\Desktop\Kern\data\raw\fonts\Cause_regular.ttf,ok,238,3488,3250,238,0,
Cause,Cause_500,500,C:\Users\angel\OneDrive\Desktop\Kern\data\raw\fonts\Cause_500.ttf,ok,238,3488,3250,238,0,
Cause,Cause_600,600,C:\Users\angel\OneDrive\Desktop\Kern\data\raw\fonts\Cause_600.ttf,ok,238,3488,3250,238,0,
Cause,Cause_700,700,C:\Users\angel\OneDrive\Desktop\Kern\data\raw\fonts\Cause_700.ttf,ok,238,3488,3250,238,0,
Cause,Cause_800,800,C:\Users\angel\OneDrive\Desktop\Kern\data\raw\fonts\Cause_800.ttf,ok,238,3488,3250,238,0,
Cause,Cause_900,900,C:\Users\angel\OneDrive\Desktop\Kern\data\raw\fonts\Cause_900.ttf,ok,238,3488,3250,238,0,
Bitcount Prop Single,Bitcount_Prop_Single_100,100,C:\Users\angel\OneDrive\Desktop\Kern\data\raw\fonts\Bitcount_Prop_Single_100.ttf,ok,67,130,63,67,0,
Bitcount Prop Single,Bitcount_Prop_Single_200,200,C:\Users\angel\OneDrive\Desktop\Kern\data\raw\fonts\Bitcount_Prop_Single_200.ttf,ok,67,130,63,67,0,
Bitcount Prop Single,Bitcount_Prop_Single_300,300,C:\Users\angel\OneDrive\Desktop\Kern\data\raw\fonts\Bitcount_Prop_Single_300.ttf,ok,67,130,63,67,0,
Bitcount Prop Single,Bitcount_Prop_Single_regular,regular,C:\Users\angel\OneDrive\Desktop\Kern\data\raw\fonts\Bitcount_Prop_Single_regular.ttf,ok,67,130,63,67,0,
Bitcount Prop Single,Bitcount_Prop_Single_500,500,C:\Users\angel\OneDrive\Desktop\Kern\data\raw\fonts\Bitcount_Prop_Single_500.ttf,ok,67,130,63,67,0,
Bitcount Prop Single,Bitcount_Prop_Single_600,600,C:\Users\angel\OneDrive\Desktop\Kern\data\raw\fonts\Bitcount_Prop_Single_600.ttf,ok,67,130,63,67,0,
Bitcount Prop Single,Bitcount_Prop_Single_700,700,C:\Users\angel\OneDrive\Desktop\Kern\data\raw\fonts\Bitcount_Prop_Single_700.ttf,ok,67,130,63,67,0,
Bitcount Prop Single,Bitcount_Prop_Single_800,800,C:\Users\angel\OneDrive\Desktop\Kern\data\raw\fonts\Bitcount_Prop_Single_800.ttf,ok,67,130,63,67,0,
Bitcount Prop Single,Bitcount_Prop_Single_900,900,C:\Users\angel\OneDrive\Desktop\Kern\data\raw\fonts\Bitcount_Prop_Single_900.ttf,ok,67,130,63,67,0,
Stack Sans Notch,Stack_Sans_Notch_200,200,C:\Users\angel\OneDrive\Desktop\Kern\data\raw\fonts\Stack_Sans_Notch_200.ttf,ok,39,2799,2760,39,0,
Stack Sans Notch,Stack_Sans_Notch_300,300,C:\Users\angel\OneDrive\Desktop\Kern\data\raw\fonts\Stack_Sans_Notch_300.ttf,ok,51,2799,2748,51,0,
Stack Sans Notch,Stack_Sans_Notch_regular,regular,C:\Users\angel\OneDrive\Desktop\Kern\data\raw\fonts\Stack_Sans_Notch_regular.ttf,ok,47,2799,2752,47,0,
Stack Sans Notch,Stack_Sans_Notch_500,500,C:\Users\angel\OneDrive\Desktop\Kern\data\raw\fonts\Stack_Sans_Notch_500.ttf,ok,47,2799,2752,47,0,
Stack Sans Notch,Stack_Sans_Notch_600,600,C:\Users\angel\OneDrive\Desktop\Kern\data\raw\fonts\Stack_Sans_Notch_600.ttf,ok,47,2799,2752,47,0,
Stack Sans Notch,Stack_Sans_Notch_700,700,C:\Users\angel\OneDrive\Desktop\Kern\data\raw\fonts\Stack_Sans_Notch_700.ttf,ok,41,2799,2758,41,0,
Playwrite CA,Playwrite_CA_100,100,C:\Users\angel\OneDrive\Desktop\Kern\data\raw\fonts\Playwrite_CA_100.ttf,ok,0,24300,24300,0,0,
Playwrite CA,Playwrite_CA_200,200,C:\Users\angel\OneDrive\Desktop\Kern\data\raw\fonts\Playwrite_CA_200.ttf,ok,0,24300,24300,0,0,
Playwrite CA,Playwrite_CA_300,300,C:\Users\angel\OneDrive\Desktop\Kern\data\raw\fonts\Playwrite_CA_300.ttf,ok,0,24300,24300,0,0,
Playwrite CA,Playwrite_CA_regular,regular,C:\Users\angel\OneDrive\Desktop\Kern\data\raw\fonts\Playwrite_CA_regular.ttf,ok,0,24300,24300,0,0,
Lumanosimo,Lumanosimo_regular,regular,C:\Users\angel\OneDrive\Desktop\Kern\data\raw\fonts\Lumanosimo_regular.ttf,ok,0,0,0,0,0,
Chenla,Chenla_regular,regular,C:\Users\angel\OneDrive\Desktop\Kern\data\raw\fonts\Chenla_regular.ttf,ok,0,0,0,0,0,
WDXL Lubrifont SC,WDXL_Lubrifont_SC_regular,regular,C:\Users\angel\OneDrive\Desktop\Kern\data\raw\fonts\WDXL_Lubrifont_SC_regular.ttf,ok,0,0,0,0,0,
Rubik Vinyl,Rubik_Vinyl_regular,regular,C:\Users\angel\OneDrive\Desktop\Kern\data\raw\fonts\Rubik_Vinyl_regular.ttf,ok,223,5696,5473,223,0,
Playpen Sans Deva,Playpen_Sans_Deva_100,100,C:\Users\angel\OneDrive\Desktop\Kern\data\raw\fonts\Playpen_Sans_Deva_100.ttf,ok,0,5408,5408,0,0,
Playpen Sans Deva,Playpen_Sans_Deva_200,200,C:\Users\angel\OneDrive\Desktop\Kern\data\raw\fonts\Playpen_Sans_Deva_200.ttf,ok,0,5408,5408,0,0,
Playpen Sans Deva,Playpen_Sans_Deva_300,300,C:\Users\angel\OneDrive\Desktop\Kern\data\raw\fonts\Playpen_Sans_Deva_300.ttf,ok,0,5408,5408,0,0,
Playpen Sans Deva,Playpen_Sans_Deva_regular,regular,C:\Users\angel\OneDrive\Desktop\Kern\data\raw\fonts\Playpen_Sans_Deva_regular.ttf,ok,0,5408,5408,0,0,
Playpen Sans Deva,Playpen_Sans_Deva_500,500,C:\Users\angel\OneDrive\Desktop\Kern\data\raw\fonts\Playpen_Sans_Deva_500.ttf,ok,0,5408,5408,0,0,
Playpen Sans Deva,Playpen_Sans_Deva_600,600,C:\Users\angel\OneDrive\Desktop\Kern\data\raw\fonts\Playpen_Sans_Deva_600.ttf,ok,0,5408,5408,0,0,
Playpen Sans Deva,Playpen_Sans_Deva_700,700,C:\Users\angel\OneDrive\Desktop\Kern\data\raw\fonts\Playpen_Sans_Deva_700.ttf,ok,0,5408,5408,0,0,
Playpen Sans Deva,Playpen_Sans_Deva_800,800,C:\Users\angel\OneDrive\Desktop\Kern\data\raw\fonts\Playpen_Sans_Deva_800.ttf,ok,0,5408,5408,0,0,
Protest Guerrilla,Protest_Guerrilla_regular,regular,C:\Users\angel\OneDrive\Desktop\Kern\data\raw\fonts\Protest_Guerrilla_regular.ttf,ok,483,5927,5444,483,0,
Kumar One Outline,Kumar_One_Outline_regular,regular,C:\Users\angel\OneDrive\Desktop\Kern\data\raw\fonts\Kumar_One_Outline_regular.ttf,ok,0,0,0,0,0,
Flow Rounded,Flow_Rounded_regular,regular,C:\Users\angel\OneDrive\Desktop\Kern\data\raw\fonts\Flow_Rounded_regular.ttf,ok,0,0,0,0,0,
Lunasima,Lunasima_regular,regular,C:\Users\angel\OneDrive\Desktop\Kern\data\raw\fonts\Lunasima_regular.ttf,ok,0,0,0,0,0,
Lunasima,Lunasima_700,700,C:\Users\angel\OneDrive\Desktop\Kern\data\raw\fonts\Lunasima_700.ttf,ok,0,0,0,0,0,
Iansui,Iansui_regular,regular,C:\Users\angel\OneDrive\Desktop\Kern\data\raw\fonts\Iansui_regular.ttf,ok,58,58,0,58,0,
Playpen Sans Hebrew,Playpen_Sans_Hebrew_100,100,C:\Users\angel\OneDrive\Desktop\Kern\data\raw\fonts\Playpen_Sans_Hebrew_100.ttf,ok,0,5408,5408,0,0,
Playpen Sans Hebrew,Playpen_Sans_Hebrew_200,200,C:\Users\angel\OneDrive\Desktop\Kern\data\raw\fonts\Playpen_Sans_Hebrew_200.ttf,ok,0,5408,5408,0,0,
Playpen Sans Hebrew,Playpen_Sans_Hebrew_300,300,C:\Users\angel\OneDrive\Desktop\Kern\data\raw\fonts\Playpen_Sans_Hebrew_300.ttf,ok,0,5408,5408,0,0,
Playpen Sans Hebrew,Playpen_Sans_Hebrew_regular,regular,C:\Users\angel\OneDrive\Desktop\Kern\data\raw\fonts\Playpen_Sans_Hebrew_regular.ttf,ok,0,5408,5408,0,0,
Playpen Sans Hebrew,Playpen_Sans_Hebrew_500,500,C:\Users\angel\OneDrive\Desktop\Kern\data\raw\fonts\Playpen_Sans_Hebrew_500.ttf,ok,0,5408,5408,0,0,
Playpen Sans Hebrew,Playpen_Sans_Hebrew_600,600,C:\Users\angel\OneDrive\Desktop\Kern\data\raw\fonts\Playpen_Sans_Hebrew_600.ttf,ok,0,5408,5408,0,0,
Playpen Sans Hebrew,Playpen_Sans_Hebrew_700,700,C:\Users\angel\OneDrive\Desktop\Kern\data\raw\fonts\Playpen_Sans_Hebrew_700.ttf,ok,0,5408,5408,0,0,
Playpen Sans Hebrew,Playpen_Sans_Hebrew_800,800,C:\Users\angel\OneDrive\Desktop\Kern\data\raw\fonts\Playpen_Sans_Hebrew_800.ttf,ok,0,5408,5408,0,0,
Playwrite HR,Playwrite_HR_100,100,C:\Users\angel\OneDrive\Desktop\Kern\data\raw\fonts\Playwrite_HR_100.ttf,ok,0,24957,24957,0,0,
Playwrite HR,Playwrite_HR_200,200,C:\Users\angel\OneDrive\Desktop\Kern\data\raw\fonts\Playwrite_HR_200.ttf,ok,0,24957,24957,0,0,
Playwrite HR,Playwrite_HR_300,300,C:\Users\angel\OneDrive\Desktop\Kern\data\raw\fonts\Playwrite_HR_300.ttf,ok,0,24957,24957,0,0,
Playwrite HR,Playwrite_HR_regular,regular,C:\Users\angel\OneDrive\Desktop\Kern\data\raw\fonts\Playwrite_HR_regular.ttf,ok,0,24957,24957,0,0,
Noto Serif Ethiopic,Noto_Serif_Ethiopic_100,100,C:\Users\angel\OneDrive\Desktop\Kern\data\raw\fonts\Noto_Serif_Ethiopic_100.ttf,ok,5,1776,1771,5,0,
Noto Serif Ethiopic,Noto_Serif_Ethiopic_200,200,C:\Users\angel\OneDrive\Desktop\Kern\data\raw\fonts\Noto_Serif_Ethiopic_200.ttf,ok,5,1776,1771,5,0,
Noto Serif Ethiopic,Noto_Serif_Ethiopic_300,300,C:\Users\angel\OneDrive\Desktop\Kern\data\raw\fonts\Noto_Serif_Ethiopic_300.ttf,ok,5,1776,1771,5,0,
Noto Serif Ethiopic,Noto_Serif_Ethiopic_regular,regular,C:\Users\angel\OneDrive\Desktop\Kern\data\raw\fonts\Noto_Serif_Ethiopic_regular.ttf,ok,5,1776,1771,5,0,
Noto Serif Ethiopic,Noto_Serif_Ethiopic_500,500,C:\Users\angel\OneDrive\Desktop\Kern\data\raw\fonts\Noto_Serif_Ethiopic_500.ttf,ok,5,1776,1771,5,0,
Noto Serif Ethiopic,Noto_Serif_Ethiopic_600,600,C:\Users\angel\OneDrive\Desktop\Kern\data\raw\fonts\Noto_Serif_Ethiopic_600.ttf,ok,5,1776,1771,5,0,
Noto Serif Ethiopic,Noto_Serif_Ethiopic_700,700,C:\Users\angel\OneDrive\Desktop\Kern\data\raw\fonts\Noto_Serif_Ethiopic_700.ttf,ok,5,1776,1771,5,0,
Noto Serif Ethiopic,Noto_Serif_Ethiopic_800,800,C:\Users\angel\OneDrive\Desktop\Kern\data\raw\fonts\Noto_Serif_Ethiopic_800.ttf,ok,5,1776,1771,5,0,
Noto Serif Ethiopic,Noto_Serif_Ethiopic_900,900,C:\Users\angel\OneDrive\Desktop\Kern\data\raw\fonts\Noto_Serif_Ethiopic_900.ttf,ok,5,1776,1771,5,0,
Noto Sans Pahawh Hmong,Noto_Sans_Pahawh_Hmong_regular,regular,C:\Users\angel\OneDrive\Desktop\Kern\data\raw\fonts\Noto_Sans_Pahawh_Hmong_regular.ttf,ok,7,501,494,7,0,
Bungee Tint,Bungee_Tint_regular,regular,C:\Users\angel\OneDrive\Desktop\Kern\data\raw\fonts\Bungee_Tint_regular.ttf,ok,0,5672,5672,0,0,
Love Light,Love_Light_regular,regular,C:\Users\angel\OneDrive\Desktop\Kern\data\raw\fonts\Love_Light_regular.ttf,ok,57,2761,2704,57,0,
Twinkle Star,Twinkle_Star_regular,regular,C:\Users\angel\OneDrive\Desktop\Kern\data\raw\fonts\Twinkle_Star_regular.ttf,ok,160,1525,1365,160,0,
Black And White Picture,Black_And_White_Picture_regular,regular,C:\Users\angel\OneDrive\Desktop\Kern\data\raw\fonts\Black_And_White_Picture_regular.ttf,ok,0,0,0,0,0,
Grechen Fuemen,Grechen_Fuemen_regular,regular,C:\Users\angel\OneDrive\Desktop\Kern\data\raw\fonts\Grechen_Fuemen_regular.ttf,ok,10,2714,2704,10,0,
Tiro Tamil,Tiro_Tamil_regular,regular,C:\Users\angel\OneDrive\Desktop\Kern\data\raw\fonts\Tiro_Tamil_regular.ttf,ok,11,2985,2974,11,0,
Tiro Tamil,Tiro_Tamil_italic,italic,C:\Users\angel\OneDrive\Desktop\Kern\data\raw\fonts\Tiro_Tamil_italic.ttf,ok,59,3051,2992,59,0,
Kings,Kings_regular,regular,C:\Users\angel\OneDrive\Desktop\Kern\data\raw\fonts\Kings_regular.ttf,ok,20,20,0,20,0,
Blaka,Blaka_regular,regular,C:\Users\angel\OneDrive\Desktop\Kern\data\raw\fonts\Blaka_regular.ttf,ok,3,3,0,3,0,
Cossette Titre,Cossette_Titre_regular,regular,C:\Users\angel\OneDrive\Desktop\Kern\data\raw\fonts\Cossette_Titre_regular.ttf,ok,99,3419,3320,99,0,
Cossette Titre,Cossette_Titre_700,700,C:\Users\angel\OneDrive\Desktop\Kern\data\raw\fonts\Cossette_Titre_700.ttf,ok,103,3313,3210,103,0,
Danfo,Danfo_regular,regular,C:\Users\angel\OneDrive\Desktop\Kern\data\raw\fonts\Danfo_regular.ttf,ok,0,3964,3964,0,0,
Cossette Texte,Cossette_Texte_regular,regular,C:\Users\angel\OneDrive\Desktop\Kern\data\raw\fonts\Cossette_Texte_regular.ttf,ok,99,3419,3320,99,0,
Cossette Texte,Cossette_Texte_700,700,C:\Users\angel\OneDrive\Desktop\Kern\data\raw\fonts\Cossette_Texte_700.ttf,ok,103,3313,3210,103,0,
Flow Block,Flow_Block_regular,regular,C:\Users\angel\OneDrive\Desktop\Kern\data\raw\fonts\Flow_Block_regular.ttf,ok,0,0,0,0,0,
Noto Serif Tibetan,Noto_Serif_Tibetan_100,100,C:\Users\angel\OneDrive\Desktop\Kern\data\raw\fonts\Noto_Serif_Tibetan_100.ttf,ok,5,2889,2884,5,0,
Noto Serif Tibetan,Noto_Serif_Tibetan_200,200,C:\Users\angel\OneDrive\Desktop\Kern\data\raw\fonts\Noto_Serif_Tibetan_200.ttf,ok,5,2889,2884,5,0,
Noto Serif Tibetan,Noto_Serif_Tibetan_300,300,C:\Users\angel\OneDrive\Desktop\Kern\data\raw\fonts\Noto_Serif_Tibetan_300.ttf,ok,5,2889,2884,5,0,
Noto Serif Tibetan,Noto_Serif_Tibetan_regular,regular,C:\Users\angel\OneDrive\Desktop\Kern\data\raw\fonts\Noto_Serif_Tibetan_regular.ttf,ok,5,2889,2884,5,0,
Noto Serif Tibetan,Noto_Serif_Tibetan_500,500,C:\Users\angel\OneDrive\Desktop\Kern\data\raw\fonts\Noto_Serif_Tibetan_500.ttf,ok,5,2889,2884,5,0,
Noto Serif Tibetan,Noto_Serif_Tibetan_600,600,C:\Users\angel\OneDrive\Desktop\Kern\data\raw\fonts\Noto_Serif_Tibetan_600.ttf,ok,5,2889,2884,5,0,
Noto Serif Tibetan,Noto_Serif_Tibetan_700,700,C:\Users\angel\OneDrive\Desktop\Kern\data\raw\fonts\Noto_Serif_Tibetan_700.ttf,ok,5,2889,2884,5,0,
Noto Serif Tibetan,Noto_Serif_Tibetan_800,800,C:\Users\angel\OneDrive\Desktop\Kern\data\raw\fonts\Noto_Serif_Tibetan_800.ttf,ok,5,2889,2884,5,0,
Noto Serif Tibetan,Noto_Serif_Tibetan_900,900,C:\Users\angel\OneDrive\Desktop\Kern\data\raw\fonts\Noto_Serif_Tibetan_900.ttf,ok,5,2889,2884,5,0,
Butterfly Kids,Butterfly_Kids_regular,regular,C:\Users\angel\OneDrive\Desktop\Kern\data\raw\fonts\Butterfly_Kids_regular.ttf,ok,0,0,0,0,0,
Splash,Splash_regular,regular,C:\Users\angel\OneDrive\Desktop\Kern\data\raw\fonts\Splash_regular.ttf,ok,99,365,266,99,0,
Zen Loop,Zen_Loop_regular,regular,C:\Users\angel\OneDrive\Desktop\Kern\data\raw\fonts\Zen_Loop_regular.ttf,ok,0,252,252,0,0,
Zen Loop,Zen_Loop_italic,italic,C:\Users\angel\OneDrive\Desktop\Kern\data\raw\fonts\Zen_Loop_italic.ttf,ok,0,238,238,0,0,
Redacted Script,Redacted_Script_300,300,C:\Users\angel\OneDrive\Desktop\Kern\data\raw\fonts\Redacted_Script_300.ttf,ok,0,0,0,0,0,
Redacted Script,Redacted_Script_regular,regular,C:\Users\angel\OneDrive\Desktop\Kern\data\raw\fonts\Redacted_Script_regular.ttf,ok,0,0,0,0,0,
Redacted Script,Redacted_Script_700,700,C:\Users\angel\OneDrive\Desktop\Kern\data\raw\fonts\Redacted_Script_700.ttf,ok,0,0,0,0,0,
Rubik Maze,Rubik_Maze_regular,regular,C:\Users\angel\OneDrive\Desktop\Kern\data\raw\fonts\Rubik_Maze_regular.ttf,ok,223,5696,5473,223,0,
Rubik Puddles,Rubik_Puddles_regular,regular,C:\Users\angel\OneDrive\Desktop\Kern\data\raw\fonts\Rubik_Puddles_regular.ttf,ok,223,5696,5473,223,0,
Noto Sans Carian,Noto_Sans_Carian_regular,regular,C:\Users\angel\OneDrive\Desktop\Kern\data\raw\fonts\Noto_Sans_Carian_regular.ttf,ok,7,501,494,7,0,
Noto Serif Vithkuqi,Noto_Serif_Vithkuqi_regular,regular,C:\Users\angel\OneDrive\Desktop\Kern\data\raw\fonts\Noto_Serif_Vithkuqi_regular.ttf,ok,5,225,220,5,0,
Noto Serif Vithkuqi,Noto_Serif_Vithkuqi_500,500,C:\Users\angel\OneDrive\Desktop\Kern\data\raw\fonts\Noto_Serif_Vithkuqi_500.ttf,ok,5,225,220,5,0,
Noto Serif Vithkuqi,Noto_Serif_Vithkuqi_600,600,C:\Users\angel\OneDrive\Desktop\Kern\data\raw\fonts\Noto_Serif_Vithkuqi_600.ttf,ok,5,225,220,5,0,
Noto Serif Vithkuqi,Noto_Serif_Vithkuqi_700,700,C:\Users\angel\OneDrive\Desktop\Kern\data\raw\fonts\Noto_Serif_Vithkuqi_700.ttf,ok,5,225,220,5,0,
Noto Sans Old Persian,Noto_Sans_Old_Persian_regular,regular,C:\Users\angel\OneDrive\Desktop\Kern\data\raw\fonts\Noto_Sans_Old_Persian_regular.ttf,ok,7,501,494,7,0,
Playwrite AT,Playwrite_AT_100,100,C:\Users\angel\OneDrive\Desktop\Kern\data\raw\fonts\Playwrite_AT_100.ttf,ok,0,29247,29247,0,0,
Playwrite AT,Playwrite_AT_200,200,C:\Users\angel\OneDrive\Desktop\Kern\data\raw\fonts\Playwrite_AT_200.ttf,ok,0,29247,29247,0,0,
Playwrite AT,Playwrite_AT_300,300,C:\Users\angel\OneDrive\Desktop\Kern\data\raw\fonts\Playwrite_AT_300.ttf,ok,0,29247,29247,0,0,
Playwrite AT,Playwrite_AT_regular,regular,C:\Users\angel\OneDrive\Desktop\Kern\data\raw\fonts\Playwrite_AT_regular.ttf,ok,0,29247,29247,0,0,
Playwrite AT,Playwrite_AT_100italic,100italic,C:\Users\angel\OneDrive\Desktop\Kern\data\raw\fonts\Playwrite_AT_100italic.ttf,ok,0,29247,29247,0,0,
Playwrite AT,Playwrite_AT_200italic,200italic,C:\Users\angel\OneDrive\Desktop\Kern\data\raw\fonts\Playwrite_AT_200italic.ttf,ok,0,29247,29247,0,0,
Playwrite AT,Playwrite_AT_300italic,300italic,C:\Users\angel\OneDrive\Desktop\Kern\data\raw\fonts\Playwrite_AT_300italic.ttf,ok,0,29247,29247,0,0,
Playwrite AT,Playwrite_AT_italic,italic,C:\Users\angel\OneDrive\Desktop\Kern\data\raw\fonts\Playwrite_AT_italic.ttf,ok,0,29247,29247,0,0,
Petemoss,Petemoss_regular,regular,C:\Users\angel\OneDrive\Desktop\Kern\data\raw\fonts\Petemoss_regular.ttf,ok,2,2,0,2,0,
Noto Sans Nandinagari,Noto_Sans_Nandinagari_regular,regular,C:\Users\angel\OneDrive\Desktop\Kern\data\raw\fonts\Noto_Sans_Nandinagari_regular.ttf,ok,7,3205,3198,7,0,
Noto Sans Nag Mundari,Noto_Sans_Nag_Mundari_regular,regular,C:\Users\angel\OneDrive\Desktop\Kern\data\raw\fonts\Noto_Sans_Nag_Mundari_regular.ttf,ok,7,501,494,7,0,
Noto Sans Nag Mundari,Noto_Sans_Nag_Mundari_500,500,C:\Users\angel\OneDrive\Desktop\Kern\data\raw\fonts\Noto_Sans_Nag_Mundari_500.ttf,ok,7,501,494,7,0,
Noto Sans Nag Mundari,Noto_Sans_Nag_Mundari_600,600,C:\Users\angel\OneDrive\Desktop\Kern\data\raw\fonts\Noto_Sans_Nag_Mundari_600.ttf,ok,7,501,494,7,0,
Noto Sans Nag Mundari,Noto_Sans_Nag_Mundari_700,700,C:\Users\angel\OneDrive\Desktop\Kern\data\raw\fonts\Noto_Sans_Nag_Mundari_700.ttf,ok,7,501,494,7,0,
Playwrite PL,Playwrite_PL_100,100,C:\Users\angel\OneDrive\Desktop\Kern\data\raw\fonts\Playwrite_PL_100.ttf,ok,0,25125,25125,0,0,
Playwrite PL,Playwrite_PL_200,200,C:\Users\angel\OneDrive\Desktop\Kern\data\raw\fonts\Playwrite_PL_200.ttf,ok,0,25125,25125,0,0,
Playwrite PL,Playwrite_PL_300,300,C:\Users\angel\OneDrive\Desktop\Kern\data\raw\fonts\Playwrite_PL_300.ttf,ok,0,25125,25125,0,0,
Playwrite PL,Playwrite_PL_regular,regular,C:\Users\angel\OneDrive\Desktop\Kern\data\raw\fonts\Playwrite_PL_regular.ttf,ok,0,25125,25125,0,0,
Gidole,Gidole_regular,regular,C:\Users\angel\OneDrive\Desktop\Kern\data\raw\fonts\Gidole_regular.ttf,ok,179,3477,3298,179,0,
Taprom,Taprom_regular,regular,C:\Users\angel\OneDrive\Desktop\Kern\data\raw\fonts\Taprom_regular.ttf,ok,170,170,0,170,0,
Amarna,Amarna_100,100,C:\Users\angel\OneDrive\Desktop\Kern\data\raw\fonts\Amarna_100.ttf,ok,1,2729,2728,1,0,
Amarna,Amarna_200,200,C:\Users\angel\OneDrive\Desktop\Kern\data\raw\fonts\Amarna_200.ttf,ok,1,2729,2728,1,0,
Amarna,Amarna_300,300,C:\Users\angel\OneDrive\Desktop\Kern\data\raw\fonts\Amarna_300.ttf,ok,1,2729,2728,1,0,
Amarna,Amarna_regular,regular,C:\Users\angel\OneDrive\Desktop\Kern\data\raw\fonts\Amarna_regular.ttf,ok,1,2729,2728,1,0,
Amarna,Amarna_500,500,C:\Users\angel\OneDrive\Desktop\Kern\data\raw\fonts\Amarna_500.ttf,ok,1,2729,2728,1,0,
Amarna,Amarna_600,600,C:\Users\angel\OneDrive\Desktop\Kern\data\raw\fonts\Amarna_600.ttf,ok,1,2729,2728,1,0,
Amarna,Amarna_700,700,C:\Users\angel\OneDrive\Desktop\Kern\data\raw\fonts\Amarna_700.ttf,ok,1,2729,2728,1,0,
Amarna,Amarna_100italic,100italic,C:\Users\angel\OneDrive\Desktop\Kern\data\raw\fonts\Amarna_100italic.ttf,ok,1,2729,2728,1,0,
Amarna,Amarna_200italic,200italic,C:\Users\angel\OneDrive\Desktop\Kern\data\raw\fonts\Amarna_200italic.ttf,ok,1,2729,2728,1,0,
Amarna,Amarna_300italic,300italic,C:\Users\angel\OneDrive\Desktop\Kern\data\raw\fonts\Amarna_300italic.ttf,ok,1,2729,2728,1,0,
Amarna,Amarna_italic,italic,C:\Users\angel\OneDrive\Desktop\Kern\data\raw\fonts\Amarna_italic.ttf,ok,1,2729,2728,1,0,
Amarna,Amarna_500italic,500italic,C:\Users\angel\OneDrive\Desktop\Kern\data\raw\fonts\Amarna_500italic.ttf,ok,1,2729,2728,1,0,
Amarna,Amarna_600italic,600italic,C:\Users\angel\OneDrive\Desktop\Kern\data\raw\fonts\Amarna_600italic.ttf,ok,1,2729,2728,1,0,
Amarna,Amarna_700italic,700italic,C:\Users\angel\OneDrive\Desktop\Kern\data\raw\fonts\Amarna_700italic.ttf,ok,1,2729,2728,1,0,
Jacquard 24,Jacquard_24_regular,regular,C:\Users\angel\OneDrive\Desktop\Kern\data\raw\fonts\Jacquard_24_regular.ttf,ok,27,29,2,27,0,
Alumni Sans SC,Alumni_Sans_SC_100,100,C:\Users\angel\OneDrive\Desktop\Kern\data\raw\fonts\Alumni_Sans_SC_100.ttf,ok,11,3014,3003,11,0,
Alumni Sans SC,Alumni_Sans_SC_200,200,C:\Users\angel\OneDrive\Desktop\Kern\data\raw\fonts\Alumni_Sans_SC_200.ttf,ok,16,3014,2998,16,0,
Alumni Sans SC,Alumni_Sans_SC_300,300,C:\Users\angel\OneDrive\Desktop\Kern\data\raw\fonts\Alumni_Sans_SC_300.ttf,ok,16,3014,2998,16,0,
Alumni Sans SC,Alumni_Sans_SC_regular,regular,C:\Users\angel\OneDrive\Desktop\Kern\data\raw\fonts\Alumni_Sans_SC_regular.ttf,ok,16,3014,2998,16,0,
Alumni Sans SC,Alumni_Sans_SC_500,500,C:\Users\angel\OneDrive\Desktop\Kern\data\raw\fonts\Alumni_Sans_SC_500.ttf,ok,16,3014,2998,16,0,
Alumni Sans SC,Alumni_Sans_SC_600,600,C:\Users\angel\OneDrive\Desktop\Kern\data\raw\fonts\Alumni_Sans_SC_600.ttf,ok,16,3014,2998,16,0,
Alumni Sans SC,Alumni_Sans_SC_700,700,C:\Users\angel\OneDrive\Desktop\Kern\data\raw\fonts\Alumni_Sans_SC_700.ttf,ok,16,3014,2998,16,0,
Alumni Sans SC,Alumni_Sans_SC_800,800,C:\Users\angel\OneDrive\Desktop\Kern\data\raw\fonts\Alumni_Sans_SC_800.ttf,ok,16,3014,2998,16,0,
Alumni Sans SC,Alumni_Sans_SC_900,900,C:\Users\angel\OneDrive\Desktop\Kern\data\raw\fonts\Alumni_Sans_SC_900.ttf,ok,16,3014,2998,16,0,
Alumni Sans SC,Alumni_Sans_SC_100italic,100italic,C:\Users\angel\OneDrive\Desktop\Kern\data\raw\fonts\Alumni_Sans_SC_100italic.ttf,ok,4,2942,2938,4,0,
Alumni Sans SC,Alumni_Sans_SC_200italic,200italic,C:\Users\angel\OneDrive\Desktop\Kern\data\raw\fonts\Alumni_Sans_SC_200italic.ttf,ok,7,2942,2935,7,0,
Alumni Sans SC,Alumni_Sans_SC_300italic,300italic,C:\Users\angel\OneDrive\Desktop\Kern\data\raw\fonts\Alumni_Sans_SC_300italic.ttf,ok,7,2942,2935,7,0,
Alumni Sans SC,Alumni_Sans_SC_italic,italic,C:\Users\angel\OneDrive\Desktop\Kern\data\raw\fonts\Alumni_Sans_SC_italic.ttf,ok,7,2942,2935,7,0,
Alumni Sans SC,Alumni_Sans_SC_500italic,500italic,C:\Users\angel\OneDrive\Desktop\Kern\data\raw\fonts\Alumni_Sans_SC_500italic.ttf,ok,7,2942,2935,7,0,
Alumni Sans SC,Alumni_Sans_SC_600italic,600italic,C:\Users\angel\OneDrive\Desktop\Kern\data\raw\fonts\Alumni_Sans_SC_600italic.ttf,ok,7,2942,2935,7,0,
Alumni Sans SC,Alumni_Sans_SC_700italic,700italic,C:\Users\angel\OneDrive\Desktop\Kern\data\raw\fonts\Alumni_Sans_SC_700italic.ttf,ok,7,2942,2935,7,0,
Alumni Sans SC,Alumni_Sans_SC_800italic,800italic,C:\Users\angel\OneDrive\Desktop\Kern\data\raw\fonts\Alumni_Sans_SC_800italic.ttf,ok,7,2942,2935,7,0,
Alumni Sans SC,Alumni_Sans_SC_900italic,900italic,C:\Users\angel\OneDrive\Desktop\Kern\data\raw\fonts\Alumni_Sans_SC_900italic.ttf,ok,7,2942,2935,7,0,
Noto Sans Hanunoo,Noto_Sans_Hanunoo_regular,regular,C:\Users\angel\OneDrive\Desktop\Kern\data\raw\fonts\Noto_Sans_Hanunoo_regular.ttf,ok,7,501,494,7,0,
Noto Sans Mongolian,Noto_Sans_Mongolian_regular,regular,C:\Users\angel\OneDrive\Desktop\Kern\data\raw\fonts\Noto_Sans_Mongolian_regular.ttf,ok,7,501,494,7,0,
Rubik Beastly,Rubik_Beastly_regular,regular,C:\Users\angel\OneDrive\Desktop\Kern\data\raw\fonts\Rubik_Beastly_regular.ttf,ok,223,5696,5473,223,0,
Playwrite NZ Basic,Playwrite_NZ_Basic_100,100,C:\Users\angel\OneDrive\Desktop\Kern\data\raw\fonts\Playwrite_NZ_Basic_100.ttf,ok,0,28004,28004,0,0,
Playwrite NZ Basic,Playwrite_NZ_Basic_200,200,C:\Users\angel\OneDrive\Desktop\Kern\data\raw\fonts\Playwrite_NZ_Basic_200.ttf,ok,0,28004,28004,0,0,
Playwrite NZ Basic,Playwrite_NZ_Basic_300,300,C:\Users\angel\OneDrive\Desktop\Kern\data\raw\fonts\Playwrite_NZ_Basic_300.ttf,ok,0,28004,28004,0,0,
Playwrite NZ Basic,Playwrite_NZ_Basic_regular,regular,C:\Users\angel\OneDrive\Desktop\Kern\data\raw\fonts\Playwrite_NZ_Basic_regular.ttf,ok,0,28004,28004,0,0,
Rubik Glitch Pop,Rubik_Glitch_Pop_regular,regular,C:\Users\angel\OneDrive\Desktop\Kern\data\raw\fonts\Rubik_Glitch_Pop_regular.ttf,ok,223,8400,8177,223,0,
Are You Serious,Are_You_Serious_regular,regular,C:\Users\angel\OneDrive\Desktop\Kern\data\raw\fonts\Are_You_Serious_regular.ttf,ok,17,2721,2704,17,0,
Rubik 80s Fade,Rubik_80s_Fade_regular,regular,C:\Users\angel\OneDrive\Desktop\Kern\data\raw\fonts\Rubik_80s_Fade_regular.ttf,ok,223,5696,5473,223,0,
Ruwudu,Ruwudu_regular,regular,C:\Users\angel\OneDrive\Desktop\Kern\data\raw\fonts\Ruwudu_regular.ttf,ok,0,0,0,0,0,
Ruwudu,Ruwudu_500,500,C:\Users\angel\OneDrive\Desktop\Kern\data\raw\fonts\Ruwudu_500.ttf,ok,0,0,0,0,0,
Ruwudu,Ruwudu_600,600,C:\Users\angel\OneDrive\Desktop\Kern\data\raw\fonts\Ruwudu_600.ttf,ok,0,0,0,0,0,
Ruwudu,Ruwudu_700,700,C:\Users\angel\OneDrive\Desktop\Kern\data\raw\fonts\Ruwudu_700.ttf,ok,0,0,0,0,0,
Edu AU VIC WA NT Dots,Edu_AU_VIC_WA_NT_Dots_regular,regular,C:\Users\angel\OneDrive\Desktop\Kern\data\raw\fonts\Edu_AU_VIC_WA_NT_Dots_regular.ttf,ok,2368,2691,323,2368,0,
Edu AU VIC WA NT Dots,Edu_AU_VIC_WA_NT_Dots_500,500,C:\Users\angel\OneDrive\Desktop\Kern\data\raw\fonts\Edu_AU_VIC_WA_NT_Dots_500.ttf,ok,2684,2691,7,2684,0,
Edu AU VIC WA NT Dots,Edu_AU_VIC_WA_NT_Dots_600,600,C:\Users\angel\OneDrive\Desktop\Kern\data\raw\fonts\Edu_AU_VIC_WA_NT_Dots_600.ttf,ok,2685,2691,6,2685,0,
Edu AU VIC WA NT Dots,Edu_AU_VIC_WA_NT_Dots_700,700,C:\Users\angel\OneDrive\Desktop\Kern\data\raw\fonts\Edu_AU_VIC_WA_NT_Dots_700.ttf,ok,2608,2691,83,2608,0,
Explora,Explora_regular,regular,C:\Users\angel\OneDrive\Desktop\Kern\data\raw\fonts\Explora_regular.ttf,ok,7,7,0,7,0,
Langar,Langar_regular,regular,C:\Users\angel\OneDrive\Desktop\Kern\data\raw\fonts\Langar_regular.ttf,ok,87,99,12,87,0,
WDXL Lubrifont TC,WDXL_Lubrifont_TC_regular,regular,C:\Users\angel\OneDrive\Desktop\Kern\data\raw\fonts\WDXL_Lubrifont_TC_regular.ttf,ok,0,0,0,0,0,
Moulpali,Moulpali_regular,regular,C:\Users\angel\OneDrive\Desktop\Kern\data\raw\fonts\Moulpali_regular.ttf,ok,170,170,0,170,0,
Combo,Combo_regular,regular,C:\Users\angel\OneDrive\Desktop\Kern\data\raw\fonts\Combo_regular.ttf,ok,0,1634,1634,0,0,
Noto Sans Multani,Noto_Sans_Multani_regular,regular,C:\Users\angel\OneDrive\Desktop\Kern\data\raw\fonts\Noto_Sans_Multani_regular.ttf,ok,7,501,494,7,0,
Playwrite DK Loopet,Playwrite_DK_Loopet_100,100,C:\Users\angel\OneDrive\Desktop\Kern\data\raw\fonts\Playwrite_DK_Loopet_100.ttf,ok,0,28368,28368,0,0,
Playwrite DK Loopet,Playwrite_DK_Loopet_200,200,C:\Users\angel\OneDrive\Desktop\Kern\data\raw\fonts\Playwrite_DK_Loopet_200.ttf,ok,0,28368,28368,0,0,
Playwrite DK Loopet,Playwrite_DK_Loopet_300,300,C:\Users\angel\OneDrive\Desktop\Kern\data\raw\fonts\Playwrite_DK_Loopet_300.ttf,ok,0,28368,28368,0,0,
Playwrite DK Loopet,Playwrite_DK_Loopet_regular,regular,C:\Users\angel\OneDrive\Desktop\Kern\data\raw\fonts\Playwrite_DK_Loopet_regular.ttf,ok,0,28368,28368,0,0,
Noto Sans Kaithi,Noto_Sans_Kaithi_regular,regular,C:\Users\angel\OneDrive\Desktop\Kern\data\raw\fonts\Noto_Sans_Kaithi_regular.ttf,ok,7,501,494,7,0,
Noto Sans Glagolitic,Noto_Sans_Glagolitic_regular,regular,C:\Users\angel\OneDrive\Desktop\Kern\data\raw\fonts\Noto_Sans_Glagolitic_regular.ttf,ok,7,501,494,7,0,
Winky Rough,Winky_Rough_300,300,C:\Users\angel\OneDrive\Desktop\Kern\data\raw\fonts\Winky_Rough_300.ttf,ok,37,2765,2728,37,0,
Winky Rough,Winky_Rough_regular,regular,C:\Users\angel\OneDrive\Desktop\Kern\data\raw\fonts\Winky_Rough_regular.ttf,ok,34,2765,2731,34,0,
Winky Rough,Winky_Rough_500,500,C:\Users\angel\OneDrive\Desktop\Kern\data\raw\fonts\Winky_Rough_500.ttf,ok,38,2765,2727,38,0,
Winky Rough,Winky_Rough_600,600,C:\Users\angel\OneDrive\Desktop\Kern\data\raw\fonts\Winky_Rough_600.ttf,ok,41,2765,2724,41,0,
Winky Rough,Winky_Rough_700,700,C:\Users\angel\OneDrive\Desktop\Kern\data\raw\fonts\Winky_Rough_700.ttf,ok,42,2765,2723,42,0,
Winky Rough,Winky_Rough_800,800,C:\Users\angel\OneDrive\Desktop\Kern\data\raw\fonts\Winky_Rough_800.ttf,ok,41,2765,2724,41,0,
Winky Rough,Winky_Rough_900,900,C:\Users\angel\OneDrive\Desktop\Kern\data\raw\fonts\Winky_Rough_900.ttf,ok,39,2765,2726,39,0,
Winky Rough,Winky_Rough_300italic,300italic,C:\Users\angel\OneDrive\Desktop\Kern\data\raw\fonts\Winky_Rough_300italic.ttf,ok,55,2778,2723,55,0,
Winky Rough,Winky_Rough_italic,italic,C:\Users\angel\OneDrive\Desktop\Kern\data\raw\fonts\Winky_Rough_italic.ttf,ok,52,2778,2726,52,0,
Winky Rough,Winky_Rough_500italic,500italic,C:\Users\angel\OneDrive\Desktop\Kern\data\raw\fonts\Winky_Rough_500italic.ttf,ok,57,2778,2721,57,0,
Winky Rough,Winky_Rough_600italic,600italic,C:\Users\angel\OneDrive\Desktop\Kern\data\raw\fonts\Winky_Rough_600italic.ttf,ok,64,2778,2714,64,0,
Winky Rough,Winky_Rough_700italic,700italic,C:\Users\angel\OneDrive\Desktop\Kern\data\raw\fonts\Winky_Rough_700italic.ttf,ok,65,2778,2713,65,0,
Winky Rough,Winky_Rough_800italic,800italic,C:\Users\angel\OneDrive\Desktop\Kern\data\raw\fonts\Winky_Rough_800italic.ttf,ok,63,2778,2715,63,0,
Winky Rough,Winky_Rough_900italic,900italic,C:\Users\angel\OneDrive\Desktop\Kern\data\raw\fonts\Winky_Rough_900italic.ttf,ok,60,2778,2718,60,0,
BBH Bogle,BBH_Bogle_regular,regular,C:\Users\angel\OneDrive\Desktop\Kern\data\raw\fonts\BBH_Bogle_regular.ttf,ok,0,2836,2836,0,0,
Noto Sans Hanifi Rohingya,Noto_Sans_Hanifi_Rohingya_regular,regular,C:\Users\angel\OneDrive\Desktop\Kern\data\raw\fonts\Noto_Sans_Hanifi_Rohingya_regular.ttf,ok,7,3205,3198,7,0,
Noto Sans Hanifi Rohingya,Noto_Sans_Hanifi_Rohingya_500,500,C:\Users\angel\OneDrive\Desktop\Kern\data\raw\fonts\Noto_Sans_Hanifi_Rohingya_500.ttf,ok,7,3205,3198,7,0,
Noto Sans Hanifi Rohingya,Noto_Sans_Hanifi_Rohingya_600,600,C:\Users\angel\OneDrive\Desktop\Kern\data\raw\fonts\Noto_Sans_Hanifi_Rohingya_600.ttf,ok,7,3205,3198,7,0,
Noto Sans Hanifi Rohingya,Noto_Sans_Hanifi_Rohingya_700,700,C:\Users\angel\OneDrive\Desktop\Kern\data\raw\fonts\Noto_Sans_Hanifi_Rohingya_700.ttf,ok,7,3205,3198,7,0,
Chiron Sung HK,Chiron_Sung_HK_200,200,C:\Users\angel\OneDrive\Desktop\Kern\data\raw\fonts\Chiron_Sung_HK_200.ttf,ok,0,0,0,0,0,
Chiron Sung HK,Chiron_Sung_HK_300,300,C:\Users\angel\OneDrive\Desktop\Kern\data\raw\fonts\Chiron_Sung_HK_300.ttf,ok,0,0,0,0,0,
Chiron Sung HK,Chiron_Sung_HK_regular,regular,C:\Users\angel\OneDrive\Desktop\Kern\data\raw\fonts\Chiron_Sung_HK_regular.ttf,ok,0,0,0,0,0,
Chiron Sung HK,Chiron_Sung_HK_500,500,C:\Users\angel\OneDrive\Desktop\Kern\data\raw\fonts\Chiron_Sung_HK_500.ttf,ok,0,0,0,0,0,
Chiron Sung HK,Chiron_Sung_HK_600,600,C:\Users\angel\OneDrive\Desktop\Kern\data\raw\fonts\Chiron_Sung_HK_600.ttf,ok,0,0,0,0,0,
Chiron Sung HK,Chiron_Sung_HK_700,700,C:\Users\angel\OneDrive\Desktop\Kern\data\raw\fonts\Chiron_Sung_HK_700.ttf,ok,0,0,0,0,0,
Chiron Sung HK,Chiron_Sung_HK_800,800,C:\Users\angel\OneDrive\Desktop\Kern\data\raw\fonts\Chiron_Sung_HK_800.ttf,ok,0,0,0,0,0,
Chiron Sung HK,Chiron_Sung_HK_900,900,C:\Users\angel\OneDrive\Desktop\Kern\data\raw\fonts\Chiron_Sung_HK_900.ttf,ok,0,0,0,0,0,
Chiron Sung HK,Chiron_Sung_HK_200italic,200italic,C:\Users\angel\OneDrive\Desktop\Kern\data\raw\fonts\Chiron_Sung_HK_200italic.ttf,ok,0,0,0,0,0,
Chiron Sung HK,Chiron_Sung_HK_300italic,300italic,C:\Users\angel\OneDrive\Desktop\Kern\data\raw\fonts\Chiron_Sung_HK_300italic.ttf,ok,0,0,0,0,0,
Chiron Sung HK,Chiron_Sung_HK_italic,italic,C:\Users\angel\OneDrive\Desktop\Kern\data\raw\fonts\Chiron_Sung_HK_italic.ttf,ok,0,0,0,0,0,
Chiron Sung HK,Chiron_Sung_HK_500italic,500italic,C:\Users\angel\OneDrive\Desktop\Kern\data\raw\fonts\Chiron_Sung_HK_500italic.ttf,ok,0,0,0,0,0,
Chiron Sung HK,Chiron_Sung_HK_600italic,600italic,C:\Users\angel\OneDrive\Desktop\Kern\data\raw\fonts\Chiron_Sung_HK_600italic.ttf,ok,0,0,0,0,0,
Chiron Sung HK,Chiron_Sung_HK_700italic,700italic,C:\Users\angel\OneDrive\Desktop\Kern\data\raw\fonts\Chiron_Sung_HK_700italic.ttf,ok,0,0,0,0,0,
Chiron Sung HK,Chiron_Sung_HK_800italic,800italic,C:\Users\angel\OneDrive\Desktop\Kern\data\raw\fonts\Chiron_Sung_HK_800italic.ttf,ok,0,0,0,0,0,
Chiron Sung HK,Chiron_Sung_HK_900italic,900italic,C:\Users\angel\OneDrive\Desktop\Kern\data\raw\fonts\Chiron_Sung_HK_900italic.ttf,ok,0,0,0,0,0,
Noto Sans Coptic,Noto_Sans_Coptic_regular,regular,C:\Users\angel\OneDrive\Desktop\Kern\data\raw\fonts\Noto_Sans_Coptic_regular.ttf,ok,7,501,494,7,0,
Tagesschrift,Tagesschrift_regular,regular,C:\Users\angel\OneDrive\Desktop\Kern\data\raw\fonts\Tagesschrift_regular.ttf,ok,164,3648,3484,164,0,
Noto Serif Dogra,Noto_Serif_Dogra_regular,regular,C:\Users\angel\OneDrive\Desktop\Kern\data\raw\fonts\Noto_Serif_Dogra_regular.ttf,ok,5,2929,2924,5,0,
Jersey 10 Charted,Jersey_10_Charted_regular,regular,C:\Users\angel\OneDrive\Desktop\Kern\data\raw\fonts\Jersey_10_Charted_regular.ttf,ok,0,0,0,0,0,
Noto Sans Cherokee,Noto_Sans_Cherokee_100,100,C:\Users\angel\OneDrive\Desktop\Kern\data\raw\fonts\Noto_Sans_Cherokee_100.ttf,ok,7,501,494,7,0,
Noto Sans Cherokee,Noto_Sans_Cherokee_200,200,C:\Users\angel\OneDrive\Desktop\Kern\data\raw\fonts\Noto_Sans_Cherokee_200.ttf,ok,7,501,494,7,0,
Noto Sans Cherokee,Noto_Sans_Cherokee_300,300,C:\Users\angel\OneDrive\Desktop\Kern\data\raw\fonts\Noto_Sans_Cherokee_300.ttf,ok,7,501,494,7,0,
Noto Sans Cherokee,Noto_Sans_Cherokee_regular,regular,C:\Users\angel\OneDrive\Desktop\Kern\data\raw\fonts\Noto_Sans_Cherokee_regular.ttf,ok,7,501,494,7,0,
Noto Sans Cherokee,Noto_Sans_Cherokee_500,500,C:\Users\angel\OneDrive\Desktop\Kern\data\raw\fonts\Noto_Sans_Cherokee_500.ttf,ok,7,501,494,7,0,
Noto Sans Cherokee,Noto_Sans_Cherokee_600,600,C:\Users\angel\OneDrive\Desktop\Kern\data\raw\fonts\Noto_Sans_Cherokee_600.ttf,ok,7,501,494,7,0,
Noto Sans Cherokee,Noto_Sans_Cherokee_700,700,C:\Users\angel\OneDrive\Desktop\Kern\data\raw\fonts\Noto_Sans_Cherokee_700.ttf,ok,7,501,494,7,0,
Noto Sans Cherokee,Noto_Sans_Cherokee_800,800,C:\Users\angel\OneDrive\Desktop\Kern\data\raw\fonts\Noto_Sans_Cherokee_800.ttf,ok,7,501,494,7,0,
Noto Sans Cherokee,Noto_Sans_Cherokee_900,900,C:\Users\angel\OneDrive\Desktop\Kern\data\raw\fonts\Noto_Sans_Cherokee_900.ttf,ok,7,501,494,7,0,
Rubik Doodle Triangles,Rubik_Doodle_Triangles_regular,regular,C:\Users\angel\OneDrive\Desktop\Kern\data\raw\fonts\Rubik_Doodle_Triangles_regular.ttf,ok,223,8405,8182,223,0,
Noto Sans Cypro Minoan,Noto_Sans_Cypro_Minoan_regular,regular,C:\Users\angel\OneDrive\Desktop\Kern\data\raw\fonts\Noto_Sans_Cypro_Minoan_regular.ttf,ok,7,501,494,7,0,
Snowburst One,Snowburst_One_regular,regular,C:\Users\angel\OneDrive\Desktop\Kern\data\raw\fonts\Snowburst_One_regular.ttf,ok,0,0,0,0,0,
Noto Sans Balinese,Noto_Sans_Balinese_regular,regular,C:\Users\angel\OneDrive\Desktop\Kern\data\raw\fonts\Noto_Sans_Balinese_regular.ttf,ok,7,501,494,7,0,
Noto Sans Balinese,Noto_Sans_Balinese_500,500,C:\Users\angel\OneDrive\Desktop\Kern\data\raw\fonts\Noto_Sans_Balinese_500.ttf,ok,7,501,494,7,0,
Noto Sans Balinese,Noto_Sans_Balinese_600,600,C:\Users\angel\OneDrive\Desktop\Kern\data\raw\fonts\Noto_Sans_Balinese_600.ttf,ok,7,501,494,7,0,
Noto Sans Balinese,Noto_Sans_Balinese_700,700,C:\Users\angel\OneDrive\Desktop\Kern\data\raw\fonts\Noto_Sans_Balinese_700.ttf,ok,7,501,494,7,0,
Noto Sans Marchen,Noto_Sans_Marchen_regular,regular,C:\Users\angel\OneDrive\Desktop\Kern\data\raw\fonts\Noto_Sans_Marchen_regular.ttf,ok,7,501,494,7,0,
Big Shoulders Inline,Big_Shoulders_Inline_100,100,C:\Users\angel\OneDrive\Desktop\Kern\data\raw\fonts\Big_Shoulders_Inline_100.ttf,ok,0,2749,2749,0,0,
Big Shoulders Inline,Big_Shoulders_Inline_200,200,C:\Users\angel\OneDrive\Desktop\Kern\data\raw\fonts\Big_Shoulders_Inline_200.ttf,ok,0,2749,2749,0,0,
Big Shoulders Inline,Big_Shoulders_Inline_300,300,C:\Users\angel\OneDrive\Desktop\Kern\data\raw\fonts\Big_Shoulders_Inline_300.ttf,ok,0,2749,2749,0,0,
Big Shoulders Inline,Big_Shoulders_Inline_regular,regular,C:\Users\angel\OneDrive\Desktop\Kern\data\raw\fonts\Big_Shoulders_Inline_regular.ttf,ok,0,2749,2749,0,0,
Big Shoulders Inline,Big_Shoulders_Inline_500,500,C:\Users\angel\OneDrive\Desktop\Kern\data\raw\fonts\Big_Shoulders_Inline_500.ttf,ok,0,2749,2749,0,0,
Big Shoulders Inline,Big_Shoulders_Inline_600,600,C:\Users\angel\OneDrive\Desktop\Kern\data\raw\fonts\Big_Shoulders_Inline_600.ttf,ok,0,2749,2749,0,0,
Big Shoulders Inline,Big_Shoulders_Inline_700,700,C:\Users\angel\OneDrive\Desktop\Kern\data\raw\fonts\Big_Shoulders_Inline_700.ttf,ok,0,2749,2749,0,0,
Big Shoulders Inline,Big_Shoulders_Inline_800,800,C:\Users\angel\OneDrive\Desktop\Kern\data\raw\fonts\Big_Shoulders_Inline_800.ttf,ok,0,2749,2749,0,0,
Big Shoulders Inline,Big_Shoulders_Inline_900,900,C:\Users\angel\OneDrive\Desktop\Kern\data\raw\fonts\Big_Shoulders_Inline_900.ttf,ok,0,2749,2749,0,0,
Montenegrin Gothic One,Montenegrin_Gothic_One_regular,regular,C:\Users\angel\OneDrive\Desktop\Kern\data\raw\fonts\Montenegrin_Gothic_One_regular.ttf,ok,1528,1528,0,1528,0,
Labrada,Labrada_100,100,C:\Users\angel\OneDrive\Desktop\Kern\data\raw\fonts\Labrada_100.ttf,ok,0,414,414,0,0,
Labrada,Labrada_200,200,C:\Users\angel\OneDrive\Desktop\Kern\data\raw\fonts\Labrada_200.ttf,ok,0,414,414,0,0,
Labrada,Labrada_300,300,C:\Users\angel\OneDrive\Desktop\Kern\data\raw\fonts\Labrada_300.ttf,ok,0,414,414,0,0,
Labrada,Labrada_regular,regular,C:\Users\angel\OneDrive\Desktop\Kern\data\raw\fonts\Labrada_regular.ttf,ok,0,414,414,0,0,
Labrada,Labrada_500,500,C:\Users\angel\OneDrive\Desktop\Kern\data\raw\fonts\Labrada_500.ttf,ok,0,414,414,0,0,
Labrada,Labrada_600,600,C:\Users\angel\OneDrive\Desktop\Kern\data\raw\fonts\Labrada_600.ttf,ok,0,414,414,0,0,
Labrada,Labrada_700,700,C:\Users\angel\OneDrive\Desktop\Kern\data\raw\fonts\Labrada_700.ttf,ok,0,414,414,0,0,
Labrada,Labrada_800,800,C:\Users\angel\OneDrive\Desktop\Kern\data\raw\fonts\Labrada_800.ttf,ok,0,414,414,0,0,
Labrada,Labrada_900,900,C:\Users\angel\OneDrive\Desktop\Kern\data\raw\fonts\Labrada_900.ttf,ok,0,414,414,0,0,
Labrada,Labrada_100italic,100italic,C:\Users\angel\OneDrive\Desktop\Kern\data\raw\fonts\Labrada_100italic.ttf,ok,0,340,340,0,0,
Labrada,Labrada_200italic,200italic,C:\Users\angel\OneDrive\Desktop\Kern\data\raw\fonts\Labrada_200italic.ttf,ok,0,340,340,0,0,
Labrada,Labrada_300italic,300italic,C:\Users\angel\OneDrive\Desktop\Kern\data\raw\fonts\Labrada_300italic.ttf,ok,0,340,340,0,0,
Labrada,Labrada_italic,italic,C:\Users\angel\OneDrive\Desktop\Kern\data\raw\fonts\Labrada_italic.ttf,ok,0,340,340,0,0,
Labrada,Labrada_500italic,500italic,C:\Users\angel\OneDrive\Desktop\Kern\data\raw\fonts\Labrada_500italic.ttf,ok,0,340,340,0,0,
Labrada,Labrada_600italic,600italic,C:\Users\angel\OneDrive\Desktop\Kern\data\raw\fonts\Labrada_600italic.ttf,ok,0,340,340,0,0,
Labrada,Labrada_700italic,700italic,C:\Users\angel\OneDrive\Desktop\Kern\data\raw\fonts\Labrada_700italic.ttf,ok,0,340,340,0,0,
Labrada,Labrada_800italic,800italic,C:\Users\angel\OneDrive\Desktop\Kern\data\raw\fonts\Labrada_800italic.ttf,ok,0,340,340,0,0,
Labrada,Labrada_900italic,900italic,C:\Users\angel\OneDrive\Desktop\Kern\data\raw\fonts\Labrada_900italic.ttf,ok,0,340,340,0,0,
Vibes,Vibes_regular,regular,C:\Users\angel\OneDrive\Desktop\Kern\data\raw\fonts\Vibes_regular.ttf,ok,0,0,0,0,0,
Suravaram,Suravaram_regular,regular,C:\Users\angel\OneDrive\Desktop\Kern\data\raw\fonts\Suravaram_regular.ttf,ok,0,0,0,0,0,
Rubik Burned,Rubik_Burned_regular,regular,C:\Users\angel\OneDrive\Desktop\Kern\data\raw\fonts\Rubik_Burned_regular.ttf,ok,223,5696,5473,223,0,
Playwrite HU,Playwrite_HU_100,100,C:\Users\angel\OneDrive\Desktop\Kern\data\raw\fonts\Playwrite_HU_100.ttf,ok,0,24124,24124,0,0,
Playwrite HU,Playwrite_HU_200,200,C:\Users\angel\OneDrive\Desktop\Kern\data\raw\fonts\Playwrite_HU_200.ttf,ok,0,24124,24124,0,0,
Playwrite HU,Playwrite_HU_300,300,C:\Users\angel\OneDrive\Desktop\Kern\data\raw\fonts\Playwrite_HU_300.ttf,ok,0,24124,24124,0,0,
Playwrite HU,Playwrite_HU_regular,regular,C:\Users\angel\OneDrive\Desktop\Kern\data\raw\fonts\Playwrite_HU_regular.ttf,ok,0,24124,24124,0,0,
Estonia,Estonia_regular,regular,C:\Users\angel\OneDrive\Desktop\Kern\data\raw\fonts\Estonia_regular.ttf,ok,0,464,464,0,0,
M PLUS U,M_PLUS_U_100,100,C:\Users\angel\OneDrive\Desktop\Kern\data\raw\fonts\M_PLUS_U_100.ttf,ok,76,5667,5591,76,0,
M PLUS U,M_PLUS_U_200,200,C:\Users\angel\OneDrive\Desktop\Kern\data\raw\fonts\M_PLUS_U_200.ttf,ok,79,5667,5588,79,0,
M PLUS U,M_PLUS_U_300,300,C:\Users\angel\OneDrive\Desktop\Kern\data\raw\fonts\M_PLUS_U_300.ttf,ok,79,5667,5588,79,0,
M PLUS U,M_PLUS_U_regular,regular,C:\Users\angel\OneDrive\Desktop\Kern\data\raw\fonts\M_PLUS_U_regular.ttf,ok,79,5667,5588,79,0,
M PLUS U,M_PLUS_U_500,500,C:\Users\angel\OneDrive\Desktop\Kern\data\raw\fonts\M_PLUS_U_500.ttf,ok,79,5667,5588,79,0,
M PLUS U,M_PLUS_U_600,600,C:\Users\angel\OneDrive\Desktop\Kern\data\raw\fonts\M_PLUS_U_600.ttf,ok,79,5667,5588,79,0,
M PLUS U,M_PLUS_U_700,700,C:\Users\angel\OneDrive\Desktop\Kern\data\raw\fonts\M_PLUS_U_700.ttf,ok,79,5667,5588,79,0,
M PLUS U,M_PLUS_U_800,800,C:\Users\angel\OneDrive\Desktop\Kern\data\raw\fonts\M_PLUS_U_800.ttf,ok,79,5667,5588,79,0,
M PLUS U,M_PLUS_U_900,900,C:\Users\angel\OneDrive\Desktop\Kern\data\raw\fonts\M_PLUS_U_900.ttf,ok,66,5667,5601,66,0,
Palette Mosaic,Palette_Mosaic_regular,regular,C:\Users\angel\OneDrive\Desktop\Kern\data\raw\fonts\Palette_Mosaic_regular.ttf,ok,0,0,0,0,0,
Noto Serif Tangut,Noto_Serif_Tangut_regular,regular,C:\Users\angel\OneDrive\Desktop\Kern\data\raw\fonts\Noto_Serif_Tangut_regular.ttf,ok,5,2929,2924,5,0,
Jacquarda Bastarda 9,Jacquarda_Bastarda_9_regular,regular,C:\Users\angel\OneDrive\Desktop\Kern\data\raw\fonts\Jacquarda_Bastarda_9_regular.ttf,ok,20,21,1,20,0,
Noto Sans Newa,Noto_Sans_Newa_regular,regular,C:\Users\angel\OneDrive\Desktop\Kern\data\raw\fonts\Noto_Sans_Newa_regular.ttf,ok,7,501,494,7,0,
Sekuya,Sekuya_regular,regular,C:\Users\angel\OneDrive\Desktop\Kern\data\raw\fonts\Sekuya_regular.ttf,ok,1780,1780,0,1780,0,
Geostar,Geostar_regular,regular,C:\Users\angel\OneDrive\Desktop\Kern\data\raw\fonts\Geostar_regular.ttf,ok,358,358,0,358,0,
Saira Stencil,Saira_Stencil_100,100,C:\Users\angel\OneDrive\Desktop\Kern\data\raw\fonts\Saira_Stencil_100.ttf,ok,110,3165,3055,110,0,
Saira Stencil,Saira_Stencil_200,200,C:\Users\angel\OneDrive\Desktop\Kern\data\raw\fonts\Saira_Stencil_200.ttf,ok,110,3165,3055,110,0,
Saira Stencil,Saira_Stencil_300,300,C:\Users\angel\OneDrive\Desktop\Kern\data\raw\fonts\Saira_Stencil_300.ttf,ok,110,3165,3055,110,0,
Saira Stencil,Saira_Stencil_regular,regular,C:\Users\angel\OneDrive\Desktop\Kern\data\raw\fonts\Saira_Stencil_regular.ttf,ok,110,3165,3055,110,0,
Saira Stencil,Saira_Stencil_500,500,C:\Users\angel\OneDrive\Desktop\Kern\data\raw\fonts\Saira_Stencil_500.ttf,ok,110,3165,3055,110,0,
Saira Stencil,Saira_Stencil_600,600,C:\Users\angel\OneDrive\Desktop\Kern\data\raw\fonts\Saira_Stencil_600.ttf,ok,109,3165,3056,109,0,
Saira Stencil,Saira_Stencil_700,700,C:\Users\angel\OneDrive\Desktop\Kern\data\raw\fonts\Saira_Stencil_700.ttf,ok,109,3165,3056,109,0,
Saira Stencil,Saira_Stencil_800,800,C:\Users\angel\OneDrive\Desktop\Kern\data\raw\fonts\Saira_Stencil_800.ttf,ok,109,3165,3056,109,0,
Saira Stencil,Saira_Stencil_900,900,C:\Users\angel\OneDrive\Desktop\Kern\data\raw\fonts\Saira_Stencil_900.ttf,ok,109,3165,3056,109,0,
Saira Stencil,Saira_Stencil_100italic,100italic,C:\Users\angel\OneDrive\Desktop\Kern\data\raw\fonts\Saira_Stencil_100italic.ttf,ok,63,3297,3234,63,0,
Saira Stencil,Saira_Stencil_200italic,200italic,C:\Users\angel\OneDrive\Desktop\Kern\data\raw\fonts\Saira_Stencil_200italic.ttf,ok,77,3297,3220,77,0,
Saira Stencil,Saira_Stencil_300italic,300italic,C:\Users\angel\OneDrive\Desktop\Kern\data\raw\fonts\Saira_Stencil_300italic.ttf,ok,78,3297,3219,78,0,
Saira Stencil,Saira_Stencil_italic,italic,C:\Users\angel\OneDrive\Desktop\Kern\data\raw\fonts\Saira_Stencil_italic.ttf,ok,78,3297,3219,78,0,
Saira Stencil,Saira_Stencil_500italic,500italic,C:\Users\angel\OneDrive\Desktop\Kern\data\raw\fonts\Saira_Stencil_500italic.ttf,ok,78,3297,3219,78,0,
Saira Stencil,Saira_Stencil_600italic,600italic,C:\Users\angel\OneDrive\Desktop\Kern\data\raw\fonts\Saira_Stencil_600italic.ttf,ok,78,3297,3219,78,0,
Saira Stencil,Saira_Stencil_700italic,700italic,C:\Users\angel\OneDrive\Desktop\Kern\data\raw\fonts\Saira_Stencil_700italic.ttf,ok,78,3297,3219,78,0,
Saira Stencil,Saira_Stencil_800italic,800italic,C:\Users\angel\OneDrive\Desktop\Kern\data\raw\fonts\Saira_Stencil_800italic.ttf,ok,78,3297,3219,78,0,
Saira Stencil,Saira_Stencil_900italic,900italic,C:\Users\angel\OneDrive\Desktop\Kern\data\raw\fonts\Saira_Stencil_900italic.ttf,ok,62,3297,3235,62,0,
Noto Sans Shavian,Noto_Sans_Shavian_regular,regular,C:\Users\angel\OneDrive\Desktop\Kern\data\raw\fonts\Noto_Sans_Shavian_regular.ttf,ok,7,501,494,7,0,
Playwrite BE VLG,Playwrite_BE_VLG_100,100,C:\Users\angel\OneDrive\Desktop\Kern\data\raw\fonts\Playwrite_BE_VLG_100.ttf,ok,0,24300,24300,0,0,
Playwrite BE VLG,Playwrite_BE_VLG_200,200,C:\Users\angel\OneDrive\Desktop\Kern\data\raw\fonts\Playwrite_BE_VLG_200.ttf,ok,0,24300,24300,0,0,
Playwrite BE VLG,Playwrite_BE_VLG_300,300,C:\Users\angel\OneDrive\Desktop\Kern\data\raw\fonts\Playwrite_BE_VLG_300.ttf,ok,0,24300,24300,0,0,
Playwrite BE VLG,Playwrite_BE_VLG_regular,regular,C:\Users\angel\OneDrive\Desktop\Kern\data\raw\fonts\Playwrite_BE_VLG_regular.ttf,ok,0,24300,24300,0,0,
Aubrey,Aubrey_regular,regular,C:\Users\angel\OneDrive\Desktop\Kern\data\raw\fonts\Aubrey_regular.ttf,ok,930,1623,693,930,0,
Noto Sans Yi,Noto_Sans_Yi_regular,regular,C:\Users\angel\OneDrive\Desktop\Kern\data\raw\fonts\Noto_Sans_Yi_regular.ttf,ok,7,501,494,7,0,
Noto Sans Vithkuqi,Noto_Sans_Vithkuqi_regular,regular,C:\Users\angel\OneDrive\Desktop\Kern\data\raw\fonts\Noto_Sans_Vithkuqi_regular.ttf,ok,7,501,494,7,0,
Noto Sans Vithkuqi,Noto_Sans_Vithkuqi_500,500,C:\Users\angel\OneDrive\Desktop\Kern\data\raw\fonts\Noto_Sans_Vithkuqi_500.ttf,ok,7,501,494,7,0,
Noto Sans Vithkuqi,Noto_Sans_Vithkuqi_600,600,C:\Users\angel\OneDrive\Desktop\Kern\data\raw\fonts\Noto_Sans_Vithkuqi_600.ttf,ok,7,501,494,7,0,
Noto Sans Vithkuqi,Noto_Sans_Vithkuqi_700,700,C:\Users\angel\OneDrive\Desktop\Kern\data\raw\fonts\Noto_Sans_Vithkuqi_700.ttf,ok,7,501,494,7,0,
Kedebideri,Kedebideri_regular,regular,C:\Users\angel\OneDrive\Desktop\Kern\data\raw\fonts\Kedebideri_regular.ttf,ok,0,2704,2704,0,0,
Kedebideri,Kedebideri_500,500,C:\Users\angel\OneDrive\Desktop\Kern\data\raw\fonts\Kedebideri_500.ttf,ok,0,2704,2704,0,0,
Kedebideri,Kedebideri_600,600,C:\Users\angel\OneDrive\Desktop\Kern\data\raw\fonts\Kedebideri_600.ttf,ok,0,2704,2704,0,0,
Kedebideri,Kedebideri_700,700,C:\Users\angel\OneDrive\Desktop\Kern\data\raw\fonts\Kedebideri_700.ttf,ok,0,2704,2704,0,0,
Kedebideri,Kedebideri_800,800,C:\Users\angel\OneDrive\Desktop\Kern\data\raw\fonts\Kedebideri_800.ttf,ok,0,2704,2704,0,0,
Kedebideri,Kedebideri_900,900,C:\Users\angel\OneDrive\Desktop\Kern\data\raw\fonts\Kedebideri_900.ttf,ok,0,2704,2704,0,0,
Slackside One,Slackside_One_regular,regular,C:\Users\angel\OneDrive\Desktop\Kern\data\raw\fonts\Slackside_One_regular.ttf,ok,456,456,0,456,0,
Ruge Boogie,Ruge_Boogie_regular,regular,C:\Users\angel\OneDrive\Desktop\Kern\data\raw\fonts\Ruge_Boogie_regular.ttf,ok,14,14,0,14,0,
Asimovian,Asimovian_regular,regular,C:\Users\angel\OneDrive\Desktop\Kern\data\raw\fonts\Asimovian_regular.ttf,ok,107,2358,2251,107,0,
Phetsarath,Phetsarath_regular,regular,C:\Users\angel\OneDrive\Desktop\Kern\data\raw\fonts\Phetsarath_regular.ttf,ok,0,0,0,0,0,
Phetsarath,Phetsarath_700,700,C:\Users\angel\OneDrive\Desktop\Kern\data\raw\fonts\Phetsarath_700.ttf,ok,0,0,0,0,0,
Bahianita,Bahianita_regular,regular,C:\Users\angel\OneDrive\Desktop\Kern\data\raw\fonts\Bahianita_regular.ttf,ok,0,12036,12036,0,0,
Noto Serif Toto,Noto_Serif_Toto_regular,regular,C:\Users\angel\OneDrive\Desktop\Kern\data\raw\fonts\Noto_Serif_Toto_regular.ttf,ok,5,5633,5628,5,0,
Noto Serif Toto,Noto_Serif_Toto_500,500,C:\Users\angel\OneDrive\Desktop\Kern\data\raw\fonts\Noto_Serif_Toto_500.ttf,ok,5,5633,5628,5,0,
Noto Serif Toto,Noto_Serif_Toto_600,600,C:\Users\angel\OneDrive\Desktop\Kern\data\raw\fonts\Noto_Serif_Toto_600.ttf,ok,5,5633,5628,5,0,
Noto Serif Toto,Noto_Serif_Toto_700,700,C:\Users\angel\OneDrive\Desktop\Kern\data\raw\fonts\Noto_Serif_Toto_700.ttf,ok,5,5633,5628,5,0,
LXGW Marker Gothic,LXGW_Marker_Gothic_regular,regular,C:\Users\angel\OneDrive\Desktop\Kern\data\raw\fonts\LXGW_Marker_Gothic_regular.ttf,ok,0,0,0,0,0,
Blaka Hollow,Blaka_Hollow_regular,regular,C:\Users\angel\OneDrive\Desktop\Kern\data\raw\fonts\Blaka_Hollow_regular.ttf,ok,0,0,0,0,0,
Noto Serif Myanmar,Noto_Serif_Myanmar_100,100,C:\Users\angel\OneDrive\Desktop\Kern\data\raw\fonts\Noto_Serif_Myanmar_100.ttf,ok,0,0,0,0,0,
Noto Serif Myanmar,Noto_Serif_Myanmar_200,200,C:\Users\angel\OneDrive\Desktop\Kern\data\raw\fonts\Noto_Serif_Myanmar_200.ttf,ok,0,0,0,0,0,
Noto Serif Myanmar,Noto_Serif_Myanmar_300,300,C:\Users\angel\OneDrive\Desktop\Kern\data\raw\fonts\Noto_Serif_Myanmar_300.ttf,ok,0,0,0,0,0,
Noto Serif Myanmar,Noto_Serif_Myanmar_regular,regular,C:\Users\angel\OneDrive\Desktop\Kern\data\raw\fonts\Noto_Serif_Myanmar_regular.ttf,ok,0,0,0,0,0,
Noto Serif Myanmar,Noto_Serif_Myanmar_500,500,C:\Users\angel\OneDrive\Desktop\Kern\data\raw\fonts\Noto_Serif_Myanmar_500.ttf,ok,0,0,0,0,0,
Noto Serif Myanmar,Noto_Serif_Myanmar_600,600,C:\Users\angel\OneDrive\Desktop\Kern\data\raw\fonts\Noto_Serif_Myanmar_600.ttf,ok,0,0,0,0,0,
Noto Serif Myanmar,Noto_Serif_Myanmar_700,700,C:\Users\angel\OneDrive\Desktop\Kern\data\raw\fonts\Noto_Serif_Myanmar_700.ttf,ok,0,0,0,0,0,
Noto Serif Myanmar,Noto_Serif_Myanmar_800,800,C:\Users\angel\OneDrive\Desktop\Kern\data\raw\fonts\Noto_Serif_Myanmar_800.ttf,ok,0,0,0,0,0,
Noto Serif Myanmar,Noto_Serif_Myanmar_900,900,C:\Users\angel\OneDrive\Desktop\Kern\data\raw\fonts\Noto_Serif_Myanmar_900.ttf,ok,0,0,0,0,0,
Rock 3D,Rock_3D_regular,regular,C:\Users\angel\OneDrive\Desktop\Kern\data\raw\fonts\Rock_3D_regular.ttf,ok,0,0,0,0,0,
Alyamama,Alyamama_300,300,C:\Users\angel\OneDrive\Desktop\Kern\data\raw\fonts\Alyamama_300.ttf,ok,612,3425,2813,612,0,
Alyamama,Alyamama_regular,regular,C:\Users\angel\OneDrive\Desktop\Kern\data\raw\fonts\Alyamama_regular.ttf,ok,615,3425,2810,615,0,
Alyamama,Alyamama_500,500,C:\Users\angel\OneDrive\Desktop\Kern\data\raw\fonts\Alyamama_500.ttf,ok,606,3425,2819,606,0,
Alyamama,Alyamama_600,600,C:\Users\angel\OneDrive\Desktop\Kern\data\raw\fonts\Alyamama_600.ttf,ok,595,3425,2830,595,0,
Alyamama,Alyamama_700,700,C:\Users\angel\OneDrive\Desktop\Kern\data\raw\fonts\Alyamama_700.ttf,ok,614,3425,2811,614,0,
Alyamama,Alyamama_800,800,C:\Users\angel\OneDrive\Desktop\Kern\data\raw\fonts\Alyamama_800.ttf,ok,569,3425,2856,569,0,
Alyamama,Alyamama_900,900,C:\Users\angel\OneDrive\Desktop\Kern\data\raw\fonts\Alyamama_900.ttf,ok,298,3425,3127,298,0,
Menbere,Menbere_100,100,C:\Users\angel\OneDrive\Desktop\Kern\data\raw\fonts\Menbere_100.ttf,ok,2312,2670,358,2312,0,
Menbere,Menbere_200,200,C:\Users\angel\OneDrive\Desktop\Kern\data\raw\fonts\Menbere_200.ttf,ok,2562,2670,108,2562,0,
Menbere,Menbere_300,300,C:\Users\angel\OneDrive\Desktop\Kern\data\raw\fonts\Menbere_300.ttf,ok,2556,2670,114,2556,0,
Menbere,Menbere_regular,regular,C:\Users\angel\OneDrive\Desktop\Kern\data\raw\fonts\Menbere_regular.ttf,ok,2316,2670,354,2316,0,
Menbere,Menbere_500,500,C:\Users\angel\OneDrive\Desktop\Kern\data\raw\fonts\Menbere_500.ttf,ok,2617,2670,53,2617,0,
Menbere,Menbere_600,600,C:\Users\angel\OneDrive\Desktop\Kern\data\raw\fonts\Menbere_600.ttf,ok,2612,2670,58,2612,0,
Menbere,Menbere_700,700,C:\Users\angel\OneDrive\Desktop\Kern\data\raw\fonts\Menbere_700.ttf,ok,2533,2670,137,2533,0,
Noto Serif Balinese,Noto_Serif_Balinese_regular,regular,C:\Users\angel\OneDrive\Desktop\Kern\data\raw\fonts\Noto_Serif_Balinese_regular.ttf,ok,5,2929,2924,5,0,
Kalnia Glaze,Kalnia_Glaze_100,100,C:\Users\angel\OneDrive\Desktop\Kern\data\raw\fonts\Kalnia_Glaze_100.ttf,ok,0,2704,2704,0,0,
Kalnia Glaze,Kalnia_Glaze_200,200,C:\Users\angel\OneDrive\Desktop\Kern\data\raw\fonts\Kalnia_Glaze_200.ttf,ok,0,2704,2704,0,0,
Kalnia Glaze,Kalnia_Glaze_300,300,C:\Users\angel\OneDrive\Desktop\Kern\data\raw\fonts\Kalnia_Glaze_300.ttf,ok,0,2704,2704,0,0,
Kalnia Glaze,Kalnia_Glaze_regular,regular,C:\Users\angel\OneDrive\Desktop\Kern\data\raw\fonts\Kalnia_Glaze_regular.ttf,ok,0,2704,2704,0,0,
Kalnia Glaze,Kalnia_Glaze_500,500,C:\Users\angel\OneDrive\Desktop\Kern\data\raw\fonts\Kalnia_Glaze_500.ttf,ok,0,2704,2704,0,0,
Kalnia Glaze,Kalnia_Glaze_600,600,C:\Users\angel\OneDrive\Desktop\Kern\data\raw\fonts\Kalnia_Glaze_600.ttf,ok,0,2704,2704,0,0,
Kalnia Glaze,Kalnia_Glaze_700,700,C:\Users\angel\OneDrive\Desktop\Kern\data\raw\fonts\Kalnia_Glaze_700.ttf,ok,0,2704,2704,0,0,
Noto Sans Syriac,Noto_Sans_Syriac_100,100,C:\Users\angel\OneDrive\Desktop\Kern\data\raw\fonts\Noto_Sans_Syriac_100.ttf,ok,7,501,494,7,0,
Noto Sans Syriac,Noto_Sans_Syriac_200,200,C:\Users\angel\OneDrive\Desktop\Kern\data\raw\fonts\Noto_Sans_Syriac_200.ttf,ok,7,501,494,7,0,
Noto Sans Syriac,Noto_Sans_Syriac_300,300,C:\Users\angel\OneDrive\Desktop\Kern\data\raw\fonts\Noto_Sans_Syriac_300.ttf,ok,7,501,494,7,0,
Noto Sans Syriac,Noto_Sans_Syriac_regular,regular,C:\Users\angel\OneDrive\Desktop\Kern\data\raw\fonts\Noto_Sans_Syriac_regular.ttf,ok,7,501,494,7,0,
Noto Sans Syriac,Noto_Sans_Syriac_500,500,C:\Users\angel\OneDrive\Desktop\Kern\data\raw\fonts\Noto_Sans_Syriac_500.ttf,ok,7,501,494,7,0,
Noto Sans Syriac,Noto_Sans_Syriac_600,600,C:\Users\angel\OneDrive\Desktop\Kern\data\raw\fonts\Noto_Sans_Syriac_600.ttf,ok,7,501,494,7,0,
Noto Sans Syriac,Noto_Sans_Syriac_700,700,C:\Users\angel\OneDrive\Desktop\Kern\data\raw\fonts\Noto_Sans_Syriac_700.ttf,ok,7,501,494,7,0,
Noto Sans Syriac,Noto_Sans_Syriac_800,800,C:\Users\angel\OneDrive\Desktop\Kern\data\raw\fonts\Noto_Sans_Syriac_800.ttf,ok,7,501,494,7,0,
Noto Sans Syriac,Noto_Sans_Syriac_900,900,C:\Users\angel\OneDrive\Desktop\Kern\data\raw\fonts\Noto_Sans_Syriac_900.ttf,ok,7,501,494,7,0,
Narnoor,Narnoor_regular,regular,C:\Users\angel\OneDrive\Desktop\Kern\data\raw\fonts\Narnoor_regular.ttf,ok,0,0,0,0,0,
Narnoor,Narnoor_500,500,C:\Users\angel\OneDrive\Desktop\Kern\data\raw\fonts\Narnoor_500.ttf,ok,0,0,0,0,0,
Narnoor,Narnoor_600,600,C:\Users\angel\OneDrive\Desktop\Kern\data\raw\fonts\Narnoor_600.ttf,ok,0,0,0,0,0,
Narnoor,Narnoor_700,700,C:\Users\angel\OneDrive\Desktop\Kern\data\raw\fonts\Narnoor_700.ttf,ok,0,0,0,0,0,
Narnoor,Narnoor_800,800,C:\Users\angel\OneDrive\Desktop\Kern\data\raw\fonts\Narnoor_800.ttf,ok,0,0,0,0,0,
Ingrid Darling,Ingrid_Darling_regular,regular,C:\Users\angel\OneDrive\Desktop\Kern\data\raw\fonts\Ingrid_Darling_regular.ttf,ok,0,320,320,0,0,
Noto Sans Duployan,Noto_Sans_Duployan_regular,regular,C:\Users\angel\OneDrive\Desktop\Kern\data\raw\fonts\Noto_Sans_Duployan_regular.ttf,ok,7,3136,3129,7,0,
Noto Sans Duployan,Noto_Sans_Duployan_700,700,C:\Users\angel\OneDrive\Desktop\Kern\data\raw\fonts\Noto_Sans_Duployan_700.ttf,ok,7,3136,3129,7,0,
Playwrite FR Moderne,Playwrite_FR_Moderne_100,100,C:\Users\angel\OneDrive\Desktop\Kern\data\raw\fonts\Playwrite_FR_Moderne_100.ttf,ok,0,30550,30550,0,0,
Playwrite FR Moderne,Playwrite_FR_Moderne_200,200,C:\Users\angel\OneDrive\Desktop\Kern\data\raw\fonts\Playwrite_FR_Moderne_200.ttf,ok,0,30550,30550,0,0,
Playwrite FR Moderne,Playwrite_FR_Moderne_300,300,C:\Users\angel\OneDrive\Desktop\Kern\data\raw\fonts\Playwrite_FR_Moderne_300.ttf,ok,0,30550,30550,0,0,
Playwrite FR Moderne,Playwrite_FR_Moderne_regular,regular,C:\Users\angel\OneDrive\Desktop\Kern\data\raw\fonts\Playwrite_FR_Moderne_regular.ttf,ok,0,30550,30550,0,0,
Noto Sans Egyptian Hieroglyphs,Noto_Sans_Egyptian_Hieroglyphs_regular,regular,C:\Users\angel\OneDrive\Desktop\Kern\data\raw\fonts\Noto_Sans_Egyptian_Hieroglyphs_regular.ttf,ok,7,501,494,7,0,
Rubik Microbe,Rubik_Microbe_regular,regular,C:\Users\angel\OneDrive\Desktop\Kern\data\raw\fonts\Rubik_Microbe_regular.ttf,ok,223,5696,5473,223,0,
Noto Sans Old Turkic,Noto_Sans_Old_Turkic_regular,regular,C:\Users\angel\OneDrive\Desktop\Kern\data\raw\fonts\Noto_Sans_Old_Turkic_regular.ttf,ok,7,501,494,7,0,
Chokokutai,Chokokutai_regular,regular,C:\Users\angel\OneDrive\Desktop\Kern\data\raw\fonts\Chokokutai_regular.ttf,ok,161,162,1,161,0,
Grandiflora One,Grandiflora_One_regular,regular,C:\Users\angel\OneDrive\Desktop\Kern\data\raw\fonts\Grandiflora_One_regular.ttf,ok,1020,4938,3918,1020,0,
Miranda Sans,Miranda_Sans_regular,regular,C:\Users\angel\OneDrive\Desktop\Kern\data\raw\fonts\Miranda_Sans_regular.ttf,ok,17,5425,5408,17,0,
Miranda Sans,Miranda_Sans_500,500,C:\Users\angel\OneDrive\Desktop\Kern\data\raw\fonts\Miranda_Sans_500.ttf,ok,17,5425,5408,17,0,
Miranda Sans,Miranda_Sans_600,600,C:\Users\angel\OneDrive\Desktop\Kern\data\raw\fonts\Miranda_Sans_600.ttf,ok,17,5425,5408,17,0,
Miranda Sans,Miranda_Sans_700,700,C:\Users\angel\OneDrive\Desktop\Kern\data\raw\fonts\Miranda_Sans_700.ttf,ok,17,5425,5408,17,0,
Miranda Sans,Miranda_Sans_italic,italic,C:\Users\angel\OneDrive\Desktop\Kern\data\raw\fonts\Miranda_Sans_italic.ttf,ok,17,5425,5408,17,0,
Miranda Sans,Miranda_Sans_500italic,500italic,C:\Users\angel\OneDrive\Desktop\Kern\data\raw\fonts\Miranda_Sans_500italic.ttf,ok,17,5425,5408,17,0,
Miranda Sans,Miranda_Sans_600italic,600italic,C:\Users\angel\OneDrive\Desktop\Kern\data\raw\fonts\Miranda_Sans_600italic.ttf,ok,17,5425,5408,17,0,
Miranda Sans,Miranda_Sans_700italic,700italic,C:\Users\angel\OneDrive\Desktop\Kern\data\raw\fonts\Miranda_Sans_700italic.ttf,ok,17,5425,5408,17,0,
Playwrite IT Moderna,Playwrite_IT_Moderna_100,100,C:\Users\angel\OneDrive\Desktop\Kern\data\raw\fonts\Playwrite_IT_Moderna_100.ttf,ok,0,29421,29421,0,0,
Playwrite IT Moderna,Playwrite_IT_Moderna_200,200,C:\Users\angel\OneDrive\Desktop\Kern\data\raw\fonts\Playwrite_IT_Moderna_200.ttf,ok,0,29421,29421,0,0,
Playwrite IT Moderna,Playwrite_IT_Moderna_300,300,C:\Users\angel\OneDrive\Desktop\Kern\data\raw\fonts\Playwrite_IT_Moderna_300.ttf,ok,0,29421,29421,0,0,
Playwrite IT Moderna,Playwrite_IT_Moderna_regular,regular,C:\Users\angel\OneDrive\Desktop\Kern\data\raw\fonts\Playwrite_IT_Moderna_regular.ttf,ok,0,29421,29421,0,0,
UoqMunThenKhung,UoqMunThenKhung_regular,regular,C:\Users\angel\OneDrive\Desktop\Kern\data\raw\fonts\UoqMunThenKhung_regular.ttf,ok,0,0,0,0,0,
Noto Sans NKo,Noto_Sans_NKo_regular,regular,C:\Users\angel\OneDrive\Desktop\Kern\data\raw\fonts\Noto_Sans_NKo_regular.ttf,ok,7,501,494,7,0,
Karla Tamil Inclined,Karla_Tamil_Inclined_regular,regular,C:\Users\angel\OneDrive\Desktop\Kern\data\raw\fonts\Karla_Tamil_Inclined_regular.ttf,ok,0,0,0,0,0,
Karla Tamil Inclined,Karla_Tamil_Inclined_700,700,C:\Users\angel\OneDrive\Desktop\Kern\data\raw\fonts\Karla_Tamil_Inclined_700.ttf,ok,0,0,0,0,0,
Noto Sans Old Italic,Noto_Sans_Old_Italic_regular,regular,C:\Users\angel\OneDrive\Desktop\Kern\data\raw\fonts\Noto_Sans_Old_Italic_regular.ttf,ok,7,501,494,7,0,
Playwrite NL,Playwrite_NL_100,100,C:\Users\angel\OneDrive\Desktop\Kern\data\raw\fonts\Playwrite_NL_100.ttf,ok,0,24167,24167,0,0,
Playwrite NL,Playwrite_NL_200,200,C:\Users\angel\OneDrive\Desktop\Kern\data\raw\fonts\Playwrite_NL_200.ttf,ok,0,24167,24167,0,0,
Playwrite NL,Playwrite_NL_300,300,C:\Users\angel\OneDrive\Desktop\Kern\data\raw\fonts\Playwrite_NL_300.ttf,ok,0,24167,24167,0,0,
Playwrite NL,Playwrite_NL_regular,regular,C:\Users\angel\OneDrive\Desktop\Kern\data\raw\fonts\Playwrite_NL_regular.ttf,ok,0,24167,24167,0,0,
Moirai One,Moirai_One_regular,regular,C:\Users\angel\OneDrive\Desktop\Kern\data\raw\fonts\Moirai_One_regular.ttf,ok,249,5708,5459,249,0,
Yuyu,Yuyu_regular,regular,C:\Users\angel\OneDrive\Desktop\Kern\data\raw\fonts\Yuyu_regular.ttf,ok,113,2370,2257,113,0,
Noto Sans Sunuwar,Noto_Sans_Sunuwar_regular,regular,C:\Users\angel\OneDrive\Desktop\Kern\data\raw\fonts\Noto_Sans_Sunuwar_regular.ttf,ok,7,596,589,7,0,
Yuji Hentaigana Akari,Yuji_Hentaigana_Akari_regular,regular,C:\Users\angel\OneDrive\Desktop\Kern\data\raw\fonts\Yuji_Hentaigana_Akari_regular.ttf,ok,0,0,0,0,0,
Rubik Marker Hatch,Rubik_Marker_Hatch_regular,regular,C:\Users\angel\OneDrive\Desktop\Kern\data\raw\fonts\Rubik_Marker_Hatch_regular.ttf,ok,223,5696,5473,223,0,
Playwrite MX Guides,Playwrite_MX_Guides_regular,regular,C:\Users\angel\OneDrive\Desktop\Kern\data\raw\fonts\Playwrite_MX_Guides_regular.ttf,ok,0,0,0,0,0,
Mingzat,Mingzat_regular,regular,C:\Users\angel\OneDrive\Desktop\Kern\data\raw\fonts\Mingzat_regular.ttf,ok,0,0,0,0,0,
Gajraj One,Gajraj_One_regular,regular,C:\Users\angel\OneDrive\Desktop\Kern\data\raw\fonts\Gajraj_One_regular.ttf,ok,0,0,0,0,0,
Gveret Levin,Gveret_Levin_regular,regular,C:\Users\angel\OneDrive\Desktop\Kern\data\raw\fonts\Gveret_Levin_regular.ttf,ok,0,5534,5534,0,0,
Bitcount Prop Double Ink,Bitcount_Prop_Double_Ink_100,100,C:\Users\angel\OneDrive\Desktop\Kern\data\raw\fonts\Bitcount_Prop_Double_Ink_100.ttf,ok,36,456,420,36,0,
Bitcount Prop Double Ink,Bitcount_Prop_Double_Ink_200,200,C:\Users\angel\OneDrive\Desktop\Kern\data\raw\fonts\Bitcount_Prop_Double_Ink_200.ttf,ok,36,456,420,36,0,
Bitcount Prop Double Ink,Bitcount_Prop_Double_Ink_300,300,C:\Users\angel\OneDrive\Desktop\Kern\data\raw\fonts\Bitcount_Prop_Double_Ink_300.ttf,ok,36,456,420,36,0,
Bitcount Prop Double Ink,Bitcount_Prop_Double_Ink_regular,regular,C:\Users\angel\OneDrive\Desktop\Kern\data\raw\fonts\Bitcount_Prop_Double_Ink_regular.ttf,ok,36,456,420,36,0,
Bitcount Prop Double Ink,Bitcount_Prop_Double_Ink_500,500,C:\Users\angel\OneDrive\Desktop\Kern\data\raw\fonts\Bitcount_Prop_Double_Ink_500.ttf,ok,36,456,420,36,0,
Bitcount Prop Double Ink,Bitcount_Prop_Double_Ink_600,600,C:\Users\angel\OneDrive\Desktop\Kern\data\raw\fonts\Bitcount_Prop_Double_Ink_600.ttf,ok,36,456,420,36,0,
Bitcount Prop Double Ink,Bitcount_Prop_Double_Ink_700,700,C:\Users\angel\OneDrive\Desktop\Kern\data\raw\fonts\Bitcount_Prop_Double_Ink_700.ttf,ok,36,456,420,36,0,
Bitcount Prop Double Ink,Bitcount_Prop_Double_Ink_800,800,C:\Users\angel\OneDrive\Desktop\Kern\data\raw\fonts\Bitcount_Prop_Double_Ink_800.ttf,ok,36,456,420,36,0,
Bitcount Prop Double Ink,Bitcount_Prop_Double_Ink_900,900,C:\Users\angel\OneDrive\Desktop\Kern\data\raw\fonts\Bitcount_Prop_Double_Ink_900.ttf,ok,36,456,420,36,0,
Playwrite ZA,Playwrite_ZA_100,100,C:\Users\angel\OneDrive\Desktop\Kern\data\raw\fonts\Playwrite_ZA_100.ttf,ok,0,24211,24211,0,0,
Playwrite ZA,Playwrite_ZA_200,200,C:\Users\angel\OneDrive\Desktop\Kern\data\raw\fonts\Playwrite_ZA_200.ttf,ok,0,24211,24211,0,0,
Playwrite ZA,Playwrite_ZA_300,300,C:\Users\angel\OneDrive\Desktop\Kern\data\raw\fonts\Playwrite_ZA_300.ttf,ok,0,24211,24211,0,0,
Playwrite ZA,Playwrite_ZA_regular,regular,C:\Users\angel\OneDrive\Desktop\Kern\data\raw\fonts\Playwrite_ZA_regular.ttf,ok,0,24211,24211,0,0,
Noto Sans Runic,Noto_Sans_Runic_regular,regular,C:\Users\angel\OneDrive\Desktop\Kern\data\raw\fonts\Noto_Sans_Runic_regular.ttf,ok,7,501,494,7,0,
Coral Pixels,Coral_Pixels_regular,regular,C:\Users\angel\OneDrive\Desktop\Kern\data\raw\fonts\Coral_Pixels_regular.ttf,ok,0,3139,3139,0,0,
Lisu Bosa,Lisu_Bosa_200,200,C:\Users\angel\OneDrive\Desktop\Kern\data\raw\fonts\Lisu_Bosa_200.ttf,ok,0,2704,2704,0,0,
Lisu Bosa,Lisu_Bosa_200italic,200italic,C:\Users\angel\OneDrive\Desktop\Kern\data\raw\fonts\Lisu_Bosa_200italic.ttf,ok,0,2704,2704,0,0,
Lisu Bosa,Lisu_Bosa_300,300,C:\Users\angel\OneDrive\Desktop\Kern\data\raw\fonts\Lisu_Bosa_300.ttf,ok,0,2704,2704,0,0,
Lisu Bosa,Lisu_Bosa_300italic,300italic,C:\Users\angel\OneDrive\Desktop\Kern\data\raw\fonts\Lisu_Bosa_300italic.ttf,ok,0,2704,2704,0,0,
Lisu Bosa,Lisu_Bosa_regular,regular,C:\Users\angel\OneDrive\Desktop\Kern\data\raw\fonts\Lisu_Bosa_regular.ttf,ok,0,2704,2704,0,0,
Lisu Bosa,Lisu_Bosa_italic,italic,C:\Users\angel\OneDrive\Desktop\Kern\data\raw\fonts\Lisu_Bosa_italic.ttf,ok,0,2704,2704,0,0,
Lisu Bosa,Lisu_Bosa_500,500,C:\Users\angel\OneDrive\Desktop\Kern\data\raw\fonts\Lisu_Bosa_500.ttf,ok,0,2704,2704,0,0,
Lisu Bosa,Lisu_Bosa_500italic,500italic,C:\Users\angel\OneDrive\Desktop\Kern\data\raw\fonts\Lisu_Bosa_500italic.ttf,ok,0,2704,2704,0,0,
Lisu Bosa,Lisu_Bosa_600,600,C:\Users\angel\OneDrive\Desktop\Kern\data\raw\fonts\Lisu_Bosa_600.ttf,ok,0,2704,2704,0,0,
Lisu Bosa,Lisu_Bosa_600italic,600italic,C:\Users\angel\OneDrive\Desktop\Kern\data\raw\fonts\Lisu_Bosa_600italic.ttf,ok,0,2704,2704,0,0,
Lisu Bosa,Lisu_Bosa_700,700,C:\Users\angel\OneDrive\Desktop\Kern\data\raw\fonts\Lisu_Bosa_700.ttf,ok,0,2704,2704,0,0,
Lisu Bosa,Lisu_Bosa_700italic,700italic,C:\Users\angel\OneDrive\Desktop\Kern\data\raw\fonts\Lisu_Bosa_700italic.ttf,ok,0,2704,2704,0,0,
Lisu Bosa,Lisu_Bosa_800,800,C:\Users\angel\OneDrive\Desktop\Kern\data\raw\fonts\Lisu_Bosa_800.ttf,ok,0,2704,2704,0,0,
Lisu Bosa,Lisu_Bosa_800italic,800italic,C:\Users\angel\OneDrive\Desktop\Kern\data\raw\fonts\Lisu_Bosa_800italic.ttf,ok,0,2704,2704,0,0,
Lisu Bosa,Lisu_Bosa_900,900,C:\Users\angel\OneDrive\Desktop\Kern\data\raw\fonts\Lisu_Bosa_900.ttf,ok,0,2704,2704,0,0,
Lisu Bosa,Lisu_Bosa_900italic,900italic,C:\Users\angel\OneDrive\Desktop\Kern\data\raw\fonts\Lisu_Bosa_900italic.ttf,ok,0,2704,2704,0,0,
Puppies Play,Puppies_Play_regular,regular,C:\Users\angel\OneDrive\Desktop\Kern\data\raw\fonts\Puppies_Play_regular.ttf,ok,0,0,0,0,0,
BBH Hegarty,BBH_Hegarty_regular,regular,C:\Users\angel\OneDrive\Desktop\Kern\data\raw\fonts\BBH_Hegarty_regular.ttf,ok,790,4726,3936,790,0,
Yuyu Short,Yuyu_Short_regular,regular,C:\Users\angel\OneDrive\Desktop\Kern\data\raw\fonts\Yuyu_Short_regular.ttf,ok,113,2370,2257,113,0,
Bitcount,Bitcount_100,100,C:\Users\angel\OneDrive\Desktop\Kern\data\raw\fonts\Bitcount_100.ttf,ok,0,0,0,0,0,
Bitcount,Bitcount_200,200,C:\Users\angel\OneDrive\Desktop\Kern\data\raw\fonts\Bitcount_200.ttf,ok,0,0,0,0,0,
Bitcount,Bitcount_300,300,C:\Users\angel\OneDrive\Desktop\Kern\data\raw\fonts\Bitcount_300.ttf,ok,0,0,0,0,0,
Bitcount,Bitcount_regular,regular,C:\Users\angel\OneDrive\Desktop\Kern\data\raw\fonts\Bitcount_regular.ttf,ok,0,0,0,0,0,
Bitcount,Bitcount_500,500,C:\Users\angel\OneDrive\Desktop\Kern\data\raw\fonts\Bitcount_500.ttf,ok,0,0,0,0,0,
Bitcount,Bitcount_600,600,C:\Users\angel\OneDrive\Desktop\Kern\data\raw\fonts\Bitcount_600.ttf,ok,0,0,0,0,0,
Bitcount,Bitcount_700,700,C:\Users\angel\OneDrive\Desktop\Kern\data\raw\fonts\Bitcount_700.ttf,ok,0,0,0,0,0,
Bitcount,Bitcount_800,800,C:\Users\angel\OneDrive\Desktop\Kern\data\raw\fonts\Bitcount_800.ttf,ok,0,0,0,0,0,
Bitcount,Bitcount_900,900,C:\Users\angel\OneDrive\Desktop\Kern\data\raw\fonts\Bitcount_900.ttf,ok,0,0,0,0,0,
Noto Sans Takri,Noto_Sans_Takri_regular,regular,C:\Users\angel\OneDrive\Desktop\Kern\data\raw\fonts\Noto_Sans_Takri_regular.ttf,ok,7,501,494,7,0,
Syne Tactile,Syne_Tactile_regular,regular,C:\Users\angel\OneDrive\Desktop\Kern\data\raw\fonts\Syne_Tactile_regular.ttf,ok,41,797,756,41,0,
Noto Sans Syriac Eastern,Noto_Sans_Syriac_Eastern_100,100,C:\Users\angel\OneDrive\Desktop\Kern\data\raw\fonts\Noto_Sans_Syriac_Eastern_100.ttf,ok,7,501,494,7,0,
Noto Sans Syriac Eastern,Noto_Sans_Syriac_Eastern_200,200,C:\Users\angel\OneDrive\Desktop\Kern\data\raw\fonts\Noto_Sans_Syriac_Eastern_200.ttf,ok,7,501,494,7,0,
Noto Sans Syriac Eastern,Noto_Sans_Syriac_Eastern_300,300,C:\Users\angel\OneDrive\Desktop\Kern\data\raw\fonts\Noto_Sans_Syriac_Eastern_300.ttf,ok,7,501,494,7,0,
Noto Sans Syriac Eastern,Noto_Sans_Syriac_Eastern_regular,regular,C:\Users\angel\OneDrive\Desktop\Kern\data\raw\fonts\Noto_Sans_Syriac_Eastern_regular.ttf,ok,7,501,494,7,0,
Noto Sans Syriac Eastern,Noto_Sans_Syriac_Eastern_500,500,C:\Users\angel\OneDrive\Desktop\Kern\data\raw\fonts\Noto_Sans_Syriac_Eastern_500.ttf,ok,7,501,494,7,0,
Noto Sans Syriac Eastern,Noto_Sans_Syriac_Eastern_600,600,C:\Users\angel\OneDrive\Desktop\Kern\data\raw\fonts\Noto_Sans_Syriac_Eastern_600.ttf,ok,7,501,494,7,0,
Noto Sans Syriac Eastern,Noto_Sans_Syriac_Eastern_700,700,C:\Users\angel\OneDrive\Desktop\Kern\data\raw\fonts\Noto_Sans_Syriac_Eastern_700.ttf,ok,7,501,494,7,0,
Noto Sans Syriac Eastern,Noto_Sans_Syriac_Eastern_800,800,C:\Users\angel\OneDrive\Desktop\Kern\data\raw\fonts\Noto_Sans_Syriac_Eastern_800.ttf,ok,7,501,494,7,0,
Noto Sans Syriac Eastern,Noto_Sans_Syriac_Eastern_900,900,C:\Users\angel\OneDrive\Desktop\Kern\data\raw\fonts\Noto_Sans_Syriac_Eastern_900.ttf,ok,7,501,494,7,0,
Savate,Savate_200,200,C:\Users\angel\OneDrive\Desktop\Kern\data\raw\fonts\Savate_200.ttf,ok,13,2717,2704,13,0,
Savate,Savate_300,300,C:\Users\angel\OneDrive\Desktop\Kern\data\raw\fonts\Savate_300.ttf,ok,13,2717,2704,13,0,
Savate,Savate_regular,regular,C:\Users\angel\OneDrive\Desktop\Kern\data\raw\fonts\Savate_regular.ttf,ok,13,2717,2704,13,0,
Savate,Savate_500,500,C:\Users\angel\OneDrive\Desktop\Kern\data\raw\fonts\Savate_500.ttf,ok,13,2717,2704,13,0,
Savate,Savate_600,600,C:\Users\angel\OneDrive\Desktop\Kern\data\raw\fonts\Savate_600.ttf,ok,13,2717,2704,13,0,
Savate,Savate_700,700,C:\Users\angel\OneDrive\Desktop\Kern\data\raw\fonts\Savate_700.ttf,ok,13,2717,2704,13,0,
Savate,Savate_800,800,C:\Users\angel\OneDrive\Desktop\Kern\data\raw\fonts\Savate_800.ttf,ok,13,2717,2704,13,0,
Savate,Savate_900,900,C:\Users\angel\OneDrive\Desktop\Kern\data\raw\fonts\Savate_900.ttf,ok,13,2717,2704,13,0,
Savate,Savate_200italic,200italic,C:\Users\angel\OneDrive\Desktop\Kern\data\raw\fonts\Savate_200italic.ttf,ok,13,2717,2704,13,0,
Savate,Savate_300italic,300italic,C:\Users\angel\OneDrive\Desktop\Kern\data\raw\fonts\Savate_300italic.ttf,ok,13,2717,2704,13,0,
Savate,Savate_italic,italic,C:\Users\angel\OneDrive\Desktop\Kern\data\raw\fonts\Savate_italic.ttf,ok,13,2717,2704,13,0,
Savate,Savate_500italic,500italic,C:\Users\angel\OneDrive\Desktop\Kern\data\raw\fonts\Savate_500italic.ttf,ok,13,2717,2704,13,0,
Savate,Savate_600italic,600italic,C:\Users\angel\OneDrive\Desktop\Kern\data\raw\fonts\Savate_600italic.ttf,ok,13,2717,2704,13,0,
Savate,Savate_700italic,700italic,C:\Users\angel\OneDrive\Desktop\Kern\data\raw\fonts\Savate_700italic.ttf,ok,13,2717,2704,13,0,
Savate,Savate_800italic,800italic,C:\Users\angel\OneDrive\Desktop\Kern\data\raw\fonts\Savate_800italic.ttf,ok,13,2717,2704,13,0,
Savate,Savate_900italic,900italic,C:\Users\angel\OneDrive\Desktop\Kern\data\raw\fonts\Savate_900italic.ttf,ok,13,2717,2704,13,0,
Noto Sans Old Permic,Noto_Sans_Old_Permic_regular,regular,C:\Users\angel\OneDrive\Desktop\Kern\data\raw\fonts\Noto_Sans_Old_Permic_regular.ttf,ok,0,2704,2704,0,0,
Noto Sans New Tai Lue,Noto_Sans_New_Tai_Lue_regular,regular,C:\Users\angel\OneDrive\Desktop\Kern\data\raw\fonts\Noto_Sans_New_Tai_Lue_regular.ttf,ok,7,3205,3198,7,0,
Noto Sans New Tai Lue,Noto_Sans_New_Tai_Lue_500,500,C:\Users\angel\OneDrive\Desktop\Kern\data\raw\fonts\Noto_Sans_New_Tai_Lue_500.ttf,ok,7,3205,3198,7,0,
Noto Sans New Tai Lue,Noto_Sans_New_Tai_Lue_600,600,C:\Users\angel\OneDrive\Desktop\Kern\data\raw\fonts\Noto_Sans_New_Tai_Lue_600.ttf,ok,7,3205,3198,7,0,
Noto Sans New Tai Lue,Noto_Sans_New_Tai_Lue_700,700,C:\Users\angel\OneDrive\Desktop\Kern\data\raw\fonts\Noto_Sans_New_Tai_Lue_700.ttf,ok,7,3205,3198,7,0,
Moo Lah Lah,Moo_Lah_Lah_regular,regular,C:\Users\angel\OneDrive\Desktop\Kern\data\raw\fonts\Moo_Lah_Lah_regular.ttf,ok,69,1293,1224,69,0,
Playwrite DE SAS,Playwrite_DE_SAS_100,100,C:\Users\angel\OneDrive\Desktop\Kern\data\raw\fonts\Playwrite_DE_SAS_100.ttf,ok,0,29016,29016,0,0,
Playwrite DE SAS,Playwrite_DE_SAS_200,200,C:\Users\angel\OneDrive\Desktop\Kern\data\raw\fonts\Playwrite_DE_SAS_200.ttf,ok,0,29016,29016,0,0,
Playwrite DE SAS,Playwrite_DE_SAS_300,300,C:\Users\angel\OneDrive\Desktop\Kern\data\raw\fonts\Playwrite_DE_SAS_300.ttf,ok,0,29016,29016,0,0,
Playwrite DE SAS,Playwrite_DE_SAS_regular,regular,C:\Users\angel\OneDrive\Desktop\Kern\data\raw\fonts\Playwrite_DE_SAS_regular.ttf,ok,0,29016,29016,0,0,
Tapestry,Tapestry_regular,regular,C:\Users\angel\OneDrive\Desktop\Kern\data\raw\fonts\Tapestry_regular.ttf,ok,69,195,126,69,0,
Noto Serif Yezidi,Noto_Serif_Yezidi_regular,regular,C:\Users\angel\OneDrive\Desktop\Kern\data\raw\fonts\Noto_Serif_Yezidi_regular.ttf,ok,5,2929,2924,5,0,
Noto Serif Yezidi,Noto_Serif_Yezidi_500,500,C:\Users\angel\OneDrive\Desktop\Kern\data\raw\fonts\Noto_Serif_Yezidi_500.ttf,ok,5,2929,2924,5,0,
Noto Serif Yezidi,Noto_Serif_Yezidi_600,600,C:\Users\angel\OneDrive\Desktop\Kern\data\raw\fonts\Noto_Serif_Yezidi_600.ttf,ok,5,2929,2924,5,0,
Noto Serif Yezidi,Noto_Serif_Yezidi_700,700,C:\Users\angel\OneDrive\Desktop\Kern\data\raw\fonts\Noto_Serif_Yezidi_700.ttf,ok,5,2929,2924,5,0,
Estedad,Estedad_100,100,C:\Users\angel\OneDrive\Desktop\Kern\data\raw\fonts\Estedad_100.ttf,ok,1,6184,6183,1,0,
Estedad,Estedad_200,200,C:\Users\angel\OneDrive\Desktop\Kern\data\raw\fonts\Estedad_200.ttf,ok,1,6184,6183,1,0,
Estedad,Estedad_300,300,C:\Users\angel\OneDrive\Desktop\Kern\data\raw\fonts\Estedad_300.ttf,ok,1,6184,6183,1,0,
Estedad,Estedad_regular,regular,C:\Users\angel\OneDrive\Desktop\Kern\data\raw\fonts\Estedad_regular.ttf,ok,1,6184,6183,1,0,
Estedad,Estedad_500,500,C:\Users\angel\OneDrive\Desktop\Kern\data\raw\fonts\Estedad_500.ttf,ok,1,6184,6183,1,0,
Estedad,Estedad_600,600,C:\Users\angel\OneDrive\Desktop\Kern\data\raw\fonts\Estedad_600.ttf,ok,1,6184,6183,1,0,
Estedad,Estedad_700,700,C:\Users\angel\OneDrive\Desktop\Kern\data\raw\fonts\Estedad_700.ttf,ok,1,6184,6183,1,0,
Estedad,Estedad_800,800,C:\Users\angel\OneDrive\Desktop\Kern\data\raw\fonts\Estedad_800.ttf,ok,1,6184,6183,1,0,
Estedad,Estedad_900,900,C:\Users\angel\OneDrive\Desktop\Kern\data\raw\fonts\Estedad_900.ttf,ok,1,6184,6183,1,0,
Rubik Broken Fax,Rubik_Broken_Fax_regular,regular,C:\Users\angel\OneDrive\Desktop\Kern\data\raw\fonts\Rubik_Broken_Fax_regular.ttf,ok,223,8405,8182,223,0,
Edu QLD Beginner,Edu_QLD_Beginner_regular,regular,C:\Users\angel\OneDrive\Desktop\Kern\data\raw\fonts\Edu_QLD_Beginner_regular.ttf,ok,191,1924,1733,191,0,
Edu QLD Beginner,Edu_QLD_Beginner_500,500,C:\Users\angel\OneDrive\Desktop\Kern\data\raw\fonts\Edu_QLD_Beginner_500.ttf,ok,248,1924,1676,248,0,
Edu QLD Beginner,Edu_QLD_Beginner_600,600,C:\Users\angel\OneDrive\Desktop\Kern\data\raw\fonts\Edu_QLD_Beginner_600.ttf,ok,248,1924,1676,248,0,
Edu QLD Beginner,Edu_QLD_Beginner_700,700,C:\Users\angel\OneDrive\Desktop\Kern\data\raw\fonts\Edu_QLD_Beginner_700.ttf,ok,154,1924,1770,154,0,
Noto Sans Adlam Unjoined,Noto_Sans_Adlam_Unjoined_regular,regular,C:\Users\angel\OneDrive\Desktop\Kern\data\raw\fonts\Noto_Sans_Adlam_Unjoined_regular.ttf,ok,7,501,494,7,0,
Noto Sans Adlam Unjoined,Noto_Sans_Adlam_Unjoined_500,500,C:\Users\angel\OneDrive\Desktop\Kern\data\raw\fonts\Noto_Sans_Adlam_Unjoined_500.ttf,ok,7,501,494,7,0,
Noto Sans Adlam Unjoined,Noto_Sans_Adlam_Unjoined_600,600,C:\Users\angel\OneDrive\Desktop\Kern\data\raw\fonts\Noto_Sans_Adlam_Unjoined_600.ttf,ok,7,501,494,7,0,
Noto Sans Adlam Unjoined,Noto_Sans_Adlam_Unjoined_700,700,C:\Users\angel\OneDrive\Desktop\Kern\data\raw\fonts\Noto_Sans_Adlam_Unjoined_700.ttf,ok,7,501,494,7,0,
Bpmf Huninn,Bpmf_Huninn_regular,regular,C:\Users\angel\OneDrive\Desktop\Kern\data\raw\fonts\Bpmf_Huninn_regular.ttf,ok,0,0,0,0,0,
Tirra,Tirra_regular,regular,C:\Users\angel\OneDrive\Desktop\Kern\data\raw\fonts\Tirra_regular.ttf,ok,0,0,0,0,0,
Tirra,Tirra_500,500,C:\Users\angel\OneDrive\Desktop\Kern\data\raw\fonts\Tirra_500.ttf,ok,0,0,0,0,0,
Tirra,Tirra_600,600,C:\Users\angel\OneDrive\Desktop\Kern\data\raw\fonts\Tirra_600.ttf,ok,0,0,0,0,0,
Tirra,Tirra_700,700,C:\Users\angel\OneDrive\Desktop\Kern\data\raw\fonts\Tirra_700.ttf,ok,0,0,0,0,0,
Tirra,Tirra_800,800,C:\Users\angel\OneDrive\Desktop\Kern\data\raw\fonts\Tirra_800.ttf,ok,0,0,0,0,0,
Tirra,Tirra_900,900,C:\Users\angel\OneDrive\Desktop\Kern\data\raw\fonts\Tirra_900.ttf,ok,0,0,0,0,0,
Playwrite DE LA,Playwrite_DE_LA_100,100,C:\Users\angel\OneDrive\Desktop\Kern\data\raw\fonts\Playwrite_DE_LA_100.ttf,ok,0,24211,24211,0,0,
Playwrite DE LA,Playwrite_DE_LA_200,200,C:\Users\angel\OneDrive\Desktop\Kern\data\raw\fonts\Playwrite_DE_LA_200.ttf,ok,0,24211,24211,0,0,
Playwrite DE LA,Playwrite_DE_LA_300,300,C:\Users\angel\OneDrive\Desktop\Kern\data\raw\fonts\Playwrite_DE_LA_300.ttf,ok,0,24211,24211,0,0,
Playwrite DE LA,Playwrite_DE_LA_regular,regular,C:\Users\angel\OneDrive\Desktop\Kern\data\raw\fonts\Playwrite_DE_LA_regular.ttf,ok,0,24211,24211,0,0,
Playwrite DK Uloopet,Playwrite_DK_Uloopet_100,100,C:\Users\angel\OneDrive\Desktop\Kern\data\raw\fonts\Playwrite_DK_Uloopet_100.ttf,ok,0,28368,28368,0,0,
Playwrite DK Uloopet,Playwrite_DK_Uloopet_200,200,C:\Users\angel\OneDrive\Desktop\Kern\data\raw\fonts\Playwrite_DK_Uloopet_200.ttf,ok,0,28368,28368,0,0,
Playwrite DK Uloopet,Playwrite_DK_Uloopet_300,300,C:\Users\angel\OneDrive\Desktop\Kern\data\raw\fonts\Playwrite_DK_Uloopet_300.ttf,ok,0,28368,28368,0,0,
Playwrite DK Uloopet,Playwrite_DK_Uloopet_regular,regular,C:\Users\angel\OneDrive\Desktop\Kern\data\raw\fonts\Playwrite_DK_Uloopet_regular.ttf,ok,0,28368,28368,0,0,
Epunda Slab,Epunda_Slab_300,300,C:\Users\angel\OneDrive\Desktop\Kern\data\raw\fonts\Epunda_Slab_300.ttf,ok,42,66,24,42,0,
Epunda Slab,Epunda_Slab_regular,regular,C:\Users\angel\OneDrive\Desktop\Kern\data\raw\fonts\Epunda_Slab_regular.ttf,ok,55,66,11,55,0,
Epunda Slab,Epunda_Slab_500,500,C:\Users\angel\OneDrive\Desktop\Kern\data\raw\fonts\Epunda_Slab_500.ttf,ok,55,66,11,55,0,
Epunda Slab,Epunda_Slab_600,600,C:\Users\angel\OneDrive\Desktop\Kern\data\raw\fonts\Epunda_Slab_600.ttf,ok,55,66,11,55,0,
Epunda Slab,Epunda_Slab_700,700,C:\Users\angel\OneDrive\Desktop\Kern\data\raw\fonts\Epunda_Slab_700.ttf,ok,55,66,11,55,0,
Epunda Slab,Epunda_Slab_800,800,C:\Users\angel\OneDrive\Desktop\Kern\data\raw\fonts\Epunda_Slab_800.ttf,ok,55,66,11,55,0,
Epunda Slab,Epunda_Slab_900,900,C:\Users\angel\OneDrive\Desktop\Kern\data\raw\fonts\Epunda_Slab_900.ttf,ok,53,66,13,53,0,
Epunda Slab,Epunda_Slab_300italic,300italic,C:\Users\angel\OneDrive\Desktop\Kern\data\raw\fonts\Epunda_Slab_300italic.ttf,ok,43,64,21,43,0,
Epunda Slab,Epunda_Slab_italic,italic,C:\Users\angel\OneDrive\Desktop\Kern\data\raw\fonts\Epunda_Slab_italic.ttf,ok,51,64,13,51,0,
Epunda Slab,Epunda_Slab_500italic,500italic,C:\Users\angel\OneDrive\Desktop\Kern\data\raw\fonts\Epunda_Slab_500italic.ttf,ok,51,64,13,51,0,
Epunda Slab,Epunda_Slab_600italic,600italic,C:\Users\angel\OneDrive\Desktop\Kern\data\raw\fonts\Epunda_Slab_600italic.ttf,ok,51,64,13,51,0,
Epunda Slab,Epunda_Slab_700italic,700italic,C:\Users\angel\OneDrive\Desktop\Kern\data\raw\fonts\Epunda_Slab_700italic.ttf,ok,52,64,12,52,0,
Epunda Slab,Epunda_Slab_800italic,800italic,C:\Users\angel\OneDrive\Desktop\Kern\data\raw\fonts\Epunda_Slab_800italic.ttf,ok,52,64,12,52,0,
Epunda Slab,Epunda_Slab_900italic,900italic,C:\Users\angel\OneDrive\Desktop\Kern\data\raw\fonts\Epunda_Slab_900italic.ttf,ok,51,64,13,51,0,
Libertinus Serif Display,Libertinus_Serif_Display_regular,regular,C:\Users\angel\OneDrive\Desktop\Kern\data\raw\fonts\Libertinus_Serif_Display_regular.ttf,ok,0,208,208,0,0,
Edu SA Hand,Edu_SA_Hand_regular,regular,C:\Users\angel\OneDrive\Desktop\Kern\data\raw\fonts\Edu_SA_Hand_regular.ttf,ok,513,3269,2756,513,0,
Edu SA Hand,Edu_SA_Hand_500,500,C:\Users\angel\OneDrive\Desktop\Kern\data\raw\fonts\Edu_SA_Hand_500.ttf,ok,532,3269,2737,532,0,
Edu SA Hand,Edu_SA_Hand_600,600,C:\Users\angel\OneDrive\Desktop\Kern\data\raw\fonts\Edu_SA_Hand_600.ttf,ok,531,3269,2738,531,0,
Edu SA Hand,Edu_SA_Hand_700,700,C:\Users\angel\OneDrive\Desktop\Kern\data\raw\fonts\Edu_SA_Hand_700.ttf,ok,480,3269,2789,480,0,
Playpen Sans Thai,Playpen_Sans_Thai_100,100,C:\Users\angel\OneDrive\Desktop\Kern\data\raw\fonts\Playpen_Sans_Thai_100.ttf,ok,0,5408,5408,0,0,
Playpen Sans Thai,Playpen_Sans_Thai_200,200,C:\Users\angel\OneDrive\Desktop\Kern\data\raw\fonts\Playpen_Sans_Thai_200.ttf,ok,0,5408,5408,0,0,
Playpen Sans Thai,Playpen_Sans_Thai_300,300,C:\Users\angel\OneDrive\Desktop\Kern\data\raw\fonts\Playpen_Sans_Thai_300.ttf,ok,0,5408,5408,0,0,
Playpen Sans Thai,Playpen_Sans_Thai_regular,regular,C:\Users\angel\OneDrive\Desktop\Kern\data\raw\fonts\Playpen_Sans_Thai_regular.ttf,ok,0,5408,5408,0,0,
Playpen Sans Thai,Playpen_Sans_Thai_500,500,C:\Users\angel\OneDrive\Desktop\Kern\data\raw\fonts\Playpen_Sans_Thai_500.ttf,ok,0,5408,5408,0,0,
Playpen Sans Thai,Playpen_Sans_Thai_600,600,C:\Users\angel\OneDrive\Desktop\Kern\data\raw\fonts\Playpen_Sans_Thai_600.ttf,ok,0,5408,5408,0,0,
Playpen Sans Thai,Playpen_Sans_Thai_700,700,C:\Users\angel\OneDrive\Desktop\Kern\data\raw\fonts\Playpen_Sans_Thai_700.ttf,ok,0,5408,5408,0,0,
Playpen Sans Thai,Playpen_Sans_Thai_800,800,C:\Users\angel\OneDrive\Desktop\Kern\data\raw\fonts\Playpen_Sans_Thai_800.ttf,ok,0,5408,5408,0,0,
Rubik Maps,Rubik_Maps_regular,regular,C:\Users\angel\OneDrive\Desktop\Kern\data\raw\fonts\Rubik_Maps_regular.ttf,ok,223,8400,8177,223,0,
Playwrite ES,Playwrite_ES_100,100,C:\Users\angel\OneDrive\Desktop\Kern\data\raw\fonts\Playwrite_ES_100.ttf,ok,0,30581,30581,0,0,
Playwrite ES,Playwrite_ES_200,200,C:\Users\angel\OneDrive\Desktop\Kern\data\raw\fonts\Playwrite_ES_200.ttf,ok,0,30581,30581,0,0,
Playwrite ES,Playwrite_ES_300,300,C:\Users\angel\OneDrive\Desktop\Kern\data\raw\fonts\Playwrite_ES_300.ttf,ok,0,30581,30581,0,0,
Playwrite ES,Playwrite_ES_regular,regular,C:\Users\angel\OneDrive\Desktop\Kern\data\raw\fonts\Playwrite_ES_regular.ttf,ok,0,30581,30581,0,0,
Sankofa Display,Sankofa_Display_regular,regular,C:\Users\angel\OneDrive\Desktop\Kern\data\raw\fonts\Sankofa_Display_regular.ttf,ok,26,1787,1761,26,0,
Noto Serif Dives Akuru,Noto_Serif_Dives_Akuru_regular,regular,C:\Users\angel\OneDrive\Desktop\Kern\data\raw\fonts\Noto_Serif_Dives_Akuru_regular.ttf,ok,5,5633,5628,5,0,
Playwrite MX,Playwrite_MX_100,100,C:\Users\angel\OneDrive\Desktop\Kern\data\raw\fonts\Playwrite_MX_100.ttf,ok,0,24300,24300,0,0,
Playwrite MX,Playwrite_MX_200,200,C:\Users\angel\OneDrive\Desktop\Kern\data\raw\fonts\Playwrite_MX_200.ttf,ok,0,24300,24300,0,0,
Playwrite MX,Playwrite_MX_300,300,C:\Users\angel\OneDrive\Desktop\Kern\data\raw\fonts\Playwrite_MX_300.ttf,ok,0,24300,24300,0,0,
Playwrite MX,Playwrite_MX_regular,regular,C:\Users\angel\OneDrive\Desktop\Kern\data\raw\fonts\Playwrite_MX_regular.ttf,ok,0,24300,24300,0,0,
Playwrite PT,Playwrite_PT_100,100,C:\Users\angel\OneDrive\Desktop\Kern\data\raw\fonts\Playwrite_PT_100.ttf,ok,0,24300,24300,0,0,
Playwrite PT,Playwrite_PT_200,200,C:\Users\angel\OneDrive\Desktop\Kern\data\raw\fonts\Playwrite_PT_200.ttf,ok,0,24300,24300,0,0,
Playwrite PT,Playwrite_PT_300,300,C:\Users\angel\OneDrive\Desktop\Kern\data\raw\fonts\Playwrite_PT_300.ttf,ok,0,24300,24300,0,0,
Playwrite PT,Playwrite_PT_regular,regular,C:\Users\angel\OneDrive\Desktop\Kern\data\raw\fonts\Playwrite_PT_regular.ttf,ok,0,24300,24300,0,0,
Noto Sans Old Hungarian,Noto_Sans_Old_Hungarian_regular,regular,C:\Users\angel\OneDrive\Desktop\Kern\data\raw\fonts\Noto_Sans_Old_Hungarian_regular.ttf,ok,7,3205,3198,7,0,
Playwrite GB J,Playwrite_GB_J_100,100,C:\Users\angel\OneDrive\Desktop\Kern\data\raw\fonts\Playwrite_GB_J_100.ttf,ok,0,29507,29507,0,0,
Playwrite GB J,Playwrite_GB_J_200,200,C:\Users\angel\OneDrive\Desktop\Kern\data\raw\fonts\Playwrite_GB_J_200.ttf,ok,0,29507,29507,0,0,
Playwrite GB J,Playwrite_GB_J_300,300,C:\Users\angel\OneDrive\Desktop\Kern\data\raw\fonts\Playwrite_GB_J_300.ttf,ok,0,29507,29507,0,0,
Playwrite GB J,Playwrite_GB_J_regular,regular,C:\Users\angel\OneDrive\Desktop\Kern\data\raw\fonts\Playwrite_GB_J_regular.ttf,ok,0,29507,29507,0,0,
Playwrite GB J,Playwrite_GB_J_100italic,100italic,C:\Users\angel\OneDrive\Desktop\Kern\data\raw\fonts\Playwrite_GB_J_100italic.ttf,ok,0,29507,29507,0,0,
Playwrite GB J,Playwrite_GB_J_200italic,200italic,C:\Users\angel\OneDrive\Desktop\Kern\data\raw\fonts\Playwrite_GB_J_200italic.ttf,ok,0,29507,29507,0,0,
Playwrite GB J,Playwrite_GB_J_300italic,300italic,C:\Users\angel\OneDrive\Desktop\Kern\data\raw\fonts\Playwrite_GB_J_300italic.ttf,ok,0,29507,29507,0,0,
Playwrite GB J,Playwrite_GB_J_italic,italic,C:\Users\angel\OneDrive\Desktop\Kern\data\raw\fonts\Playwrite_GB_J_italic.ttf,ok,0,29507,29507,0,0,
Edu AU VIC WA NT Pre,Edu_AU_VIC_WA_NT_Pre_regular,regular,C:\Users\angel\OneDrive\Desktop\Kern\data\raw\fonts\Edu_AU_VIC_WA_NT_Pre_regular.ttf,ok,2371,2624,253,2371,0,
Edu AU VIC WA NT Pre,Edu_AU_VIC_WA_NT_Pre_500,500,C:\Users\angel\OneDrive\Desktop\Kern\data\raw\fonts\Edu_AU_VIC_WA_NT_Pre_500.ttf,ok,2593,2624,31,2593,0,
Edu AU VIC WA NT Pre,Edu_AU_VIC_WA_NT_Pre_600,600,C:\Users\angel\OneDrive\Desktop\Kern\data\raw\fonts\Edu_AU_VIC_WA_NT_Pre_600.ttf,ok,2594,2624,30,2594,0,
Edu AU VIC WA NT Pre,Edu_AU_VIC_WA_NT_Pre_700,700,C:\Users\angel\OneDrive\Desktop\Kern\data\raw\fonts\Edu_AU_VIC_WA_NT_Pre_700.ttf,ok,2341,2624,283,2341,0,
Playwrite AR,Playwrite_AR_100,100,C:\Users\angel\OneDrive\Desktop\Kern\data\raw\fonts\Playwrite_AR_100.ttf,ok,0,24300,24300,0,0,
Playwrite AR,Playwrite_AR_200,200,C:\Users\angel\OneDrive\Desktop\Kern\data\raw\fonts\Playwrite_AR_200.ttf,ok,0,24300,24300,0,0,
Playwrite AR,Playwrite_AR_300,300,C:\Users\angel\OneDrive\Desktop\Kern\data\raw\fonts\Playwrite_AR_300.ttf,ok,0,24300,24300,0,0,
Playwrite AR,Playwrite_AR_regular,regular,C:\Users\angel\OneDrive\Desktop\Kern\data\raw\fonts\Playwrite_AR_regular.ttf,ok,0,24300,24300,0,0,
Hind Mysuru,Hind_Mysuru_300,300,C:\Users\angel\OneDrive\Desktop\Kern\data\raw\fonts\Hind_Mysuru_300.ttf,ok,0,0,0,0,0,
Hind Mysuru,Hind_Mysuru_regular,regular,C:\Users\angel\OneDrive\Desktop\Kern\data\raw\fonts\Hind_Mysuru_regular.ttf,ok,0,0,0,0,0,
Hind Mysuru,Hind_Mysuru_500,500,C:\Users\angel\OneDrive\Desktop\Kern\data\raw\fonts\Hind_Mysuru_500.ttf,ok,0,0,0,0,0,
Hind Mysuru,Hind_Mysuru_600,600,C:\Users\angel\OneDrive\Desktop\Kern\data\raw\fonts\Hind_Mysuru_600.ttf,ok,0,0,0,0,0,
Hind Mysuru,Hind_Mysuru_700,700,C:\Users\angel\OneDrive\Desktop\Kern\data\raw\fonts\Hind_Mysuru_700.ttf,ok,0,0,0,0,0,
Namdhinggo,Namdhinggo_regular,regular,C:\Users\angel\OneDrive\Desktop\Kern\data\raw\fonts\Namdhinggo_regular.ttf,ok,0,0,0,0,0,
Namdhinggo,Namdhinggo_500,500,C:\Users\angel\OneDrive\Desktop\Kern\data\raw\fonts\Namdhinggo_500.ttf,ok,0,0,0,0,0,
Namdhinggo,Namdhinggo_600,600,C:\Users\angel\OneDrive\Desktop\Kern\data\raw\fonts\Namdhinggo_600.ttf,ok,0,0,0,0,0,
Namdhinggo,Namdhinggo_700,700,C:\Users\angel\OneDrive\Desktop\Kern\data\raw\fonts\Namdhinggo_700.ttf,ok,0,0,0,0,0,
Namdhinggo,Namdhinggo_800,800,C:\Users\angel\OneDrive\Desktop\Kern\data\raw\fonts\Namdhinggo_800.ttf,ok,0,0,0,0,0,
Jaini Purva,Jaini_Purva_regular,regular,C:\Users\angel\OneDrive\Desktop\Kern\data\raw\fonts\Jaini_Purva_regular.ttf,ok,0,5408,5408,0,0,
Noto Serif Oriya,Noto_Serif_Oriya_regular,regular,C:\Users\angel\OneDrive\Desktop\Kern\data\raw\fonts\Noto_Serif_Oriya_regular.ttf,ok,5,5593,5588,5,0,
Noto Serif Oriya,Noto_Serif_Oriya_500,500,C:\Users\angel\OneDrive\Desktop\Kern\data\raw\fonts\Noto_Serif_Oriya_500.ttf,ok,5,5593,5588,5,0,
Noto Serif Oriya,Noto_Serif_Oriya_600,600,C:\Users\angel\OneDrive\Desktop\Kern\data\raw\fonts\Noto_Serif_Oriya_600.ttf,ok,5,5593,5588,5,0,
Noto Serif Oriya,Noto_Serif_Oriya_700,700,C:\Users\angel\OneDrive\Desktop\Kern\data\raw\fonts\Noto_Serif_Oriya_700.ttf,ok,5,5593,5588,5,0,
Linefont,Linefont_100,100,C:\Users\angel\OneDrive\Desktop\Kern\data\raw\fonts\Linefont_100.ttf,ok,0,0,0,0,0,
Linefont,Linefont_200,200,C:\Users\angel\OneDrive\Desktop\Kern\data\raw\fonts\Linefont_200.ttf,ok,0,0,0,0,0,
Linefont,Linefont_300,300,C:\Users\angel\OneDrive\Desktop\Kern\data\raw\fonts\Linefont_300.ttf,ok,0,0,0,0,0,
Linefont,Linefont_regular,regular,C:\Users\angel\OneDrive\Desktop\Kern\data\raw\fonts\Linefont_regular.ttf,ok,0,0,0,0,0,
Linefont,Linefont_500,500,C:\Users\angel\OneDrive\Desktop\Kern\data\raw\fonts\Linefont_500.ttf,ok,0,0,0,0,0,
Linefont,Linefont_600,600,C:\Users\angel\OneDrive\Desktop\Kern\data\raw\fonts\Linefont_600.ttf,ok,0,0,0,0,0,
Linefont,Linefont_700,700,C:\Users\angel\OneDrive\Desktop\Kern\data\raw\fonts\Linefont_700.ttf,ok,0,0,0,0,0,
Linefont,Linefont_800,800,C:\Users\angel\OneDrive\Desktop\Kern\data\raw\fonts\Linefont_800.ttf,ok,0,0,0,0,0,
Linefont,Linefont_900,900,C:\Users\angel\OneDrive\Desktop\Kern\data\raw\fonts\Linefont_900.ttf,ok,0,0,0,0,0,
Playwrite NZ,Playwrite_NZ_100,100,C:\Users\angel\OneDrive\Desktop\Kern\data\raw\fonts\Playwrite_NZ_100.ttf,ok,0,28428,28428,0,0,
Playwrite NZ,Playwrite_NZ_200,200,C:\Users\angel\OneDrive\Desktop\Kern\data\raw\fonts\Playwrite_NZ_200.ttf,ok,0,28428,28428,0,0,
Playwrite NZ,Playwrite_NZ_300,300,C:\Users\angel\OneDrive\Desktop\Kern\data\raw\fonts\Playwrite_NZ_300.ttf,ok,0,28428,28428,0,0,
Playwrite NZ,Playwrite_NZ_regular,regular,C:\Users\angel\OneDrive\Desktop\Kern\data\raw\fonts\Playwrite_NZ_regular.ttf,ok,0,28428,28428,0,0,
Noto Serif Makasar,Noto_Serif_Makasar_regular,regular,C:\Users\angel\OneDrive\Desktop\Kern\data\raw\fonts\Noto_Serif_Makasar_regular.ttf,ok,5,225,220,5,0,
Hanalei,Hanalei_regular,regular,C:\Users\angel\OneDrive\Desktop\Kern\data\raw\fonts\Hanalei_regular.ttf,ok,318,743,425,318,0,
Karla Tamil Upright,Karla_Tamil_Upright_regular,regular,C:\Users\angel\OneDrive\Desktop\Kern\data\raw\fonts\Karla_Tamil_Upright_regular.ttf,ok,0,0,0,0,0,
Karla Tamil Upright,Karla_Tamil_Upright_700,700,C:\Users\angel\OneDrive\Desktop\Kern\data\raw\fonts\Karla_Tamil_Upright_700.ttf,ok,0,0,0,0,0,
Playwrite BE WAL,Playwrite_BE_WAL_100,100,C:\Users\angel\OneDrive\Desktop\Kern\data\raw\fonts\Playwrite_BE_WAL_100.ttf,ok,0,24300,24300,0,0,
Playwrite BE WAL,Playwrite_BE_WAL_200,200,C:\Users\angel\OneDrive\Desktop\Kern\data\raw\fonts\Playwrite_BE_WAL_200.ttf,ok,0,24300,24300,0,0,
Playwrite BE WAL,Playwrite_BE_WAL_300,300,C:\Users\angel\OneDrive\Desktop\Kern\data\raw\fonts\Playwrite_BE_WAL_300.ttf,ok,0,24300,24300,0,0,
Playwrite BE WAL,Playwrite_BE_WAL_regular,regular,C:\Users\angel\OneDrive\Desktop\Kern\data\raw\fonts\Playwrite_BE_WAL_regular.ttf,ok,0,24300,24300,0,0,
Noto Sans Medefaidrin,Noto_Sans_Medefaidrin_regular,regular,C:\Users\angel\OneDrive\Desktop\Kern\data\raw\fonts\Noto_Sans_Medefaidrin_regular.ttf,ok,7,501,494,7,0,
Noto Sans Medefaidrin,Noto_Sans_Medefaidrin_500,500,C:\Users\angel\OneDrive\Desktop\Kern\data\raw\fonts\Noto_Sans_Medefaidrin_500.ttf,ok,7,501,494,7,0,
Noto Sans Medefaidrin,Noto_Sans_Medefaidrin_600,600,C:\Users\angel\OneDrive\Desktop\Kern\data\raw\fonts\Noto_Sans_Medefaidrin_600.ttf,ok,7,501,494,7,0,
Noto Sans Medefaidrin,Noto_Sans_Medefaidrin_700,700,C:\Users\angel\OneDrive\Desktop\Kern\data\raw\fonts\Noto_Sans_Medefaidrin_700.ttf,ok,7,501,494,7,0,
Playwrite AU TAS,Playwrite_AU_TAS_100,100,C:\Users\angel\OneDrive\Desktop\Kern\data\raw\fonts\Playwrite_AU_TAS_100.ttf,ok,0,29568,29568,0,0,
Playwrite AU TAS,Playwrite_AU_TAS_200,200,C:\Users\angel\OneDrive\Desktop\Kern\data\raw\fonts\Playwrite_AU_TAS_200.ttf,ok,0,29568,29568,0,0,
Playwrite AU TAS,Playwrite_AU_TAS_300,300,C:\Users\angel\OneDrive\Desktop\Kern\data\raw\fonts\Playwrite_AU_TAS_300.ttf,ok,0,29568,29568,0,0,
Playwrite AU TAS,Playwrite_AU_TAS_regular,regular,C:\Users\angel\OneDrive\Desktop\Kern\data\raw\fonts\Playwrite_AU_TAS_regular.ttf,ok,0,29568,29568,0,0,
Noto Sans Bamum,Noto_Sans_Bamum_regular,regular,C:\Users\angel\OneDrive\Desktop\Kern\data\raw\fonts\Noto_Sans_Bamum_regular.ttf,ok,7,501,494,7,0,
Noto Sans Bamum,Noto_Sans_Bamum_500,500,C:\Users\angel\OneDrive\Desktop\Kern\data\raw\fonts\Noto_Sans_Bamum_500.ttf,ok,7,501,494,7,0,
Noto Sans Bamum,Noto_Sans_Bamum_600,600,C:\Users\angel\OneDrive\Desktop\Kern\data\raw\fonts\Noto_Sans_Bamum_600.ttf,ok,7,501,494,7,0,
Noto Sans Bamum,Noto_Sans_Bamum_700,700,C:\Users\angel\OneDrive\Desktop\Kern\data\raw\fonts\Noto_Sans_Bamum_700.ttf,ok,7,501,494,7,0,
Noto Sans Brahmi,Noto_Sans_Brahmi_regular,regular,C:\Users\angel\OneDrive\Desktop\Kern\data\raw\fonts\Noto_Sans_Brahmi_regular.ttf,ok,7,501,494,7,0,
Jaini,Jaini_regular,regular,C:\Users\angel\OneDrive\Desktop\Kern\data\raw\fonts\Jaini_regular.ttf,ok,0,5408,5408,0,0,
Sirivennela,Sirivennela_regular,regular,C:\Users\angel\OneDrive\Desktop\Kern\data\raw\fonts\Sirivennela_regular.ttf,ok,0,0,0,0,0,
Jacquard 12 Charted,Jacquard_12_Charted_regular,regular,C:\Users\angel\OneDrive\Desktop\Kern\data\raw\fonts\Jacquard_12_Charted_regular.ttf,ok,7,7,0,7,0,
Bitcount Grid Single Ink,Bitcount_Grid_Single_Ink_100,100,C:\Users\angel\OneDrive\Desktop\Kern\data\raw\fonts\Bitcount_Grid_Single_Ink_100.ttf,ok,0,0,0,0,0,
Bitcount Grid Single Ink,Bitcount_Grid_Single_Ink_200,200,C:\Users\angel\OneDrive\Desktop\Kern\data\raw\fonts\Bitcount_Grid_Single_Ink_200.ttf,ok,0,0,0,0,0,
Bitcount Grid Single Ink,Bitcount_Grid_Single_Ink_300,300,C:\Users\angel\OneDrive\Desktop\Kern\data\raw\fonts\Bitcount_Grid_Single_Ink_300.ttf,ok,0,0,0,0,0,
Bitcount Grid Single Ink,Bitcount_Grid_Single_Ink_regular,regular,C:\Users\angel\OneDrive\Desktop\Kern\data\raw\fonts\Bitcount_Grid_Single_Ink_regular.ttf,ok,0,0,0,0,0,
Bitcount Grid Single Ink,Bitcount_Grid_Single_Ink_500,500,C:\Users\angel\OneDrive\Desktop\Kern\data\raw\fonts\Bitcount_Grid_Single_Ink_500.ttf,ok,0,0,0,0,0,
Bitcount Grid Single Ink,Bitcount_Grid_Single_Ink_600,600,C:\Users\angel\OneDrive\Desktop\Kern\data\raw\fonts\Bitcount_Grid_Single_Ink_600.ttf,ok,0,0,0,0,0,
Bitcount Grid Single Ink,Bitcount_Grid_Single_Ink_700,700,C:\Users\angel\OneDrive\Desktop\Kern\data\raw\fonts\Bitcount_Grid_Single_Ink_700.ttf,ok,0,0,0,0,0,
Bitcount Grid Single Ink,Bitcount_Grid_Single_Ink_800,800,C:\Users\angel\OneDrive\Desktop\Kern\data\raw\fonts\Bitcount_Grid_Single_Ink_800.ttf,ok,0,0,0,0,0,
Bitcount Grid Single Ink,Bitcount_Grid_Single_Ink_900,900,C:\Users\angel\OneDrive\Desktop\Kern\data\raw\fonts\Bitcount_Grid_Single_Ink_900.ttf,ok,0,0,0,0,0,
Noto Sans Avestan,Noto_Sans_Avestan_regular,regular,C:\Users\angel\OneDrive\Desktop\Kern\data\raw\fonts\Noto_Sans_Avestan_regular.ttf,ok,7,501,494,7,0,
Bitcount Prop Double,Bitcount_Prop_Double_100,100,C:\Users\angel\OneDrive\Desktop\Kern\data\raw\fonts\Bitcount_Prop_Double_100.ttf,ok,36,456,420,36,0,
Bitcount Prop Double,Bitcount_Prop_Double_200,200,C:\Users\angel\OneDrive\Desktop\Kern\data\raw\fonts\Bitcount_Prop_Double_200.ttf,ok,36,456,420,36,0,
Bitcount Prop Double,Bitcount_Prop_Double_300,300,C:\Users\angel\OneDrive\Desktop\Kern\data\raw\fonts\Bitcount_Prop_Double_300.ttf,ok,36,456,420,36,0,
Bitcount Prop Double,Bitcount_Prop_Double_regular,regular,C:\Users\angel\OneDrive\Desktop\Kern\data\raw\fonts\Bitcount_Prop_Double_regular.ttf,ok,36,456,420,36,0,
Bitcount Prop Double,Bitcount_Prop_Double_500,500,C:\Users\angel\OneDrive\Desktop\Kern\data\raw\fonts\Bitcount_Prop_Double_500.ttf,ok,36,456,420,36,0,
Bitcount Prop Double,Bitcount_Prop_Double_600,600,C:\Users\angel\OneDrive\Desktop\Kern\data\raw\fonts\Bitcount_Prop_Double_600.ttf,ok,36,456,420,36,0,
Bitcount Prop Double,Bitcount_Prop_Double_700,700,C:\Users\angel\OneDrive\Desktop\Kern\data\raw\fonts\Bitcount_Prop_Double_700.ttf,ok,36,456,420,36,0,
Bitcount Prop Double,Bitcount_Prop_Double_800,800,C:\Users\angel\OneDrive\Desktop\Kern\data\raw\fonts\Bitcount_Prop_Double_800.ttf,ok,36,456,420,36,0,
Bitcount Prop Double,Bitcount_Prop_Double_900,900,C:\Users\angel\OneDrive\Desktop\Kern\data\raw\fonts\Bitcount_Prop_Double_900.ttf,ok,36,456,420,36,0,
Allkin,Allkin_regular,regular,C:\Users\angel\OneDrive\Desktop\Kern\data\raw\fonts\Allkin_regular.ttf,ok,0,0,0,0,0,
Playwrite HR Lijeva,Playwrite_HR_Lijeva_100,100,C:\Users\angel\OneDrive\Desktop\Kern\data\raw\fonts\Playwrite_HR_Lijeva_100.ttf,ok,0,24957,24957,0,0,
Playwrite HR Lijeva,Playwrite_HR_Lijeva_200,200,C:\Users\angel\OneDrive\Desktop\Kern\data\raw\fonts\Playwrite_HR_Lijeva_200.ttf,ok,0,24957,24957,0,0,
Playwrite HR Lijeva,Playwrite_HR_Lijeva_300,300,C:\Users\angel\OneDrive\Desktop\Kern\data\raw\fonts\Playwrite_HR_Lijeva_300.ttf,ok,0,24957,24957,0,0,
Playwrite HR Lijeva,Playwrite_HR_Lijeva_regular,regular,C:\Users\angel\OneDrive\Desktop\Kern\data\raw\fonts\Playwrite_HR_Lijeva_regular.ttf,ok,0,24957,24957,0,0,
Bitcount Single Ink,Bitcount_Single_Ink_100,100,C:\Users\angel\OneDrive\Desktop\Kern\data\raw\fonts\Bitcount_Single_Ink_100.ttf,ok,0,0,0,0,0,
Bitcount Single Ink,Bitcount_Single_Ink_200,200,C:\Users\angel\OneDrive\Desktop\Kern\data\raw\fonts\Bitcount_Single_Ink_200.ttf,ok,0,0,0,0,0,
Bitcount Single Ink,Bitcount_Single_Ink_300,300,C:\Users\angel\OneDrive\Desktop\Kern\data\raw\fonts\Bitcount_Single_Ink_300.ttf,ok,0,0,0,0,0,
Bitcount Single Ink,Bitcount_Single_Ink_regular,regular,C:\Users\angel\OneDrive\Desktop\Kern\data\raw\fonts\Bitcount_Single_Ink_regular.ttf,ok,0,0,0,0,0,
Bitcount Single Ink,Bitcount_Single_Ink_500,500,C:\Users\angel\OneDrive\Desktop\Kern\data\raw\fonts\Bitcount_Single_Ink_500.ttf,ok,0,0,0,0,0,
Bitcount Single Ink,Bitcount_Single_Ink_600,600,C:\Users\angel\OneDrive\Desktop\Kern\data\raw\fonts\Bitcount_Single_Ink_600.ttf,ok,0,0,0,0,0,
Bitcount Single Ink,Bitcount_Single_Ink_700,700,C:\Users\angel\OneDrive\Desktop\Kern\data\raw\fonts\Bitcount_Single_Ink_700.ttf,ok,0,0,0,0,0,
Bitcount Single Ink,Bitcount_Single_Ink_800,800,C:\Users\angel\OneDrive\Desktop\Kern\data\raw\fonts\Bitcount_Single_Ink_800.ttf,ok,0,0,0,0,0,
Bitcount Single Ink,Bitcount_Single_Ink_900,900,C:\Users\angel\OneDrive\Desktop\Kern\data\raw\fonts\Bitcount_Single_Ink_900.ttf,ok,0,0,0,0,0,
Noto Traditional Nushu,Noto_Traditional_Nushu_300,300,C:\Users\angel\OneDrive\Desktop\Kern\data\raw\fonts\Noto_Traditional_Nushu_300.ttf,ok,7,501,494,7,0,
Noto Traditional Nushu,Noto_Traditional_Nushu_regular,regular,C:\Users\angel\OneDrive\Desktop\Kern\data\raw\fonts\Noto_Traditional_Nushu_regular.ttf,ok,7,501,494,7,0,
Noto Traditional Nushu,Noto_Traditional_Nushu_500,500,C:\Users\angel\OneDrive\Desktop\Kern\data\raw\fonts\Noto_Traditional_Nushu_500.ttf,ok,7,501,494,7,0,
Noto Traditional Nushu,Noto_Traditional_Nushu_600,600,C:\Users\angel\OneDrive\Desktop\Kern\data\raw\fonts\Noto_Traditional_Nushu_600.ttf,ok,7,501,494,7,0,
Noto Traditional Nushu,Noto_Traditional_Nushu_700,700,C:\Users\angel\OneDrive\Desktop\Kern\data\raw\fonts\Noto_Traditional_Nushu_700.ttf,ok,7,501,494,7,0,
Finlandica Text,Finlandica_Text_100,100,C:\Users\angel\OneDrive\Desktop\Kern\data\raw\fonts\Finlandica_Text_100.ttf,ok,8,2729,2721,8,0,
Finlandica Text,Finlandica_Text_200,200,C:\Users\angel\OneDrive\Desktop\Kern\data\raw\fonts\Finlandica_Text_200.ttf,ok,8,2729,2721,8,0,
Finlandica Text,Finlandica_Text_300,300,C:\Users\angel\OneDrive\Desktop\Kern\data\raw\fonts\Finlandica_Text_300.ttf,ok,9,2729,2720,9,0,
Finlandica Text,Finlandica_Text_regular,regular,C:\Users\angel\OneDrive\Desktop\Kern\data\raw\fonts\Finlandica_Text_regular.ttf,ok,9,2729,2720,9,0,
Finlandica Text,Finlandica_Text_500,500,C:\Users\angel\OneDrive\Desktop\Kern\data\raw\fonts\Finlandica_Text_500.ttf,ok,9,2729,2720,9,0,
Finlandica Text,Finlandica_Text_600,600,C:\Users\angel\OneDrive\Desktop\Kern\data\raw\fonts\Finlandica_Text_600.ttf,ok,9,2729,2720,9,0,
Finlandica Text,Finlandica_Text_700,700,C:\Users\angel\OneDrive\Desktop\Kern\data\raw\fonts\Finlandica_Text_700.ttf,ok,9,2729,2720,9,0,
Finlandica Text,Finlandica_Text_800,800,C:\Users\angel\OneDrive\Desktop\Kern\data\raw\fonts\Finlandica_Text_800.ttf,ok,9,2729,2720,9,0,
Finlandica Text,Finlandica_Text_900,900,C:\Users\angel\OneDrive\Desktop\Kern\data\raw\fonts\Finlandica_Text_900.ttf,ok,5,2729,2724,5,0,
Finlandica Text,Finlandica_Text_100italic,100italic,C:\Users\angel\OneDrive\Desktop\Kern\data\raw\fonts\Finlandica_Text_100italic.ttf,ok,11,2729,2718,11,0,
Finlandica Text,Finlandica_Text_200italic,200italic,C:\Users\angel\OneDrive\Desktop\Kern\data\raw\fonts\Finlandica_Text_200italic.ttf,ok,12,2729,2717,12,0,
Finlandica Text,Finlandica_Text_300italic,300italic,C:\Users\angel\OneDrive\Desktop\Kern\data\raw\fonts\Finlandica_Text_300italic.ttf,ok,11,2729,2718,11,0,
Finlandica Text,Finlandica_Text_italic,italic,C:\Users\angel\OneDrive\Desktop\Kern\data\raw\fonts\Finlandica_Text_italic.ttf,ok,11,2729,2718,11,0,
Finlandica Text,Finlandica_Text_500italic,500italic,C:\Users\angel\OneDrive\Desktop\Kern\data\raw\fonts\Finlandica_Text_500italic.ttf,ok,11,2729,2718,11,0,
Finlandica Text,Finlandica_Text_600italic,600italic,C:\Users\angel\OneDrive\Desktop\Kern\data\raw\fonts\Finlandica_Text_600italic.ttf,ok,11,2729,2718,11,0,
Finlandica Text,Finlandica_Text_700italic,700italic,C:\Users\angel\OneDrive\Desktop\Kern\data\raw\fonts\Finlandica_Text_700italic.ttf,ok,12,2729,2717,12,0,
Finlandica Text,Finlandica_Text_800italic,800italic,C:\Users\angel\OneDrive\Desktop\Kern\data\raw\fonts\Finlandica_Text_800italic.ttf,ok,12,2729,2717,12,0,
Finlandica Text,Finlandica_Text_900italic,900italic,C:\Users\angel\OneDrive\Desktop\Kern\data\raw\fonts\Finlandica_Text_900italic.ttf,ok,9,2729,2720,9,0,
Noto Sans Old North Arabian,Noto_Sans_Old_North_Arabian_regular,regular,C:\Users\angel\OneDrive\Desktop\Kern\data\raw\fonts\Noto_Sans_Old_North_Arabian_regular.ttf,ok,7,501,494,7,0,
Noto Sans Cham,Noto_Sans_Cham_100,100,C:\Users\angel\OneDrive\Desktop\Kern\data\raw\fonts\Noto_Sans_Cham_100.ttf,ok,7,3205,3198,7,0,
Noto Sans Cham,Noto_Sans_Cham_200,200,C:\Users\angel\OneDrive\Desktop\Kern\data\raw\fonts\Noto_Sans_Cham_200.ttf,ok,7,3205,3198,7,0,
Noto Sans Cham,Noto_Sans_Cham_300,300,C:\Users\angel\OneDrive\Desktop\Kern\data\raw\fonts\Noto_Sans_Cham_300.ttf,ok,7,3205,3198,7,0,
Noto Sans Cham,Noto_Sans_Cham_regular,regular,C:\Users\angel\OneDrive\Desktop\Kern\data\raw\fonts\Noto_Sans_Cham_regular.ttf,ok,7,3205,3198,7,0,
Noto Sans Cham,Noto_Sans_Cham_500,500,C:\Users\angel\OneDrive\Desktop\Kern\data\raw\fonts\Noto_Sans_Cham_500.ttf,ok,7,3205,3198,7,0,
Noto Sans Cham,Noto_Sans_Cham_600,600,C:\Users\angel\OneDrive\Desktop\Kern\data\raw\fonts\Noto_Sans_Cham_600.ttf,ok,7,3205,3198,7,0,
Noto Sans Cham,Noto_Sans_Cham_700,700,C:\Users\angel\OneDrive\Desktop\Kern\data\raw\fonts\Noto_Sans_Cham_700.ttf,ok,7,3205,3198,7,0,
Noto Sans Cham,Noto_Sans_Cham_800,800,C:\Users\angel\OneDrive\Desktop\Kern\data\raw\fonts\Noto_Sans_Cham_800.ttf,ok,7,3205,3198,7,0,
Noto Sans Cham,Noto_Sans_Cham_900,900,C:\Users\angel\OneDrive\Desktop\Kern\data\raw\fonts\Noto_Sans_Cham_900.ttf,ok,7,3205,3198,7,0,
Noto Sans Palmyrene,Noto_Sans_Palmyrene_regular,regular,C:\Users\angel\OneDrive\Desktop\Kern\data\raw\fonts\Noto_Sans_Palmyrene_regular.ttf,ok,7,501,494,7,0,
Bytesized,Bytesized_regular,regular,C:\Users\angel\OneDrive\Desktop\Kern\data\raw\fonts\Bytesized_regular.ttf,ok,0,0,0,0,0,
Noto Sans Tifinagh,Noto_Sans_Tifinagh_regular,regular,C:\Users\angel\OneDrive\Desktop\Kern\data\raw\fonts\Noto_Sans_Tifinagh_regular.ttf,ok,7,3205,3198,7,0,
Noto Sans Lisu,Noto_Sans_Lisu_regular,regular,C:\Users\angel\OneDrive\Desktop\Kern\data\raw\fonts\Noto_Sans_Lisu_regular.ttf,ok,7,501,494,7,0,
Noto Sans Lisu,Noto_Sans_Lisu_500,500,C:\Users\angel\OneDrive\Desktop\Kern\data\raw\fonts\Noto_Sans_Lisu_500.ttf,ok,7,501,494,7,0,
Noto Sans Lisu,Noto_Sans_Lisu_600,600,C:\Users\angel\OneDrive\Desktop\Kern\data\raw\fonts\Noto_Sans_Lisu_600.ttf,ok,7,501,494,7,0,
Noto Sans Lisu,Noto_Sans_Lisu_700,700,C:\Users\angel\OneDrive\Desktop\Kern\data\raw\fonts\Noto_Sans_Lisu_700.ttf,ok,7,501,494,7,0,
Rubik Storm,Rubik_Storm_regular,regular,C:\Users\angel\OneDrive\Desktop\Kern\data\raw\fonts\Rubik_Storm_regular.ttf,ok,223,5696,5473,223,0,
Noto Sans Inscriptional Parthian,Noto_Sans_Inscriptional_Parthian_regular,regular,C:\Users\angel\OneDrive\Desktop\Kern\data\raw\fonts\Noto_Sans_Inscriptional_Parthian_regular.ttf,ok,7,3205,3198,7,0,
Exile,Exile_regular,regular,C:\Users\angel\OneDrive\Desktop\Kern\data\raw\fonts\Exile_regular.ttf,ok,287,3131,2844,287,0,
Playwrite VN,Playwrite_VN_100,100,C:\Users\angel\OneDrive\Desktop\Kern\data\raw\fonts\Playwrite_VN_100.ttf,ok,0,24300,24300,0,0,
Playwrite VN,Playwrite_VN_200,200,C:\Users\angel\OneDrive\Desktop\Kern\data\raw\fonts\Playwrite_VN_200.ttf,ok,0,24300,24300,0,0,
Playwrite VN,Playwrite_VN_300,300,C:\Users\angel\OneDrive\Desktop\Kern\data\raw\fonts\Playwrite_VN_300.ttf,ok,0,24300,24300,0,0,
Playwrite VN,Playwrite_VN_regular,regular,C:\Users\angel\OneDrive\Desktop\Kern\data\raw\fonts\Playwrite_VN_regular.ttf,ok,0,24300,24300,0,0,
Noto Sans Wancho,Noto_Sans_Wancho_regular,regular,C:\Users\angel\OneDrive\Desktop\Kern\data\raw\fonts\Noto_Sans_Wancho_regular.ttf,ok,7,501,494,7,0,
Shafarik,Shafarik_regular,regular,C:\Users\angel\OneDrive\Desktop\Kern\data\raw\fonts\Shafarik_regular.ttf,ok,0,0,0,0,0,
Noto Sans Indic Siyaq Numbers,Noto_Sans_Indic_Siyaq_Numbers_regular,regular,C:\Users\angel\OneDrive\Desktop\Kern\data\raw\fonts\Noto_Sans_Indic_Siyaq_Numbers_regular.ttf,ok,7,501,494,7,0,
Bitcount Ink,Bitcount_Ink_100,100,C:\Users\angel\OneDrive\Desktop\Kern\data\raw\fonts\Bitcount_Ink_100.ttf,ok,0,0,0,0,0,
Bitcount Ink,Bitcount_Ink_200,200,C:\Users\angel\OneDrive\Desktop\Kern\data\raw\fonts\Bitcount_Ink_200.ttf,ok,0,0,0,0,0,
Bitcount Ink,Bitcount_Ink_300,300,C:\Users\angel\OneDrive\Desktop\Kern\data\raw\fonts\Bitcount_Ink_300.ttf,ok,0,0,0,0,0,
Bitcount Ink,Bitcount_Ink_regular,regular,C:\Users\angel\OneDrive\Desktop\Kern\data\raw\fonts\Bitcount_Ink_regular.ttf,ok,0,0,0,0,0,
Bitcount Ink,Bitcount_Ink_500,500,C:\Users\angel\OneDrive\Desktop\Kern\data\raw\fonts\Bitcount_Ink_500.ttf,ok,0,0,0,0,0,
Bitcount Ink,Bitcount_Ink_600,600,C:\Users\angel\OneDrive\Desktop\Kern\data\raw\fonts\Bitcount_Ink_600.ttf,ok,0,0,0,0,0,
Bitcount Ink,Bitcount_Ink_700,700,C:\Users\angel\OneDrive\Desktop\Kern\data\raw\fonts\Bitcount_Ink_700.ttf,ok,0,0,0,0,0,
Bitcount Ink,Bitcount_Ink_800,800,C:\Users\angel\OneDrive\Desktop\Kern\data\raw\fonts\Bitcount_Ink_800.ttf,ok,0,0,0,0,0,
Bitcount Ink,Bitcount_Ink_900,900,C:\Users\angel\OneDrive\Desktop\Kern\data\raw\fonts\Bitcount_Ink_900.ttf,ok,0,0,0,0,0,
Noto Sans Cuneiform,Noto_Sans_Cuneiform_regular,regular,C:\Users\angel\OneDrive\Desktop\Kern\data\raw\fonts\Noto_Sans_Cuneiform_regular.ttf,ok,7,501,494,7,0,
Noto Sans Syloti Nagri,Noto_Sans_Syloti_Nagri_regular,regular,C:\Users\angel\OneDrive\Desktop\Kern\data\raw\fonts\Noto_Sans_Syloti_Nagri_regular.ttf,ok,7,501,494,7,0,
Noto Serif Khitan Small Script,Noto_Serif_Khitan_Small_Script_regular,regular,C:\Users\angel\OneDrive\Desktop\Kern\data\raw\fonts\Noto_Serif_Khitan_Small_Script_regular.ttf,ok,5,225,220,5,0,
Maname,Maname_regular,regular,C:\Users\angel\OneDrive\Desktop\Kern\data\raw\fonts\Maname_regular.ttf,ok,465,471,6,465,0,
Noto Serif Gurmukhi,Noto_Serif_Gurmukhi_100,100,C:\Users\angel\OneDrive\Desktop\Kern\data\raw\fonts\Noto_Serif_Gurmukhi_100.ttf,ok,5,5633,5628,5,0,
Noto Serif Gurmukhi,Noto_Serif_Gurmukhi_200,200,C:\Users\angel\OneDrive\Desktop\Kern\data\raw\fonts\Noto_Serif_Gurmukhi_200.ttf,ok,5,5633,5628,5,0,
Noto Serif Gurmukhi,Noto_Serif_Gurmukhi_300,300,C:\Users\angel\OneDrive\Desktop\Kern\data\raw\fonts\Noto_Serif_Gurmukhi_300.ttf,ok,5,5633,5628,5,0,
Noto Serif Gurmukhi,Noto_Serif_Gurmukhi_regular,regular,C:\Users\angel\OneDrive\Desktop\Kern\data\raw\fonts\Noto_Serif_Gurmukhi_regular.ttf,ok,5,5633,5628,5,0,
Noto Serif Gurmukhi,Noto_Serif_Gurmukhi_500,500,C:\Users\angel\OneDrive\Desktop\Kern\data\raw\fonts\Noto_Serif_Gurmukhi_500.ttf,ok,5,5633,5628,5,0,
Noto Serif Gurmukhi,Noto_Serif_Gurmukhi_600,600,C:\Users\angel\OneDrive\Desktop\Kern\data\raw\fonts\Noto_Serif_Gurmukhi_600.ttf,ok,5,5633,5628,5,0,
Noto Serif Gurmukhi,Noto_Serif_Gurmukhi_700,700,C:\Users\angel\OneDrive\Desktop\Kern\data\raw\fonts\Noto_Serif_Gurmukhi_700.ttf,ok,5,5633,5628,5,0,
Noto Serif Gurmukhi,Noto_Serif_Gurmukhi_800,800,C:\Users\angel\OneDrive\Desktop\Kern\data\raw\fonts\Noto_Serif_Gurmukhi_800.ttf,ok,5,5633,5628,5,0,
Noto Serif Gurmukhi,Noto_Serif_Gurmukhi_900,900,C:\Users\angel\OneDrive\Desktop\Kern\data\raw\fonts\Noto_Serif_Gurmukhi_900.ttf,ok,5,5633,5628,5,0,
Playwrite CZ,Playwrite_CZ_100,100,C:\Users\angel\OneDrive\Desktop\Kern\data\raw\fonts\Playwrite_CZ_100.ttf,ok,0,26325,26325,0,0,
Playwrite CZ,Playwrite_CZ_200,200,C:\Users\angel\OneDrive\Desktop\Kern\data\raw\fonts\Playwrite_CZ_200.ttf,ok,0,26325,26325,0,0,
Playwrite CZ,Playwrite_CZ_300,300,C:\Users\angel\OneDrive\Desktop\Kern\data\raw\fonts\Playwrite_CZ_300.ttf,ok,0,26325,26325,0,0,
Playwrite CZ,Playwrite_CZ_regular,regular,C:\Users\angel\OneDrive\Desktop\Kern\data\raw\fonts\Playwrite_CZ_regular.ttf,ok,0,26325,26325,0,0,
Noto Sans Nabataean,Noto_Sans_Nabataean_regular,regular,C:\Users\angel\OneDrive\Desktop\Kern\data\raw\fonts\Noto_Sans_Nabataean_regular.ttf,ok,7,501,494,7,0,
Rubik Lines,Rubik_Lines_regular,regular,C:\Users\angel\OneDrive\Desktop\Kern\data\raw\fonts\Rubik_Lines_regular.ttf,ok,223,8400,8177,223,0,
Noto Sans Osage,Noto_Sans_Osage_regular,regular,C:\Users\angel\OneDrive\Desktop\Kern\data\raw\fonts\Noto_Sans_Osage_regular.ttf,ok,0,0,0,0,0,
Yarndings 20 Charted,Yarndings_20_Charted_regular,regular,C:\Users\angel\OneDrive\Desktop\Kern\data\raw\fonts\Yarndings_20_Charted_regular.ttf,ok,0,0,0,0,0,
Noto Sans Mahajani,Noto_Sans_Mahajani_regular,regular,C:\Users\angel\OneDrive\Desktop\Kern\data\raw\fonts\Noto_Sans_Mahajani_regular.ttf,ok,7,501,494,7,0,
Noto Serif Ottoman Siyaq,Noto_Serif_Ottoman_Siyaq_regular,regular,C:\Users\angel\OneDrive\Desktop\Kern\data\raw\fonts\Noto_Serif_Ottoman_Siyaq_regular.ttf,ok,5,2929,2924,5,0,
Blaka Ink,Blaka_Ink_regular,regular,C:\Users\angel\OneDrive\Desktop\Kern\data\raw\fonts\Blaka_Ink_regular.ttf,ok,3,3,0,3,0,
Noto Sans Grantha,Noto_Sans_Grantha_regular,regular,C:\Users\angel\OneDrive\Desktop\Kern\data\raw\fonts\Noto_Sans_Grantha_regular.ttf,ok,7,501,494,7,0,
Playwrite SK,Playwrite_SK_100,100,C:\Users\angel\OneDrive\Desktop\Kern\data\raw\fonts\Playwrite_SK_100.ttf,ok,0,26325,26325,0,0,
Playwrite SK,Playwrite_SK_200,200,C:\Users\angel\OneDrive\Desktop\Kern\data\raw\fonts\Playwrite_SK_200.ttf,ok,0,26325,26325,0,0,
Playwrite SK,Playwrite_SK_300,300,C:\Users\angel\OneDrive\Desktop\Kern\data\raw\fonts\Playwrite_SK_300.ttf,ok,0,26325,26325,0,0,
Playwrite SK,Playwrite_SK_regular,regular,C:\Users\angel\OneDrive\Desktop\Kern\data\raw\fonts\Playwrite_SK_regular.ttf,ok,0,26325,26325,0,0,
Noto Znamenny Musical Notation,Noto_Znamenny_Musical_Notation_regular,regular,C:\Users\angel\OneDrive\Desktop\Kern\data\raw\fonts\Noto_Znamenny_Musical_Notation_regular.ttf,ok,7,501,494,7,0,
Warnes,Warnes_regular,regular,C:\Users\angel\OneDrive\Desktop\Kern\data\raw\fonts\Warnes_regular.ttf,ok,0,2704,2704,0,0,
Noto Sans Lydian,Noto_Sans_Lydian_regular,regular,C:\Users\angel\OneDrive\Desktop\Kern\data\raw\fonts\Noto_Sans_Lydian_regular.ttf,ok,7,501,494,7,0,
Edu NSW ACT Hand Pre,Edu_NSW_ACT_Hand_Pre_regular,regular,C:\Users\angel\OneDrive\Desktop\Kern\data\raw\fonts\Edu_NSW_ACT_Hand_Pre_regular.ttf,ok,123,2848,2725,123,0,
Edu NSW ACT Hand Pre,Edu_NSW_ACT_Hand_Pre_500,500,C:\Users\angel\OneDrive\Desktop\Kern\data\raw\fonts\Edu_NSW_ACT_Hand_Pre_500.ttf,ok,129,2848,2719,129,0,
Edu NSW ACT Hand Pre,Edu_NSW_ACT_Hand_Pre_600,600,C:\Users\angel\OneDrive\Desktop\Kern\data\raw\fonts\Edu_NSW_ACT_Hand_Pre_600.ttf,ok,132,2848,2716,132,0,
Edu NSW ACT Hand Pre,Edu_NSW_ACT_Hand_Pre_700,700,C:\Users\angel\OneDrive\Desktop\Kern\data\raw\fonts\Edu_NSW_ACT_Hand_Pre_700.ttf,ok,126,2848,2722,126,0,
Noto Sans Khojki,Noto_Sans_Khojki_regular,regular,C:\Users\angel\OneDrive\Desktop\Kern\data\raw\fonts\Noto_Sans_Khojki_regular.ttf,ok,7,501,494,7,0,
Edu AU VIC WA NT Arrows,Edu_AU_VIC_WA_NT_Arrows_regular,regular,C:\Users\angel\OneDrive\Desktop\Kern\data\raw\fonts\Edu_AU_VIC_WA_NT_Arrows_regular.ttf,ok,2442,2667,225,2442,0,
Edu AU VIC WA NT Arrows,Edu_AU_VIC_WA_NT_Arrows_500,500,C:\Users\angel\OneDrive\Desktop\Kern\data\raw\fonts\Edu_AU_VIC_WA_NT_Arrows_500.ttf,ok,2655,2667,12,2655,0,
Edu AU VIC WA NT Arrows,Edu_AU_VIC_WA_NT_Arrows_600,600,C:\Users\angel\OneDrive\Desktop\Kern\data\raw\fonts\Edu_AU_VIC_WA_NT_Arrows_600.ttf,ok,2657,2667,10,2657,0,
Edu AU VIC WA NT Arrows,Edu_AU_VIC_WA_NT_Arrows_700,700,C:\Users\angel\OneDrive\Desktop\Kern\data\raw\fonts\Edu_AU_VIC_WA_NT_Arrows_700.ttf,ok,2384,2667,283,2384,0,
Noto Serif Old Uyghur,Noto_Serif_Old_Uyghur_regular,regular,C:\Users\angel\OneDrive\Desktop\Kern\data\raw\fonts\Noto_Serif_Old_Uyghur_regular.ttf,ok,5,2929,2924,5,0,
Noto Sans Tai Le,Noto_Sans_Tai_Le_regular,regular,C:\Users\angel\OneDrive\Desktop\Kern\data\raw\fonts\Noto_Sans_Tai_Le_regular.ttf,ok,7,501,494,7,0,
Noto Sans Meroitic,Noto_Sans_Meroitic_regular,regular,C:\Users\angel\OneDrive\Desktop\Kern\data\raw\fonts\Noto_Sans_Meroitic_regular.ttf,ok,7,501,494,7,0,
Bitcount Prop Single Ink,Bitcount_Prop_Single_Ink_100,100,C:\Users\angel\OneDrive\Desktop\Kern\data\raw\fonts\Bitcount_Prop_Single_Ink_100.ttf,ok,67,130,63,67,0,
Bitcount Prop Single Ink,Bitcount_Prop_Single_Ink_200,200,C:\Users\angel\OneDrive\Desktop\Kern\data\raw\fonts\Bitcount_Prop_Single_Ink_200.ttf,ok,67,130,63,67,0,
Bitcount Prop Single Ink,Bitcount_Prop_Single_Ink_300,300,C:\Users\angel\OneDrive\Desktop\Kern\data\raw\fonts\Bitcount_Prop_Single_Ink_300.ttf,ok,67,130,63,67,0,
Bitcount Prop Single Ink,Bitcount_Prop_Single_Ink_regular,regular,C:\Users\angel\OneDrive\Desktop\Kern\data\raw\fonts\Bitcount_Prop_Single_Ink_regular.ttf,ok,67,130,63,67,0,
Bitcount Prop Single Ink,Bitcount_Prop_Single_Ink_500,500,C:\Users\angel\OneDrive\Desktop\Kern\data\raw\fonts\Bitcount_Prop_Single_Ink_500.ttf,ok,67,130,63,67,0,
Bitcount Prop Single Ink,Bitcount_Prop_Single_Ink_600,600,C:\Users\angel\OneDrive\Desktop\Kern\data\raw\fonts\Bitcount_Prop_Single_Ink_600.ttf,ok,67,130,63,67,0,
Bitcount Prop Single Ink,Bitcount_Prop_Single_Ink_700,700,C:\Users\angel\OneDrive\Desktop\Kern\data\raw\fonts\Bitcount_Prop_Single_Ink_700.ttf,ok,67,130,63,67,0,
Bitcount Prop Single Ink,Bitcount_Prop_Single_Ink_800,800,C:\Users\angel\OneDrive\Desktop\Kern\data\raw\fonts\Bitcount_Prop_Single_Ink_800.ttf,ok,67,130,63,67,0,
Bitcount Prop Single Ink,Bitcount_Prop_Single_Ink_900,900,C:\Users\angel\OneDrive\Desktop\Kern\data\raw\fonts\Bitcount_Prop_Single_Ink_900.ttf,ok,67,130,63,67,0,
Noto Sans Zanabazar Square,Noto_Sans_Zanabazar_Square_regular,regular,C:\Users\angel\OneDrive\Desktop\Kern\data\raw\fonts\Noto_Sans_Zanabazar_Square_regular.ttf,ok,7,501,494,7,0,
Tuffy,Tuffy_regular,regular,C:\Users\angel\OneDrive\Desktop\Kern\data\raw\fonts\Tuffy_regular.ttf,ok,34,34,0,34,0,
Tuffy,Tuffy_italic,italic,C:\Users\angel\OneDrive\Desktop\Kern\data\raw\fonts\Tuffy_italic.ttf,ok,34,34,0,34,0,
Tuffy,Tuffy_700,700,C:\Users\angel\OneDrive\Desktop\Kern\data\raw\fonts\Tuffy_700.ttf,ok,32,32,0,32,0,
Tuffy,Tuffy_700italic,700italic,C:\Users\angel\OneDrive\Desktop\Kern\data\raw\fonts\Tuffy_700italic.ttf,ok,32,32,0,32,0,
Noto Sans Sundanese,Noto_Sans_Sundanese_regular,regular,C:\Users\angel\OneDrive\Desktop\Kern\data\raw\fonts\Noto_Sans_Sundanese_regular.ttf,ok,7,501,494,7,0,
Noto Sans Sundanese,Noto_Sans_Sundanese_500,500,C:\Users\angel\OneDrive\Desktop\Kern\data\raw\fonts\Noto_Sans_Sundanese_500.ttf,ok,7,501,494,7,0,
Noto Sans Sundanese,Noto_Sans_Sundanese_600,600,C:\Users\angel\OneDrive\Desktop\Kern\data\raw\fonts\Noto_Sans_Sundanese_600.ttf,ok,7,501,494,7,0,
Noto Sans Sundanese,Noto_Sans_Sundanese_700,700,C:\Users\angel\OneDrive\Desktop\Kern\data\raw\fonts\Noto_Sans_Sundanese_700.ttf,ok,7,501,494,7,0,
Noto Sans Elbasan,Noto_Sans_Elbasan_regular,regular,C:\Users\angel\OneDrive\Desktop\Kern\data\raw\fonts\Noto_Sans_Elbasan_regular.ttf,ok,7,501,494,7,0,
Playwrite AU VIC,Playwrite_AU_VIC_100,100,C:\Users\angel\OneDrive\Desktop\Kern\data\raw\fonts\Playwrite_AU_VIC_100.ttf,ok,0,29507,29507,0,0,
Playwrite AU VIC,Playwrite_AU_VIC_200,200,C:\Users\angel\OneDrive\Desktop\Kern\data\raw\fonts\Playwrite_AU_VIC_200.ttf,ok,0,29507,29507,0,0,
Playwrite AU VIC,Playwrite_AU_VIC_300,300,C:\Users\angel\OneDrive\Desktop\Kern\data\raw\fonts\Playwrite_AU_VIC_300.ttf,ok,0,29507,29507,0,0,
Playwrite AU VIC,Playwrite_AU_VIC_regular,regular,C:\Users\angel\OneDrive\Desktop\Kern\data\raw\fonts\Playwrite_AU_VIC_regular.ttf,ok,0,29507,29507,0,0,
Ponnala,Ponnala_regular,regular,C:\Users\angel\OneDrive\Desktop\Kern\data\raw\fonts\Ponnala_regular.ttf,ok,0,0,0,0,0,
Wavefont,Wavefont_100,100,C:\Users\angel\OneDrive\Desktop\Kern\data\raw\fonts\Wavefont_100.ttf,ok,0,0,0,0,0,
Wavefont,Wavefont_200,200,C:\Users\angel\OneDrive\Desktop\Kern\data\raw\fonts\Wavefont_200.ttf,ok,0,0,0,0,0,
Wavefont,Wavefont_300,300,C:\Users\angel\OneDrive\Desktop\Kern\data\raw\fonts\Wavefont_300.ttf,ok,0,0,0,0,0,
Wavefont,Wavefont_regular,regular,C:\Users\angel\OneDrive\Desktop\Kern\data\raw\fonts\Wavefont_regular.ttf,ok,0,0,0,0,0,
Wavefont,Wavefont_500,500,C:\Users\angel\OneDrive\Desktop\Kern\data\raw\fonts\Wavefont_500.ttf,ok,0,0,0,0,0,
Wavefont,Wavefont_600,600,C:\Users\angel\OneDrive\Desktop\Kern\data\raw\fonts\Wavefont_600.ttf,ok,0,0,0,0,0,
Wavefont,Wavefont_700,700,C:\Users\angel\OneDrive\Desktop\Kern\data\raw\fonts\Wavefont_700.ttf,ok,0,0,0,0,0,
Wavefont,Wavefont_800,800,C:\Users\angel\OneDrive\Desktop\Kern\data\raw\fonts\Wavefont_800.ttf,ok,0,0,0,0,0,
Wavefont,Wavefont_900,900,C:\Users\angel\OneDrive\Desktop\Kern\data\raw\fonts\Wavefont_900.ttf,ok,0,0,0,0,0,
Bitcount Grid Double Ink,Bitcount_Grid_Double_Ink_100,100,C:\Users\angel\OneDrive\Desktop\Kern\data\raw\fonts\Bitcount_Grid_Double_Ink_100.ttf,ok,0,0,0,0,0,
Bitcount Grid Double Ink,Bitcount_Grid_Double_Ink_200,200,C:\Users\angel\OneDrive\Desktop\Kern\data\raw\fonts\Bitcount_Grid_Double_Ink_200.ttf,ok,0,0,0,0,0,
Bitcount Grid Double Ink,Bitcount_Grid_Double_Ink_300,300,C:\Users\angel\OneDrive\Desktop\Kern\data\raw\fonts\Bitcount_Grid_Double_Ink_300.ttf,ok,0,0,0,0,0,
Bitcount Grid Double Ink,Bitcount_Grid_Double_Ink_regular,regular,C:\Users\angel\OneDrive\Desktop\Kern\data\raw\fonts\Bitcount_Grid_Double_Ink_regular.ttf,ok,0,0,0,0,0,
Bitcount Grid Double Ink,Bitcount_Grid_Double_Ink_500,500,C:\Users\angel\OneDrive\Desktop\Kern\data\raw\fonts\Bitcount_Grid_Double_Ink_500.ttf,ok,0,0,0,0,0,
Bitcount Grid Double Ink,Bitcount_Grid_Double_Ink_600,600,C:\Users\angel\OneDrive\Desktop\Kern\data\raw\fonts\Bitcount_Grid_Double_Ink_600.ttf,ok,0,0,0,0,0,
Bitcount Grid Double Ink,Bitcount_Grid_Double_Ink_700,700,C:\Users\angel\OneDrive\Desktop\Kern\data\raw\fonts\Bitcount_Grid_Double_Ink_700.ttf,ok,0,0,0,0,0,
Bitcount Grid Double Ink,Bitcount_Grid_Double_Ink_800,800,C:\Users\angel\OneDrive\Desktop\Kern\data\raw\fonts\Bitcount_Grid_Double_Ink_800.ttf,ok,0,0,0,0,0,
Bitcount Grid Double Ink,Bitcount_Grid_Double_Ink_900,900,C:\Users\angel\OneDrive\Desktop\Kern\data\raw\fonts\Bitcount_Grid_Double_Ink_900.ttf,ok,0,0,0,0,0,
Finlandica Headline,Finlandica_Headline_100,100,C:\Users\angel\OneDrive\Desktop\Kern\data\raw\fonts\Finlandica_Headline_100.ttf,ok,11,2728,2717,11,0,
Finlandica Headline,Finlandica_Headline_200,200,C:\Users\angel\OneDrive\Desktop\Kern\data\raw\fonts\Finlandica_Headline_200.ttf,ok,18,2728,2710,18,0,
Finlandica Headline,Finlandica_Headline_300,300,C:\Users\angel\OneDrive\Desktop\Kern\data\raw\fonts\Finlandica_Headline_300.ttf,ok,18,2728,2710,18,0,
Finlandica Headline,Finlandica_Headline_regular,regular,C:\Users\angel\OneDrive\Desktop\Kern\data\raw\fonts\Finlandica_Headline_regular.ttf,ok,17,2728,2711,17,0,
Finlandica Headline,Finlandica_Headline_500,500,C:\Users\angel\OneDrive\Desktop\Kern\data\raw\fonts\Finlandica_Headline_500.ttf,ok,18,2728,2710,18,0,
Finlandica Headline,Finlandica_Headline_600,600,C:\Users\angel\OneDrive\Desktop\Kern\data\raw\fonts\Finlandica_Headline_600.ttf,ok,18,2728,2710,18,0,
Finlandica Headline,Finlandica_Headline_700,700,C:\Users\angel\OneDrive\Desktop\Kern\data\raw\fonts\Finlandica_Headline_700.ttf,ok,18,2728,2710,18,0,
Finlandica Headline,Finlandica_Headline_800,800,C:\Users\angel\OneDrive\Desktop\Kern\data\raw\fonts\Finlandica_Headline_800.ttf,ok,18,2728,2710,18,0,
Finlandica Headline,Finlandica_Headline_900,900,C:\Users\angel\OneDrive\Desktop\Kern\data\raw\fonts\Finlandica_Headline_900.ttf,ok,17,2728,2711,17,0,
Finlandica Headline,Finlandica_Headline_100italic,100italic,C:\Users\angel\OneDrive\Desktop\Kern\data\raw\fonts\Finlandica_Headline_100italic.ttf,ok,15,2729,2714,15,0,
Finlandica Headline,Finlandica_Headline_200italic,200italic,C:\Users\angel\OneDrive\Desktop\Kern\data\raw\fonts\Finlandica_Headline_200italic.ttf,ok,17,2729,2712,17,0,
Finlandica Headline,Finlandica_Headline_300italic,300italic,C:\Users\angel\OneDrive\Desktop\Kern\data\raw\fonts\Finlandica_Headline_300italic.ttf,ok,17,2729,2712,17,0,
Finlandica Headline,Finlandica_Headline_italic,italic,C:\Users\angel\OneDrive\Desktop\Kern\data\raw\fonts\Finlandica_Headline_italic.ttf,ok,17,2729,2712,17,0,
Finlandica Headline,Finlandica_Headline_500italic,500italic,C:\Users\angel\OneDrive\Desktop\Kern\data\raw\fonts\Finlandica_Headline_500italic.ttf,ok,14,2729,2715,14,0,
Finlandica Headline,Finlandica_Headline_600italic,600italic,C:\Users\angel\OneDrive\Desktop\Kern\data\raw\fonts\Finlandica_Headline_600italic.ttf,ok,16,2729,2713,16,0,
Finlandica Headline,Finlandica_Headline_700italic,700italic,C:\Users\angel\OneDrive\Desktop\Kern\data\raw\fonts\Finlandica_Headline_700italic.ttf,ok,16,2729,2713,16,0,
Finlandica Headline,Finlandica_Headline_800italic,800italic,C:\Users\angel\OneDrive\Desktop\Kern\data\raw\fonts\Finlandica_Headline_800italic.ttf,ok,15,2729,2714,15,0,
Finlandica Headline,Finlandica_Headline_900italic,900italic,C:\Users\angel\OneDrive\Desktop\Kern\data\raw\fonts\Finlandica_Headline_900italic.ttf,ok,12,2729,2717,12,0,
Strichpunkt Sans,Strichpunkt_Sans_regular,regular,C:\Users\angel\OneDrive\Desktop\Kern\data\raw\fonts\Strichpunkt_Sans_regular.ttf,ok,279,3080,2801,279,0,
Strichpunkt Sans,Strichpunkt_Sans_500,500,C:\Users\angel\OneDrive\Desktop\Kern\data\raw\fonts\Strichpunkt_Sans_500.ttf,ok,314,3080,2766,314,0,
Strichpunkt Sans,Strichpunkt_Sans_600,600,C:\Users\angel\OneDrive\Desktop\Kern\data\raw\fonts\Strichpunkt_Sans_600.ttf,ok,314,3080,2766,314,0,
Strichpunkt Sans,Strichpunkt_Sans_700,700,C:\Users\angel\OneDrive\Desktop\Kern\data\raw\fonts\Strichpunkt_Sans_700.ttf,ok,314,3080,2766,314,0,
Strichpunkt Sans,Strichpunkt_Sans_800,800,C:\Users\angel\OneDrive\Desktop\Kern\data\raw\fonts\Strichpunkt_Sans_800.ttf,ok,314,3080,2766,314,0,
Strichpunkt Sans,Strichpunkt_Sans_900,900,C:\Users\angel\OneDrive\Desktop\Kern\data\raw\fonts\Strichpunkt_Sans_900.ttf,ok,261,3080,2819,261,0,
Playwrite NG Modern,Playwrite_NG_Modern_100,100,C:\Users\angel\OneDrive\Desktop\Kern\data\raw\fonts\Playwrite_NG_Modern_100.ttf,ok,0,30668,30668,0,0,
Playwrite NG Modern,Playwrite_NG_Modern_200,200,C:\Users\angel\OneDrive\Desktop\Kern\data\raw\fonts\Playwrite_NG_Modern_200.ttf,ok,0,30668,30668,0,0,
Playwrite NG Modern,Playwrite_NG_Modern_300,300,C:\Users\angel\OneDrive\Desktop\Kern\data\raw\fonts\Playwrite_NG_Modern_300.ttf,ok,0,30668,30668,0,0,
Playwrite NG Modern,Playwrite_NG_Modern_regular,regular,C:\Users\angel\OneDrive\Desktop\Kern\data\raw\fonts\Playwrite_NG_Modern_regular.ttf,ok,0,30668,30668,0,0,
Noto Sans Tirhuta,Noto_Sans_Tirhuta_regular,regular,C:\Users\angel\OneDrive\Desktop\Kern\data\raw\fonts\Noto_Sans_Tirhuta_regular.ttf,ok,0,0,0,0,0,
Noto Sans Tagbanwa,Noto_Sans_Tagbanwa_regular,regular,C:\Users\angel\OneDrive\Desktop\Kern\data\raw\fonts\Noto_Sans_Tagbanwa_regular.ttf,ok,7,501,494,7,0,
Padyakke Expanded One,Padyakke_Expanded_One_regular,regular,C:\Users\angel\OneDrive\Desktop\Kern\data\raw\fonts\Padyakke_Expanded_One_regular.ttf,ok,32,320728,320696,32,0,
Matangi,Matangi_300,300,C:\Users\angel\OneDrive\Desktop\Kern\data\raw\fonts\Matangi_300.ttf,ok,0,8526,8526,0,0,
Matangi,Matangi_regular,regular,C:\Users\angel\OneDrive\Desktop\Kern\data\raw\fonts\Matangi_regular.ttf,ok,0,8526,8526,0,0,
Matangi,Matangi_500,500,C:\Users\angel\OneDrive\Desktop\Kern\data\raw\fonts\Matangi_500.ttf,ok,0,8526,8526,0,0,
Matangi,Matangi_600,600,C:\Users\angel\OneDrive\Desktop\Kern\data\raw\fonts\Matangi_600.ttf,ok,0,8526,8526,0,0,
Matangi,Matangi_700,700,C:\Users\angel\OneDrive\Desktop\Kern\data\raw\fonts\Matangi_700.ttf,ok,0,8526,8526,0,0,
Matangi,Matangi_800,800,C:\Users\angel\OneDrive\Desktop\Kern\data\raw\fonts\Matangi_800.ttf,ok,0,8526,8526,0,0,
Matangi,Matangi_900,900,C:\Users\angel\OneDrive\Desktop\Kern\data\raw\fonts\Matangi_900.ttf,ok,0,8526,8526,0,0,
Noto Serif Todhri,Noto_Serif_Todhri_regular,regular,C:\Users\angel\OneDrive\Desktop\Kern\data\raw\fonts\Noto_Serif_Todhri_regular.ttf,ok,5,2929,2924,5,0,
Noto Serif NP Hmong,Noto_Serif_NP_Hmong_regular,regular,C:\Users\angel\OneDrive\Desktop\Kern\data\raw\fonts\Noto_Serif_NP_Hmong_regular.ttf,ok,5,225,220,5,0,
Noto Serif NP Hmong,Noto_Serif_NP_Hmong_500,500,C:\Users\angel\OneDrive\Desktop\Kern\data\raw\fonts\Noto_Serif_NP_Hmong_500.ttf,ok,5,225,220,5,0,
Noto Serif NP Hmong,Noto_Serif_NP_Hmong_600,600,C:\Users\angel\OneDrive\Desktop\Kern\data\raw\fonts\Noto_Serif_NP_Hmong_600.ttf,ok,5,225,220,5,0,
Noto Serif NP Hmong,Noto_Serif_NP_Hmong_700,700,C:\Users\angel\OneDrive\Desktop\Kern\data\raw\fonts\Noto_Serif_NP_Hmong_700.ttf,ok,5,225,220,5,0,
Betania Patmos,Betania_Patmos_regular,regular,C:\Users\angel\OneDrive\Desktop\Kern\data\raw\fonts\Betania_Patmos_regular.ttf,ok,0,496,496,0,0,
Noto Serif Hentaigana,Noto_Serif_Hentaigana_200,200,C:\Users\angel\OneDrive\Desktop\Kern\data\raw\fonts\Noto_Serif_Hentaigana_200.ttf,ok,5,2929,2924,5,0,
Noto Serif Hentaigana,Noto_Serif_Hentaigana_300,300,C:\Users\angel\OneDrive\Desktop\Kern\data\raw\fonts\Noto_Serif_Hentaigana_300.ttf,ok,5,2929,2924,5,0,
Noto Serif Hentaigana,Noto_Serif_Hentaigana_regular,regular,C:\Users\angel\OneDrive\Desktop\Kern\data\raw\fonts\Noto_Serif_Hentaigana_regular.ttf,ok,5,2929,2924,5,0,
Noto Serif Hentaigana,Noto_Serif_Hentaigana_500,500,C:\Users\angel\OneDrive\Desktop\Kern\data\raw\fonts\Noto_Serif_Hentaigana_500.ttf,ok,5,2929,2924,5,0,
Noto Serif Hentaigana,Noto_Serif_Hentaigana_600,600,C:\Users\angel\OneDrive\Desktop\Kern\data\raw\fonts\Noto_Serif_Hentaigana_600.ttf,ok,5,2929,2924,5,0,
Noto Serif Hentaigana,Noto_Serif_Hentaigana_700,700,C:\Users\angel\OneDrive\Desktop\Kern\data\raw\fonts\Noto_Serif_Hentaigana_700.ttf,ok,5,2929,2924,5,0,
Noto Serif Hentaigana,Noto_Serif_Hentaigana_800,800,C:\Users\angel\OneDrive\Desktop\Kern\data\raw\fonts\Noto_Serif_Hentaigana_800.ttf,ok,5,2929,2924,5,0,
Noto Serif Hentaigana,Noto_Serif_Hentaigana_900,900,C:\Users\angel\OneDrive\Desktop\Kern\data\raw\fonts\Noto_Serif_Hentaigana_900.ttf,ok,5,2929,2924,5,0,
Playwrite TZ,Playwrite_TZ_100,100,C:\Users\angel\OneDrive\Desktop\Kern\data\raw\fonts\Playwrite_TZ_100.ttf,ok,0,25125,25125,0,0,
Playwrite TZ,Playwrite_TZ_200,200,C:\Users\angel\OneDrive\Desktop\Kern\data\raw\fonts\Playwrite_TZ_200.ttf,ok,0,25125,25125,0,0,
Playwrite TZ,Playwrite_TZ_300,300,C:\Users\angel\OneDrive\Desktop\Kern\data\raw\fonts\Playwrite_TZ_300.ttf,ok,0,25125,25125,0,0,
Playwrite TZ,Playwrite_TZ_regular,regular,C:\Users\angel\OneDrive\Desktop\Kern\data\raw\fonts\Playwrite_TZ_regular.ttf,ok,0,25125,25125,0,0,
Libertinus Keyboard,Libertinus_Keyboard_regular,regular,C:\Users\angel\OneDrive\Desktop\Kern\data\raw\fonts\Libertinus_Keyboard_regular.ttf,ok,0,0,0,0,0,
Bpmf Zihi Kai Std,Bpmf_Zihi_Kai_Std_regular,regular,C:\Users\angel\OneDrive\Desktop\Kern\data\raw\fonts\Bpmf_Zihi_Kai_Std_regular.ttf,ok,0,0,0,0,0,
Noto Sans Limbu,Noto_Sans_Limbu_regular,regular,C:\Users\angel\OneDrive\Desktop\Kern\data\raw\fonts\Noto_Sans_Limbu_regular.ttf,ok,7,501,494,7,0,
Pochaevsk,Pochaevsk_regular,regular,C:\Users\angel\OneDrive\Desktop\Kern\data\raw\fonts\Pochaevsk_regular.ttf,ok,0,2704,2704,0,0,
Alien Block,Alien_Block_regular,regular,C:\Users\angel\OneDrive\Desktop\Kern\data\raw\fonts\Alien_Block_regular.ttf,ok,0,0,0,0,0,
Noto Sans Sharada,Noto_Sans_Sharada_regular,regular,C:\Users\angel\OneDrive\Desktop\Kern\data\raw\fonts\Noto_Sans_Sharada_regular.ttf,ok,7,2408,2401,7,0,
Micro 5 Charted,Micro_5_Charted_regular,regular,C:\Users\angel\OneDrive\Desktop\Kern\data\raw\fonts\Micro_5_Charted_regular.ttf,ok,0,0,0,0,0,
Noto Sans NKo Unjoined,Noto_Sans_NKo_Unjoined_regular,regular,C:\Users\angel\OneDrive\Desktop\Kern\data\raw\fonts\Noto_Sans_NKo_Unjoined_regular.ttf,ok,7,501,494,7,0,
Noto Sans NKo Unjoined,Noto_Sans_NKo_Unjoined_500,500,C:\Users\angel\OneDrive\Desktop\Kern\data\raw\fonts\Noto_Sans_NKo_Unjoined_500.ttf,ok,7,501,494,7,0,
Noto Sans NKo Unjoined,Noto_Sans_NKo_Unjoined_600,600,C:\Users\angel\OneDrive\Desktop\Kern\data\raw\fonts\Noto_Sans_NKo_Unjoined_600.ttf,ok,7,501,494,7,0,
Noto Sans NKo Unjoined,Noto_Sans_NKo_Unjoined_700,700,C:\Users\angel\OneDrive\Desktop\Kern\data\raw\fonts\Noto_Sans_NKo_Unjoined_700.ttf,ok,7,501,494,7,0,
Playwrite CO Guides,Playwrite_CO_Guides_regular,regular,C:\Users\angel\OneDrive\Desktop\Kern\data\raw\fonts\Playwrite_CO_Guides_regular.ttf,ok,0,0,0,0,0,
Playwrite PE,Playwrite_PE_100,100,C:\Users\angel\OneDrive\Desktop\Kern\data\raw\fonts\Playwrite_PE_100.ttf,ok,0,24300,24300,0,0,
Playwrite PE,Playwrite_PE_200,200,C:\Users\angel\OneDrive\Desktop\Kern\data\raw\fonts\Playwrite_PE_200.ttf,ok,0,24300,24300,0,0,
Playwrite PE,Playwrite_PE_300,300,C:\Users\angel\OneDrive\Desktop\Kern\data\raw\fonts\Playwrite_PE_300.ttf,ok,0,24300,24300,0,0,
Playwrite PE,Playwrite_PE_regular,regular,C:\Users\angel\OneDrive\Desktop\Kern\data\raw\fonts\Playwrite_PE_regular.ttf,ok,0,24300,24300,0,0,
Noto Sans Inscriptional Pahlavi,Noto_Sans_Inscriptional_Pahlavi_regular,regular,C:\Users\angel\OneDrive\Desktop\Kern\data\raw\fonts\Noto_Sans_Inscriptional_Pahlavi_regular.ttf,ok,7,501,494,7,0,
Kay Pho Du,Kay_Pho_Du_regular,regular,C:\Users\angel\OneDrive\Desktop\Kern\data\raw\fonts\Kay_Pho_Du_regular.ttf,ok,0,1,1,0,0,
Kay Pho Du,Kay_Pho_Du_500,500,C:\Users\angel\OneDrive\Desktop\Kern\data\raw\fonts\Kay_Pho_Du_500.ttf,ok,0,1,1,0,0,
Kay Pho Du,Kay_Pho_Du_600,600,C:\Users\angel\OneDrive\Desktop\Kern\data\raw\fonts\Kay_Pho_Du_600.ttf,ok,0,1,1,0,0,
Kay Pho Du,Kay_Pho_Du_700,700,C:\Users\angel\OneDrive\Desktop\Kern\data\raw\fonts\Kay_Pho_Du_700.ttf,ok,0,1,1,0,0,
Playwrite CO,Playwrite_CO_100,100,C:\Users\angel\OneDrive\Desktop\Kern\data\raw\fonts\Playwrite_CO_100.ttf,ok,0,24300,24300,0,0,
Playwrite CO,Playwrite_CO_200,200,C:\Users\angel\OneDrive\Desktop\Kern\data\raw\fonts\Playwrite_CO_200.ttf,ok,0,24300,24300,0,0,
Playwrite CO,Playwrite_CO_300,300,C:\Users\angel\OneDrive\Desktop\Kern\data\raw\fonts\Playwrite_CO_300.ttf,ok,0,24300,24300,0,0,
Playwrite CO,Playwrite_CO_regular,regular,C:\Users\angel\OneDrive\Desktop\Kern\data\raw\fonts\Playwrite_CO_regular.ttf,ok,0,24300,24300,0,0,
Noto Sans Vai,Noto_Sans_Vai_regular,regular,C:\Users\angel\OneDrive\Desktop\Kern\data\raw\fonts\Noto_Sans_Vai_regular.ttf,ok,7,501,494,7,0,
Bpmf Iansui,Bpmf_Iansui_regular,regular,C:\Users\angel\OneDrive\Desktop\Kern\data\raw\fonts\Bpmf_Iansui_regular.ttf,ok,0,0,0,0,0,
Noto Serif Grantha,Noto_Serif_Grantha_regular,regular,C:\Users\angel\OneDrive\Desktop\Kern\data\raw\fonts\Noto_Serif_Grantha_regular.ttf,ok,5,5633,5628,5,0,
Noto Sans Ugaritic,Noto_Sans_Ugaritic_regular,regular,C:\Users\angel\OneDrive\Desktop\Kern\data\raw\fonts\Noto_Sans_Ugaritic_regular.ttf,ok,7,501,494,7,0,
Noto Sans Imperial Aramaic,Noto_Sans_Imperial_Aramaic_regular,regular,C:\Users\angel\OneDrive\Desktop\Kern\data\raw\fonts\Noto_Sans_Imperial_Aramaic_regular.ttf,ok,7,501,494,7,0,
Noto Sans Tai Tham,Noto_Sans_Tai_Tham_regular,regular,C:\Users\angel\OneDrive\Desktop\Kern\data\raw\fonts\Noto_Sans_Tai_Tham_regular.ttf,ok,7,501,494,7,0,
Noto Sans Tai Tham,Noto_Sans_Tai_Tham_500,500,C:\Users\angel\OneDrive\Desktop\Kern\data\raw\fonts\Noto_Sans_Tai_Tham_500.ttf,ok,7,501,494,7,0,
Noto Sans Tai Tham,Noto_Sans_Tai_Tham_600,600,C:\Users\angel\OneDrive\Desktop\Kern\data\raw\fonts\Noto_Sans_Tai_Tham_600.ttf,ok,7,501,494,7,0,
Noto Sans Tai Tham,Noto_Sans_Tai_Tham_700,700,C:\Users\angel\OneDrive\Desktop\Kern\data\raw\fonts\Noto_Sans_Tai_Tham_700.ttf,ok,7,501,494,7,0,
Playwrite CL,Playwrite_CL_100,100,C:\Users\angel\OneDrive\Desktop\Kern\data\raw\fonts\Playwrite_CL_100.ttf,ok,0,24300,24300,0,0,
Playwrite CL,Playwrite_CL_200,200,C:\Users\angel\OneDrive\Desktop\Kern\data\raw\fonts\Playwrite_CL_200.ttf,ok,0,24300,24300,0,0,
Playwrite CL,Playwrite_CL_300,300,C:\Users\angel\OneDrive\Desktop\Kern\data\raw\fonts\Playwrite_CL_300.ttf,ok,0,24300,24300,0,0,
Playwrite CL,Playwrite_CL_regular,regular,C:\Users\angel\OneDrive\Desktop\Kern\data\raw\fonts\Playwrite_CL_regular.ttf,ok,0,24300,24300,0,0,
Edu VIC WA NT Hand Pre,Edu_VIC_WA_NT_Hand_Pre_regular,regular,C:\Users\angel\OneDrive\Desktop\Kern\data\raw\fonts\Edu_VIC_WA_NT_Hand_Pre_regular.ttf,ok,28,5183,5155,28,0,
Edu VIC WA NT Hand Pre,Edu_VIC_WA_NT_Hand_Pre_500,500,C:\Users\angel\OneDrive\Desktop\Kern\data\raw\fonts\Edu_VIC_WA_NT_Hand_Pre_500.ttf,ok,2356,5183,2827,2356,0,
Edu VIC WA NT Hand Pre,Edu_VIC_WA_NT_Hand_Pre_600,600,C:\Users\angel\OneDrive\Desktop\Kern\data\raw\fonts\Edu_VIC_WA_NT_Hand_Pre_600.ttf,ok,2356,5183,2827,2356,0,
Edu VIC WA NT Hand Pre,Edu_VIC_WA_NT_Hand_Pre_700,700,C:\Users\angel\OneDrive\Desktop\Kern\data\raw\fonts\Edu_VIC_WA_NT_Hand_Pre_700.ttf,ok,2354,5183,2829,2354,0,
Noto Sans Buginese,Noto_Sans_Buginese_regular,regular,C:\Users\angel\OneDrive\Desktop\Kern\data\raw\fonts\Noto_Sans_Buginese_regular.ttf,ok,7,501,494,7,0,
Edu QLD Hand,Edu_QLD_Hand_regular,regular,C:\Users\angel\OneDrive\Desktop\Kern\data\raw\fonts\Edu_QLD_Hand_regular.ttf,ok,362,3180,2818,362,0,
Edu QLD Hand,Edu_QLD_Hand_500,500,C:\Users\angel\OneDrive\Desktop\Kern\data\raw\fonts\Edu_QLD_Hand_500.ttf,ok,451,3180,2729,451,0,
Edu QLD Hand,Edu_QLD_Hand_600,600,C:\Users\angel\OneDrive\Desktop\Kern\data\raw\fonts\Edu_QLD_Hand_600.ttf,ok,448,3180,2732,448,0,
Edu QLD Hand,Edu_QLD_Hand_700,700,C:\Users\angel\OneDrive\Desktop\Kern\data\raw\fonts\Edu_QLD_Hand_700.ttf,ok,414,3180,2766,414,0,
Jacquard 24 Charted,Jacquard_24_Charted_regular,regular,C:\Users\angel\OneDrive\Desktop\Kern\data\raw\fonts\Jacquard_24_Charted_regular.ttf,ok,27,29,2,27,0,
Noto Sans Old South Arabian,Noto_Sans_Old_South_Arabian_regular,regular,C:\Users\angel\OneDrive\Desktop\Kern\data\raw\fonts\Noto_Sans_Old_South_Arabian_regular.ttf,ok,7,501,494,7,0,
Noto Sans Kawi,Noto_Sans_Kawi_regular,regular,C:\Users\angel\OneDrive\Desktop\Kern\data\raw\fonts\Noto_Sans_Kawi_regular.ttf,ok,7,3205,3198,7,0,
Noto Sans Kawi,Noto_Sans_Kawi_500,500,C:\Users\angel\OneDrive\Desktop\Kern\data\raw\fonts\Noto_Sans_Kawi_500.ttf,ok,7,3205,3198,7,0,
Noto Sans Kawi,Noto_Sans_Kawi_600,600,C:\Users\angel\OneDrive\Desktop\Kern\data\raw\fonts\Noto_Sans_Kawi_600.ttf,ok,7,3205,3198,7,0,
Noto Sans Kawi,Noto_Sans_Kawi_700,700,C:\Users\angel\OneDrive\Desktop\Kern\data\raw\fonts\Noto_Sans_Kawi_700.ttf,ok,7,3205,3198,7,0,
Noto Sans Sogdian,Noto_Sans_Sogdian_regular,regular,C:\Users\angel\OneDrive\Desktop\Kern\data\raw\fonts\Noto_Sans_Sogdian_regular.ttf,ok,7,501,494,7,0,
Noto Sans Mayan Numerals,Noto_Sans_Mayan_Numerals_regular,regular,C:\Users\angel\OneDrive\Desktop\Kern\data\raw\fonts\Noto_Sans_Mayan_Numerals_regular.ttf,ok,7,501,494,7,0,
Jersey 15 Charted,Jersey_15_Charted_regular,regular,C:\Users\angel\OneDrive\Desktop\Kern\data\raw\fonts\Jersey_15_Charted_regular.ttf,ok,0,0,0,0,0,
Noto Sans Chakma,Noto_Sans_Chakma_regular,regular,C:\Users\angel\OneDrive\Desktop\Kern\data\raw\fonts\Noto_Sans_Chakma_regular.ttf,ok,7,501,494,7,0,
Noto Sans Hatran,Noto_Sans_Hatran_regular,regular,C:\Users\angel\OneDrive\Desktop\Kern\data\raw\fonts\Noto_Sans_Hatran_regular.ttf,ok,7,501,494,7,0,
Jersey 25 Charted,Jersey_25_Charted_regular,regular,C:\Users\angel\OneDrive\Desktop\Kern\data\raw\fonts\Jersey_25_Charted_regular.ttf,ok,0,0,0,0,0,
Noto Sans Caucasian Albanian,Noto_Sans_Caucasian_Albanian_regular,regular,C:\Users\angel\OneDrive\Desktop\Kern\data\raw\fonts\Noto_Sans_Caucasian_Albanian_regular.ttf,ok,7,501,494,7,0,
Noto Sans Linear B,Noto_Sans_Linear_B_regular,regular,C:\Users\angel\OneDrive\Desktop\Kern\data\raw\fonts\Noto_Sans_Linear_B_regular.ttf,ok,7,501,494,7,0,
Idiqlat,Idiqlat_200,200,C:\Users\angel\OneDrive\Desktop\Kern\data\raw\fonts\Idiqlat_200.ttf,ok,0,0,0,0,0,
Idiqlat,Idiqlat_300,300,C:\Users\angel\OneDrive\Desktop\Kern\data\raw\fonts\Idiqlat_300.ttf,ok,0,0,0,0,0,
Idiqlat,Idiqlat_regular,regular,C:\Users\angel\OneDrive\Desktop\Kern\data\raw\fonts\Idiqlat_regular.ttf,ok,0,0,0,0,0,
Betania Patmos In,Betania_Patmos_In_regular,regular,C:\Users\angel\OneDrive\Desktop\Kern\data\raw\fonts\Betania_Patmos_In_regular.ttf,ok,0,544,544,0,0,
Playwrite ES Deco,Playwrite_ES_Deco_100,100,C:\Users\angel\OneDrive\Desktop\Kern\data\raw\fonts\Playwrite_ES_Deco_100.ttf,ok,0,24300,24300,0,0,
Playwrite ES Deco,Playwrite_ES_Deco_200,200,C:\Users\angel\OneDrive\Desktop\Kern\data\raw\fonts\Playwrite_ES_Deco_200.ttf,ok,0,24300,24300,0,0,
Playwrite ES Deco,Playwrite_ES_Deco_300,300,C:\Users\angel\OneDrive\Desktop\Kern\data\raw\fonts\Playwrite_ES_Deco_300.ttf,ok,0,24300,24300,0,0,
Playwrite ES Deco,Playwrite_ES_Deco_regular,regular,C:\Users\angel\OneDrive\Desktop\Kern\data\raw\fonts\Playwrite_ES_Deco_regular.ttf,ok,0,24300,24300,0,0,
Playwrite AU VIC Guides,Playwrite_AU_VIC_Guides_regular,regular,C:\Users\angel\OneDrive\Desktop\Kern\data\raw\fonts\Playwrite_AU_VIC_Guides_regular.ttf,ok,0,5819,5819,0,0,
Noto Sans Miao,Noto_Sans_Miao_regular,regular,C:\Users\angel\OneDrive\Desktop\Kern\data\raw\fonts\Noto_Sans_Miao_regular.ttf,ok,7,501,494,7,0,
Betania Patmos In GDL,Betania_Patmos_In_GDL_regular,regular,C:\Users\angel\OneDrive\Desktop\Kern\data\raw\fonts\Betania_Patmos_In_GDL_regular.ttf,ok,0,544,544,0,0,
Noto Sans SignWriting,Noto_Sans_SignWriting_regular,regular,C:\Users\angel\OneDrive\Desktop\Kern\data\raw\fonts\Noto_Sans_SignWriting_regular.ttf,ok,7,501,494,7,0,
Noto Sans Bassa Vah,Noto_Sans_Bassa_Vah_regular,regular,C:\Users\angel\OneDrive\Desktop\Kern\data\raw\fonts\Noto_Sans_Bassa_Vah_regular.ttf,ok,7,501,494,7,0,
Noto Sans Bassa Vah,Noto_Sans_Bassa_Vah_500,500,C:\Users\angel\OneDrive\Desktop\Kern\data\raw\fonts\Noto_Sans_Bassa_Vah_500.ttf,ok,7,501,494,7,0,
Noto Sans Bassa Vah,Noto_Sans_Bassa_Vah_600,600,C:\Users\angel\OneDrive\Desktop\Kern\data\raw\fonts\Noto_Sans_Bassa_Vah_600.ttf,ok,7,501,494,7,0,
Noto Sans Bassa Vah,Noto_Sans_Bassa_Vah_700,700,C:\Users\angel\OneDrive\Desktop\Kern\data\raw\fonts\Noto_Sans_Bassa_Vah_700.ttf,ok,7,501,494,7,0,
Kanchenjunga,Kanchenjunga_regular,regular,C:\Users\angel\OneDrive\Desktop\Kern\data\raw\fonts\Kanchenjunga_regular.ttf,ok,0,0,0,0,0,
Kanchenjunga,Kanchenjunga_500,500,C:\Users\angel\OneDrive\Desktop\Kern\data\raw\fonts\Kanchenjunga_500.ttf,ok,0,0,0,0,0,
Kanchenjunga,Kanchenjunga_600,600,C:\Users\angel\OneDrive\Desktop\Kern\data\raw\fonts\Kanchenjunga_600.ttf,ok,0,0,0,0,0,
Kanchenjunga,Kanchenjunga_700,700,C:\Users\angel\OneDrive\Desktop\Kern\data\raw\fonts\Kanchenjunga_700.ttf,ok,0,0,0,0,0,
Playwrite BR,Playwrite_BR_100,100,C:\Users\angel\OneDrive\Desktop\Kern\data\raw\fonts\Playwrite_BR_100.ttf,ok,0,24300,24300,0,0,
Playwrite BR,Playwrite_BR_200,200,C:\Users\angel\OneDrive\Desktop\Kern\data\raw\fonts\Playwrite_BR_200.ttf,ok,0,24300,24300,0,0,
Playwrite BR,Playwrite_BR_300,300,C:\Users\angel\OneDrive\Desktop\Kern\data\raw\fonts\Playwrite_BR_300.ttf,ok,0,24300,24300,0,0,
Playwrite BR,Playwrite_BR_regular,regular,C:\Users\angel\OneDrive\Desktop\Kern\data\raw\fonts\Playwrite_BR_regular.ttf,ok,0,24300,24300,0,0,
Noto Sans Syriac Western,Noto_Sans_Syriac_Western_100,100,C:\Users\angel\OneDrive\Desktop\Kern\data\raw\fonts\Noto_Sans_Syriac_Western_100.ttf,ok,7,501,494,7,0,
Noto Sans Syriac Western,Noto_Sans_Syriac_Western_200,200,C:\Users\angel\OneDrive\Desktop\Kern\data\raw\fonts\Noto_Sans_Syriac_Western_200.ttf,ok,7,501,494,7,0,
Noto Sans Syriac Western,Noto_Sans_Syriac_Western_300,300,C:\Users\angel\OneDrive\Desktop\Kern\data\raw\fonts\Noto_Sans_Syriac_Western_300.ttf,ok,7,501,494,7,0,
Noto Sans Syriac Western,Noto_Sans_Syriac_Western_regular,regular,C:\Users\angel\OneDrive\Desktop\Kern\data\raw\fonts\Noto_Sans_Syriac_Western_regular.ttf,ok,7,501,494,7,0,
Noto Sans Syriac Western,Noto_Sans_Syriac_Western_500,500,C:\Users\angel\OneDrive\Desktop\Kern\data\raw\fonts\Noto_Sans_Syriac_Western_500.ttf,ok,7,501,494,7,0,
Noto Sans Syriac Western,Noto_Sans_Syriac_Western_600,600,C:\Users\angel\OneDrive\Desktop\Kern\data\raw\fonts\Noto_Sans_Syriac_Western_600.ttf,ok,7,501,494,7,0,
Noto Sans Syriac Western,Noto_Sans_Syriac_Western_700,700,C:\Users\angel\OneDrive\Desktop\Kern\data\raw\fonts\Noto_Sans_Syriac_Western_700.ttf,ok,7,501,494,7,0,
Noto Sans Syriac Western,Noto_Sans_Syriac_Western_800,800,C:\Users\angel\OneDrive\Desktop\Kern\data\raw\fonts\Noto_Sans_Syriac_Western_800.ttf,ok,7,501,494,7,0,
Noto Sans Syriac Western,Noto_Sans_Syriac_Western_900,900,C:\Users\angel\OneDrive\Desktop\Kern\data\raw\fonts\Noto_Sans_Syriac_Western_900.ttf,ok,7,501,494,7,0,
Betania Patmos GDL,Betania_Patmos_GDL_regular,regular,C:\Users\angel\OneDrive\Desktop\Kern\data\raw\fonts\Betania_Patmos_GDL_regular.ttf,ok,0,544,544,0,0,
Playwrite IE Guides,Playwrite_IE_Guides_regular,regular,C:\Users\angel\OneDrive\Desktop\Kern\data\raw\fonts\Playwrite_IE_Guides_regular.ttf,ok,0,44,44,0,0,
Noto Sans Cypriot,Noto_Sans_Cypriot_regular,regular,C:\Users\angel\OneDrive\Desktop\Kern\data\raw\fonts\Noto_Sans_Cypriot_regular.ttf,ok,7,501,494,7,0,
Noto Sans Phoenician,Noto_Sans_Phoenician_regular,regular,C:\Users\angel\OneDrive\Desktop\Kern\data\raw\fonts\Noto_Sans_Phoenician_regular.ttf,ok,7,501,494,7,0,
Noto Sans PhagsPa,Noto_Sans_PhagsPa_regular,regular,C:\Users\angel\OneDrive\Desktop\Kern\data\raw\fonts\Noto_Sans_PhagsPa_regular.ttf,ok,7,501,494,7,0,
Playwrite US Trad Guides,Playwrite_US_Trad_Guides_regular,regular,C:\Users\angel\OneDrive\Desktop\Kern\data\raw\fonts\Playwrite_US_Trad_Guides_regular.ttf,ok,0,0,0,0,0,
Playwrite IN Guides,Playwrite_IN_Guides_regular,regular,C:\Users\angel\OneDrive\Desktop\Kern\data\raw\fonts\Playwrite_IN_Guides_regular.ttf,ok,0,0,0,0,0,
Jersey 20 Charted,Jersey_20_Charted_regular,regular,C:\Users\angel\OneDrive\Desktop\Kern\data\raw\fonts\Jersey_20_Charted_regular.ttf,ok,0,0,0,0,0,
Noto Sans Gunjala Gondi,Noto_Sans_Gunjala_Gondi_regular,regular,C:\Users\angel\OneDrive\Desktop\Kern\data\raw\fonts\Noto_Sans_Gunjala_Gondi_regular.ttf,ok,7,501,494,7,0,
Noto Sans Gunjala Gondi,Noto_Sans_Gunjala_Gondi_500,500,C:\Users\angel\OneDrive\Desktop\Kern\data\raw\fonts\Noto_Sans_Gunjala_Gondi_500.ttf,ok,7,501,494,7,0,
Noto Sans Gunjala Gondi,Noto_Sans_Gunjala_Gondi_600,600,C:\Users\angel\OneDrive\Desktop\Kern\data\raw\fonts\Noto_Sans_Gunjala_Gondi_600.ttf,ok,7,501,494,7,0,
Noto Sans Gunjala Gondi,Noto_Sans_Gunjala_Gondi_700,700,C:\Users\angel\OneDrive\Desktop\Kern\data\raw\fonts\Noto_Sans_Gunjala_Gondi_700.ttf,ok,7,501,494,7,0,
Noto Sans Rejang,Noto_Sans_Rejang_regular,regular,C:\Users\angel\OneDrive\Desktop\Kern\data\raw\fonts\Noto_Sans_Rejang_regular.ttf,ok,7,501,494,7,0,
Noto Sans Nushu,Noto_Sans_Nushu_regular,regular,C:\Users\angel\OneDrive\Desktop\Kern\data\raw\fonts\Noto_Sans_Nushu_regular.ttf,ok,7,501,494,7,0,
Noto Sans Elymaic,Noto_Sans_Elymaic_regular,regular,C:\Users\angel\OneDrive\Desktop\Kern\data\raw\fonts\Noto_Sans_Elymaic_regular.ttf,ok,7,501,494,7,0,
Noto Sans Mro,Noto_Sans_Mro_regular,regular,C:\Users\angel\OneDrive\Desktop\Kern\data\raw\fonts\Noto_Sans_Mro_regular.ttf,ok,7,501,494,7,0,
Noto Sans Ogham,Noto_Sans_Ogham_regular,regular,C:\Users\angel\OneDrive\Desktop\Kern\data\raw\fonts\Noto_Sans_Ogham_regular.ttf,ok,7,501,494,7,0,
Jacquarda Bastarda 9 Charted,Jacquarda_Bastarda_9_Charted_regular,regular,C:\Users\angel\OneDrive\Desktop\Kern\data\raw\fonts\Jacquarda_Bastarda_9_Charted_regular.ttf,ok,20,21,1,20,0,
Playwrite TZ Guides,Playwrite_TZ_Guides_regular,regular,C:\Users\angel\OneDrive\Desktop\Kern\data\raw\fonts\Playwrite_TZ_Guides_regular.ttf,ok,0,99,99,0,0,
Yarndings 20,Yarndings_20_regular,regular,C:\Users\angel\OneDrive\Desktop\Kern\data\raw\fonts\Yarndings_20_regular.ttf,ok,0,0,0,0,0,
Yuji Hentaigana Akebono,Yuji_Hentaigana_Akebono_regular,regular,C:\Users\angel\OneDrive\Desktop\Kern\data\raw\fonts\Yuji_Hentaigana_Akebono_regular.ttf,ok,0,0,0,0,0,
Noto Sans Psalter Pahlavi,Noto_Sans_Psalter_Pahlavi_regular,regular,C:\Users\angel\OneDrive\Desktop\Kern\data\raw\fonts\Noto_Sans_Psalter_Pahlavi_regular.ttf,ok,7,501,494,7,0,
Playwrite NZ Basic Guides,Playwrite_NZ_Basic_Guides_regular,regular,C:\Users\angel\OneDrive\Desktop\Kern\data\raw\fonts\Playwrite_NZ_Basic_Guides_regular.ttf,ok,0,9251,9251,0,0,
Noto Sans Mandaic,Noto_Sans_Mandaic_regular,regular,C:\Users\angel\OneDrive\Desktop\Kern\data\raw\fonts\Noto_Sans_Mandaic_regular.ttf,ok,7,501,494,7,0,
Noto Sans Tamil Supplement,Noto_Sans_Tamil_Supplement_regular,regular,C:\Users\angel\OneDrive\Desktop\Kern\data\raw\fonts\Noto_Sans_Tamil_Supplement_regular.ttf,ok,7,501,494,7,0,
Noto Sans Khudawadi,Noto_Sans_Khudawadi_regular,regular,C:\Users\angel\OneDrive\Desktop\Kern\data\raw\fonts\Noto_Sans_Khudawadi_regular.ttf,ok,7,501,494,7,0,
Playwrite PL Guides,Playwrite_PL_Guides_regular,regular,C:\Users\angel\OneDrive\Desktop\Kern\data\raw\fonts\Playwrite_PL_Guides_regular.ttf,ok,0,99,99,0,0,
Playwrite PT Guides,Playwrite_PT_Guides_regular,regular,C:\Users\angel\OneDrive\Desktop\Kern\data\raw\fonts\Playwrite_PT_Guides_regular.ttf,ok,0,0,0,0,0,
Noto Sans Masaram Gondi,Noto_Sans_Masaram_Gondi_regular,regular,C:\Users\angel\OneDrive\Desktop\Kern\data\raw\fonts\Noto_Sans_Masaram_Gondi_regular.ttf,ok,7,501,494,7,0,
Noto Sans Modi,Noto_Sans_Modi_regular,regular,C:\Users\angel\OneDrive\Desktop\Kern\data\raw\fonts\Noto_Sans_Modi_regular.ttf,ok,7,501,494,7,0,
Noto Sans Chorasmian,Noto_Sans_Chorasmian_regular,regular,C:\Users\angel\OneDrive\Desktop\Kern\data\raw\fonts\Noto_Sans_Chorasmian_regular.ttf,ok,7,3205,3198,7,0,
Noto Sans Kayah Li,Noto_Sans_Kayah_Li_regular,regular,C:\Users\angel\OneDrive\Desktop\Kern\data\raw\fonts\Noto_Sans_Kayah_Li_regular.ttf,ok,7,501,494,7,0,
Noto Sans Kayah Li,Noto_Sans_Kayah_Li_500,500,C:\Users\angel\OneDrive\Desktop\Kern\data\raw\fonts\Noto_Sans_Kayah_Li_500.ttf,ok,7,501,494,7,0,
Noto Sans Kayah Li,Noto_Sans_Kayah_Li_600,600,C:\Users\angel\OneDrive\Desktop\Kern\data\raw\fonts\Noto_Sans_Kayah_Li_600.ttf,ok,7,501,494,7,0,
Noto Sans Kayah Li,Noto_Sans_Kayah_Li_700,700,C:\Users\angel\OneDrive\Desktop\Kern\data\raw\fonts\Noto_Sans_Kayah_Li_700.ttf,ok,7,501,494,7,0,
Noto Sans Lepcha,Noto_Sans_Lepcha_regular,regular,C:\Users\angel\OneDrive\Desktop\Kern\data\raw\fonts\Noto_Sans_Lepcha_regular.ttf,ok,7,501,494,7,0,
Noto Sans Old Sogdian,Noto_Sans_Old_Sogdian_regular,regular,C:\Users\angel\OneDrive\Desktop\Kern\data\raw\fonts\Noto_Sans_Old_Sogdian_regular.ttf,ok,7,501,494,7,0,
Noto Sans Pau Cin Hau,Noto_Sans_Pau_Cin_Hau_regular,regular,C:\Users\angel\OneDrive\Desktop\Kern\data\raw\fonts\Noto_Sans_Pau_Cin_Hau_regular.ttf,ok,7,501,494,7,0,
Yarndings 12,Yarndings_12_regular,regular,C:\Users\angel\OneDrive\Desktop\Kern\data\raw\fonts\Yarndings_12_regular.ttf,ok,0,0,0,0,0,
Playwrite PE Guides,Playwrite_PE_Guides_regular,regular,C:\Users\angel\OneDrive\Desktop\Kern\data\raw\fonts\Playwrite_PE_Guides_regular.ttf,ok,0,0,0,0,0,
Noto Sans Saurashtra,Noto_Sans_Saurashtra_regular,regular,C:\Users\angel\OneDrive\Desktop\Kern\data\raw\fonts\Noto_Sans_Saurashtra_regular.ttf,ok,7,501,494,7,0,
Noto Sans Manichaean,Noto_Sans_Manichaean_regular,regular,C:\Users\angel\OneDrive\Desktop\Kern\data\raw\fonts\Noto_Sans_Manichaean_regular.ttf,ok,7,501,494,7,0,
Noto Sans Deseret,Noto_Sans_Deseret_regular,regular,C:\Users\angel\OneDrive\Desktop\Kern\data\raw\fonts\Noto_Sans_Deseret_regular.ttf,ok,7,501,494,7,0,
Noto Sans Soyombo,Noto_Sans_Soyombo_regular,regular,C:\Users\angel\OneDrive\Desktop\Kern\data\raw\fonts\Noto_Sans_Soyombo_regular.ttf,ok,7,501,494,7,0,
Playwrite DE Grund Guides,Playwrite_DE_Grund_Guides_regular,regular,C:\Users\angel\OneDrive\Desktop\Kern\data\raw\fonts\Playwrite_DE_Grund_Guides_regular.ttf,ok,0,27500,27500,0,0,
Ramsina,Ramsina_regular,regular,C:\Users\angel\OneDrive\Desktop\Kern\data\raw\fonts\Ramsina_regular.ttf,ok,0,0,0,0,0,
Playwrite IT Trad,Playwrite_IT_Trad_100,100,C:\Users\angel\OneDrive\Desktop\Kern\data\raw\fonts\Playwrite_IT_Trad_100.ttf,ok,0,24300,24300,0,0,
Playwrite IT Trad,Playwrite_IT_Trad_200,200,C:\Users\angel\OneDrive\Desktop\Kern\data\raw\fonts\Playwrite_IT_Trad_200.ttf,ok,0,24300,24300,0,0,
Playwrite IT Trad,Playwrite_IT_Trad_300,300,C:\Users\angel\OneDrive\Desktop\Kern\data\raw\fonts\Playwrite_IT_Trad_300.ttf,ok,0,24300,24300,0,0,
Playwrite IT Trad,Playwrite_IT_Trad_regular,regular,C:\Users\angel\OneDrive\Desktop\Kern\data\raw\fonts\Playwrite_IT_Trad_regular.ttf,ok,0,24300,24300,0,0,
Playwrite FR Trad,Playwrite_FR_Trad_100,100,C:\Users\angel\OneDrive\Desktop\Kern\data\raw\fonts\Playwrite_FR_Trad_100.ttf,ok,0,24300,24300,0,0,
Playwrite FR Trad,Playwrite_FR_Trad_200,200,C:\Users\angel\OneDrive\Desktop\Kern\data\raw\fonts\Playwrite_FR_Trad_200.ttf,ok,0,24300,24300,0,0,
Playwrite FR Trad,Playwrite_FR_Trad_300,300,C:\Users\angel\OneDrive\Desktop\Kern\data\raw\fonts\Playwrite_FR_Trad_300.ttf,ok,0,24300,24300,0,0,
Playwrite FR Trad,Playwrite_FR_Trad_regular,regular,C:\Users\angel\OneDrive\Desktop\Kern\data\raw\fonts\Playwrite_FR_Trad_regular.ttf,ok,0,24300,24300,0,0,
Noto Sans Siddham,Noto_Sans_Siddham_regular,regular,C:\Users\angel\OneDrive\Desktop\Kern\data\raw\fonts\Noto_Sans_Siddham_regular.ttf,ok,7,5909,5902,7,0,
Playwrite GB S Guides,Playwrite_GB_S_Guides_regular,regular,C:\Users\angel\OneDrive\Desktop\Kern\data\raw\fonts\Playwrite_GB_S_Guides_regular.ttf,ok,0,5819,5819,0,0,
Playwrite GB S Guides,Playwrite_GB_S_Guides_italic,italic,C:\Users\angel\OneDrive\Desktop\Kern\data\raw\fonts\Playwrite_GB_S_Guides_italic.ttf,ok,0,5819,5819,0,0,
Noto Sans Kharoshthi,Noto_Sans_Kharoshthi_regular,regular,C:\Users\angel\OneDrive\Desktop\Kern\data\raw\fonts\Noto_Sans_Kharoshthi_regular.ttf,ok,7,501,494,7,0,
Playwrite GB J Guides,Playwrite_GB_J_Guides_regular,regular,C:\Users\angel\OneDrive\Desktop\Kern\data\raw\fonts\Playwrite_GB_J_Guides_regular.ttf,ok,0,5819,5819,0,0,
Playwrite GB J Guides,Playwrite_GB_J_Guides_italic,italic,C:\Users\angel\OneDrive\Desktop\Kern\data\raw\fonts\Playwrite_GB_J_Guides_italic.ttf,ok,0,5819,5819,0,0,
Playwrite DE VA,Playwrite_DE_VA_100,100,C:\Users\angel\OneDrive\Desktop\Kern\data\raw\fonts\Playwrite_DE_VA_100.ttf,ok,0,31188,31188,0,0,
Playwrite DE VA,Playwrite_DE_VA_200,200,C:\Users\angel\OneDrive\Desktop\Kern\data\raw\fonts\Playwrite_DE_VA_200.ttf,ok,0,31188,31188,0,0,
Playwrite DE VA,Playwrite_DE_VA_300,300,C:\Users\angel\OneDrive\Desktop\Kern\data\raw\fonts\Playwrite_DE_VA_300.ttf,ok,0,31188,31188,0,0,
Playwrite DE VA,Playwrite_DE_VA_regular,regular,C:\Users\angel\OneDrive\Desktop\Kern\data\raw\fonts\Playwrite_DE_VA_regular.ttf,ok,0,31188,31188,0,0,
Playwrite CU Guides,Playwrite_CU_Guides_regular,regular,C:\Users\angel\OneDrive\Desktop\Kern\data\raw\fonts\Playwrite_CU_Guides_regular.ttf,ok,0,11,11,0,0,
Playwrite IT Moderna Guides,Playwrite_IT_Moderna_Guides_regular,regular,C:\Users\angel\OneDrive\Desktop\Kern\data\raw\fonts\Playwrite_IT_Moderna_Guides_regular.ttf,ok,0,6336,6336,0,0,
Yarndings 12 Charted,Yarndings_12_Charted_regular,regular,C:\Users\angel\OneDrive\Desktop\Kern\data\raw\fonts\Yarndings_12_Charted_regular.ttf,ok,0,0,0,0,0,
Playwrite BE WAL Guides,Playwrite_BE_WAL_Guides_regular,regular,C:\Users\angel\OneDrive\Desktop\Kern\data\raw\fonts\Playwrite_BE_WAL_Guides_regular.ttf,ok,0,0,0,0,0,
Playwrite ES Deco Guides,Playwrite_ES_Deco_Guides_regular,regular,C:\Users\angel\OneDrive\Desktop\Kern\data\raw\fonts\Playwrite_ES_Deco_Guides_regular.ttf,ok,0,0,0,0,0,
Noto Sans Lycian,Noto_Sans_Lycian_regular,regular,C:\Users\angel\OneDrive\Desktop\Kern\data\raw\fonts\Noto_Sans_Lycian_regular.ttf,ok,0,0,0,0,0,
Playwrite DE VA Guides,Playwrite_DE_VA_Guides_regular,regular,C:\Users\angel\OneDrive\Desktop\Kern\data\raw\fonts\Playwrite_DE_VA_Guides_regular.ttf,ok,0,3468,3468,0,0,
Playwrite DK Uloopet Guides,Playwrite_DK_Uloopet_Guides_regular,regular,C:\Users\angel\OneDrive\Desktop\Kern\data\raw\fonts\Playwrite_DK_Uloopet_Guides_regular.ttf,ok,0,5324,5324,0,0,
Playwrite AR Guides,Playwrite_AR_Guides_regular,regular,C:\Users\angel\OneDrive\Desktop\Kern\data\raw\fonts\Playwrite_AR_Guides_regular.ttf,ok,0,0,0,0,0,
Playwrite FR Trad Guides,Playwrite_FR_Trad_Guides_regular,regular,C:\Users\angel\OneDrive\Desktop\Kern\data\raw\fonts\Playwrite_FR_Trad_Guides_regular.ttf,ok,0,0,0,0,0,
Playwrite FR Moderne Guides,Playwrite_FR_Moderne_Guides_regular,regular,C:\Users\angel\OneDrive\Desktop\Kern\data\raw\fonts\Playwrite_FR_Moderne_Guides_regular.ttf,ok,0,7436,7436,0,0,
Playwrite BR Guides,Playwrite_BR_Guides_regular,regular,C:\Users\angel\OneDrive\Desktop\Kern\data\raw\fonts\Playwrite_BR_Guides_regular.ttf,ok,0,0,0,0,0,
Playwrite IT Trad Guides,Playwrite_IT_Trad_Guides_regular,regular,C:\Users\angel\OneDrive\Desktop\Kern\data\raw\fonts\Playwrite_IT_Trad_Guides_regular.ttf,ok,0,0,0,0,0,
Playwrite AU SA Guides,Playwrite_AU_SA_Guides_regular,regular,C:\Users\angel\OneDrive\Desktop\Kern\data\raw\fonts\Playwrite_AU_SA_Guides_regular.ttf,ok,0,5324,5324,0,0,
Playwrite DE LA Guides,Playwrite_DE_LA_Guides_regular,regular,C:\Users\angel\OneDrive\Desktop\Kern\data\raw\fonts\Playwrite_DE_LA_Guides_regular.ttf,ok,0,11,11,0,0,
Playwrite US Modern Guides,Playwrite_US_Modern_Guides_regular,regular,C:\Users\angel\OneDrive\Desktop\Kern\data\raw\fonts\Playwrite_US_Modern_Guides_regular.ttf,ok,0,6875,6875,0,0,
Playwrite ZA Guides,Playwrite_ZA_Guides_regular,regular,C:\Users\angel\OneDrive\Desktop\Kern\data\raw\fonts\Playwrite_ZA_Guides_regular.ttf,ok,0,11,11,0,0,
Playwrite CL Guides,Playwrite_CL_Guides_regular,regular,C:\Users\angel\OneDrive\Desktop\Kern\data\raw\fonts\Playwrite_CL_Guides_regular.ttf,ok,0,0,0,0,0,
Playwrite DK Loopet Guides,Playwrite_DK_Loopet_Guides_regular,regular,C:\Users\angel\OneDrive\Desktop\Kern\data\raw\fonts\Playwrite_DK_Loopet_Guides_regular.ttf,ok,0,5324,5324,0,0,
Playwrite NO Guides,Playwrite_NO_Guides_regular,regular,C:\Users\angel\OneDrive\Desktop\Kern\data\raw\fonts\Playwrite_NO_Guides_regular.ttf,ok,0,99,99,0,0,
Playwrite HU Guides,Playwrite_HU_Guides_regular,regular,C:\Users\angel\OneDrive\Desktop\Kern\data\raw\fonts\Playwrite_HU_Guides_regular.ttf,ok,0,44,44,0,0,
Playwrite ID Guides,Playwrite_ID_Guides_regular,regular,C:\Users\angel\OneDrive\Desktop\Kern\data\raw\fonts\Playwrite_ID_Guides_regular.ttf,ok,0,704,704,0,0,
Playwrite AU TAS Guides,Playwrite_AU_TAS_Guides_regular,regular,C:\Users\angel\OneDrive\Desktop\Kern\data\raw\fonts\Playwrite_AU_TAS_Guides_regular.ttf,ok,0,5324,5324,0,0,
Playwrite NL Guides,Playwrite_NL_Guides_regular,regular,C:\Users\angel\OneDrive\Desktop\Kern\data\raw\fonts\Playwrite_NL_Guides_regular.ttf,ok,0,44,44,0,0,
Playwrite NG Modern Guides,Playwrite_NG_Modern_Guides_regular,regular,C:\Users\angel\OneDrive\Desktop\Kern\data\raw\fonts\Playwrite_NG_Modern_Guides_regular.ttf,ok,0,6336,6336,0,0,
Playwrite ES Guides,Playwrite_ES_Guides_regular,regular,C:\Users\angel\OneDrive\Desktop\Kern\data\raw\fonts\Playwrite_ES_Guides_regular.ttf,ok,0,6875,6875,0,0,
Playwrite AT Guides,Playwrite_AT_Guides_regular,regular,C:\Users\angel\OneDrive\Desktop\Kern\data\raw\fonts\Playwrite_AT_Guides_regular.ttf,ok,0,972,972,0,0,
Playwrite AT Guides,Playwrite_AT_Guides_italic,italic,C:\Users\angel\OneDrive\Desktop\Kern\data\raw\fonts\Playwrite_AT_Guides_italic.ttf,ok,0,972,972,0,0,
Playwrite AU QLD Guides,Playwrite_AU_QLD_Guides_regular,regular,C:\Users\angel\OneDrive\Desktop\Kern\data\raw\fonts\Playwrite_AU_QLD_Guides_regular.ttf,ok,0,4851,4851,0,0,
Playwrite AU NSW Guides,Playwrite_AU_NSW_Guides_regular,regular,C:\Users\angel\OneDrive\Desktop\Kern\data\raw\fonts\Playwrite_AU_NSW_Guides_regular.ttf,ok,0,5324,5324,0,0,
Playwrite BE VLG Guides,Playwrite_BE_VLG_Guides_regular,regular,C:\Users\angel\OneDrive\Desktop\Kern\data\raw\fonts\Playwrite_BE_VLG_Guides_regular.ttf,ok,0,0,0,0,0,
Playwrite HR Lijeva Guides,Playwrite_HR_Lijeva_Guides_regular,regular,C:\Users\angel\OneDrive\Desktop\Kern\data\raw\fonts\Playwrite_HR_Lijeva_Guides_regular.ttf,ok,0,275,275,0,0,
Playwrite DE SAS Guides,Playwrite_DE_SAS_Guides_regular,regular,C:\Users\angel\OneDrive\Desktop\Kern\data\raw\fonts\Playwrite_DE_SAS_Guides_regular.ttf,ok,0,1728,1728,0,0,
Playwrite CA Guides,Playwrite_CA_Guides_regular,regular,C:\Users\angel\OneDrive\Desktop\Kern\data\raw\fonts\Playwrite_CA_Guides_regular.ttf,ok,0,0,0,0,0,
Playwrite HR Guides,Playwrite_HR_Guides_regular,regular,C:\Users\angel\OneDrive\Desktop\Kern\data\raw\fonts\Playwrite_HR_Guides_regular.ttf,ok,0,275,275,0,0,
Playwrite SK Guides,Playwrite_SK_Guides_regular,regular,C:\Users\angel\OneDrive\Desktop\Kern\data\raw\fonts\Playwrite_SK_Guides_regular.ttf,ok,0,0,0,0,0,
Playwrite CZ Guides,Playwrite_CZ_Guides_regular,regular,C:\Users\angel\OneDrive\Desktop\Kern\data\raw\fonts\Playwrite_CZ_Guides_regular.ttf,ok,0,0,0,0,0,
Playwrite IS Guides,Playwrite_IS_Guides_regular,regular,C:\Users\angel\OneDrive\Desktop\Kern\data\raw\fonts\Playwrite_IS_Guides_regular.ttf,ok,0,6875,6875,0,0,
Playwrite RO Guides,Playwrite_RO_Guides_regular,regular,C:\Users\angel\OneDrive\Desktop\Kern\data\raw\fonts\Playwrite_RO_Guides_regular.ttf,ok,0,0,0,0,0,
