stem,status,glyphs,pairs,shared_size,error
Roboto_100,ok,52.0,2704.0,209.0,
Roboto_200,ok,52.0,2704.0,209.0,
Roboto_300,ok,52.0,2704.0,209.0,
Roboto_regular,ok,52.0,2704.0,209.0,
Roboto_500,ok,52.0,2704.0,209.0,
Roboto_600,ok,52.0,2704.0,209.0,
Roboto_700,ok,52.0,2704.0,209.0,
Roboto_800,ok,52.0,2704.0,209.0,
Roboto_900,ok,52.0,2704.0,209.0,
Roboto_100italic,ok,52.0,2704.0,209.0,
Roboto_200italic,ok,52.0,2704.0,209.0,
Roboto_300italic,ok,52.0,2704.0,209.0,
Roboto_italic,ok,52.0,2704.0,209.0,
Roboto_500italic,ok,52.0,2704.0,209.0,
Roboto_600italic,ok,52.0,2704.0,209.0,
Roboto_700italic,ok,52.0,2704.0,209.0,
Roboto_800italic,ok,52.0,2704.0,209.0,
Roboto_900italic,ok,52.0,2704.0,209.0,
Open_Sans_300,ok,52.0,2704.0,208.0,
Open_Sans_regular,ok,52.0,2704.0,208.0,
Open_Sans_500,ok,52.0,2704.0,208.0,
Open_Sans_600,ok,52.0,2704.0,208.0,
Open_Sans_700,ok,52.0,2704.0,208.0,
Open_Sans_800,ok,52.0,2704.0,208.0,
Open_Sans_300italic,ok,52.0,2704.0,208.0,
Open_Sans_italic,ok,52.0,2704.0,208.0,
Open_Sans_500italic,ok,52.0,2704.0,208.0,
Open_Sans_600italic,ok,52.0,2704.0,208.0,
Open_Sans_700italic,ok,52.0,2704.0,208.0,
Open_Sans_800italic,ok,52.0,2704.0,208.0,
Google_Sans_regular,ok,52.0,2704.0,218.0,
Google_Sans_500,ok,52.0,2704.0,218.0,
Google_Sans_600,ok,52.0,2704.0,218.0,
Google_Sans_700,ok,52.0,2704.0,217.0,
Google_Sans_italic,ok,52.0,2704.0,218.0,
Google_Sans_500italic,ok,52.0,2704.0,218.0,
Google_Sans_600italic,ok,52.0,2704.0,218.0,
Google_Sans_700italic,ok,52.0,2704.0,217.0,
Inter_100,ok,52.0,2704.0,210.0,
Inter_200,ok,52.0,2704.0,210.0,
Inter_300,ok,52.0,2704.0,210.0,
Inter_regular,ok,52.0,2704.0,210.0,
Inter_500,ok,52.0,2704.0,210.0,
Inter_600,ok,52.0,2704.0,209.0,
Inter_700,ok,52.0,2704.0,208.0,
Inter_800,ok,52.0,2704.0,206.0,
Inter_900,ok,52.0,2704.0,204.0,
Inter_100italic,ok,52.0,2704.0,210.0,
Inter_200italic,ok,52.0,2704.0,210.0,
Inter_300italic,ok,52.0,2704.0,210.0,
Inter_italic,ok,52.0,2704.0,210.0,
Inter_500italic,ok,52.0,2704.0,210.0,
Inter_600italic,ok,52.0,2704.0,209.0,
Inter_700italic,ok,52.0,2704.0,208.0,
Inter_800italic,ok,52.0,2704.0,206.0,
Inter_900italic,ok,52.0,2704.0,204.0,
Montserrat_100,ok,52.0,2704.0,214.0,
Montserrat_200,ok,52.0,2704.0,214.0,
Montserrat_300,ok,52.0,2704.0,214.0,
Montserrat_regular,ok,52.0,2704.0,214.0,
Montserrat_500,ok,52.0,2704.0,211.0,
Montserrat_600,ok,52.0,2704.0,207.0,
Montserrat_700,ok,52.0,2704.0,203.0,
Montserrat_800,ok,52.0,2704.0,199.0,
Montserrat_900,ok,52.0,2704.0,194.0,
Montserrat_100italic,ok,52.0,2704.0,214.0,
Montserrat_200italic,ok,52.0,2704.0,214.0,
Montserrat_300italic,ok,52.0,2704.0,214.0,
Montserrat_italic,ok,52.0,2704.0,214.0,
Montserrat_500italic,ok,52.0,2704.0,211.0,
Montserrat_600italic,ok,52.0,2704.0,207.0,
Montserrat_700italic,ok,52.0,2704.0,203.0,
Montserrat_800italic,ok,52.0,2704.0,199.0,
Montserrat_900italic,ok,52.0,2704.0,194.0,
Poppins_100,ok,52.0,2704.0,216.0,
Poppins_100italic,ok,52.0,2704.0,216.0,
Poppins_200,ok,52.0,2704.0,213.0,
Poppins_200italic,ok,52.0,2704.0,213.0,
Poppins_300,ok,52.0,2704.0,211.0,
Poppins_300italic,ok,52.0,2704.0,211.0,
Poppins_regular,ok,52.0,2704.0,210.0,
Poppins_italic,ok,52.0,2704.0,208.0,
Poppins_500,ok,52.0,2704.0,207.0,
Poppins_500italic,ok,52.0,2704.0,207.0,
Poppins_600,ok,52.0,2704.0,204.0,
Poppins_600italic,ok,52.0,2704.0,204.0,
Poppins_700,ok,52.0,2704.0,200.0,
Poppins_700italic,ok,52.0,2704.0,200.0,
Poppins_800,ok,52.0,2704.0,196.0,
Poppins_800italic,ok,52.0,2704.0,196.0,
Poppins_900,ok,52.0,2704.0,193.0,
Poppins_900italic,ok,52.0,2704.0,193.0,
Lato_100,ok,52.0,2704.0,221.0,
Lato_100italic,ok,52.0,2704.0,221.0,
Lato_300,ok,52.0,2704.0,219.0,
Lato_300italic,ok,52.0,2704.0,219.0,
Lato_regular,ok,52.0,2704.0,218.0,
Lato_italic,ok,52.0,2704.0,216.0,
Lato_700,ok,52.0,2704.0,215.0,
Lato_700italic,ok,52.0,2704.0,215.0,
Lato_900,ok,52.0,2704.0,213.0,
Lato_900italic,ok,52.0,2704.0,211.0,
Noto_Sans_JP_100,ok,52.0,2704.0,198.0,
Noto_Sans_JP_200,ok,52.0,2704.0,198.0,
Noto_Sans_JP_300,ok,52.0,2704.0,198.0,
Noto_Sans_JP_regular,ok,52.0,2704.0,197.0,
Noto_Sans_JP_500,ok,52.0,2704.0,197.0,
Noto_Sans_JP_600,ok,52.0,2704.0,197.0,
Noto_Sans_JP_700,ok,52.0,2704.0,197.0,
Noto_Sans_JP_800,ok,52.0,2704.0,194.0,
Noto_Sans_JP_900,ok,52.0,2704.0,192.0,
Roboto_Condensed_100,ok,52.0,2704.0,209.0,
Roboto_Condensed_200,ok,52.0,2704.0,209.0,
Roboto_Condensed_300,ok,52.0,2704.0,209.0,
Roboto_Condensed_regular,ok,52.0,2704.0,209.0,
Roboto_Condensed_500,ok,52.0,2704.0,209.0,
Roboto_Condensed_600,ok,52.0,2704.0,209.0,
Roboto_Condensed_700,ok,52.0,2704.0,209.0,
Roboto_Condensed_800,ok,52.0,2704.0,209.0,
Roboto_Condensed_900,ok,52.0,2704.0,209.0,
Roboto_Condensed_100italic,ok,52.0,2704.0,209.0,
Roboto_Condensed_200italic,ok,52.0,2704.0,209.0,
Roboto_Condensed_300italic,ok,52.0,2704.0,209.0,
Roboto_Condensed_italic,ok,52.0,2704.0,209.0,
Roboto_Condensed_500italic,ok,52.0,2704.0,209.0,
Roboto_Condensed_600italic,ok,52.0,2704.0,209.0,
Roboto_Condensed_700italic,ok,52.0,2704.0,209.0,
Roboto_Condensed_800italic,ok,52.0,2704.0,209.0,
Roboto_Condensed_900italic,ok,52.0,2704.0,209.0,
Arimo_regular,ok,52.0,2704.0,220.0,
Arimo_500,ok,52.0,2704.0,220.0,
Arimo_600,ok,52.0,2704.0,220.0,
Arimo_700,ok,52.0,2704.0,220.0,
Arimo_italic,ok,52.0,2704.0,220.0,
Arimo_500italic,ok,52.0,2704.0,220.0,
Arimo_600italic,ok,52.0,2704.0,220.0,
Arimo_700italic,ok,52.0,2704.0,220.0,
Noto_Sans_100,ok,52.0,2704.0,209.0,
Noto_Sans_200,ok,52.0,2704.0,209.0,
Noto_Sans_300,ok,52.0,2704.0,209.0,
Noto_Sans_regular,ok,52.0,2704.0,209.0,
Noto_Sans_500,ok,52.0,2704.0,209.0,
Noto_Sans_600,ok,52.0,2704.0,209.0,
Noto_Sans_700,ok,52.0,2704.0,209.0,
Noto_Sans_800,ok,52.0,2704.0,208.0,
Noto_Sans_900,ok,52.0,2704.0,206.0,
Noto_Sans_100italic,ok,52.0,2704.0,209.0,
Noto_Sans_200italic,ok,52.0,2704.0,209.0,
Noto_Sans_300italic,ok,52.0,2704.0,209.0,
Noto_Sans_italic,ok,52.0,2704.0,209.0,
Noto_Sans_500italic,ok,52.0,2704.0,209.0,
Noto_Sans_600italic,ok,52.0,2704.0,209.0,
Noto_Sans_700italic,ok,52.0,2704.0,209.0,
Noto_Sans_800italic,ok,52.0,2704.0,208.0,
Noto_Sans_900italic,ok,52.0,2704.0,205.0,
Oswald_200,ok,52.0,2704.0,195.0,
Oswald_300,ok,52.0,2704.0,195.0,
Oswald_regular,ok,52.0,2704.0,195.0,
Oswald_500,ok,52.0,2704.0,195.0,
Oswald_600,ok,52.0,2704.0,195.0,
Oswald_700,ok,52.0,2704.0,194.0,
Raleway_100,ok,52.0,2704.0,215.0,
Raleway_200,ok,52.0,2704.0,215.0,
Raleway_300,ok,52.0,2704.0,215.0,
Raleway_regular,ok,52.0,2704.0,215.0,
Raleway_500,ok,52.0,2704.0,215.0,
Raleway_600,ok,52.0,2704.0,215.0,
Raleway_700,ok,52.0,2704.0,215.0,
Raleway_800,ok,52.0,2704.0,215.0,
Raleway_900,ok,52.0,2704.0,215.0,
Raleway_100italic,ok,52.0,2704.0,215.0,
Raleway_200italic,ok,52.0,2704.0,215.0,
Raleway_300italic,ok,52.0,2704.0,215.0,
Raleway_italic,ok,52.0,2704.0,215.0,
Raleway_500italic,ok,52.0,2704.0,215.0,
Raleway_600italic,ok,52.0,2704.0,215.0,
Raleway_700italic,ok,52.0,2704.0,215.0,
Raleway_800italic,ok,52.0,2704.0,215.0,
Raleway_900italic,ok,52.0,2704.0,215.0,
DM_Sans_100,ok,52.0,2704.0,222.0,
DM_Sans_200,ok,52.0,2704.0,222.0,
DM_Sans_300,ok,52.0,2704.0,221.0,
DM_Sans_regular,ok,52.0,2704.0,220.0,
DM_Sans_500,ok,52.0,2704.0,220.0,
DM_Sans_600,ok,52.0,2704.0,220.0,
DM_Sans_700,ok,52.0,2704.0,220.0,
DM_Sans_800,ok,52.0,2704.0,220.0,
DM_Sans_900,ok,52.0,2704.0,220.0,
DM_Sans_100italic,ok,52.0,2704.0,222.0,
DM_Sans_200italic,ok,52.0,2704.0,222.0,
DM_Sans_300italic,ok,52.0,2704.0,221.0,
DM_Sans_italic,ok,52.0,2704.0,220.0,
DM_Sans_500italic,ok,52.0,2704.0,220.0,
DM_Sans_600italic,ok,52.0,2704.0,220.0,
DM_Sans_700italic,ok,52.0,2704.0,220.0,
DM_Sans_800italic,ok,52.0,2704.0,220.0,
DM_Sans_900italic,ok,52.0,2704.0,220.0,
Nunito_Sans_200,ok,52.0,2704.0,224.0,
Nunito_Sans_300,ok,52.0,2704.0,224.0,
Nunito_Sans_regular,ok,52.0,2704.0,224.0,
Nunito_Sans_500,ok,52.0,2704.0,224.0,
Nunito_Sans_600,ok,52.0,2704.0,224.0,
Nunito_Sans_700,ok,52.0,2704.0,223.0,
Nunito_Sans_800,ok,52.0,2704.0,220.0,
Nunito_Sans_900,ok,52.0,2704.0,216.0,
Nunito_Sans_200italic,ok,52.0,2704.0,224.0,
Nunito_Sans_300italic,ok,52.0,2704.0,224.0,
Nunito_Sans_italic,ok,52.0,2704.0,224.0,
Nunito_Sans_500italic,ok,52.0,2704.0,224.0,
Nunito_Sans_600italic,ok,52.0,2704.0,224.0,
Nunito_Sans_700italic,ok,52.0,2704.0,223.0,
Nunito_Sans_800italic,ok,52.0,2704.0,220.0,
Nunito_Sans_900italic,ok,52.0,2704.0,216.0,
Nunito_200,ok,52.0,2704.0,224.0,
Nunito_300,ok,52.0,2704.0,224.0,
Nunito_regular,ok,52.0,2704.0,224.0,
Nunito_500,ok,52.0,2704.0,224.0,
Nunito_600,ok,52.0,2704.0,224.0,
Nunito_700,ok,52.0,2704.0,221.0,
Nunito_800,ok,52.0,2704.0,218.0,
Nunito_900,ok,52.0,2704.0,215.0,
Nunito_200italic,ok,52.0,2704.0,224.0,
Nunito_300italic,ok,52.0,2704.0,224.0,
Nunito_italic,ok,52.0,2704.0,224.0,
Nunito_500italic,ok,52.0,2704.0,224.0,
Nunito_600italic,ok,52.0,2704.0,224.0,
Nunito_700italic,ok,52.0,2704.0,221.0,
Nunito_800italic,ok,52.0,2704.0,218.0,
Nunito_900italic,ok,52.0,2704.0,215.0,
Playfair_Display_regular,ok,52.0,2704.0,204.0,
Playfair_Display_500,ok,52.0,2704.0,204.0,
Playfair_Display_600,ok,52.0,2704.0,204.0,
Playfair_Display_700,ok,52.0,2704.0,204.0,
Playfair_Display_800,ok,52.0,2704.0,204.0,
Playfair_Display_900,ok,52.0,2704.0,204.0,
Playfair_Display_italic,ok,52.0,2704.0,195.0,
Playfair_Display_500italic,ok,52.0,2704.0,192.0,
Playfair_Display_600italic,ok,52.0,2704.0,189.0,
Playfair_Display_700italic,ok,52.0,2704.0,186.0,
Playfair_Display_800italic,ok,52.0,2704.0,183.0,
Playfair_Display_900italic,ok,52.0,2704.0,180.0,
Archivo_Black_regular,ok,52.0,2704.0,217.0,
Rubik_300,ok,52.0,2704.0,216.0,
Rubik_regular,ok,52.0,2704.0,216.0,
Rubik_500,ok,52.0,2704.0,216.0,
Rubik_600,ok,52.0,2704.0,216.0,
Rubik_700,ok,52.0,2704.0,216.0,
Rubik_800,ok,52.0,2704.0,215.0,
Rubik_900,ok,52.0,2704.0,213.0,
Rubik_300italic,ok,52.0,2704.0,216.0,
Rubik_italic,ok,52.0,2704.0,216.0,
Rubik_500italic,ok,52.0,2704.0,216.0,
Rubik_600italic,ok,52.0,2704.0,216.0,
Rubik_700italic,ok,52.0,2704.0,216.0,
Rubik_800italic,ok,52.0,2704.0,215.0,
Rubik_900italic,ok,52.0,2704.0,213.0,
Roboto_Slab_100,ok,52.0,2704.0,207.0,
Roboto_Slab_200,ok,52.0,2704.0,207.0,
Roboto_Slab_300,ok,52.0,2704.0,207.0,
Roboto_Slab_regular,ok,52.0,2704.0,207.0,
Roboto_Slab_500,ok,52.0,2704.0,207.0,
Roboto_Slab_600,ok,52.0,2704.0,207.0,
Roboto_Slab_700,ok,52.0,2704.0,207.0,
Roboto_Slab_800,ok,52.0,2704.0,207.0,
Roboto_Slab_900,ok,52.0,2704.0,207.0,
Noto_Sans_KR_100,ok,52.0,2704.0,198.0,
Noto_Sans_KR_200,ok,52.0,2704.0,198.0,
Noto_Sans_KR_300,ok,52.0,2704.0,198.0,
Noto_Sans_KR_regular,ok,52.0,2704.0,197.0,
Noto_Sans_KR_500,ok,52.0,2704.0,197.0,
Noto_Sans_KR_600,ok,52.0,2704.0,197.0,
Noto_Sans_KR_700,ok,52.0,2704.0,197.0,
Noto_Sans_KR_800,ok,52.0,2704.0,194.0,
Noto_Sans_KR_900,ok,52.0,2704.0,192.0,
Ubuntu_300,ok,52.0,2704.0,206.0,
Ubuntu_300italic,ok,52.0,2704.0,206.0,
Ubuntu_regular,ok,52.0,2704.0,206.0,
Ubuntu_italic,ok,52.0,2704.0,206.0,
Ubuntu_500,ok,52.0,2704.0,206.0,
Ubuntu_500italic,ok,52.0,2704.0,206.0,
Ubuntu_700,ok,52.0,2704.0,206.0,
Ubuntu_700italic,ok,52.0,2704.0,206.0,
Kanit_100,ok,52.0,2704.0,231.0,
Kanit_100italic,ok,52.0,2704.0,231.0,
Kanit_200,ok,52.0,2704.0,231.0,
Kanit_200italic,ok,52.0,2704.0,231.0,
Kanit_300,ok,52.0,2704.0,231.0,
Kanit_300italic,ok,52.0,2704.0,231.0,
Kanit_regular,ok,52.0,2704.0,231.0,
Kanit_italic,ok,52.0,2704.0,231.0,
Kanit_500,ok,52.0,2704.0,231.0,
Kanit_500italic,ok,52.0,2704.0,231.0,
Kanit_600,ok,52.0,2704.0,231.0,
Kanit_600italic,ok,52.0,2704.0,231.0,
Kanit_700,ok,52.0,2704.0,231.0,
Kanit_700italic,ok,52.0,2704.0,231.0,
Kanit_800,ok,52.0,2704.0,231.0,
Kanit_800italic,ok,52.0,2704.0,231.0,
Kanit_900,ok,52.0,2704.0,231.0,
Kanit_900italic,ok,52.0,2704.0,231.0,
Outfit_100,ok,52.0,2704.0,226.0,
Outfit_200,ok,52.0,2704.0,225.0,
Outfit_300,ok,52.0,2704.0,222.0,
Outfit_regular,ok,52.0,2704.0,221.0,
Outfit_500,ok,52.0,2704.0,219.0,
Outfit_600,ok,52.0,2704.0,217.0,
Outfit_700,ok,52.0,2704.0,217.0,
Outfit_800,ok,52.0,2704.0,215.0,
Outfit_900,ok,52.0,2704.0,215.0,
Merriweather_300,ok,52.0,2704.0,193.0,
Merriweather_regular,ok,52.0,2704.0,192.0,
Merriweather_500,ok,52.0,2704.0,192.0,
Merriweather_600,ok,52.0,2704.0,192.0,
Merriweather_700,ok,52.0,2704.0,191.0,
Merriweather_800,ok,52.0,2704.0,191.0,
Merriweather_900,ok,52.0,2704.0,190.0,
Merriweather_300italic,ok,52.0,2704.0,195.0,
Merriweather_italic,ok,52.0,2704.0,195.0,
Merriweather_500italic,ok,52.0,2704.0,195.0,
Merriweather_600italic,ok,52.0,2704.0,195.0,
Merriweather_700italic,ok,52.0,2704.0,195.0,
Merriweather_800italic,ok,52.0,2704.0,195.0,
Merriweather_900italic,ok,52.0,2704.0,195.0,
Manrope_200,ok,52.0,2704.0,217.0,
Manrope_300,ok,52.0,2704.0,217.0,
Manrope_regular,ok,52.0,2704.0,217.0,
Manrope_500,ok,52.0,2704.0,217.0,
Manrope_600,ok,52.0,2704.0,217.0,
Manrope_700,ok,52.0,2704.0,217.0,
Manrope_800,ok,52.0,2704.0,217.0,
Black_Ops_One_regular,ok,52.0,2704.0,222.0,
Work_Sans_100,ok,52.0,2704.0,217.0,
Work_Sans_200,ok,52.0,2704.0,217.0,
Work_Sans_300,ok,52.0,2704.0,217.0,
Work_Sans_regular,ok,52.0,2704.0,217.0,
Work_Sans_500,ok,52.0,2704.0,218.0,
Work_Sans_600,ok,52.0,2704.0,219.0,
Work_Sans_700,ok,52.0,2704.0,220.0,
Work_Sans_800,ok,52.0,2704.0,221.0,
Work_Sans_900,ok,52.0,2704.0,221.0,
Work_Sans_100italic,ok,52.0,2704.0,217.0,
Work_Sans_200italic,ok,52.0,2704.0,217.0,
Work_Sans_300italic,ok,52.0,2704.0,217.0,
Work_Sans_italic,ok,52.0,2704.0,217.0,
Work_Sans_500italic,ok,52.0,2704.0,218.0,
Work_Sans_600italic,ok,52.0,2704.0,219.0,
Work_Sans_700italic,ok,52.0,2704.0,220.0,
Work_Sans_800italic,ok,52.0,2704.0,221.0,
Work_Sans_900italic,ok,52.0,2704.0,221.0,
Prompt_100,ok,52.0,2704.0,215.0,
Prompt_100italic,ok,52.0,2704.0,215.0,
Prompt_200,ok,52.0,2704.0,215.0,
Prompt_200italic,ok,52.0,2704.0,215.0,
Prompt_300,ok,52.0,2704.0,215.0,
Prompt_300italic,ok,52.0,2704.0,215.0,
Prompt_regular,ok,52.0,2704.0,215.0,
Prompt_italic,ok,52.0,2704.0,215.0,
Prompt_500,ok,52.0,2704.0,215.0,
Prompt_500italic,ok,52.0,2704.0,215.0,
Prompt_600,ok,52.0,2704.0,215.0,
Prompt_600italic,ok,52.0,2704.0,215.0,
Prompt_700,ok,52.0,2704.0,215.0,
Prompt_700italic,ok,52.0,2704.0,215.0,
Prompt_800,ok,52.0,2704.0,215.0,
Prompt_800italic,ok,52.0,2704.0,215.0,
Prompt_900,ok,52.0,2704.0,212.0,
Prompt_900italic,ok,52.0,2704.0,212.0,
Lora_regular,ok,52.0,2704.0,210.0,
Lora_500,ok,52.0,2704.0,211.0,
Lora_600,ok,52.0,2704.0,211.0,
Lora_700,ok,52.0,2704.0,211.0,
Lora_italic,ok,52.0,2704.0,210.0,
Lora_500italic,ok,52.0,2704.0,210.0,
Lora_600italic,ok,52.0,2704.0,210.0,
Lora_700italic,ok,52.0,2704.0,209.0,
Saira_100,ok,52.0,2704.0,215.0,
Saira_200,ok,52.0,2704.0,215.0,
Saira_300,ok,52.0,2704.0,215.0,
Saira_regular,ok,52.0,2704.0,215.0,
Saira_500,ok,52.0,2704.0,215.0,
Saira_600,ok,52.0,2704.0,215.0,
Saira_700,ok,52.0,2704.0,215.0,
Saira_800,ok,52.0,2704.0,215.0,
Saira_900,ok,52.0,2704.0,215.0,
Saira_100italic,ok,52.0,2704.0,215.0,
Saira_200italic,ok,52.0,2704.0,215.0,
Saira_300italic,ok,52.0,2704.0,215.0,
Saira_italic,ok,52.0,2704.0,215.0,
Saira_500italic,ok,52.0,2704.0,215.0,
Saira_600italic,ok,52.0,2704.0,215.0,
Saira_700italic,ok,52.0,2704.0,215.0,
Saira_800italic,ok,52.0,2704.0,215.0,
Saira_900italic,ok,52.0,2704.0,215.0,
PT_Sans_regular,ok,52.0,2704.0,225.0,
PT_Sans_italic,ok,52.0,2704.0,225.0,
PT_Sans_700,ok,52.0,2704.0,224.0,
PT_Sans_700italic,ok,52.0,2704.0,224.0,
Bebas_Neue_regular,ok,52.0,2704.0,225.0,
Noto_Sans_TC_100,ok,52.0,2704.0,198.0,
Noto_Sans_TC_200,ok,52.0,2704.0,198.0,
Noto_Sans_TC_300,ok,52.0,2704.0,198.0,
Noto_Sans_TC_regular,ok,52.0,2704.0,197.0,
Noto_Sans_TC_500,ok,52.0,2704.0,197.0,
Noto_Sans_TC_600,ok,52.0,2704.0,197.0,
Noto_Sans_TC_700,ok,52.0,2704.0,197.0,
Noto_Sans_TC_800,ok,52.0,2704.0,194.0,
Noto_Sans_TC_900,ok,52.0,2704.0,192.0,
Mulish_200,ok,52.0,2704.0,216.0,
Mulish_300,ok,52.0,2704.0,216.0,
Mulish_regular,ok,52.0,2704.0,216.0,
Mulish_500,ok,52.0,2704.0,216.0,
Mulish_600,ok,52.0,2704.0,216.0,
Mulish_700,ok,52.0,2704.0,216.0,
Mulish_800,ok,52.0,2704.0,216.0,
Mulish_900,ok,52.0,2704.0,216.0,
Mulish_200italic,ok,52.0,2704.0,216.0,
Mulish_300italic,ok,52.0,2704.0,216.0,
Mulish_italic,ok,52.0,2704.0,216.0,
Mulish_500italic,ok,52.0,2704.0,216.0,
Mulish_600italic,ok,52.0,2704.0,216.0,
Mulish_700italic,ok,52.0,2704.0,216.0,
Mulish_800italic,ok,52.0,2704.0,216.0,
Mulish_900italic,ok,52.0,2704.0,216.0,
Figtree_300,ok,52.0,2704.0,224.0,
Figtree_regular,ok,52.0,2704.0,222.0,
Figtree_500,ok,52.0,2704.0,221.0,
Figtree_600,ok,52.0,2704.0,220.0,
Figtree_700,ok,52.0,2704.0,217.0,
Figtree_800,ok,52.0,2704.0,215.0,
Figtree_900,ok,52.0,2704.0,213.0,
Figtree_300italic,ok,52.0,2704.0,224.0,
Figtree_italic,ok,52.0,2704.0,223.0,
Figtree_500italic,ok,52.0,2704.0,221.0,
Figtree_600italic,ok,52.0,2704.0,220.0,
Figtree_700italic,ok,52.0,2704.0,218.0,
Figtree_800italic,ok,52.0,2704.0,216.0,
Figtree_900italic,ok,52.0,2704.0,213.0,
Plus_Jakarta_Sans_200,ok,52.0,2704.0,211.0,
Plus_Jakarta_Sans_300,ok,52.0,2704.0,211.0,
Plus_Jakarta_Sans_regular,ok,52.0,2704.0,211.0,
Plus_Jakarta_Sans_500,ok,52.0,2704.0,211.0,
Plus_Jakarta_Sans_600,ok,52.0,2704.0,211.0,
Plus_Jakarta_Sans_700,ok,52.0,2704.0,211.0,
Plus_Jakarta_Sans_800,ok,52.0,2704.0,211.0,
Plus_Jakarta_Sans_200italic,ok,52.0,2704.0,211.0,
Plus_Jakarta_Sans_300italic,ok,52.0,2704.0,211.0,
Plus_Jakarta_Sans_italic,ok,52.0,2704.0,211.0,
Plus_Jakarta_Sans_500italic,ok,52.0,2704.0,211.0,
Plus_Jakarta_Sans_600italic,ok,52.0,2704.0,211.0,
Plus_Jakarta_Sans_700italic,ok,52.0,2704.0,211.0,
Plus_Jakarta_Sans_800italic,ok,52.0,2704.0,211.0,
Share_Tech_regular,ok,52.0,2704.0,228.0,
Smooch_Sans_100,ok,52.0,2704.0,253.0,
Smooch_Sans_200,ok,52.0,2704.0,253.0,
Smooch_Sans_300,ok,52.0,2704.0,253.0,
Smooch_Sans_regular,ok,52.0,2704.0,254.0,
Smooch_Sans_500,ok,52.0,2704.0,254.0,
Smooch_Sans_600,ok,52.0,2704.0,254.0,
Smooch_Sans_700,ok,52.0,2704.0,254.0,
Smooch_Sans_800,ok,52.0,2704.0,253.0,
Smooch_Sans_900,ok,52.0,2704.0,253.0,
Bricolage_Grotesque_200,ok,52.0,2704.0,229.0,
Bricolage_Grotesque_300,ok,52.0,2704.0,228.0,
Bricolage_Grotesque_regular,ok,52.0,2704.0,225.0,
Bricolage_Grotesque_500,ok,52.0,2704.0,221.0,
Bricolage_Grotesque_600,ok,52.0,2704.0,218.0,
Bricolage_Grotesque_700,ok,52.0,2704.0,215.0,
Bricolage_Grotesque_800,ok,52.0,2704.0,212.0,
Source_Sans_3_200,ok,52.0,2704.0,217.0,
Source_Sans_3_300,ok,52.0,2704.0,218.0,
Source_Sans_3_regular,ok,52.0,2704.0,221.0,
Source_Sans_3_500,ok,52.0,2704.0,221.0,
Source_Sans_3_600,ok,52.0,2704.0,222.0,
Source_Sans_3_700,ok,52.0,2704.0,221.0,
Source_Sans_3_800,ok,52.0,2704.0,219.0,
Source_Sans_3_900,ok,52.0,2704.0,217.0,
Source_Sans_3_200italic,ok,52.0,2704.0,217.0,
Source_Sans_3_300italic,ok,52.0,2704.0,218.0,
Source_Sans_3_italic,ok,52.0,2704.0,221.0,
Source_Sans_3_500italic,ok,52.0,2704.0,221.0,
Source_Sans_3_600italic,ok,52.0,2704.0,222.0,
Source_Sans_3_700italic,ok,52.0,2704.0,223.0,
Source_Sans_3_800italic,ok,52.0,2704.0,221.0,
Source_Sans_3_900italic,ok,52.0,2704.0,219.0,
Barlow_100,ok,52.0,2704.0,225.0,
Barlow_100italic,ok,52.0,2704.0,225.0,
Barlow_200,ok,52.0,2704.0,225.0,
Barlow_200italic,ok,52.0,2704.0,225.0,
Barlow_300,ok,52.0,2704.0,225.0,
Barlow_300italic,ok,52.0,2704.0,225.0,
Barlow_regular,ok,52.0,2704.0,225.0,
Barlow_italic,ok,52.0,2704.0,225.0,
Barlow_500,ok,52.0,2704.0,223.0,
Barlow_500italic,ok,52.0,2704.0,223.0,
Barlow_600,ok,52.0,2704.0,221.0,
Barlow_600italic,ok,52.0,2704.0,221.0,
Barlow_700,ok,52.0,2704.0,219.0,
Barlow_700italic,ok,52.0,2704.0,219.0,
Barlow_800,ok,52.0,2704.0,217.0,
Barlow_800italic,ok,52.0,2704.0,217.0,
Barlow_900,ok,52.0,2704.0,215.0,
Barlow_900italic,ok,52.0,2704.0,215.0,
Quicksand_300,ok,52.0,2704.0,216.0,
Quicksand_regular,ok,52.0,2704.0,216.0,
Quicksand_500,ok,52.0,2704.0,216.0,
Quicksand_600,ok,52.0,2704.0,216.0,
Quicksand_700,ok,52.0,2704.0,216.0,
IBM_Plex_Sans_100,ok,52.0,2704.0,216.0,
IBM_Plex_Sans_200,ok,52.0,2704.0,216.0,
IBM_Plex_Sans_300,ok,52.0,2704.0,216.0,
IBM_Plex_Sans_regular,ok,52.0,2704.0,216.0,
IBM_Plex_Sans_500,ok,52.0,2704.0,216.0,
IBM_Plex_Sans_600,ok,52.0,2704.0,216.0,
IBM_Plex_Sans_700,ok,52.0,2704.0,216.0,
IBM_Plex_Sans_100italic,ok,52.0,2704.0,216.0,
IBM_Plex_Sans_200italic,ok,52.0,2704.0,216.0,
IBM_Plex_Sans_300italic,ok,52.0,2704.0,216.0,
IBM_Plex_Sans_italic,ok,52.0,2704.0,216.0,
IBM_Plex_Sans_500italic,ok,52.0,2704.0,216.0,
IBM_Plex_Sans_600italic,ok,52.0,2704.0,216.0,
IBM_Plex_Sans_700italic,ok,52.0,2704.0,216.0,
Jost_100,ok,52.0,2704.0,203.0,
Jost_200,ok,52.0,2704.0,202.0,
Jost_300,ok,52.0,2704.0,202.0,
Jost_regular,ok,52.0,2704.0,202.0,
Jost_500,ok,52.0,2704.0,201.0,
Jost_600,ok,52.0,2704.0,201.0,
Jost_700,ok,52.0,2704.0,201.0,
Jost_800,ok,52.0,2704.0,200.0,
Jost_900,ok,52.0,2704.0,200.0,
Jost_100italic,ok,52.0,2704.0,202.0,
Jost_200italic,ok,52.0,2704.0,202.0,
Jost_300italic,ok,52.0,2704.0,202.0,
Jost_italic,ok,52.0,2704.0,202.0,
Jost_500italic,ok,52.0,2704.0,201.0,
Jost_600italic,ok,52.0,2704.0,201.0,
Jost_700italic,ok,52.0,2704.0,200.0,
Jost_800italic,ok,52.0,2704.0,200.0,
Jost_900italic,ok,52.0,2704.0,200.0,
Karla_200,ok,52.0,2704.0,233.0,
Karla_300,ok,52.0,2704.0,233.0,
Karla_regular,ok,52.0,2704.0,232.0,
Karla_500,ok,52.0,2704.0,229.0,
Karla_600,ok,52.0,2704.0,226.0,
Karla_700,ok,52.0,2704.0,224.0,
Karla_800,ok,52.0,2704.0,217.0,
Karla_200italic,ok,52.0,2704.0,234.0,
Karla_300italic,ok,52.0,2704.0,233.0,
Karla_italic,ok,52.0,2704.0,231.0,
Karla_500italic,ok,52.0,2704.0,228.0,
Karla_600italic,ok,52.0,2704.0,226.0,
Karla_700italic,ok,52.0,2704.0,224.0,
Karla_800italic,ok,52.0,2704.0,216.0,
Fira_Sans_100,ok,52.0,2704.0,217.0,
Fira_Sans_100italic,ok,52.0,2704.0,217.0,
Fira_Sans_200,ok,52.0,2704.0,215.0,
Fira_Sans_200italic,ok,52.0,2704.0,215.0,
Fira_Sans_300,ok,52.0,2704.0,212.0,
Fira_Sans_300italic,ok,52.0,2704.0,212.0,
Fira_Sans_regular,ok,52.0,2704.0,205.0,
Fira_Sans_italic,ok,52.0,2704.0,205.0,
Fira_Sans_500,ok,52.0,2704.0,200.0,
Fira_Sans_500italic,ok,52.0,2704.0,200.0,
Fira_Sans_600,ok,52.0,2704.0,200.0,
Fira_Sans_600italic,ok,52.0,2704.0,200.0,
Fira_Sans_700,ok,52.0,2704.0,197.0,
Fira_Sans_700italic,ok,52.0,2704.0,197.0,
Fira_Sans_800,ok,52.0,2704.0,196.0,
Fira_Sans_800italic,ok,52.0,2704.0,196.0,
Fira_Sans_900,ok,52.0,2704.0,193.0,
Fira_Sans_900italic,ok,52.0,2704.0,193.0,
Archivo_100,ok,52.0,2704.0,218.0,
Archivo_200,ok,52.0,2704.0,218.0,
Archivo_300,ok,52.0,2704.0,218.0,
Archivo_regular,ok,52.0,2704.0,218.0,
Archivo_500,ok,52.0,2704.0,218.0,
Archivo_600,ok,52.0,2704.0,218.0,
Archivo_700,ok,52.0,2704.0,218.0,
Archivo_800,ok,52.0,2704.0,217.0,
Archivo_900,ok,52.0,2704.0,217.0,
Archivo_100italic,ok,52.0,2704.0,218.0,
Archivo_200italic,ok,52.0,2704.0,218.0,
Archivo_300italic,ok,52.0,2704.0,218.0,
Archivo_italic,ok,52.0,2704.0,218.0,
Archivo_500italic,ok,52.0,2704.0,218.0,
Archivo_600italic,ok,52.0,2704.0,218.0,
Archivo_700italic,ok,52.0,2704.0,218.0,
Archivo_800italic,ok,52.0,2704.0,217.0,
Archivo_900italic,ok,52.0,2704.0,217.0,
Noto_Serif_100,ok,52.0,2704.0,207.0,
Noto_Serif_200,ok,52.0,2704.0,207.0,
Noto_Serif_300,ok,52.0,2704.0,207.0,
Noto_Serif_regular,ok,52.0,2704.0,207.0,
Noto_Serif_500,ok,52.0,2704.0,207.0,
Noto_Serif_600,ok,52.0,2704.0,208.0,
Noto_Serif_700,ok,52.0,2704.0,207.0,
Noto_Serif_800,ok,52.0,2704.0,206.0,
Noto_Serif_900,ok,52.0,2704.0,205.0,
Noto_Serif_100italic,ok,52.0,2704.0,207.0,
Noto_Serif_200italic,ok,52.0,2704.0,207.0,
Noto_Serif_300italic,ok,52.0,2704.0,207.0,
Noto_Serif_italic,ok,52.0,2704.0,207.0,
Noto_Serif_500italic,ok,52.0,2704.0,207.0,
Noto_Serif_600italic,ok,52.0,2704.0,207.0,
Noto_Serif_700italic,ok,52.0,2704.0,207.0,
Noto_Serif_800italic,ok,52.0,2704.0,206.0,
Noto_Serif_900italic,ok,52.0,2704.0,205.0,
Heebo_100,ok,52.0,2704.0,210.0,
Heebo_200,ok,52.0,2704.0,210.0,
Heebo_300,ok,52.0,2704.0,210.0,
Heebo_regular,ok,52.0,2704.0,210.0,
Heebo_500,ok,52.0,2704.0,210.0,
Heebo_600,ok,52.0,2704.0,210.0,
Heebo_700,ok,52.0,2704.0,210.0,
Heebo_800,ok,52.0,2704.0,210.0,
Heebo_900,ok,52.0,2704.0,210.0,
Space_Grotesk_300,ok,52.0,2704.0,224.0,
Space_Grotesk_regular,ok,52.0,2704.0,224.0,
Space_Grotesk_500,ok,52.0,2704.0,224.0,
Space_Grotesk_600,ok,52.0,2704.0,224.0,
Space_Grotesk_700,ok,52.0,2704.0,224.0,
Titillium_Web_200,ok,52.0,2704.0,216.0,
Titillium_Web_200italic,ok,52.0,2704.0,216.0,
Titillium_Web_300,ok,52.0,2704.0,218.0,
Titillium_Web_300italic,ok,52.0,2704.0,218.0,
Titillium_Web_regular,ok,52.0,2704.0,219.0,
Titillium_Web_italic,ok,52.0,2704.0,219.0,
Titillium_Web_600,ok,52.0,2704.0,222.0,
Titillium_Web_600italic,ok,52.0,2704.0,222.0,
Titillium_Web_700,ok,52.0,2704.0,224.0,
Titillium_Web_700italic,ok,52.0,2704.0,224.0,
Titillium_Web_900,ok,52.0,2704.0,227.0,
Changa_One_regular,ok,52.0,2704.0,237.0,
Changa_One_italic,ok,52.0,2704.0,237.0,
PT_Serif_regular,ok,52.0,2704.0,213.0,
PT_Serif_italic,ok,52.0,2704.0,213.0,
PT_Serif_700,ok,52.0,2704.0,213.0,
PT_Serif_700italic,ok,52.0,2704.0,213.0,
Noto_Color_Emoji_regular,ok,52.0,2704.0,172.0,
Fjalla_One_regular,ok,52.0,2704.0,172.0,
Dancing_Script_regular,ok,52.0,2704.0,221.0,
Dancing_Script_500,ok,52.0,2704.0,221.0,
Dancing_Script_600,ok,52.0,2704.0,220.0,
Dancing_Script_700,ok,52.0,2704.0,219.0,
Libre_Baskerville_regular,ok,52.0,2704.0,192.0,
Libre_Baskerville_500,ok,52.0,2704.0,192.0,
Libre_Baskerville_600,ok,52.0,2704.0,192.0,
Libre_Baskerville_700,ok,52.0,2704.0,192.0,
Libre_Baskerville_italic,ok,52.0,2704.0,192.0,
Libre_Baskerville_500italic,ok,52.0,2704.0,192.0,
Libre_Baskerville_600italic,ok,52.0,2704.0,192.0,
Libre_Baskerville_700italic,ok,52.0,2704.0,192.0,
Noto_Sans_SC_100,ok,52.0,2704.0,198.0,
Noto_Sans_SC_200,ok,52.0,2704.0,198.0,
Noto_Sans_SC_300,ok,52.0,2704.0,198.0,
Noto_Sans_SC_regular,ok,52.0,2704.0,197.0,
Noto_Sans_SC_500,ok,52.0,2704.0,197.0,
Noto_Sans_SC_600,ok,52.0,2704.0,197.0,
Noto_Sans_SC_700,ok,52.0,2704.0,197.0,
Noto_Sans_SC_800,ok,52.0,2704.0,194.0,
Noto_Sans_SC_900,ok,52.0,2704.0,192.0,
Lobster_Two_regular,ok,52.0,2704.0,213.0,
Lobster_Two_italic,ok,52.0,2704.0,213.0,
Lobster_Two_700,ok,52.0,2704.0,213.0,
Lobster_Two_700italic,ok,52.0,2704.0,213.0,
Libre_Franklin_100,ok,52.0,2704.0,212.0,
Libre_Franklin_200,ok,52.0,2704.0,212.0,
Libre_Franklin_300,ok,52.0,2704.0,212.0,
Libre_Franklin_regular,ok,52.0,2704.0,212.0,
Libre_Franklin_500,ok,52.0,2704.0,212.0,
Libre_Franklin_600,ok,52.0,2704.0,212.0,
Libre_Franklin_700,ok,52.0,2704.0,212.0,
Libre_Franklin_800,ok,52.0,2704.0,212.0,
Libre_Franklin_900,ok,52.0,2704.0,212.0,
Libre_Franklin_100italic,ok,52.0,2704.0,212.0,
Libre_Franklin_200italic,ok,52.0,2704.0,212.0,
Libre_Franklin_300italic,ok,52.0,2704.0,212.0,
Libre_Franklin_italic,ok,52.0,2704.0,212.0,
Libre_Franklin_500italic,ok,52.0,2704.0,212.0,
Libre_Franklin_600italic,ok,52.0,2704.0,212.0,
Libre_Franklin_700italic,ok,52.0,2704.0,212.0,
Libre_Franklin_800italic,ok,52.0,2704.0,212.0,
Libre_Franklin_900italic,ok,52.0,2704.0,212.0,
Barlow_Condensed_100,ok,52.0,2704.0,225.0,
Barlow_Condensed_100italic,ok,52.0,2704.0,225.0,
Barlow_Condensed_200,ok,52.0,2704.0,225.0,
Barlow_Condensed_200italic,ok,52.0,2704.0,225.0,
Barlow_Condensed_300,ok,52.0,2704.0,225.0,
Barlow_Condensed_300italic,ok,52.0,2704.0,225.0,
Barlow_Condensed_regular,ok,52.0,2704.0,225.0,
Barlow_Condensed_italic,ok,52.0,2704.0,225.0,
Barlow_Condensed_500,ok,52.0,2704.0,223.0,
Barlow_Condensed_500italic,ok,52.0,2704.0,223.0,
Barlow_Condensed_600,ok,52.0,2704.0,221.0,
Barlow_Condensed_600italic,ok,52.0,2704.0,221.0,
Barlow_Condensed_700,ok,52.0,2704.0,219.0,
Barlow_Condensed_700italic,ok,52.0,2704.0,219.0,
Barlow_Condensed_800,ok,52.0,2704.0,217.0,
Barlow_Condensed_800italic,ok,52.0,2704.0,217.0,
Barlow_Condensed_900,ok,52.0,2704.0,215.0,
Barlow_Condensed_900italic,ok,52.0,2704.0,215.0,
Cormorant_Garamond_300,ok,52.0,2704.0,220.0,
Cormorant_Garamond_regular,ok,52.0,2704.0,220.0,
Cormorant_Garamond_500,ok,52.0,2704.0,220.0,
Cormorant_Garamond_600,ok,52.0,2704.0,220.0,
Cormorant_Garamond_700,ok,52.0,2704.0,220.0,
Cormorant_Garamond_300italic,ok,52.0,2704.0,220.0,
Cormorant_Garamond_italic,ok,52.0,2704.0,220.0,
Cormorant_Garamond_500italic,ok,52.0,2704.0,220.0,
Cormorant_Garamond_600italic,ok,52.0,2704.0,220.0,
Cormorant_Garamond_700italic,ok,52.0,2704.0,220.0,
Noto_Serif_JP_200,ok,52.0,2704.0,197.0,
Noto_Serif_JP_300,ok,52.0,2704.0,196.0,
Noto_Serif_JP_regular,ok,52.0,2704.0,196.0,
Noto_Serif_JP_500,ok,52.0,2704.0,195.0,
Noto_Serif_JP_600,ok,52.0,2704.0,194.0,
Noto_Serif_JP_700,ok,52.0,2704.0,192.0,
Noto_Serif_JP_800,ok,52.0,2704.0,192.0,
Noto_Serif_JP_900,ok,52.0,2704.0,191.0,
Public_Sans_100,ok,52.0,2704.0,215.0,
Public_Sans_200,ok,52.0,2704.0,215.0,
Public_Sans_300,ok,52.0,2704.0,215.0,
Public_Sans_regular,ok,52.0,2704.0,215.0,
Public_Sans_500,ok,52.0,2704.0,215.0,
Public_Sans_600,ok,52.0,2704.0,215.0,
Public_Sans_700,ok,52.0,2704.0,215.0,
Public_Sans_800,ok,52.0,2704.0,215.0,
Public_Sans_900,ok,52.0,2704.0,215.0,
Public_Sans_100italic,ok,52.0,2704.0,215.0,
Public_Sans_200italic,ok,52.0,2704.0,215.0,
Public_Sans_300italic,ok,52.0,2704.0,215.0,
Public_Sans_italic,ok,52.0,2704.0,215.0,
Public_Sans_500italic,ok,52.0,2704.0,215.0,
Public_Sans_600italic,ok,52.0,2704.0,215.0,
Public_Sans_700italic,ok,52.0,2704.0,215.0,
Public_Sans_800italic,ok,52.0,2704.0,215.0,
Public_Sans_900italic,ok,52.0,2704.0,215.0,
Anton_regular,ok,52.0,2704.0,173.0,
Josefin_Sans_100,ok,52.0,2704.0,211.0,
Josefin_Sans_200,ok,52.0,2704.0,210.0,
Josefin_Sans_300,ok,52.0,2704.0,209.0,
Josefin_Sans_regular,ok,52.0,2704.0,206.0,
Josefin_Sans_500,ok,52.0,2704.0,205.0,
Josefin_Sans_600,ok,52.0,2704.0,205.0,
Josefin_Sans_700,ok,52.0,2704.0,202.0,
Josefin_Sans_100italic,ok,52.0,2704.0,211.0,
Josefin_Sans_200italic,ok,52.0,2704.0,210.0,
Josefin_Sans_300italic,ok,52.0,2704.0,209.0,
Josefin_Sans_italic,ok,52.0,2704.0,206.0,
Josefin_Sans_500italic,ok,52.0,2704.0,205.0,
Josefin_Sans_600italic,ok,52.0,2704.0,205.0,
Josefin_Sans_700italic,ok,52.0,2704.0,202.0,
EB_Garamond_regular,ok,52.0,2704.0,226.0,
EB_Garamond_500,ok,52.0,2704.0,226.0,
EB_Garamond_600,ok,52.0,2704.0,226.0,
EB_Garamond_700,ok,52.0,2704.0,226.0,
EB_Garamond_800,ok,52.0,2704.0,226.0,
EB_Garamond_italic,ok,52.0,2704.0,225.0,
EB_Garamond_500italic,ok,52.0,2704.0,225.0,
EB_Garamond_600italic,ok,52.0,2704.0,226.0,
EB_Garamond_700italic,ok,52.0,2704.0,226.0,
EB_Garamond_800italic,ok,52.0,2704.0,226.0,
Sora_100,ok,52.0,2704.0,213.0,
Sora_200,ok,52.0,2704.0,213.0,
Sora_300,ok,52.0,2704.0,213.0,
Sora_regular,ok,52.0,2704.0,213.0,
Sora_500,ok,52.0,2704.0,211.0,
Sora_600,ok,52.0,2704.0,209.0,
Sora_700,ok,52.0,2704.0,207.0,
Sora_800,ok,52.0,2704.0,205.0,
Nanum_Gothic_regular,ok,52.0,2704.0,197.0,
Nanum_Gothic_700,ok,52.0,2704.0,193.0,
Nanum_Gothic_800,ok,52.0,2704.0,190.0,
Alfa_Slab_One_regular,ok,52.0,2704.0,202.0,
Assistant_200,ok,52.0,2704.0,217.0,
Assistant_300,ok,52.0,2704.0,219.0,
Assistant_regular,ok,52.0,2704.0,220.0,
Assistant_500,ok,52.0,2704.0,221.0,
Assistant_600,ok,52.0,2704.0,221.0,
Assistant_700,ok,52.0,2704.0,222.0,
Assistant_800,ok,52.0,2704.0,217.0,
Cairo_200,ok,52.0,2704.0,216.0,
Cairo_300,ok,52.0,2704.0,217.0,
Cairo_regular,ok,52.0,2704.0,220.0,
Cairo_500,ok,52.0,2704.0,220.0,
Cairo_600,ok,52.0,2704.0,221.0,
Cairo_700,ok,52.0,2704.0,222.0,
Cairo_800,ok,52.0,2704.0,223.0,
Cairo_900,ok,52.0,2704.0,224.0,
Inter_Tight_100,ok,52.0,2704.0,210.0,
Inter_Tight_200,ok,52.0,2704.0,210.0,
Inter_Tight_300,ok,52.0,2704.0,210.0,
Inter_Tight_regular,ok,52.0,2704.0,210.0,
Inter_Tight_500,ok,52.0,2704.0,210.0,
Inter_Tight_600,ok,52.0,2704.0,209.0,
Inter_Tight_700,ok,52.0,2704.0,208.0,
Inter_Tight_800,ok,52.0,2704.0,206.0,
Inter_Tight_900,ok,52.0,2704.0,204.0,
Inter_Tight_100italic,ok,52.0,2704.0,210.0,
Inter_Tight_200italic,ok,52.0,2704.0,210.0,
Inter_Tight_300italic,ok,52.0,2704.0,210.0,
Inter_Tight_italic,ok,52.0,2704.0,210.0,
Inter_Tight_500italic,ok,52.0,2704.0,210.0,
Inter_Tight_600italic,ok,52.0,2704.0,209.0,
Inter_Tight_700italic,ok,52.0,2704.0,208.0,
Inter_Tight_800italic,ok,52.0,2704.0,206.0,
Inter_Tight_900italic,ok,52.0,2704.0,204.0,
Schibsted_Grotesk_regular,ok,52.0,2704.0,212.0,
Schibsted_Grotesk_500,ok,52.0,2704.0,210.0,
Schibsted_Grotesk_600,ok,52.0,2704.0,207.0,
Schibsted_Grotesk_700,ok,52.0,2704.0,204.0,
Schibsted_Grotesk_800,ok,52.0,2704.0,201.0,
Schibsted_Grotesk_900,ok,52.0,2704.0,198.0,
Schibsted_Grotesk_italic,ok,52.0,2704.0,212.0,
Schibsted_Grotesk_500italic,ok,52.0,2704.0,210.0,
Schibsted_Grotesk_600italic,ok,52.0,2704.0,207.0,
Schibsted_Grotesk_700italic,ok,52.0,2704.0,204.0,
Schibsted_Grotesk_800italic,ok,52.0,2704.0,201.0,
Schibsted_Grotesk_900italic,ok,52.0,2704.0,198.0,
Lexend_100,ok,52.0,2704.0,213.0,
Lexend_200,ok,52.0,2704.0,216.0,
Lexend_300,ok,52.0,2704.0,215.0,
Lexend_regular,ok,52.0,2704.0,207.0,
Lexend_500,ok,52.0,2704.0,204.0,
Lexend_600,ok,52.0,2704.0,202.0,
Lexend_700,ok,52.0,2704.0,199.0,
Lexend_800,ok,52.0,2704.0,196.0,
Lexend_900,ok,52.0,2704.0,194.0,
Instrument_Serif_regular,ok,52.0,2704.0,213.0,
Instrument_Serif_italic,ok,52.0,2704.0,213.0,
Roboto_Flex_regular,ok,52.0,2704.0,210.0,
Noto_Sans_Telugu_100,ok,52.0,2704.0,209.0,
Noto_Sans_Telugu_200,ok,52.0,2704.0,209.0,
Noto_Sans_Telugu_300,ok,52.0,2704.0,209.0,
Noto_Sans_Telugu_regular,ok,52.0,2704.0,209.0,
Noto_Sans_Telugu_500,ok,52.0,2704.0,209.0,
Noto_Sans_Telugu_600,ok,52.0,2704.0,209.0,
Noto_Sans_Telugu_700,ok,52.0,2704.0,209.0,
Noto_Sans_Telugu_800,ok,52.0,2704.0,208.0,
Noto_Sans_Telugu_900,ok,52.0,2704.0,206.0,
Bitter_100,ok,52.0,2704.0,208.0,
Bitter_200,ok,52.0,2704.0,207.0,
Bitter_300,ok,52.0,2704.0,207.0,
Bitter_regular,ok,52.0,2704.0,205.0,
Bitter_500,ok,52.0,2704.0,205.0,
Bitter_600,ok,52.0,2704.0,204.0,
Bitter_700,ok,52.0,2704.0,203.0,
Bitter_800,ok,52.0,2704.0,201.0,
Bitter_900,ok,52.0,2704.0,197.0,
Bitter_100italic,ok,52.0,2704.0,208.0,
Bitter_200italic,ok,52.0,2704.0,207.0,
Bitter_300italic,ok,52.0,2704.0,207.0,
Bitter_italic,ok,52.0,2704.0,205.0,
Bitter_500italic,ok,52.0,2704.0,205.0,
Bitter_600italic,ok,52.0,2704.0,204.0,
Bitter_700italic,ok,52.0,2704.0,203.0,
Bitter_800italic,ok,52.0,2704.0,201.0,
Bitter_900italic,ok,52.0,2704.0,197.0,
Dosis_200,ok,52.0,2704.0,208.0,
Dosis_300,ok,52.0,2704.0,208.0,
Dosis_regular,ok,52.0,2704.0,209.0,
Dosis_500,ok,52.0,2704.0,210.0,
Dosis_600,ok,52.0,2704.0,211.0,
Dosis_700,ok,52.0,2704.0,212.0,
Dosis_800,ok,52.0,2704.0,213.0,
Red_Hat_Display_300,ok,52.0,2704.0,216.0,
Red_Hat_Display_regular,ok,52.0,2704.0,213.0,
Red_Hat_Display_500,ok,52.0,2704.0,213.0,
Red_Hat_Display_600,ok,52.0,2704.0,213.0,
Red_Hat_Display_700,ok,52.0,2704.0,213.0,
Red_Hat_Display_800,ok,52.0,2704.0,212.0,
Red_Hat_Display_900,ok,52.0,2704.0,211.0,
Red_Hat_Display_300italic,ok,52.0,2704.0,216.0,
Red_Hat_Display_italic,ok,52.0,2704.0,213.0,
Red_Hat_Display_500italic,ok,52.0,2704.0,213.0,
Red_Hat_Display_600italic,ok,52.0,2704.0,213.0,
Red_Hat_Display_700italic,ok,52.0,2704.0,213.0,
Red_Hat_Display_800italic,ok,52.0,2704.0,212.0,
Red_Hat_Display_900italic,ok,52.0,2704.0,211.0,
Rajdhani_300,ok,52.0,2704.0,227.0,
Rajdhani_regular,ok,52.0,2704.0,227.0,
Rajdhani_500,ok,52.0,2704.0,227.0,
Rajdhani_600,ok,52.0,2704.0,227.0,
Rajdhani_700,ok,52.0,2704.0,227.0,
Cabin_regular,ok,52.0,2704.0,213.0,
Cabin_500,ok,52.0,2704.0,213.0,
Cabin_600,ok,52.0,2704.0,213.0,
Cabin_700,ok,52.0,2704.0,213.0,
Cabin_italic,ok,52.0,2704.0,213.0,
Cabin_500italic,ok,52.0,2704.0,213.0,
Cabin_600italic,ok,52.0,2704.0,213.0,
Cabin_700italic,ok,52.0,2704.0,213.0,
Ramabhadra_regular,ok,52.0,2704.0,220.0,
Noto_Sans_Khmer_100,ok,52.0,2704.0,209.0,
Noto_Sans_Khmer_200,ok,52.0,2704.0,209.0,
Noto_Sans_Khmer_300,ok,52.0,2704.0,209.0,
Noto_Sans_Khmer_regular,ok,52.0,2704.0,209.0,
Noto_Sans_Khmer_500,ok,52.0,2704.0,209.0,
Noto_Sans_Khmer_600,ok,52.0,2704.0,209.0,
Noto_Sans_Khmer_700,ok,52.0,2704.0,209.0,
Noto_Sans_Khmer_800,ok,52.0,2704.0,208.0,
Noto_Sans_Khmer_900,ok,52.0,2704.0,206.0,
Anek_Telugu_100,ok,52.0,2704.0,237.0,
Anek_Telugu_200,ok,52.0,2704.0,236.0,
Anek_Telugu_300,ok,52.0,2704.0,236.0,
Anek_Telugu_regular,ok,52.0,2704.0,236.0,
Anek_Telugu_500,ok,52.0,2704.0,236.0,
Anek_Telugu_600,ok,52.0,2704.0,234.0,
Anek_Telugu_700,ok,52.0,2704.0,232.0,
Anek_Telugu_800,ok,52.0,2704.0,230.0,
M_PLUS_Rounded_1c_100,ok,52.0,2704.0,213.0,
M_PLUS_Rounded_1c_300,ok,52.0,2704.0,213.0,
M_PLUS_Rounded_1c_regular,ok,52.0,2704.0,213.0,
M_PLUS_Rounded_1c_500,ok,52.0,2704.0,213.0,
M_PLUS_Rounded_1c_700,ok,52.0,2704.0,213.0,
M_PLUS_Rounded_1c_800,ok,52.0,2704.0,213.0,
M_PLUS_Rounded_1c_900,ok,52.0,2704.0,213.0,
Hind_Siliguri_300,ok,52.0,2704.0,224.0,
Hind_Siliguri_regular,ok,52.0,2704.0,222.0,
Hind_Siliguri_500,ok,52.0,2704.0,221.0,
Hind_Siliguri_600,ok,52.0,2704.0,218.0,
Hind_Siliguri_700,ok,52.0,2704.0,216.0,
Orbitron_regular,ok,52.0,2704.0,207.0,
Orbitron_500,ok,52.0,2704.0,207.0,
Orbitron_600,ok,52.0,2704.0,207.0,
Orbitron_700,ok,52.0,2704.0,207.0,
Orbitron_800,ok,52.0,2704.0,207.0,
Orbitron_900,ok,52.0,2704.0,207.0,
Exo_2_100,ok,52.0,2704.0,224.0,
Exo_2_200,ok,52.0,2704.0,223.0,
Exo_2_300,ok,52.0,2704.0,223.0,
Exo_2_regular,ok,52.0,2704.0,223.0,
Exo_2_500,ok,52.0,2704.0,222.0,
Exo_2_600,ok,52.0,2704.0,222.0,
Exo_2_700,ok,52.0,2704.0,221.0,
Exo_2_800,ok,52.0,2704.0,219.0,
Exo_2_900,ok,52.0,2704.0,216.0,
Exo_2_100italic,ok,52.0,2704.0,224.0,
Exo_2_200italic,ok,52.0,2704.0,223.0,
Exo_2_300italic,ok,52.0,2704.0,223.0,
Exo_2_italic,ok,52.0,2704.0,223.0,
Exo_2_500italic,ok,52.0,2704.0,222.0,
Exo_2_600italic,ok,52.0,2704.0,222.0,
Exo_2_700italic,ok,52.0,2704.0,221.0,
Exo_2_800italic,ok,52.0,2704.0,221.0,
Exo_2_900italic,ok,52.0,2704.0,219.0,
Fraunces_100,ok,52.0,2704.0,219.0,
Fraunces_200,ok,52.0,2704.0,219.0,
Fraunces_300,ok,52.0,2704.0,218.0,
Fraunces_regular,ok,52.0,2704.0,216.0,
Fraunces_500,ok,52.0,2704.0,216.0,
Fraunces_600,ok,52.0,2704.0,215.0,
Fraunces_700,ok,52.0,2704.0,213.0,
Fraunces_800,ok,52.0,2704.0,212.0,
Fraunces_900,ok,52.0,2704.0,211.0,
Fraunces_100italic,ok,52.0,2704.0,215.0,
Fraunces_200italic,ok,52.0,2704.0,214.0,
Fraunces_300italic,ok,52.0,2704.0,212.0,
Fraunces_italic,ok,52.0,2704.0,209.0,
Fraunces_500italic,ok,52.0,2704.0,208.0,
Fraunces_600italic,ok,52.0,2704.0,207.0,
Fraunces_700italic,ok,52.0,2704.0,204.0,
Fraunces_800italic,ok,52.0,2704.0,203.0,
Fraunces_900italic,ok,52.0,2704.0,201.0,
Oxygen_300,ok,52.0,2704.0,211.0,
Oxygen_regular,ok,52.0,2704.0,211.0,
Oxygen_700,ok,52.0,2704.0,211.0,
Geist_100,ok,52.0,2704.0,220.0,
Geist_200,ok,52.0,2704.0,220.0,
Geist_300,ok,52.0,2704.0,220.0,
Geist_regular,ok,52.0,2704.0,220.0,
Geist_500,ok,52.0,2704.0,220.0,
Geist_600,ok,52.0,2704.0,220.0,
Geist_700,ok,52.0,2704.0,220.0,
Geist_800,ok,52.0,2704.0,220.0,
Geist_900,ok,52.0,2704.0,219.0,
Geist_100italic,ok,52.0,2704.0,220.0,
Geist_200italic,ok,52.0,2704.0,220.0,
Geist_300italic,ok,52.0,2704.0,220.0,
Geist_italic,ok,52.0,2704.0,220.0,
Geist_500italic,ok,52.0,2704.0,220.0,
Geist_600italic,ok,52.0,2704.0,220.0,
Geist_700italic,ok,52.0,2704.0,220.0,
Geist_800italic,ok,52.0,2704.0,220.0,
Geist_900italic,ok,52.0,2704.0,219.0,
Hind_300,ok,52.0,2704.0,224.0,
Hind_regular,ok,52.0,2704.0,222.0,
Hind_500,ok,52.0,2704.0,221.0,
Hind_600,ok,52.0,2704.0,218.0,
Hind_700,ok,52.0,2704.0,216.0,
Lilita_One_regular,ok,52.0,2704.0,225.0,
Urbanist_100,ok,52.0,2704.0,209.0,
Urbanist_200,ok,52.0,2704.0,209.0,
Urbanist_300,ok,52.0,2704.0,209.0,
Urbanist_regular,ok,52.0,2704.0,209.0,
Urbanist_500,ok,52.0,2704.0,209.0,
Urbanist_600,ok,52.0,2704.0,209.0,
Urbanist_700,ok,52.0,2704.0,209.0,
Urbanist_800,ok,52.0,2704.0,209.0,
Urbanist_900,ok,52.0,2704.0,209.0,
Urbanist_100italic,ok,52.0,2704.0,209.0,
Urbanist_200italic,ok,52.0,2704.0,209.0,
Urbanist_300italic,ok,52.0,2704.0,209.0,
Urbanist_italic,ok,52.0,2704.0,209.0,
Urbanist_500italic,ok,52.0,2704.0,209.0,
Urbanist_600italic,ok,52.0,2704.0,209.0,
Urbanist_700italic,ok,52.0,2704.0,209.0,
Urbanist_800italic,ok,52.0,2704.0,209.0,
Urbanist_900italic,ok,52.0,2704.0,209.0,
Caveat_regular,ok,52.0,2704.0,220.0,
Caveat_500,ok,52.0,2704.0,219.0,
Caveat_600,ok,52.0,2704.0,217.0,
Caveat_700,ok,52.0,2704.0,216.0,
Mukta_200,ok,52.0,2704.0,223.0,
Mukta_300,ok,52.0,2704.0,223.0,
Mukta_regular,ok,52.0,2704.0,223.0,
Mukta_500,ok,52.0,2704.0,223.0,
Mukta_600,ok,52.0,2704.0,223.0,
Mukta_700,ok,52.0,2704.0,223.0,
Mukta_800,ok,52.0,2704.0,222.0,
DM_Serif_Display_regular,ok,52.0,2704.0,225.0,
DM_Serif_Display_italic,ok,52.0,2704.0,225.0,
Slabo_27px_regular,ok,52.0,2704.0,214.0,
Overpass_100,ok,52.0,2704.0,221.0,
Overpass_200,ok,52.0,2704.0,221.0,
Overpass_300,ok,52.0,2704.0,221.0,
Overpass_regular,ok,52.0,2704.0,221.0,
Overpass_500,ok,52.0,2704.0,221.0,
Overpass_600,ok,52.0,2704.0,221.0,
Overpass_700,ok,52.0,2704.0,221.0,
Overpass_800,ok,52.0,2704.0,221.0,
Overpass_900,ok,52.0,2704.0,220.0,
Overpass_100italic,ok,52.0,2704.0,221.0,
Overpass_200italic,ok,52.0,2704.0,221.0,
Overpass_300italic,ok,52.0,2704.0,221.0,
Overpass_italic,ok,52.0,2704.0,221.0,
Overpass_500italic,ok,52.0,2704.0,221.0,
Overpass_600italic,ok,52.0,2704.0,221.0,
Overpass_700italic,ok,52.0,2704.0,221.0,
Overpass_800italic,ok,52.0,2704.0,221.0,
Overpass_900italic,ok,52.0,2704.0,221.0,
Source_Serif_4_200,ok,52.0,2704.0,212.0,
Source_Serif_4_300,ok,52.0,2704.0,213.0,
Source_Serif_4_regular,ok,52.0,2704.0,214.0,
Source_Serif_4_500,ok,52.0,2704.0,215.0,
Source_Serif_4_600,ok,52.0,2704.0,216.0,
Source_Serif_4_700,ok,52.0,2704.0,215.0,
Source_Serif_4_800,ok,52.0,2704.0,214.0,
Source_Serif_4_900,ok,52.0,2704.0,213.0,
Source_Serif_4_200italic,ok,52.0,2704.0,212.0,
Source_Serif_4_300italic,ok,52.0,2704.0,213.0,
Source_Serif_4_italic,ok,52.0,2704.0,214.0,
Source_Serif_4_500italic,ok,52.0,2704.0,214.0,
Source_Serif_4_600italic,ok,52.0,2704.0,213.0,
Source_Serif_4_700italic,ok,52.0,2704.0,212.0,
Source_Serif_4_800italic,ok,52.0,2704.0,211.0,
Source_Serif_4_900italic,ok,52.0,2704.0,210.0,
Crimson_Text_regular,ok,52.0,2704.0,235.0,
Crimson_Text_italic,ok,52.0,2704.0,234.0,
Crimson_Text_600,ok,52.0,2704.0,235.0,
Crimson_Text_600italic,ok,52.0,2704.0,235.0,
Crimson_Text_700,ok,52.0,2704.0,235.0,
Crimson_Text_700italic,ok,52.0,2704.0,235.0,
Fredoka_300,ok,52.0,2704.0,229.0,
Fredoka_regular,ok,52.0,2704.0,228.0,
Fredoka_500,ok,52.0,2704.0,225.0,
Fredoka_600,ok,52.0,2704.0,222.0,
Fredoka_700,ok,52.0,2704.0,219.0,
Pacifico_regular,ok,52.0,2704.0,169.0,
Tajawal_200,ok,52.0,2704.0,248.0,
Tajawal_300,ok,52.0,2704.0,248.0,
Tajawal_regular,ok,52.0,2704.0,248.0,
Tajawal_500,ok,52.0,2704.0,248.0,
Tajawal_700,ok,52.0,2704.0,246.0,
Tajawal_800,ok,52.0,2704.0,242.0,
Tajawal_900,ok,52.0,2704.0,237.0,
Bungee_regular,ok,52.0,2704.0,217.0,
Cinzel_regular,ok,52.0,2704.0,201.0,
Cinzel_500,ok,52.0,2704.0,199.0,
Cinzel_600,ok,52.0,2704.0,197.0,
Cinzel_700,ok,52.0,2704.0,195.0,
Cinzel_800,ok,52.0,2704.0,193.0,
Cinzel_900,ok,52.0,2704.0,191.0,
Instrument_Sans_regular,ok,52.0,2704.0,216.0,
Instrument_Sans_500,ok,52.0,2704.0,218.0,
Instrument_Sans_600,ok,52.0,2704.0,218.0,
Instrument_Sans_700,ok,52.0,2704.0,216.0,
Instrument_Sans_italic,ok,52.0,2704.0,216.0,
Instrument_Sans_500italic,ok,52.0,2704.0,218.0,
Instrument_Sans_600italic,ok,52.0,2704.0,218.0,
Instrument_Sans_700italic,ok,52.0,2704.0,216.0,
PT_Sans_Narrow_regular,ok,52.0,2704.0,225.0,
PT_Sans_Narrow_700,ok,52.0,2704.0,224.0,
Merriweather_Sans_300,ok,52.0,2704.0,194.0,
Merriweather_Sans_regular,ok,52.0,2704.0,194.0,
Merriweather_Sans_500,ok,52.0,2704.0,194.0,
Merriweather_Sans_600,ok,52.0,2704.0,194.0,
Merriweather_Sans_700,ok,52.0,2704.0,194.0,
Merriweather_Sans_800,ok,52.0,2704.0,194.0,
Merriweather_Sans_300italic,ok,52.0,2704.0,195.0,
Merriweather_Sans_italic,ok,52.0,2704.0,195.0,
Merriweather_Sans_500italic,ok,52.0,2704.0,195.0,
Merriweather_Sans_600italic,ok,52.0,2704.0,195.0,
Merriweather_Sans_700italic,ok,52.0,2704.0,195.0,
Merriweather_Sans_800italic,ok,52.0,2704.0,194.0,
Barlow_Semi_Condensed_100,ok,52.0,2704.0,225.0,
Barlow_Semi_Condensed_100italic,ok,52.0,2704.0,225.0,
Barlow_Semi_Condensed_200,ok,52.0,2704.0,225.0,
Barlow_Semi_Condensed_200italic,ok,52.0,2704.0,225.0,
Barlow_Semi_Condensed_300,ok,52.0,2704.0,225.0,
Barlow_Semi_Condensed_300italic,ok,52.0,2704.0,225.0,
Barlow_Semi_Condensed_regular,ok,52.0,2704.0,225.0,
Barlow_Semi_Condensed_italic,ok,52.0,2704.0,225.0,
Barlow_Semi_Condensed_500,ok,52.0,2704.0,223.0,
Barlow_Semi_Condensed_500italic,ok,52.0,2704.0,223.0,
Barlow_Semi_Condensed_600,ok,52.0,2704.0,221.0,
Barlow_Semi_Condensed_600italic,ok,52.0,2704.0,221.0,
Barlow_Semi_Condensed_700,ok,52.0,2704.0,219.0,
Barlow_Semi_Condensed_700italic,ok,52.0,2704.0,219.0,
Barlow_Semi_Condensed_800,ok,52.0,2704.0,217.0,
Barlow_Semi_Condensed_800italic,ok,52.0,2704.0,217.0,
Barlow_Semi_Condensed_900,ok,52.0,2704.0,215.0,
Barlow_Semi_Condensed_900italic,ok,52.0,2704.0,215.0,
Arvo_regular,ok,52.0,2704.0,206.0,
Arvo_italic,ok,52.0,2704.0,207.0,
Arvo_700,ok,52.0,2704.0,207.0,
Arvo_700italic,ok,52.0,2704.0,207.0,
Google_Sans_Flex_100,ok,52.0,2704.0,218.0,
Google_Sans_Flex_200,ok,52.0,2704.0,218.0,
Google_Sans_Flex_300,ok,52.0,2704.0,218.0,
Google_Sans_Flex_regular,ok,52.0,2704.0,218.0,
Google_Sans_Flex_500,ok,52.0,2704.0,215.0,
Google_Sans_Flex_600,ok,52.0,2704.0,211.0,
Google_Sans_Flex_700,ok,52.0,2704.0,208.0,
Google_Sans_Flex_800,ok,52.0,2704.0,204.0,
Google_Sans_Flex_900,ok,52.0,2704.0,201.0,
Abel_regular,ok,52.0,2704.0,225.0,
Lobster_regular,ok,52.0,2704.0,211.0,
Comfortaa_300,ok,52.0,2704.0,202.0,
Comfortaa_regular,ok,52.0,2704.0,202.0,
Comfortaa_500,ok,52.0,2704.0,202.0,
Comfortaa_600,ok,52.0,2704.0,202.0,
Comfortaa_700,ok,52.0,2704.0,202.0,
Teko_300,ok,52.0,2704.0,238.0,
Teko_regular,ok,52.0,2704.0,238.0,
Teko_500,ok,52.0,2704.0,238.0,
Teko_600,ok,52.0,2704.0,239.0,
Teko_700,ok,52.0,2704.0,239.0,
Chakra_Petch_300,ok,52.0,2704.0,223.0,
Chakra_Petch_300italic,ok,52.0,2704.0,223.0,
Chakra_Petch_regular,ok,52.0,2704.0,223.0,
Chakra_Petch_italic,ok,52.0,2704.0,223.0,
Chakra_Petch_500,ok,52.0,2704.0,223.0,
Chakra_Petch_500italic,ok,52.0,2704.0,223.0,
Chakra_Petch_600,ok,52.0,2704.0,223.0,
Chakra_Petch_600italic,ok,52.0,2704.0,223.0,
Chakra_Petch_700,ok,52.0,2704.0,223.0,
Chakra_Petch_700italic,ok,52.0,2704.0,223.0,
Noto_Sans_Arabic_100,ok,52.0,2704.0,209.0,
Noto_Sans_Arabic_200,ok,52.0,2704.0,209.0,
Noto_Sans_Arabic_300,ok,52.0,2704.0,209.0,
Noto_Sans_Arabic_regular,ok,52.0,2704.0,209.0,
Noto_Sans_Arabic_500,ok,52.0,2704.0,209.0,
Noto_Sans_Arabic_600,ok,52.0,2704.0,209.0,
Noto_Sans_Arabic_700,ok,52.0,2704.0,209.0,
Noto_Sans_Arabic_800,ok,52.0,2704.0,208.0,
Noto_Sans_Arabic_900,ok,52.0,2704.0,206.0,
M_PLUS_1p_100,ok,52.0,2704.0,213.0,
M_PLUS_1p_300,ok,52.0,2704.0,213.0,
M_PLUS_1p_regular,ok,52.0,2704.0,213.0,
M_PLUS_1p_500,ok,52.0,2704.0,213.0,
M_PLUS_1p_700,ok,52.0,2704.0,213.0,
M_PLUS_1p_800,ok,52.0,2704.0,213.0,
M_PLUS_1p_900,ok,52.0,2704.0,213.0,
Newsreader_200,ok,52.0,2704.0,223.0,
Newsreader_300,ok,52.0,2704.0,223.0,
Newsreader_regular,ok,52.0,2704.0,223.0,
Newsreader_500,ok,52.0,2704.0,223.0,
Newsreader_600,ok,52.0,2704.0,223.0,
Newsreader_700,ok,52.0,2704.0,222.0,
Newsreader_800,ok,52.0,2704.0,222.0,
Newsreader_200italic,ok,52.0,2704.0,223.0,
Newsreader_300italic,ok,52.0,2704.0,223.0,
Newsreader_italic,ok,52.0,2704.0,223.0,
Newsreader_500italic,ok,52.0,2704.0,223.0,
Newsreader_600italic,ok,52.0,2704.0,223.0,
Newsreader_700italic,ok,52.0,2704.0,222.0,
Newsreader_800italic,ok,52.0,2704.0,220.0,
Noto_Sans_Thai_100,ok,52.0,2704.0,209.0,
Noto_Sans_Thai_200,ok,52.0,2704.0,209.0,
Noto_Sans_Thai_300,ok,52.0,2704.0,209.0,
Noto_Sans_Thai_regular,ok,52.0,2704.0,209.0,
Noto_Sans_Thai_500,ok,52.0,2704.0,209.0,
Noto_Sans_Thai_600,ok,52.0,2704.0,209.0,
Noto_Sans_Thai_700,ok,52.0,2704.0,209.0,
Noto_Sans_Thai_800,ok,52.0,2704.0,208.0,
Noto_Sans_Thai_900,ok,52.0,2704.0,206.0,
Bodoni_Moda_regular,ok,52.0,2704.0,209.0,
Bodoni_Moda_500,ok,52.0,2704.0,209.0,
Bodoni_Moda_600,ok,52.0,2704.0,209.0,
Bodoni_Moda_700,ok,52.0,2704.0,209.0,
Bodoni_Moda_800,ok,52.0,2704.0,209.0,
Bodoni_Moda_900,ok,52.0,2704.0,209.0,
Bodoni_Moda_italic,ok,52.0,2704.0,209.0,
Bodoni_Moda_500italic,ok,52.0,2704.0,209.0,
Bodoni_Moda_600italic,ok,52.0,2704.0,209.0,
Bodoni_Moda_700italic,ok,52.0,2704.0,209.0,
Bodoni_Moda_800italic,ok,52.0,2704.0,209.0,
Bodoni_Moda_900italic,ok,52.0,2704.0,209.0,
Asap_100,ok,52.0,2704.0,211.0,
Asap_200,ok,52.0,2704.0,211.0,
Asap_300,ok,52.0,2704.0,211.0,
Asap_regular,ok,52.0,2704.0,211.0,
Asap_500,ok,52.0,2704.0,211.0,
Asap_600,ok,52.0,2704.0,210.0,
Asap_700,ok,52.0,2704.0,210.0,
Asap_800,ok,52.0,2704.0,210.0,
Asap_900,ok,52.0,2704.0,210.0,
Asap_100italic,ok,52.0,2704.0,211.0,
Asap_200italic,ok,52.0,2704.0,211.0,
Asap_300italic,ok,52.0,2704.0,211.0,
Asap_italic,ok,52.0,2704.0,211.0,
Asap_500italic,ok,52.0,2704.0,211.0,
Asap_600italic,ok,52.0,2704.0,210.0,
Asap_700italic,ok,52.0,2704.0,210.0,
Asap_800italic,ok,52.0,2704.0,210.0,
Asap_900italic,ok,52.0,2704.0,210.0,
Lexend_Deca_100,ok,52.0,2704.0,213.0,
Lexend_Deca_200,ok,52.0,2704.0,216.0,
Lexend_Deca_300,ok,52.0,2704.0,215.0,
Lexend_Deca_regular,ok,52.0,2704.0,207.0,
Lexend_Deca_500,ok,52.0,2704.0,204.0,
Lexend_Deca_600,ok,52.0,2704.0,202.0,
Lexend_Deca_700,ok,52.0,2704.0,199.0,
Lexend_Deca_800,ok,52.0,2704.0,196.0,
Lexend_Deca_900,ok,52.0,2704.0,194.0,
Maven_Pro_regular,ok,52.0,2704.0,222.0,
Maven_Pro_500,ok,52.0,2704.0,224.0,
Maven_Pro_600,ok,52.0,2704.0,222.0,
Maven_Pro_700,ok,52.0,2704.0,221.0,
Maven_Pro_800,ok,52.0,2704.0,221.0,
Maven_Pro_900,ok,52.0,2704.0,220.0,
Hanken_Grotesk_100,ok,52.0,2704.0,227.0,
Hanken_Grotesk_200,ok,52.0,2704.0,226.0,
Hanken_Grotesk_300,ok,52.0,2704.0,226.0,
Hanken_Grotesk_regular,ok,52.0,2704.0,225.0,
Hanken_Grotesk_500,ok,52.0,2704.0,225.0,
Hanken_Grotesk_600,ok,52.0,2704.0,225.0,
Hanken_Grotesk_700,ok,52.0,2704.0,224.0,
Hanken_Grotesk_800,ok,52.0,2704.0,224.0,
Hanken_Grotesk_900,ok,52.0,2704.0,223.0,
Hanken_Grotesk_100italic,ok,52.0,2704.0,227.0,
Hanken_Grotesk_200italic,ok,52.0,2704.0,226.0,
Hanken_Grotesk_300italic,ok,52.0,2704.0,226.0,
Hanken_Grotesk_italic,ok,52.0,2704.0,225.0,
Hanken_Grotesk_500italic,ok,52.0,2704.0,225.0,
Hanken_Grotesk_600italic,ok,52.0,2704.0,225.0,
Hanken_Grotesk_700italic,ok,52.0,2704.0,224.0,
Hanken_Grotesk_800italic,ok,52.0,2704.0,224.0,
Hanken_Grotesk_900italic,ok,52.0,2704.0,223.0,
Abril_Fatface_regular,ok,52.0,2704.0,206.0,
Almarai_300,ok,52.0,2704.0,218.0,
Almarai_regular,ok,52.0,2704.0,220.0,
Almarai_700,ok,52.0,2704.0,220.0,
Almarai_800,ok,52.0,2704.0,217.0,
Geologica_100,ok,52.0,2704.0,217.0,
Geologica_200,ok,52.0,2704.0,217.0,
Geologica_300,ok,52.0,2704.0,217.0,
Geologica_regular,ok,52.0,2704.0,217.0,
Geologica_500,ok,52.0,2704.0,217.0,
Geologica_600,ok,52.0,2704.0,212.0,
Geologica_700,ok,52.0,2704.0,208.0,
Geologica_800,ok,52.0,2704.0,204.0,
Geologica_900,ok,52.0,2704.0,200.0,
Zilla_Slab_300,ok,52.0,2704.0,229.0,
Zilla_Slab_300italic,ok,52.0,2704.0,229.0,
Zilla_Slab_regular,ok,52.0,2704.0,229.0,
Zilla_Slab_italic,ok,52.0,2704.0,229.0,
Zilla_Slab_500,ok,52.0,2704.0,229.0,
Zilla_Slab_500italic,ok,52.0,2704.0,229.0,
Zilla_Slab_600,ok,52.0,2704.0,229.0,
Zilla_Slab_600italic,ok,52.0,2704.0,229.0,
Zilla_Slab_700,ok,52.0,2704.0,229.0,
Zilla_Slab_700italic,ok,52.0,2704.0,229.0,
Zen_Kaku_Gothic_New_300,ok,52.0,2704.0,219.0,
Zen_Kaku_Gothic_New_regular,ok,52.0,2704.0,220.0,
Zen_Kaku_Gothic_New_500,ok,52.0,2704.0,220.0,
Zen_Kaku_Gothic_New_700,ok,52.0,2704.0,219.0,
Zen_Kaku_Gothic_New_900,ok,52.0,2704.0,221.0,
Domine_regular,ok,52.0,2704.0,202.0,
Domine_500,ok,52.0,2704.0,202.0,
Domine_600,ok,52.0,2704.0,202.0,
Domine_700,ok,52.0,2704.0,202.0,
Play_regular,ok,52.0,2704.0,225.0,
Play_700,ok,52.0,2704.0,225.0,
Questrial_regular,ok,52.0,2704.0,225.0,
ABeeZee_regular,ok,52.0,2704.0,212.0,
ABeeZee_italic,ok,52.0,2704.0,212.0,
Shadows_Into_Light_regular,ok,52.0,2704.0,177.0,
Varela_Round_regular,ok,52.0,2704.0,216.0,
Albert_Sans_100,ok,52.0,2704.0,221.0,
Albert_Sans_200,ok,52.0,2704.0,221.0,
Albert_Sans_300,ok,52.0,2704.0,220.0,
Albert_Sans_regular,ok,52.0,2704.0,220.0,
Albert_Sans_500,ok,52.0,2704.0,220.0,
Albert_Sans_600,ok,52.0,2704.0,220.0,
Albert_Sans_700,ok,52.0,2704.0,219.0,
Albert_Sans_800,ok,52.0,2704.0,219.0,
Albert_Sans_900,ok,52.0,2704.0,219.0,
Albert_Sans_100italic,ok,52.0,2704.0,220.0,
Albert_Sans_200italic,ok,52.0,2704.0,220.0,
Albert_Sans_300italic,ok,52.0,2704.0,219.0,
Albert_Sans_italic,ok,52.0,2704.0,219.0,
Albert_Sans_500italic,ok,52.0,2704.0,219.0,
Albert_Sans_600italic,ok,52.0,2704.0,218.0,
Albert_Sans_700italic,ok,52.0,2704.0,218.0,
Albert_Sans_800italic,ok,52.0,2704.0,218.0,
Albert_Sans_900italic,ok,52.0,2704.0,218.0,
Alumni_Sans_100,ok,52.0,2704.0,251.0,
Alumni_Sans_200,ok,52.0,2704.0,251.0,
Alumni_Sans_300,ok,52.0,2704.0,251.0,
Alumni_Sans_regular,ok,52.0,2704.0,252.0,
Alumni_Sans_500,ok,52.0,2704.0,252.0,
Alumni_Sans_600,ok,52.0,2704.0,248.0,
Alumni_Sans_700,ok,52.0,2704.0,244.0,
Alumni_Sans_800,ok,52.0,2704.0,239.0,
Alumni_Sans_900,ok,52.0,2704.0,235.0,
Alumni_Sans_100italic,ok,52.0,2704.0,251.0,
Alumni_Sans_200italic,ok,52.0,2704.0,251.0,
Alumni_Sans_300italic,ok,52.0,2704.0,251.0,
Alumni_Sans_italic,ok,52.0,2704.0,252.0,
Alumni_Sans_500italic,ok,52.0,2704.0,252.0,
Alumni_Sans_600italic,ok,52.0,2704.0,252.0,
Alumni_Sans_700italic,ok,52.0,2704.0,250.0,
Alumni_Sans_800italic,ok,52.0,2704.0,247.0,
Alumni_Sans_900italic,ok,52.0,2704.0,244.0,
Kalam_300,ok,52.0,2704.0,204.0,
Kalam_regular,ok,52.0,2704.0,202.0,
Kalam_700,ok,52.0,2704.0,198.0,
Rethink_Sans_regular,ok,52.0,2704.0,222.0,
Rethink_Sans_500,ok,52.0,2704.0,221.0,
Rethink_Sans_600,ok,52.0,2704.0,221.0,
Rethink_Sans_700,ok,52.0,2704.0,220.0,
Rethink_Sans_800,ok,52.0,2704.0,219.0,
Rethink_Sans_italic,ok,52.0,2704.0,222.0,
Rethink_Sans_500italic,ok,52.0,2704.0,221.0,
Rethink_Sans_600italic,ok,52.0,2704.0,221.0,
Rethink_Sans_700italic,ok,52.0,2704.0,220.0,
Rethink_Sans_800italic,ok,52.0,2704.0,219.0,
IBM_Plex_Serif_100,ok,52.0,2704.0,211.0,
IBM_Plex_Serif_100italic,ok,52.0,2704.0,211.0,
IBM_Plex_Serif_200,ok,52.0,2704.0,211.0,
IBM_Plex_Serif_200italic,ok,52.0,2704.0,211.0,
IBM_Plex_Serif_300,ok,52.0,2704.0,211.0,
IBM_Plex_Serif_300italic,ok,52.0,2704.0,211.0,
IBM_Plex_Serif_regular,ok,52.0,2704.0,211.0,
IBM_Plex_Serif_italic,ok,52.0,2704.0,211.0,
IBM_Plex_Serif_500,ok,52.0,2704.0,211.0,
IBM_Plex_Serif_500italic,ok,52.0,2704.0,211.0,
IBM_Plex_Serif_600,ok,52.0,2704.0,210.0,
IBM_Plex_Serif_600italic,ok,52.0,2704.0,210.0,
IBM_Plex_Serif_700,ok,52.0,2704.0,208.0,
IBM_Plex_Serif_700italic,ok,52.0,2704.0,209.0,
Satisfy_regular,ok,52.0,2704.0,196.0,
Nanum_Myeongjo_regular,ok,52.0,2704.0,199.0,
Nanum_Myeongjo_700,ok,52.0,2704.0,199.0,
Nanum_Myeongjo_800,ok,52.0,2704.0,200.0,
Archivo_Narrow_regular,ok,52.0,2704.0,218.0,
Archivo_Narrow_500,ok,52.0,2704.0,218.0,
Archivo_Narrow_600,ok,52.0,2704.0,218.0,
Archivo_Narrow_700,ok,52.0,2704.0,218.0,
Archivo_Narrow_italic,ok,52.0,2704.0,218.0,
Archivo_Narrow_500italic,ok,52.0,2704.0,218.0,
Archivo_Narrow_600italic,ok,52.0,2704.0,218.0,
Archivo_Narrow_700italic,ok,52.0,2704.0,218.0,
Marcellus_regular,ok,52.0,2704.0,216.0,
Be_Vietnam_Pro_100,ok,52.0,2704.0,207.0,
Be_Vietnam_Pro_100italic,ok,52.0,2704.0,207.0,
Be_Vietnam_Pro_200,ok,52.0,2704.0,207.0,
Be_Vietnam_Pro_200italic,ok,52.0,2704.0,207.0,
Be_Vietnam_Pro_300,ok,52.0,2704.0,207.0,
Be_Vietnam_Pro_300italic,ok,52.0,2704.0,207.0,
Be_Vietnam_Pro_regular,ok,52.0,2704.0,207.0,
Be_Vietnam_Pro_italic,ok,52.0,2704.0,207.0,
Be_Vietnam_Pro_500,ok,52.0,2704.0,207.0,
Be_Vietnam_Pro_500italic,ok,52.0,2704.0,207.0,
Be_Vietnam_Pro_600,ok,52.0,2704.0,207.0,
Be_Vietnam_Pro_600italic,ok,52.0,2704.0,207.0,
Be_Vietnam_Pro_700,ok,52.0,2704.0,206.0,
Be_Vietnam_Pro_700italic,ok,52.0,2704.0,206.0,
Be_Vietnam_Pro_800,ok,52.0,2704.0,204.0,
Be_Vietnam_Pro_800italic,ok,52.0,2704.0,204.0,
Be_Vietnam_Pro_900,ok,52.0,2704.0,202.0,
Be_Vietnam_Pro_900italic,ok,52.0,2704.0,202.0,
Gravitas_One_regular,ok,52.0,2704.0,196.0,
Epilogue_100,ok,52.0,2704.0,202.0,
Epilogue_200,ok,52.0,2704.0,202.0,
Epilogue_300,ok,52.0,2704.0,202.0,
Epilogue_regular,ok,52.0,2704.0,202.0,
Epilogue_500,ok,52.0,2704.0,202.0,
Epilogue_600,ok,52.0,2704.0,202.0,
Epilogue_700,ok,52.0,2704.0,202.0,
Epilogue_800,ok,52.0,2704.0,202.0,
Epilogue_900,ok,52.0,2704.0,202.0,
Epilogue_100italic,ok,52.0,2704.0,202.0,
Epilogue_200italic,ok,52.0,2704.0,202.0,
Epilogue_300italic,ok,52.0,2704.0,202.0,
Epilogue_italic,ok,52.0,2704.0,202.0,
Epilogue_500italic,ok,52.0,2704.0,202.0,
Epilogue_600italic,ok,52.0,2704.0,202.0,
Epilogue_700italic,ok,52.0,2704.0,202.0,
Epilogue_800italic,ok,52.0,2704.0,202.0,
Epilogue_900italic,ok,52.0,2704.0,202.0,
Exo_100,ok,52.0,2704.0,208.0,
Exo_200,ok,52.0,2704.0,208.0,
Exo_300,ok,52.0,2704.0,208.0,
Exo_regular,ok,52.0,2704.0,208.0,
Exo_500,ok,52.0,2704.0,208.0,
Exo_600,ok,52.0,2704.0,208.0,
Exo_700,ok,52.0,2704.0,208.0,
Exo_800,ok,52.0,2704.0,208.0,
Exo_900,ok,52.0,2704.0,208.0,
Exo_100italic,ok,52.0,2704.0,208.0,
Exo_200italic,ok,52.0,2704.0,208.0,
Exo_300italic,ok,52.0,2704.0,208.0,
Exo_italic,ok,52.0,2704.0,208.0,
Exo_500italic,ok,52.0,2704.0,208.0,
Exo_600italic,ok,52.0,2704.0,208.0,
Exo_700italic,ok,52.0,2704.0,208.0,
Exo_800italic,ok,52.0,2704.0,208.0,
Exo_900italic,ok,52.0,2704.0,208.0,
Great_Vibes_regular,ok,52.0,2704.0,155.0,
IBM_Plex_Sans_Arabic_100,ok,52.0,2704.0,216.0,
IBM_Plex_Sans_Arabic_200,ok,52.0,2704.0,216.0,
IBM_Plex_Sans_Arabic_300,ok,52.0,2704.0,216.0,
IBM_Plex_Sans_Arabic_regular,ok,52.0,2704.0,216.0,
IBM_Plex_Sans_Arabic_500,ok,52.0,2704.0,215.0,
IBM_Plex_Sans_Arabic_600,ok,52.0,2704.0,215.0,
IBM_Plex_Sans_Arabic_700,ok,52.0,2704.0,214.0,
Onest_100,ok,52.0,2704.0,206.0,
Onest_200,ok,52.0,2704.0,208.0,
Onest_300,ok,52.0,2704.0,210.0,
Onest_regular,ok,52.0,2704.0,212.0,
Onest_500,ok,52.0,2704.0,213.0,
Onest_600,ok,52.0,2704.0,213.0,
Onest_700,ok,52.0,2704.0,213.0,
Onest_800,ok,52.0,2704.0,209.0,
Onest_900,ok,52.0,2704.0,206.0,
Unbounded_200,ok,52.0,2704.0,204.0,
Unbounded_300,ok,52.0,2704.0,202.0,
Unbounded_regular,ok,52.0,2704.0,198.0,
Unbounded_500,ok,52.0,2704.0,194.0,
Unbounded_600,ok,52.0,2704.0,192.0,
Unbounded_700,ok,52.0,2704.0,190.0,
Unbounded_800,ok,52.0,2704.0,188.0,
Unbounded_900,ok,52.0,2704.0,185.0,
League_Spartan_100,ok,52.0,2704.0,228.0,
League_Spartan_200,ok,52.0,2704.0,228.0,
League_Spartan_300,ok,52.0,2704.0,228.0,
League_Spartan_regular,ok,52.0,2704.0,228.0,
League_Spartan_500,ok,52.0,2704.0,228.0,
League_Spartan_600,ok,52.0,2704.0,228.0,
League_Spartan_700,ok,52.0,2704.0,228.0,
League_Spartan_800,ok,52.0,2704.0,228.0,
League_Spartan_900,ok,52.0,2704.0,228.0,
Cormorant_300,ok,52.0,2704.0,220.0,
Cormorant_regular,ok,52.0,2704.0,220.0,
Cormorant_500,ok,52.0,2704.0,220.0,
Cormorant_600,ok,52.0,2704.0,220.0,
Cormorant_700,ok,52.0,2704.0,220.0,
Cormorant_300italic,ok,52.0,2704.0,220.0,
Cormorant_italic,ok,52.0,2704.0,220.0,
Cormorant_500italic,ok,52.0,2704.0,220.0,
Cormorant_600italic,ok,52.0,2704.0,220.0,
Cormorant_700italic,ok,52.0,2704.0,220.0,
Spectral_200,ok,52.0,2704.0,213.0,
Spectral_200italic,ok,52.0,2704.0,213.0,
Spectral_300,ok,52.0,2704.0,213.0,
Spectral_300italic,ok,52.0,2704.0,213.0,
Spectral_regular,ok,52.0,2704.0,213.0,
Spectral_italic,ok,52.0,2704.0,213.0,
Spectral_500,ok,52.0,2704.0,213.0,
Spectral_500italic,ok,52.0,2704.0,213.0,
Spectral_600,ok,52.0,2704.0,213.0,
Spectral_600italic,ok,52.0,2704.0,213.0,
Spectral_700,ok,52.0,2704.0,213.0,
Spectral_700italic,ok,52.0,2704.0,213.0,
Spectral_800,ok,52.0,2704.0,213.0,
Spectral_800italic,ok,52.0,2704.0,213.0,
Frank_Ruhl_Libre_300,ok,52.0,2704.0,226.0,
Frank_Ruhl_Libre_regular,ok,52.0,2704.0,226.0,
Frank_Ruhl_Libre_500,ok,52.0,2704.0,227.0,
Frank_Ruhl_Libre_600,ok,52.0,2704.0,227.0,
Frank_Ruhl_Libre_700,ok,52.0,2704.0,227.0,
Frank_Ruhl_Libre_800,ok,52.0,2704.0,227.0,
Frank_Ruhl_Libre_900,ok,52.0,2704.0,227.0,
Syne_regular,ok,52.0,2704.0,228.0,
Syne_500,ok,52.0,2704.0,226.0,
Syne_600,ok,52.0,2704.0,219.0,
Syne_700,ok,52.0,2704.0,203.0,
Syne_800,ok,52.0,2704.0,138.0,
Indie_Flower_regular,ok,52.0,2704.0,196.0,
Noto_Serif_KR_200,ok,52.0,2704.0,197.0,
Noto_Serif_KR_300,ok,52.0,2704.0,196.0,
Noto_Serif_KR_regular,ok,52.0,2704.0,196.0,
Noto_Serif_KR_500,ok,52.0,2704.0,195.0,
Noto_Serif_KR_600,ok,52.0,2704.0,194.0,
Noto_Serif_KR_700,ok,52.0,2704.0,192.0,
Noto_Serif_KR_800,ok,52.0,2704.0,192.0,
Noto_Serif_KR_900,ok,52.0,2704.0,191.0,
Sarabun_100,ok,52.0,2704.0,214.0,
Sarabun_100italic,ok,52.0,2704.0,214.0,
Sarabun_200,ok,52.0,2704.0,214.0,
Sarabun_200italic,ok,52.0,2704.0,214.0,
Sarabun_300,ok,52.0,2704.0,216.0,
Sarabun_300italic,ok,52.0,2704.0,216.0,
Sarabun_regular,ok,52.0,2704.0,216.0,
Sarabun_italic,ok,52.0,2704.0,216.0,
Sarabun_500,ok,52.0,2704.0,216.0,
Sarabun_500italic,ok,52.0,2704.0,216.0,
Sarabun_600,ok,52.0,2704.0,216.0,
Sarabun_600italic,ok,52.0,2704.0,214.0,
Sarabun_700,ok,52.0,2704.0,216.0,
Sarabun_700italic,ok,52.0,2704.0,214.0,
Sarabun_800,ok,52.0,2704.0,216.0,
Sarabun_800italic,ok,52.0,2704.0,216.0,
Noto_Serif_TC_200,ok,52.0,2704.0,197.0,
Noto_Serif_TC_300,ok,52.0,2704.0,196.0,
Noto_Serif_TC_regular,ok,52.0,2704.0,196.0,
Noto_Serif_TC_500,ok,52.0,2704.0,195.0,
Noto_Serif_TC_600,ok,52.0,2704.0,194.0,
Noto_Serif_TC_700,ok,52.0,2704.0,192.0,
Noto_Serif_TC_800,ok,52.0,2704.0,192.0,
Noto_Serif_TC_900,ok,52.0,2704.0,191.0,
Zen_Maru_Gothic_300,ok,52.0,2704.0,219.0,
Zen_Maru_Gothic_regular,ok,52.0,2704.0,221.0,
Zen_Maru_Gothic_500,ok,52.0,2704.0,220.0,
Zen_Maru_Gothic_700,ok,52.0,2704.0,221.0,
Zen_Maru_Gothic_900,ok,52.0,2704.0,221.0,
Permanent_Marker_regular,ok,52.0,2704.0,214.0,
Noto_Serif_SC_200,ok,52.0,2704.0,197.0,
Noto_Serif_SC_300,ok,52.0,2704.0,196.0,
Noto_Serif_SC_regular,ok,52.0,2704.0,196.0,
Noto_Serif_SC_500,ok,52.0,2704.0,195.0,
Noto_Serif_SC_600,ok,52.0,2704.0,194.0,
Noto_Serif_SC_700,ok,52.0,2704.0,192.0,
Noto_Serif_SC_800,ok,52.0,2704.0,192.0,
Noto_Serif_SC_900,ok,52.0,2704.0,191.0,
Yanone_Kaffeesatz_200,ok,52.0,2704.0,216.0,
Yanone_Kaffeesatz_300,ok,52.0,2704.0,216.0,
Yanone_Kaffeesatz_regular,ok,52.0,2704.0,216.0,
Yanone_Kaffeesatz_500,ok,52.0,2704.0,216.0,
Yanone_Kaffeesatz_600,ok,52.0,2704.0,216.0,
Yanone_Kaffeesatz_700,ok,52.0,2704.0,216.0,
Roboto_Serif_100,ok,52.0,2704.0,207.0,
Roboto_Serif_200,ok,52.0,2704.0,207.0,
Roboto_Serif_300,ok,52.0,2704.0,206.0,
Roboto_Serif_regular,ok,52.0,2704.0,206.0,
Roboto_Serif_500,ok,52.0,2704.0,206.0,
Roboto_Serif_600,ok,52.0,2704.0,205.0,
Roboto_Serif_700,ok,52.0,2704.0,204.0,
Roboto_Serif_800,ok,52.0,2704.0,204.0,
Roboto_Serif_900,ok,52.0,2704.0,203.0,
Roboto_Serif_100italic,ok,52.0,2704.0,207.0,
Roboto_Serif_200italic,ok,52.0,2704.0,206.0,
Roboto_Serif_300italic,ok,52.0,2704.0,206.0,
Roboto_Serif_italic,ok,52.0,2704.0,205.0,
Roboto_Serif_500italic,ok,52.0,2704.0,205.0,
Roboto_Serif_600italic,ok,52.0,2704.0,205.0,
Roboto_Serif_700italic,ok,52.0,2704.0,204.0,
Roboto_Serif_800italic,ok,52.0,2704.0,204.0,
Roboto_Serif_900italic,ok,52.0,2704.0,203.0,
Crimson_Pro_200,ok,52.0,2704.0,234.0,
Crimson_Pro_300,ok,52.0,2704.0,234.0,
Crimson_Pro_regular,ok,52.0,2704.0,234.0,
Crimson_Pro_500,ok,52.0,2704.0,234.0,
Crimson_Pro_600,ok,52.0,2704.0,234.0,
Crimson_Pro_700,ok,52.0,2704.0,234.0,
Crimson_Pro_800,ok,52.0,2704.0,234.0,
Crimson_Pro_900,ok,52.0,2704.0,232.0,
Crimson_Pro_200italic,ok,52.0,2704.0,234.0,
Crimson_Pro_300italic,ok,52.0,2704.0,234.0,
Crimson_Pro_italic,ok,52.0,2704.0,234.0,
Crimson_Pro_500italic,ok,52.0,2704.0,234.0,
Crimson_Pro_600italic,ok,52.0,2704.0,234.0,
Crimson_Pro_700italic,ok,52.0,2704.0,234.0,
Crimson_Pro_800italic,ok,52.0,2704.0,234.0,
Crimson_Pro_900italic,ok,52.0,2704.0,233.0,
Saira_Condensed_100,ok,52.0,2704.0,215.0,
Saira_Condensed_200,ok,52.0,2704.0,215.0,
Saira_Condensed_300,ok,52.0,2704.0,215.0,
Saira_Condensed_regular,ok,52.0,2704.0,215.0,
Saira_Condensed_500,ok,52.0,2704.0,215.0,
Saira_Condensed_600,ok,52.0,2704.0,215.0,
Saira_Condensed_700,ok,52.0,2704.0,215.0,
Saira_Condensed_800,ok,52.0,2704.0,215.0,
Saira_Condensed_900,ok,52.0,2704.0,215.0,
Vollkorn_regular,ok,52.0,2704.0,223.0,
Vollkorn_500,ok,52.0,2704.0,223.0,
Vollkorn_600,ok,52.0,2704.0,223.0,
Vollkorn_700,ok,52.0,2704.0,223.0,
Vollkorn_800,ok,52.0,2704.0,223.0,
Vollkorn_900,ok,52.0,2704.0,223.0,
Vollkorn_italic,ok,52.0,2704.0,224.0,
Vollkorn_500italic,ok,52.0,2704.0,224.0,
Vollkorn_600italic,ok,52.0,2704.0,224.0,
Vollkorn_700italic,ok,52.0,2704.0,224.0,
Vollkorn_800italic,ok,52.0,2704.0,224.0,
Vollkorn_900italic,ok,52.0,2704.0,224.0,
Alegreya_Sans_100,ok,52.0,2704.0,227.0,
Alegreya_Sans_100italic,ok,52.0,2704.0,226.0,
Alegreya_Sans_300,ok,52.0,2704.0,227.0,
Alegreya_Sans_300italic,ok,52.0,2704.0,226.0,
Alegreya_Sans_regular,ok,52.0,2704.0,227.0,
Alegreya_Sans_italic,ok,52.0,2704.0,227.0,
Alegreya_Sans_500,ok,52.0,2704.0,227.0,
Alegreya_Sans_500italic,ok,52.0,2704.0,227.0,
Alegreya_Sans_700,ok,52.0,2704.0,227.0,
Alegreya_Sans_700italic,ok,52.0,2704.0,227.0,
Alegreya_Sans_800,ok,52.0,2704.0,225.0,
Alegreya_Sans_800italic,ok,52.0,2704.0,227.0,
Alegreya_Sans_900,ok,52.0,2704.0,219.0,
Alegreya_Sans_900italic,ok,52.0,2704.0,221.0,
Sofia_Sans_100,ok,52.0,2704.0,230.0,
Sofia_Sans_200,ok,52.0,2704.0,230.0,
Sofia_Sans_300,ok,52.0,2704.0,230.0,
Sofia_Sans_regular,ok,52.0,2704.0,230.0,
Sofia_Sans_500,ok,52.0,2704.0,230.0,
Sofia_Sans_600,ok,52.0,2704.0,229.0,
Sofia_Sans_700,ok,52.0,2704.0,226.0,
Sofia_Sans_800,ok,52.0,2704.0,223.0,
Sofia_Sans_900,ok,52.0,2704.0,220.0,
Sofia_Sans_100italic,ok,52.0,2704.0,230.0,
Sofia_Sans_200italic,ok,52.0,2704.0,230.0,
Sofia_Sans_300italic,ok,52.0,2704.0,230.0,
Sofia_Sans_italic,ok,52.0,2704.0,230.0,
Sofia_Sans_500italic,ok,52.0,2704.0,230.0,
Sofia_Sans_600italic,ok,52.0,2704.0,229.0,
Sofia_Sans_700italic,ok,52.0,2704.0,226.0,
Sofia_Sans_800italic,ok,52.0,2704.0,223.0,
Sofia_Sans_900italic,ok,52.0,2704.0,220.0,
Noto_Kufi_Arabic_100,ok,52.0,2704.0,209.0,
Noto_Kufi_Arabic_200,ok,52.0,2704.0,209.0,
Noto_Kufi_Arabic_300,ok,52.0,2704.0,209.0,
Noto_Kufi_Arabic_regular,ok,52.0,2704.0,209.0,
Noto_Kufi_Arabic_500,ok,52.0,2704.0,209.0,
Noto_Kufi_Arabic_600,ok,52.0,2704.0,209.0,
Noto_Kufi_Arabic_700,ok,52.0,2704.0,209.0,
Noto_Kufi_Arabic_800,ok,52.0,2704.0,208.0,
Noto_Kufi_Arabic_900,ok,52.0,2704.0,206.0,
Amiri_regular,ok,52.0,2704.0,234.0,
Amiri_italic,ok,52.0,2704.0,239.0,
Amiri_700,ok,52.0,2704.0,234.0,
Amiri_700italic,ok,52.0,2704.0,235.0,
Literata_200,ok,52.0,2704.0,204.0,
Literata_300,ok,52.0,2704.0,204.0,
Literata_regular,ok,52.0,2704.0,204.0,
Literata_500,ok,52.0,2704.0,204.0,
Literata_600,ok,52.0,2704.0,204.0,
Literata_700,ok,52.0,2704.0,204.0,
Literata_800,ok,52.0,2704.0,204.0,
Literata_900,ok,52.0,2704.0,202.0,
Literata_200italic,ok,52.0,2704.0,204.0,
Literata_300italic,ok,52.0,2704.0,204.0,
Literata_italic,ok,52.0,2704.0,204.0,
Literata_500italic,ok,52.0,2704.0,204.0,
Literata_600italic,ok,52.0,2704.0,204.0,
Literata_700italic,ok,52.0,2704.0,204.0,
Literata_800italic,ok,52.0,2704.0,203.0,
Literata_900italic,ok,52.0,2704.0,201.0,
Signika_300,ok,52.0,2704.0,216.0,
Signika_regular,ok,52.0,2704.0,216.0,
Signika_500,ok,52.0,2704.0,216.0,
Signika_600,ok,52.0,2704.0,216.0,
Signika_700,ok,52.0,2704.0,216.0,
Press_Start_2P_regular,ok,52.0,2704.0,160.0,
Fira_Sans_Condensed_100,ok,52.0,2704.0,217.0,
Fira_Sans_Condensed_100italic,ok,52.0,2704.0,217.0,
Fira_Sans_Condensed_200,ok,52.0,2704.0,215.0,
Fira_Sans_Condensed_200italic,ok,52.0,2704.0,215.0,
Fira_Sans_Condensed_300,ok,52.0,2704.0,212.0,
Fira_Sans_Condensed_300italic,ok,52.0,2704.0,212.0,
Fira_Sans_Condensed_regular,ok,52.0,2704.0,206.0,
Fira_Sans_Condensed_italic,ok,52.0,2704.0,205.0,
Fira_Sans_Condensed_500,ok,52.0,2704.0,201.0,
Fira_Sans_Condensed_500italic,ok,52.0,2704.0,201.0,
Fira_Sans_Condensed_600,ok,52.0,2704.0,200.0,
Fira_Sans_Condensed_600italic,ok,52.0,2704.0,200.0,
Fira_Sans_Condensed_700,ok,52.0,2704.0,197.0,
Fira_Sans_Condensed_700italic,ok,52.0,2704.0,199.0,
Fira_Sans_Condensed_800,ok,52.0,2704.0,194.0,
Fira_Sans_Condensed_800italic,ok,52.0,2704.0,196.0,
Fira_Sans_Condensed_900,ok,52.0,2704.0,193.0,
Fira_Sans_Condensed_900italic,ok,52.0,2704.0,194.0,
News_Cycle_regular,ok,52.0,2704.0,213.0,
News_Cycle_700,ok,52.0,2704.0,212.0,
Unna_regular,ok,52.0,2704.0,217.0,
Unna_italic,ok,52.0,2704.0,219.0,
Unna_700,ok,52.0,2704.0,217.0,
Unna_700italic,ok,52.0,2704.0,219.0,
Catamaran_100,ok,52.0,2704.0,226.0,
Catamaran_200,ok,52.0,2704.0,226.0,
Catamaran_300,ok,52.0,2704.0,226.0,
Catamaran_regular,ok,52.0,2704.0,226.0,
Catamaran_500,ok,52.0,2704.0,226.0,
Catamaran_600,ok,52.0,2704.0,226.0,
Catamaran_700,ok,52.0,2704.0,226.0,
Catamaran_800,ok,52.0,2704.0,220.0,
Catamaran_900,ok,52.0,2704.0,213.0,
Montserrat_Alternates_100,ok,52.0,2704.0,214.0,
Montserrat_Alternates_100italic,ok,52.0,2704.0,214.0,
Montserrat_Alternates_200,ok,52.0,2704.0,214.0,
Montserrat_Alternates_200italic,ok,52.0,2704.0,214.0,
Montserrat_Alternates_300,ok,52.0,2704.0,214.0,
Montserrat_Alternates_300italic,ok,52.0,2704.0,214.0,
Montserrat_Alternates_regular,ok,52.0,2704.0,214.0,
Montserrat_Alternates_italic,ok,52.0,2704.0,214.0,
Montserrat_Alternates_500,ok,52.0,2704.0,211.0,
Montserrat_Alternates_500italic,ok,52.0,2704.0,211.0,
Montserrat_Alternates_600,ok,52.0,2704.0,207.0,
Montserrat_Alternates_600italic,ok,52.0,2704.0,207.0,
Montserrat_Alternates_700,ok,52.0,2704.0,203.0,
Montserrat_Alternates_700italic,ok,52.0,2704.0,203.0,
Montserrat_Alternates_800,ok,52.0,2704.0,200.0,
Montserrat_Alternates_800italic,ok,52.0,2704.0,200.0,
Montserrat_Alternates_900,ok,52.0,2704.0,194.0,
Montserrat_Alternates_900italic,ok,52.0,2704.0,194.0,
DM_Serif_Text_regular,ok,52.0,2704.0,225.0,
DM_Serif_Text_italic,ok,52.0,2704.0,225.0,
Noto_Sans_Tamil_100,ok,52.0,2704.0,209.0,
Noto_Sans_Tamil_200,ok,52.0,2704.0,209.0,
Noto_Sans_Tamil_300,ok,52.0,2704.0,209.0,
Noto_Sans_Tamil_regular,ok,52.0,2704.0,209.0,
Noto_Sans_Tamil_500,ok,52.0,2704.0,209.0,
Noto_Sans_Tamil_600,ok,52.0,2704.0,209.0,
Noto_Sans_Tamil_700,ok,52.0,2704.0,209.0,
Noto_Sans_Tamil_800,ok,52.0,2704.0,208.0,
Noto_Sans_Tamil_900,ok,52.0,2704.0,206.0,
Righteous_regular,ok,52.0,2704.0,205.0,
Luckiest_Guy_regular,ok,52.0,2704.0,221.0,
Bree_Serif_regular,ok,52.0,2704.0,221.0,
Rowdies_300,ok,52.0,2704.0,211.0,
Rowdies_regular,ok,52.0,2704.0,211.0,
Rowdies_700,ok,52.0,2704.0,211.0,
Cardo_regular,ok,52.0,2704.0,195.0,
Cardo_italic,ok,52.0,2704.0,199.0,
Cardo_700,ok,52.0,2704.0,196.0,
Red_Hat_Text_300,ok,52.0,2704.0,217.0,
Red_Hat_Text_regular,ok,52.0,2704.0,216.0,
Red_Hat_Text_500,ok,52.0,2704.0,213.0,
Red_Hat_Text_600,ok,52.0,2704.0,210.0,
Red_Hat_Text_700,ok,52.0,2704.0,205.0,
Red_Hat_Text_300italic,ok,52.0,2704.0,217.0,
Red_Hat_Text_italic,ok,52.0,2704.0,214.0,
Red_Hat_Text_500italic,ok,52.0,2704.0,212.0,
Red_Hat_Text_600italic,ok,52.0,2704.0,209.0,
Red_Hat_Text_700italic,ok,52.0,2704.0,205.0,
Antic_Slab_regular,ok,52.0,2704.0,213.0,
Baskervville_regular,ok,52.0,2704.0,221.0,
Baskervville_500,ok,52.0,2704.0,221.0,
Baskervville_600,ok,52.0,2704.0,221.0,
Baskervville_700,ok,52.0,2704.0,219.0,
Baskervville_italic,ok,52.0,2704.0,221.0,
Baskervville_500italic,ok,52.0,2704.0,221.0,
Baskervville_600italic,ok,52.0,2704.0,221.0,
Baskervville_700italic,ok,52.0,2704.0,221.0,
Hammersmith_One_regular,ok,52.0,2704.0,209.0,
Russo_One_regular,ok,52.0,2704.0,225.0,
Yellowtail_regular,ok,52.0,2704.0,213.0,
Atkinson_Hyperlegible_regular,ok,52.0,2704.0,223.0,
Atkinson_Hyperlegible_italic,ok,52.0,2704.0,223.0,
Atkinson_Hyperlegible_700,ok,52.0,2704.0,211.0,
Atkinson_Hyperlegible_700italic,ok,52.0,2704.0,211.0,
Baloo_2_regular,ok,52.0,2704.0,238.0,
Baloo_2_500,ok,52.0,2704.0,238.0,
Baloo_2_600,ok,52.0,2704.0,234.0,
Baloo_2_700,ok,52.0,2704.0,229.0,
Baloo_2_800,ok,52.0,2704.0,225.0,
Angkor_regular,ok,52.0,2704.0,199.0,
Tinos_regular,ok,52.0,2704.0,227.0,
Tinos_italic,ok,52.0,2704.0,227.0,
Tinos_700,ok,52.0,2704.0,227.0,
Tinos_700italic,ok,52.0,2704.0,227.0,
Viga_regular,ok,52.0,2704.0,202.0,
Noto_Sans_Devanagari_100,ok,52.0,2704.0,209.0,
Noto_Sans_Devanagari_200,ok,52.0,2704.0,209.0,
Noto_Sans_Devanagari_300,ok,52.0,2704.0,209.0,
Noto_Sans_Devanagari_regular,ok,52.0,2704.0,209.0,
Noto_Sans_Devanagari_500,ok,52.0,2704.0,209.0,
Noto_Sans_Devanagari_600,ok,52.0,2704.0,209.0,
Noto_Sans_Devanagari_700,ok,52.0,2704.0,209.0,
Noto_Sans_Devanagari_800,ok,52.0,2704.0,208.0,
Noto_Sans_Devanagari_900,ok,52.0,2704.0,206.0,
Aleo_100,ok,52.0,2704.0,222.0,
Aleo_200,ok,52.0,2704.0,220.0,
Aleo_300,ok,52.0,2704.0,219.0,
Aleo_regular,ok,52.0,2704.0,217.0,
Aleo_500,ok,52.0,2704.0,216.0,
Aleo_600,ok,52.0,2704.0,215.0,
Aleo_700,ok,52.0,2704.0,215.0,
Aleo_800,ok,52.0,2704.0,214.0,
Aleo_900,ok,52.0,2704.0,212.0,
Aleo_100italic,ok,52.0,2704.0,222.0,
Aleo_200italic,ok,52.0,2704.0,220.0,
Aleo_300italic,ok,52.0,2704.0,219.0,
Aleo_italic,ok,52.0,2704.0,217.0,
Aleo_500italic,ok,52.0,2704.0,216.0,
Aleo_600italic,ok,52.0,2704.0,215.0,
Aleo_700italic,ok,52.0,2704.0,215.0,
Aleo_800italic,ok,52.0,2704.0,214.0,
Aleo_900italic,ok,52.0,2704.0,212.0,
LINE_Seed_JP_100,ok,52.0,2704.0,203.0,
LINE_Seed_JP_regular,ok,52.0,2704.0,206.0,
LINE_Seed_JP_700,ok,52.0,2704.0,204.0,
LINE_Seed_JP_800,ok,52.0,2704.0,192.0,
Sawarabi_Mincho_regular,ok,52.0,2704.0,194.0,
Gothic_A1_100,ok,52.0,2704.0,222.0,
Gothic_A1_200,ok,52.0,2704.0,217.0,
Gothic_A1_300,ok,52.0,2704.0,214.0,
Gothic_A1_regular,ok,52.0,2704.0,210.0,
Gothic_A1_500,ok,52.0,2704.0,207.0,
Gothic_A1_600,ok,52.0,2704.0,203.0,
Gothic_A1_700,ok,52.0,2704.0,200.0,
Gothic_A1_800,ok,52.0,2704.0,196.0,
Gothic_A1_900,ok,52.0,2704.0,194.0,
Shippori_Mincho_regular,ok,52.0,2704.0,215.0,
Shippori_Mincho_500,ok,52.0,2704.0,214.0,
Shippori_Mincho_600,ok,52.0,2704.0,213.0,
Shippori_Mincho_700,ok,52.0,2704.0,212.0,
Shippori_Mincho_800,ok,52.0,2704.0,211.0,
Khand_300,ok,52.0,2704.0,218.0,
Khand_regular,ok,52.0,2704.0,216.0,
Khand_500,ok,52.0,2704.0,214.0,
Khand_600,ok,52.0,2704.0,211.0,
Khand_700,ok,52.0,2704.0,208.0,
Amatic_SC_regular,ok,52.0,2704.0,205.0,
Amatic_SC_700,ok,52.0,2704.0,205.0,
Readex_Pro_200,ok,52.0,2704.0,214.0,
Readex_Pro_300,ok,52.0,2704.0,212.0,
Readex_Pro_regular,ok,52.0,2704.0,207.0,
Readex_Pro_500,ok,52.0,2704.0,204.0,
Readex_Pro_600,ok,52.0,2704.0,202.0,
Readex_Pro_700,ok,52.0,2704.0,199.0,
Acme_regular,ok,52.0,2704.0,206.0,
Titan_One_regular,ok,52.0,2704.0,205.0,
Prata_regular,ok,52.0,2704.0,194.0,
Sanchez_regular,ok,52.0,2704.0,221.0,
Sanchez_italic,ok,52.0,2704.0,221.0,
Playfair_300,ok,52.0,2704.0,252.0,
Playfair_regular,ok,52.0,2704.0,252.0,
Playfair_500,ok,52.0,2704.0,253.0,
Playfair_600,ok,52.0,2704.0,253.0,
Playfair_700,ok,52.0,2704.0,253.0,
Playfair_800,ok,52.0,2704.0,253.0,
Playfair_900,ok,52.0,2704.0,251.0,
Playfair_300italic,ok,52.0,2704.0,249.0,
Playfair_italic,ok,52.0,2704.0,249.0,
Playfair_500italic,ok,52.0,2704.0,249.0,
Playfair_600italic,ok,52.0,2704.0,249.0,
Playfair_700italic,ok,52.0,2704.0,249.0,
Playfair_800italic,ok,52.0,2704.0,249.0,
Playfair_900italic,ok,52.0,2704.0,249.0,
Zeyada_regular,ok,52.0,2704.0,144.0,
Advent_Pro_100,ok,52.0,2704.0,223.0,
Advent_Pro_200,ok,52.0,2704.0,223.0,
Advent_Pro_300,ok,52.0,2704.0,223.0,
Advent_Pro_regular,ok,52.0,2704.0,223.0,
Advent_Pro_500,ok,52.0,2704.0,223.0,
Advent_Pro_600,ok,52.0,2704.0,223.0,
Advent_Pro_700,ok,52.0,2704.0,223.0,
Advent_Pro_800,ok,52.0,2704.0,220.0,
Advent_Pro_900,ok,52.0,2704.0,216.0,
Advent_Pro_100italic,ok,52.0,2704.0,223.0,
Advent_Pro_200italic,ok,52.0,2704.0,223.0,
Advent_Pro_300italic,ok,52.0,2704.0,223.0,
Advent_Pro_italic,ok,52.0,2704.0,223.0,
Advent_Pro_500italic,ok,52.0,2704.0,223.0,
Advent_Pro_600italic,ok,52.0,2704.0,223.0,
Advent_Pro_700italic,ok,52.0,2704.0,223.0,
Advent_Pro_800italic,ok,52.0,2704.0,220.0,
Advent_Pro_900italic,ok,52.0,2704.0,216.0,
Alegreya_regular,ok,52.0,2704.0,215.0,
Alegreya_500,ok,52.0,2704.0,215.0,
Alegreya_600,ok,52.0,2704.0,215.0,
Alegreya_700,ok,52.0,2704.0,215.0,
Alegreya_800,ok,52.0,2704.0,215.0,
Alegreya_900,ok,52.0,2704.0,215.0,
Alegreya_italic,ok,52.0,2704.0,215.0,
Alegreya_500italic,ok,52.0,2704.0,215.0,
Alegreya_600italic,ok,52.0,2704.0,215.0,
Alegreya_700italic,ok,52.0,2704.0,215.0,
Alegreya_800italic,ok,52.0,2704.0,215.0,
Alegreya_900italic,ok,52.0,2704.0,215.0,
Alata_regular,ok,52.0,2704.0,214.0,
Kumbh_Sans_100,ok,52.0,2704.0,214.0,
Kumbh_Sans_200,ok,52.0,2704.0,214.0,
Kumbh_Sans_300,ok,52.0,2704.0,214.0,
Kumbh_Sans_regular,ok,52.0,2704.0,214.0,
Kumbh_Sans_500,ok,52.0,2704.0,214.0,
Kumbh_Sans_600,ok,52.0,2704.0,214.0,
Kumbh_Sans_700,ok,52.0,2704.0,214.0,
Kumbh_Sans_800,ok,52.0,2704.0,214.0,
Kumbh_Sans_900,ok,52.0,2704.0,214.0,
Tenor_Sans_regular,ok,52.0,2704.0,225.0,
Chivo_100,ok,52.0,2704.0,219.0,
Chivo_200,ok,52.0,2704.0,219.0,
Chivo_300,ok,52.0,2704.0,219.0,
Chivo_regular,ok,52.0,2704.0,219.0,
Chivo_500,ok,52.0,2704.0,219.0,
Chivo_600,ok,52.0,2704.0,219.0,
Chivo_700,ok,52.0,2704.0,219.0,
Chivo_800,ok,52.0,2704.0,219.0,
Chivo_900,ok,52.0,2704.0,219.0,
Chivo_100italic,ok,52.0,2704.0,219.0,
Chivo_200italic,ok,52.0,2704.0,219.0,
Chivo_300italic,ok,52.0,2704.0,219.0,
Chivo_italic,ok,52.0,2704.0,219.0,
Chivo_500italic,ok,52.0,2704.0,219.0,
Chivo_600italic,ok,52.0,2704.0,219.0,
Chivo_700italic,ok,52.0,2704.0,219.0,
Chivo_800italic,ok,52.0,2704.0,219.0,
Chivo_900italic,ok,52.0,2704.0,219.0,
Noto_Sans_Display_100,ok,52.0,2704.0,208.0,
Noto_Sans_Display_200,ok,52.0,2704.0,208.0,
Noto_Sans_Display_300,ok,52.0,2704.0,209.0,
Noto_Sans_Display_regular,ok,52.0,2704.0,209.0,
Noto_Sans_Display_500,ok,52.0,2704.0,208.0,
Noto_Sans_Display_600,ok,52.0,2704.0,208.0,
Noto_Sans_Display_700,ok,52.0,2704.0,207.0,
Noto_Sans_Display_800,ok,52.0,2704.0,208.0,
Noto_Sans_Display_900,ok,52.0,2704.0,206.0,
Noto_Sans_Display_100italic,ok,52.0,2704.0,208.0,
Noto_Sans_Display_200italic,ok,52.0,2704.0,208.0,
Noto_Sans_Display_300italic,ok,52.0,2704.0,209.0,
Noto_Sans_Display_italic,ok,52.0,2704.0,209.0,
Noto_Sans_Display_500italic,ok,52.0,2704.0,208.0,
Noto_Sans_Display_600italic,ok,52.0,2704.0,208.0,
Noto_Sans_Display_700italic,ok,52.0,2704.0,209.0,
Noto_Sans_Display_800italic,ok,52.0,2704.0,208.0,
Noto_Sans_Display_900italic,ok,52.0,2704.0,206.0,
Martel_200,ok,52.0,2704.0,194.0,
Martel_300,ok,52.0,2704.0,194.0,
Martel_regular,ok,52.0,2704.0,194.0,
Martel_600,ok,52.0,2704.0,193.0,
Martel_700,ok,52.0,2704.0,192.0,
Martel_800,ok,52.0,2704.0,190.0,
Martel_900,ok,52.0,2704.0,188.0,
Allura_regular,ok,52.0,2704.0,218.0,
Courgette_regular,ok,52.0,2704.0,194.0,
Comic_Neue_300,ok,52.0,2704.0,229.0,
Comic_Neue_300italic,ok,52.0,2704.0,229.0,
Comic_Neue_regular,ok,52.0,2704.0,232.0,
Comic_Neue_italic,ok,52.0,2704.0,232.0,
Comic_Neue_700,ok,52.0,2704.0,233.0,
Comic_Neue_700italic,ok,52.0,2704.0,233.0,
Crete_Round_regular,ok,52.0,2704.0,210.0,
Crete_Round_italic,ok,52.0,2704.0,210.0,
Passion_One_regular,ok,52.0,2704.0,246.0,
Passion_One_700,ok,52.0,2704.0,244.0,
Passion_One_900,ok,52.0,2704.0,247.0,
Noto_Nastaliq_Urdu_regular,ok,52.0,2704.0,207.0,
Noto_Nastaliq_Urdu_500,ok,52.0,2704.0,207.0,
Noto_Nastaliq_Urdu_600,ok,52.0,2704.0,208.0,
Noto_Nastaliq_Urdu_700,ok,52.0,2704.0,207.0,
Bangers_regular,ok,52.0,2704.0,208.0,
Special_Elite_regular,ok,52.0,2704.0,220.0,
Lexend_Giga_100,ok,52.0,2704.0,213.0,
Lexend_Giga_200,ok,52.0,2704.0,216.0,
Lexend_Giga_300,ok,52.0,2704.0,213.0,
Lexend_Giga_regular,ok,52.0,2704.0,205.0,
Lexend_Giga_500,ok,52.0,2704.0,203.0,
Lexend_Giga_600,ok,52.0,2704.0,200.0,
Lexend_Giga_700,ok,52.0,2704.0,198.0,
Lexend_Giga_800,ok,52.0,2704.0,194.0,
Lexend_Giga_900,ok,52.0,2704.0,192.0,
Noticia_Text_regular,ok,52.0,2704.0,210.0,
Noticia_Text_italic,ok,52.0,2704.0,210.0,
Noticia_Text_700,ok,52.0,2704.0,208.0,
Noticia_Text_700italic,ok,52.0,2704.0,208.0,
Kaushan_Script_regular,ok,52.0,2704.0,190.0,
Noto_Naskh_Arabic_regular,ok,52.0,2704.0,207.0,
Noto_Naskh_Arabic_500,ok,52.0,2704.0,207.0,
Noto_Naskh_Arabic_600,ok,52.0,2704.0,208.0,
Noto_Naskh_Arabic_700,ok,52.0,2704.0,207.0,
Patua_One_regular,ok,52.0,2704.0,219.0,
Sawarabi_Gothic_regular,ok,52.0,2704.0,212.0,
Hind_Madurai_300,ok,52.0,2704.0,224.0,
Hind_Madurai_regular,ok,52.0,2704.0,222.0,
Hind_Madurai_500,ok,52.0,2704.0,221.0,
Hind_Madurai_600,ok,52.0,2704.0,218.0,
Hind_Madurai_700,ok,52.0,2704.0,216.0,
League_Gothic_regular,ok,52.0,2704.0,215.0,
Cantarell_regular,ok,52.0,2704.0,216.0,
Cantarell_italic,ok,52.0,2704.0,216.0,
Cantarell_700,ok,52.0,2704.0,216.0,
Cantarell_700italic,ok,52.0,2704.0,216.0,
Libre_Caslon_Text_regular,ok,52.0,2704.0,191.0,
Libre_Caslon_Text_italic,ok,52.0,2704.0,193.0,
Libre_Caslon_Text_700,ok,52.0,2704.0,191.0,
Changa_200,ok,52.0,2704.0,230.0,
Changa_300,ok,52.0,2704.0,228.0,
Changa_regular,ok,52.0,2704.0,225.0,
Changa_500,ok,52.0,2704.0,222.0,
Changa_600,ok,52.0,2704.0,218.0,
Changa_700,ok,52.0,2704.0,215.0,
Changa_800,ok,52.0,2704.0,212.0,
Golos_Text_regular,ok,52.0,2704.0,222.0,
Golos_Text_500,ok,52.0,2704.0,219.0,
Golos_Text_600,ok,52.0,2704.0,216.0,
Golos_Text_700,ok,52.0,2704.0,216.0,
Golos_Text_800,ok,52.0,2704.0,216.0,
Golos_Text_900,ok,52.0,2704.0,216.0,
Nanum_Gothic_Coding_regular,ok,52.0,2704.0,226.0,
Nanum_Gothic_Coding_700,ok,52.0,2704.0,223.0,
Noto_Sans_Bengali_100,ok,52.0,2704.0,209.0,
Noto_Sans_Bengali_200,ok,52.0,2704.0,209.0,
Noto_Sans_Bengali_300,ok,52.0,2704.0,209.0,
Noto_Sans_Bengali_regular,ok,52.0,2704.0,209.0,
Noto_Sans_Bengali_500,ok,52.0,2704.0,209.0,
Noto_Sans_Bengali_600,ok,52.0,2704.0,209.0,
Noto_Sans_Bengali_700,ok,52.0,2704.0,209.0,
Noto_Sans_Bengali_800,ok,52.0,2704.0,207.0,
Noto_Sans_Bengali_900,ok,52.0,2704.0,206.0,
Chelsea_Market_regular,ok,52.0,2704.0,205.0,
Quattrocento_regular,ok,52.0,2704.0,213.0,
Quattrocento_700,ok,52.0,2704.0,215.0,
STIX_Two_Text_regular,ok,52.0,2704.0,224.0,
STIX_Two_Text_500,ok,52.0,2704.0,224.0,
STIX_Two_Text_600,ok,52.0,2704.0,223.0,
STIX_Two_Text_700,ok,52.0,2704.0,223.0,
STIX_Two_Text_italic,ok,52.0,2704.0,225.0,
STIX_Two_Text_500italic,ok,52.0,2704.0,225.0,
STIX_Two_Text_600italic,ok,52.0,2704.0,224.0,
STIX_Two_Text_700italic,ok,52.0,2704.0,224.0,
Paytone_One_regular,ok,52.0,2704.0,210.0,
Old_Standard_TT_regular,ok,52.0,2704.0,219.0,
Old_Standard_TT_italic,ok,52.0,2704.0,219.0,
Old_Standard_TT_700,ok,52.0,2704.0,219.0,
Sacramento_regular,ok,52.0,2704.0,181.0,
Creepster_regular,ok,52.0,2704.0,209.0,
Signika_Negative_300,ok,52.0,2704.0,216.0,
Signika_Negative_regular,ok,52.0,2704.0,216.0,
Signika_Negative_500,ok,52.0,2704.0,216.0,
Signika_Negative_600,ok,52.0,2704.0,216.0,
Signika_Negative_700,ok,52.0,2704.0,216.0,
Sen_regular,ok,52.0,2704.0,221.0,
Sen_500,ok,52.0,2704.0,218.0,
Sen_600,ok,52.0,2704.0,215.0,
Sen_700,ok,52.0,2704.0,213.0,
Sen_800,ok,52.0,2704.0,205.0,
PT_Sans_Caption_regular,ok,52.0,2704.0,224.0,
PT_Sans_Caption_700,ok,52.0,2704.0,219.0,
Oleo_Script_regular,ok,52.0,2704.0,217.0,
Oleo_Script_700,ok,52.0,2704.0,217.0,
Noto_Sans_Hebrew_100,ok,52.0,2704.0,209.0,
Noto_Sans_Hebrew_200,ok,52.0,2704.0,209.0,
Noto_Sans_Hebrew_300,ok,52.0,2704.0,209.0,
Noto_Sans_Hebrew_regular,ok,52.0,2704.0,209.0,
Noto_Sans_Hebrew_500,ok,52.0,2704.0,209.0,
Noto_Sans_Hebrew_600,ok,52.0,2704.0,209.0,
Noto_Sans_Hebrew_700,ok,52.0,2704.0,209.0,
Noto_Sans_Hebrew_800,ok,52.0,2704.0,208.0,
Noto_Sans_Hebrew_900,ok,52.0,2704.0,206.0,
IBM_Plex_Sans_Condensed_100,ok,52.0,2704.0,216.0,
IBM_Plex_Sans_Condensed_100italic,ok,52.0,2704.0,216.0,
IBM_Plex_Sans_Condensed_200,ok,52.0,2704.0,216.0,
IBM_Plex_Sans_Condensed_200italic,ok,52.0,2704.0,216.0,
IBM_Plex_Sans_Condensed_300,ok,52.0,2704.0,216.0,
IBM_Plex_Sans_Condensed_300italic,ok,52.0,2704.0,216.0,
IBM_Plex_Sans_Condensed_regular,ok,52.0,2704.0,216.0,
IBM_Plex_Sans_Condensed_italic,ok,52.0,2704.0,216.0,
IBM_Plex_Sans_Condensed_500,ok,52.0,2704.0,216.0,
IBM_Plex_Sans_Condensed_500italic,ok,52.0,2704.0,216.0,
IBM_Plex_Sans_Condensed_600,ok,52.0,2704.0,215.0,
IBM_Plex_Sans_Condensed_600italic,ok,52.0,2704.0,215.0,
IBM_Plex_Sans_Condensed_700,ok,52.0,2704.0,214.0,
IBM_Plex_Sans_Condensed_700italic,ok,52.0,2704.0,215.0,
Yantramanav_100,ok,52.0,2704.0,230.0,
Yantramanav_300,ok,52.0,2704.0,230.0,
Yantramanav_regular,ok,52.0,2704.0,230.0,
Yantramanav_500,ok,52.0,2704.0,230.0,
Yantramanav_700,ok,52.0,2704.0,230.0,
Yantramanav_900,ok,52.0,2704.0,230.0,
Lusitana_regular,ok,52.0,2704.0,210.0,
Lusitana_700,ok,52.0,2704.0,208.0,
Gruppo_regular,ok,52.0,2704.0,288.0,
Francois_One_regular,ok,52.0,2704.0,202.0,
Cookie_regular,ok,52.0,2704.0,224.0,
Philosopher_regular,ok,52.0,2704.0,235.0,
Philosopher_italic,ok,52.0,2704.0,235.0,
Philosopher_700,ok,52.0,2704.0,235.0,
Philosopher_700italic,ok,52.0,2704.0,235.0,
Fugaz_One_regular,ok,52.0,2704.0,208.0,
Zen_Old_Mincho_regular,ok,52.0,2704.0,218.0,
Zen_Old_Mincho_500,ok,52.0,2704.0,217.0,
Zen_Old_Mincho_600,ok,52.0,2704.0,215.0,
Zen_Old_Mincho_700,ok,52.0,2704.0,216.0,
Zen_Old_Mincho_900,ok,52.0,2704.0,217.0,
Bai_Jamjuree_200,ok,52.0,2704.0,225.0,
Bai_Jamjuree_200italic,ok,52.0,2704.0,225.0,
Bai_Jamjuree_300,ok,52.0,2704.0,225.0,
Bai_Jamjuree_300italic,ok,52.0,2704.0,225.0,
Bai_Jamjuree_regular,ok,52.0,2704.0,225.0,
Bai_Jamjuree_italic,ok,52.0,2704.0,225.0,
Bai_Jamjuree_500,ok,52.0,2704.0,225.0,
Bai_Jamjuree_500italic,ok,52.0,2704.0,225.0,
Bai_Jamjuree_600,ok,52.0,2704.0,225.0,
Bai_Jamjuree_600italic,ok,52.0,2704.0,225.0,
Bai_Jamjuree_700,ok,52.0,2704.0,225.0,
Bai_Jamjuree_700italic,ok,52.0,2704.0,225.0,
BIZ_UDPGothic_regular,ok,52.0,2704.0,193.0,
BIZ_UDPGothic_700,ok,52.0,2704.0,193.0,
Actor_regular,ok,52.0,2704.0,211.0,
Sofia_Sans_Condensed_100,ok,52.0,2704.0,231.0,
Sofia_Sans_Condensed_200,ok,52.0,2704.0,231.0,
Sofia_Sans_Condensed_300,ok,52.0,2704.0,231.0,
Sofia_Sans_Condensed_regular,ok,52.0,2704.0,231.0,
Sofia_Sans_Condensed_500,ok,52.0,2704.0,231.0,
Sofia_Sans_Condensed_600,ok,52.0,2704.0,231.0,
Sofia_Sans_Condensed_700,ok,52.0,2704.0,228.0,
Sofia_Sans_Condensed_800,ok,52.0,2704.0,225.0,
Sofia_Sans_Condensed_900,ok,52.0,2704.0,221.0,
Sofia_Sans_Condensed_100italic,ok,52.0,2704.0,231.0,
Sofia_Sans_Condensed_200italic,ok,52.0,2704.0,231.0,
Sofia_Sans_Condensed_300italic,ok,52.0,2704.0,231.0,
Sofia_Sans_Condensed_italic,ok,52.0,2704.0,231.0,
Sofia_Sans_Condensed_500italic,ok,52.0,2704.0,231.0,
Sofia_Sans_Condensed_600italic,ok,52.0,2704.0,231.0,
Sofia_Sans_Condensed_700italic,ok,52.0,2704.0,229.0,
Sofia_Sans_Condensed_800italic,ok,52.0,2704.0,227.0,
Sofia_Sans_Condensed_900italic,ok,52.0,2704.0,223.0,
Patrick_Hand_regular,ok,52.0,2704.0,223.0,
Commissioner_100,ok,52.0,2704.0,215.0,
Commissioner_200,ok,52.0,2704.0,214.0,
Commissioner_300,ok,52.0,2704.0,214.0,
Commissioner_regular,ok,52.0,2704.0,214.0,
Commissioner_500,ok,52.0,2704.0,214.0,
Commissioner_600,ok,52.0,2704.0,214.0,
Commissioner_700,ok,52.0,2704.0,214.0,
Commissioner_800,ok,52.0,2704.0,213.0,
Commissioner_900,ok,52.0,2704.0,212.0,
Bevan_regular,ok,52.0,2704.0,196.0,
Bevan_italic,ok,52.0,2704.0,192.0,
Oxanium_200,ok,52.0,2704.0,216.0,
Oxanium_300,ok,52.0,2704.0,216.0,
Oxanium_regular,ok,52.0,2704.0,216.0,
Oxanium_500,ok,52.0,2704.0,216.0,
Oxanium_600,ok,52.0,2704.0,216.0,
Oxanium_700,ok,52.0,2704.0,213.0,
Oxanium_800,ok,52.0,2704.0,208.0,
Antonio_100,ok,52.0,2704.0,183.0,
Antonio_200,ok,52.0,2704.0,182.0,
Antonio_300,ok,52.0,2704.0,181.0,
Antonio_regular,ok,52.0,2704.0,179.0,
Antonio_500,ok,52.0,2704.0,178.0,
Antonio_600,ok,52.0,2704.0,177.0,
Antonio_700,ok,52.0,2704.0,175.0,
Gelasio_regular,ok,52.0,2704.0,208.0,
Gelasio_500,ok,52.0,2704.0,208.0,
Gelasio_600,ok,52.0,2704.0,209.0,
Gelasio_700,ok,52.0,2704.0,209.0,
Gelasio_italic,ok,52.0,2704.0,208.0,
Gelasio_500italic,ok,52.0,2704.0,208.0,
Gelasio_600italic,ok,52.0,2704.0,208.0,
Gelasio_700italic,ok,52.0,2704.0,208.0,
Playfair_Display_SC_regular,ok,52.0,2704.0,221.0,
Playfair_Display_SC_italic,ok,52.0,2704.0,196.0,
Playfair_Display_SC_700,ok,52.0,2704.0,221.0,
Playfair_Display_SC_700italic,ok,52.0,2704.0,187.0,
Playfair_Display_SC_900,ok,52.0,2704.0,221.0,
Playfair_Display_SC_900italic,ok,52.0,2704.0,180.0,
Kosugi_Maru_regular,ok,52.0,2704.0,209.0,
Alexandria_100,ok,52.0,2704.0,212.0,
Alexandria_200,ok,52.0,2704.0,212.0,
Alexandria_300,ok,52.0,2704.0,213.0,
Alexandria_regular,ok,52.0,2704.0,213.0,
Alexandria_500,ok,52.0,2704.0,210.0,
Alexandria_600,ok,52.0,2704.0,206.0,
Alexandria_700,ok,52.0,2704.0,203.0,
Alexandria_800,ok,52.0,2704.0,199.0,
Alexandria_900,ok,52.0,2704.0,195.0,
Ubuntu_Condensed_regular,ok,52.0,2704.0,206.0,
Didact_Gothic_regular,ok,52.0,2704.0,215.0,
Rokkitt_100,ok,52.0,2704.0,269.0,
Rokkitt_200,ok,52.0,2704.0,269.0,
Rokkitt_300,ok,52.0,2704.0,269.0,
Rokkitt_regular,ok,52.0,2704.0,269.0,
Rokkitt_500,ok,52.0,2704.0,269.0,
Rokkitt_600,ok,52.0,2704.0,269.0,
Rokkitt_700,ok,52.0,2704.0,265.0,
Rokkitt_800,ok,52.0,2704.0,259.0,
Rokkitt_900,ok,52.0,2704.0,254.0,
Rokkitt_100italic,ok,52.0,2704.0,269.0,
Rokkitt_200italic,ok,52.0,2704.0,269.0,
Rokkitt_300italic,ok,52.0,2704.0,269.0,
Rokkitt_italic,ok,52.0,2704.0,269.0,
Rokkitt_500italic,ok,52.0,2704.0,269.0,
Rokkitt_600italic,ok,52.0,2704.0,268.0,
Rokkitt_700italic,ok,52.0,2704.0,265.0,
Rokkitt_800italic,ok,52.0,2704.0,259.0,
Rokkitt_900italic,ok,52.0,2704.0,254.0,
Rock_Salt_regular,ok,52.0,2704.0,138.0,
Amaranth_regular,ok,52.0,2704.0,221.0,
Amaranth_italic,ok,52.0,2704.0,221.0,
Amaranth_700,ok,52.0,2704.0,216.0,
Amaranth_700italic,ok,52.0,2704.0,221.0,
Libre_Bodoni_regular,ok,52.0,2704.0,208.0,
Libre_Bodoni_500,ok,52.0,2704.0,208.0,
Libre_Bodoni_600,ok,52.0,2704.0,208.0,
Libre_Bodoni_700,ok,52.0,2704.0,208.0,
Libre_Bodoni_italic,ok,52.0,2704.0,208.0,
Libre_Bodoni_500italic,ok,52.0,2704.0,208.0,
Libre_Bodoni_600italic,ok,52.0,2704.0,208.0,
Libre_Bodoni_700italic,ok,52.0,2704.0,208.0,
Homemade_Apple_regular,ok,52.0,2704.0,113.0,
Pathway_Gothic_One_regular,ok,52.0,2704.0,211.0,
Gabarito_regular,ok,52.0,2704.0,227.0,
Gabarito_500,ok,52.0,2704.0,224.0,
Gabarito_600,ok,52.0,2704.0,221.0,
Gabarito_700,ok,52.0,2704.0,219.0,
Gabarito_800,ok,52.0,2704.0,216.0,
Gabarito_900,ok,52.0,2704.0,213.0,
Forum_regular,ok,52.0,2704.0,204.0,
Gilda_Display_regular,ok,52.0,2704.0,214.0,
Josefin_Slab_100,ok,52.0,2704.0,213.0,
Josefin_Slab_200,ok,52.0,2704.0,213.0,
Josefin_Slab_300,ok,52.0,2704.0,213.0,
Josefin_Slab_regular,ok,52.0,2704.0,213.0,
Josefin_Slab_500,ok,52.0,2704.0,213.0,
Josefin_Slab_600,ok,52.0,2704.0,213.0,
Josefin_Slab_700,ok,52.0,2704.0,213.0,
Josefin_Slab_100italic,ok,52.0,2704.0,213.0,
Josefin_Slab_200italic,ok,52.0,2704.0,213.0,
Josefin_Slab_300italic,ok,52.0,2704.0,213.0,
Josefin_Slab_italic,ok,52.0,2704.0,213.0,
Josefin_Slab_500italic,ok,52.0,2704.0,213.0,
Josefin_Slab_600italic,ok,52.0,2704.0,213.0,
Josefin_Slab_700italic,ok,52.0,2704.0,213.0,
Radio_Canada_300,ok,52.0,2704.0,218.0,
Radio_Canada_regular,ok,52.0,2704.0,217.0,
Radio_Canada_500,ok,52.0,2704.0,215.0,
Radio_Canada_600,ok,52.0,2704.0,212.0,
Radio_Canada_700,ok,52.0,2704.0,209.0,
Radio_Canada_300italic,ok,52.0,2704.0,218.0,
Radio_Canada_italic,ok,52.0,2704.0,218.0,
Radio_Canada_500italic,ok,52.0,2704.0,215.0,
Radio_Canada_600italic,ok,52.0,2704.0,211.0,
Radio_Canada_700italic,ok,52.0,2704.0,208.0,
Quattrocento_Sans_regular,ok,52.0,2704.0,213.0,
Quattrocento_Sans_italic,ok,52.0,2704.0,213.0,
Quattrocento_Sans_700,ok,52.0,2704.0,215.0,
Quattrocento_Sans_700italic,ok,52.0,2704.0,215.0,
Tangerine_regular,ok,52.0,2704.0,205.0,
Tangerine_700,ok,52.0,2704.0,195.0,
Rammetto_One_regular,ok,52.0,2704.0,179.0,
Kameron_regular,ok,52.0,2704.0,249.0,
Kameron_500,failed,,,,FT_Exception:  (raster overflow)
Kameron_600,failed,,,,FT_Exception:  (raster overflow)
Kameron_700,failed,,,,FT_Exception:  (raster overflow)
Jura_300,ok,52.0,2704.0,231.0,
Jura_regular,ok,52.0,2704.0,230.0,
Jura_500,ok,52.0,2704.0,229.0,
Jura_600,ok,52.0,2704.0,228.0,
Jura_700,ok,52.0,2704.0,224.0,
Berkshire_Swash_regular,ok,52.0,2704.0,176.0,
Unica_One_regular,ok,52.0,2704.0,240.0,
Poiret_One_regular,ok,52.0,2704.0,208.0,
El_Messiri_regular,ok,52.0,2704.0,235.0,
El_Messiri_500,ok,52.0,2704.0,235.0,
El_Messiri_600,ok,52.0,2704.0,235.0,
El_Messiri_700,ok,52.0,2704.0,235.0,
Concert_One_regular,ok,52.0,2704.0,233.0,
Parisienne_regular,ok,52.0,2704.0,174.0,
Architects_Daughter_regular,ok,52.0,2704.0,197.0,
Asap_Condensed_200,ok,52.0,2704.0,211.0,
Asap_Condensed_200italic,ok,52.0,2704.0,211.0,
Asap_Condensed_300,ok,52.0,2704.0,211.0,
Asap_Condensed_300italic,ok,52.0,2704.0,211.0,
Asap_Condensed_regular,ok,52.0,2704.0,211.0,
Asap_Condensed_italic,ok,52.0,2704.0,211.0,
Asap_Condensed_500,ok,52.0,2704.0,211.0,
Asap_Condensed_500italic,ok,52.0,2704.0,211.0,
Asap_Condensed_600,ok,52.0,2704.0,210.0,
Asap_Condensed_600italic,ok,52.0,2704.0,210.0,
Asap_Condensed_700,ok,52.0,2704.0,210.0,
Asap_Condensed_700italic,ok,52.0,2704.0,210.0,
Asap_Condensed_800,ok,52.0,2704.0,210.0,
Asap_Condensed_800italic,ok,52.0,2704.0,210.0,
Asap_Condensed_900,ok,52.0,2704.0,210.0,
Asap_Condensed_900italic,ok,52.0,2704.0,210.0,
Alex_Brush_regular,ok,52.0,2704.0,163.0,
Noto_Serif_Bengali_100,ok,52.0,2704.0,207.0,
Noto_Serif_Bengali_200,ok,52.0,2704.0,207.0,
Noto_Serif_Bengali_300,ok,52.0,2704.0,207.0,
Noto_Serif_Bengali_regular,ok,52.0,2704.0,207.0,
Noto_Serif_Bengali_500,ok,52.0,2704.0,207.0,
Noto_Serif_Bengali_600,ok,52.0,2704.0,208.0,
Noto_Serif_Bengali_700,ok,52.0,2704.0,207.0,
Noto_Serif_Bengali_800,ok,52.0,2704.0,206.0,
Noto_Serif_Bengali_900,ok,52.0,2704.0,205.0,
Neuton_200,ok,52.0,2704.0,249.0,
Neuton_300,ok,52.0,2704.0,251.0,
Neuton_regular,ok,52.0,2704.0,245.0,
Neuton_italic,ok,52.0,2704.0,248.0,
Neuton_700,ok,52.0,2704.0,251.0,
Neuton_800,ok,52.0,2704.0,249.0,
M_PLUS_1_100,ok,52.0,2704.0,207.0,
M_PLUS_1_200,ok,52.0,2704.0,207.0,
M_PLUS_1_300,ok,52.0,2704.0,207.0,
M_PLUS_1_regular,ok,52.0,2704.0,207.0,
M_PLUS_1_500,ok,52.0,2704.0,207.0,
M_PLUS_1_600,ok,52.0,2704.0,207.0,
M_PLUS_1_700,ok,52.0,2704.0,207.0,
M_PLUS_1_800,ok,52.0,2704.0,207.0,
M_PLUS_1_900,ok,52.0,2704.0,207.0,
Italianno_regular,ok,52.0,2704.0,204.0,
Playball_regular,ok,52.0,2704.0,215.0,
Merienda_300,ok,52.0,2704.0,167.0,
Merienda_regular,ok,52.0,2704.0,167.0,
Merienda_500,ok,52.0,2704.0,167.0,
Merienda_600,ok,52.0,2704.0,167.0,
Merienda_700,ok,52.0,2704.0,167.0,
Merienda_800,ok,52.0,2704.0,167.0,
Merienda_900,ok,52.0,2704.0,167.0,
Staatliches_regular,ok,52.0,2704.0,226.0,
Lustria_regular,ok,52.0,2704.0,200.0,
Krub_200,ok,52.0,2704.0,202.0,
Krub_200italic,ok,52.0,2704.0,202.0,
Krub_300,ok,52.0,2704.0,202.0,
Krub_300italic,ok,52.0,2704.0,202.0,
Krub_regular,ok,52.0,2704.0,202.0,
Krub_italic,ok,52.0,2704.0,202.0,
Krub_500,ok,52.0,2704.0,202.0,
Krub_500italic,ok,52.0,2704.0,202.0,
Krub_600,ok,52.0,2704.0,200.0,
Krub_600italic,ok,52.0,2704.0,200.0,
Krub_700,ok,52.0,2704.0,195.0,
Krub_700italic,ok,52.0,2704.0,195.0,
Chango_regular,ok,52.0,2704.0,191.0,
Abhaya_Libre_regular,ok,52.0,2704.0,250.0,
Abhaya_Libre_500,ok,52.0,2704.0,250.0,
Abhaya_Libre_600,ok,52.0,2704.0,250.0,
Abhaya_Libre_700,ok,52.0,2704.0,250.0,
Abhaya_Libre_800,ok,52.0,2704.0,250.0,
Eater_regular,ok,52.0,2704.0,162.0,
Gloria_Hallelujah_regular,ok,52.0,2704.0,144.0,
Ubuntu_Sans_100,ok,52.0,2704.0,206.0,
Ubuntu_Sans_200,ok,52.0,2704.0,206.0,
Ubuntu_Sans_300,ok,52.0,2704.0,206.0,
Ubuntu_Sans_regular,ok,52.0,2704.0,206.0,
Ubuntu_Sans_500,ok,52.0,2704.0,206.0,
Ubuntu_Sans_600,ok,52.0,2704.0,206.0,
Ubuntu_Sans_700,ok,52.0,2704.0,205.0,
Ubuntu_Sans_800,ok,52.0,2704.0,203.0,
Ubuntu_Sans_100italic,ok,52.0,2704.0,206.0,
Ubuntu_Sans_200italic,ok,52.0,2704.0,206.0,
Ubuntu_Sans_300italic,ok,52.0,2704.0,206.0,
Ubuntu_Sans_italic,ok,52.0,2704.0,206.0,
Ubuntu_Sans_500italic,ok,52.0,2704.0,206.0,
Ubuntu_Sans_600italic,ok,52.0,2704.0,206.0,
Ubuntu_Sans_700italic,ok,52.0,2704.0,206.0,
Ubuntu_Sans_800italic,ok,52.0,2704.0,203.0,
Delius_regular,ok,52.0,2704.0,209.0,
Cinzel_Decorative_regular,ok,52.0,2704.0,169.0,
Cinzel_Decorative_700,ok,52.0,2704.0,164.0,
Cinzel_Decorative_900,ok,52.0,2704.0,162.0,
Audiowide_regular,ok,52.0,2704.0,211.0,
Faustina_300,ok,52.0,2704.0,228.0,
Faustina_regular,ok,52.0,2704.0,228.0,
Faustina_500,ok,52.0,2704.0,226.0,
Faustina_600,ok,52.0,2704.0,223.0,
Faustina_700,ok,52.0,2704.0,220.0,
Faustina_800,ok,52.0,2704.0,216.0,
Faustina_300italic,ok,52.0,2704.0,225.0,
Faustina_italic,ok,52.0,2704.0,225.0,
Faustina_500italic,ok,52.0,2704.0,224.0,
Faustina_600italic,ok,52.0,2704.0,222.0,
Faustina_700italic,ok,52.0,2704.0,220.0,
Faustina_800italic,ok,52.0,2704.0,219.0,
Vazirmatn_100,ok,52.0,2704.0,210.0,
Vazirmatn_200,ok,52.0,2704.0,210.0,
Vazirmatn_300,ok,52.0,2704.0,210.0,
Vazirmatn_regular,ok,52.0,2704.0,210.0,
Vazirmatn_500,ok,52.0,2704.0,210.0,
Vazirmatn_600,ok,52.0,2704.0,210.0,
Vazirmatn_700,ok,52.0,2704.0,210.0,
Vazirmatn_800,ok,52.0,2704.0,210.0,
Vazirmatn_900,ok,52.0,2704.0,210.0,
Black_Han_Sans_regular,ok,52.0,2704.0,198.0,
Pinyon_Script_regular,ok,52.0,2704.0,174.0,
Quantico_regular,ok,52.0,2704.0,219.0,
Quantico_italic,ok,52.0,2704.0,218.0,
Quantico_700,ok,52.0,2704.0,218.0,
Quantico_700italic,ok,52.0,2704.0,218.0,
Biryani_200,ok,52.0,2704.0,186.0,
Biryani_300,ok,52.0,2704.0,186.0,
Biryani_regular,ok,52.0,2704.0,186.0,
Biryani_600,ok,52.0,2704.0,186.0,
Biryani_700,ok,52.0,2704.0,186.0,
Biryani_800,ok,52.0,2704.0,186.0,
Biryani_900,ok,52.0,2704.0,186.0,
Hind_Guntur_300,ok,52.0,2704.0,224.0,
Hind_Guntur_regular,ok,52.0,2704.0,222.0,
Hind_Guntur_500,ok,52.0,2704.0,221.0,
Hind_Guntur_600,ok,52.0,2704.0,218.0,
Hind_Guntur_700,ok,52.0,2704.0,216.0,
Noto_Sans_HK_100,ok,52.0,2704.0,198.0,
Noto_Sans_HK_200,ok,52.0,2704.0,198.0,
Noto_Sans_HK_300,ok,52.0,2704.0,198.0,
Noto_Sans_HK_regular,ok,52.0,2704.0,197.0,
Noto_Sans_HK_500,ok,52.0,2704.0,197.0,
Noto_Sans_HK_600,ok,52.0,2704.0,197.0,
Noto_Sans_HK_700,ok,52.0,2704.0,197.0,
Noto_Sans_HK_800,ok,52.0,2704.0,194.0,
Noto_Sans_HK_900,ok,52.0,2704.0,192.0,
Goldman_regular,ok,52.0,2704.0,234.0,
Goldman_700,ok,52.0,2704.0,222.0,
Mitr_200,ok,52.0,2704.0,230.0,
Mitr_300,ok,52.0,2704.0,230.0,
Mitr_regular,ok,52.0,2704.0,230.0,
Mitr_500,ok,52.0,2704.0,230.0,
Mitr_600,ok,52.0,2704.0,230.0,
Mitr_700,ok,52.0,2704.0,230.0,
Fira_Sans_Extra_Condensed_100,ok,52.0,2704.0,217.0,
Fira_Sans_Extra_Condensed_100italic,ok,52.0,2704.0,217.0,
Fira_Sans_Extra_Condensed_200,ok,52.0,2704.0,215.0,
Fira_Sans_Extra_Condensed_200italic,ok,52.0,2704.0,215.0,
Fira_Sans_Extra_Condensed_300,ok,52.0,2704.0,212.0,
Fira_Sans_Extra_Condensed_300italic,ok,52.0,2704.0,213.0,
Fira_Sans_Extra_Condensed_regular,ok,52.0,2704.0,205.0,
Fira_Sans_Extra_Condensed_italic,ok,52.0,2704.0,205.0,
Fira_Sans_Extra_Condensed_500,ok,52.0,2704.0,201.0,
Fira_Sans_Extra_Condensed_500italic,ok,52.0,2704.0,201.0,
Fira_Sans_Extra_Condensed_600,ok,52.0,2704.0,200.0,
Fira_Sans_Extra_Condensed_600italic,ok,52.0,2704.0,200.0,
Fira_Sans_Extra_Condensed_700,ok,52.0,2704.0,199.0,
Fira_Sans_Extra_Condensed_700italic,ok,52.0,2704.0,199.0,
Fira_Sans_Extra_Condensed_800,ok,52.0,2704.0,196.0,
Fira_Sans_Extra_Condensed_800italic,ok,52.0,2704.0,196.0,
Fira_Sans_Extra_Condensed_900,ok,52.0,2704.0,193.0,
Fira_Sans_Extra_Condensed_900italic,ok,52.0,2704.0,193.0,
Noto_Sans_Malayalam_100,ok,52.0,2704.0,209.0,
Noto_Sans_Malayalam_200,ok,52.0,2704.0,209.0,
Noto_Sans_Malayalam_300,ok,52.0,2704.0,209.0,
Noto_Sans_Malayalam_regular,ok,52.0,2704.0,209.0,
Noto_Sans_Malayalam_500,ok,52.0,2704.0,209.0,
Noto_Sans_Malayalam_600,ok,52.0,2704.0,209.0,
Noto_Sans_Malayalam_700,ok,52.0,2704.0,209.0,
Noto_Sans_Malayalam_800,ok,52.0,2704.0,208.0,
Noto_Sans_Malayalam_900,ok,52.0,2704.0,206.0,
Reenie_Beanie_regular,ok,52.0,2704.0,209.0,
Bowlby_One_SC_regular,ok,52.0,2704.0,211.0,
Yeseva_One_regular,ok,52.0,2704.0,223.0,
Dela_Gothic_One_regular,ok,52.0,2704.0,193.0,
Andada_Pro_regular,ok,52.0,2704.0,207.0,
Andada_Pro_500,ok,52.0,2704.0,207.0,
Andada_Pro_600,ok,52.0,2704.0,207.0,
Andada_Pro_700,ok,52.0,2704.0,207.0,
Andada_Pro_800,ok,52.0,2704.0,207.0,
Andada_Pro_italic,ok,52.0,2704.0,199.0,
Andada_Pro_500italic,ok,52.0,2704.0,201.0,
Andada_Pro_600italic,ok,52.0,2704.0,202.0,
Andada_Pro_700italic,ok,52.0,2704.0,204.0,
Andada_Pro_800italic,ok,52.0,2704.0,206.0,
Arsenal_regular,ok,52.0,2704.0,210.0,
Arsenal_italic,ok,52.0,2704.0,210.0,
Arsenal_700,ok,52.0,2704.0,210.0,
Arsenal_700italic,ok,52.0,2704.0,210.0,
Nanum_Pen_Script_regular,ok,52.0,2704.0,233.0,
Cormorant_Infant_300,ok,52.0,2704.0,220.0,
Cormorant_Infant_regular,ok,52.0,2704.0,220.0,
Cormorant_Infant_500,ok,52.0,2704.0,220.0,
Cormorant_Infant_600,ok,52.0,2704.0,220.0,
Cormorant_Infant_700,ok,52.0,2704.0,220.0,
Cormorant_Infant_300italic,ok,52.0,2704.0,220.0,
Cormorant_Infant_italic,ok,52.0,2704.0,220.0,
Cormorant_Infant_500italic,ok,52.0,2704.0,220.0,
Cormorant_Infant_600italic,ok,52.0,2704.0,220.0,
Cormorant_Infant_700italic,ok,52.0,2704.0,220.0,
Racing_Sans_One_regular,ok,52.0,2704.0,232.0,
Istok_Web_regular,ok,52.0,2704.0,219.0,
Istok_Web_italic,ok,52.0,2704.0,219.0,
Istok_Web_700,ok,52.0,2704.0,219.0,
Istok_Web_700italic,ok,52.0,2704.0,219.0,
Sofia_Sans_Extra_Condensed_100,ok,52.0,2704.0,232.0,
Sofia_Sans_Extra_Condensed_200,ok,52.0,2704.0,232.0,
Sofia_Sans_Extra_Condensed_300,ok,52.0,2704.0,232.0,
Sofia_Sans_Extra_Condensed_regular,ok,52.0,2704.0,232.0,
Sofia_Sans_Extra_Condensed_500,ok,52.0,2704.0,232.0,
Sofia_Sans_Extra_Condensed_600,ok,52.0,2704.0,232.0,
Sofia_Sans_Extra_Condensed_700,ok,52.0,2704.0,231.0,
Sofia_Sans_Extra_Condensed_800,ok,52.0,2704.0,227.0,
Sofia_Sans_Extra_Condensed_900,ok,52.0,2704.0,223.0,
Sofia_Sans_Extra_Condensed_100italic,ok,52.0,2704.0,232.0,
Sofia_Sans_Extra_Condensed_200italic,ok,52.0,2704.0,232.0,
Sofia_Sans_Extra_Condensed_300italic,ok,52.0,2704.0,232.0,
Sofia_Sans_Extra_Condensed_italic,ok,52.0,2704.0,232.0,
Sofia_Sans_Extra_Condensed_500italic,ok,52.0,2704.0,232.0,
Sofia_Sans_Extra_Condensed_600italic,ok,52.0,2704.0,232.0,
Sofia_Sans_Extra_Condensed_700italic,ok,52.0,2704.0,231.0,
Sofia_Sans_Extra_Condensed_800italic,ok,52.0,2704.0,228.0,
Sofia_Sans_Extra_Condensed_900italic,ok,52.0,2704.0,224.0,
Hind_Vadodara_300,ok,52.0,2704.0,224.0,
Hind_Vadodara_regular,ok,52.0,2704.0,222.0,
Hind_Vadodara_500,ok,52.0,2704.0,221.0,
Hind_Vadodara_600,ok,52.0,2704.0,218.0,
Hind_Vadodara_700,ok,52.0,2704.0,216.0,
Belleza_regular,ok,52.0,2704.0,231.0,
Sorts_Mill_Goudy_regular,ok,52.0,2704.0,210.0,
Sorts_Mill_Goudy_italic,ok,52.0,2704.0,211.0,
Alice_regular,ok,52.0,2704.0,219.0,
Mada_200,ok,52.0,2704.0,217.0,
Mada_300,ok,52.0,2704.0,218.0,
Mada_regular,ok,52.0,2704.0,221.0,
Mada_500,ok,52.0,2704.0,221.0,
Mada_600,ok,52.0,2704.0,222.0,
Mada_700,ok,52.0,2704.0,221.0,
Mada_800,ok,52.0,2704.0,219.0,
Mada_900,ok,52.0,2704.0,217.0,
Petrona_100,ok,52.0,2704.0,217.0,
Petrona_200,ok,52.0,2704.0,217.0,
Petrona_300,ok,52.0,2704.0,217.0,
Petrona_regular,ok,52.0,2704.0,217.0,
Petrona_500,ok,52.0,2704.0,217.0,
Petrona_600,ok,52.0,2704.0,217.0,
Petrona_700,ok,52.0,2704.0,217.0,
Petrona_800,ok,52.0,2704.0,217.0,
Petrona_900,ok,52.0,2704.0,217.0,
Petrona_100italic,ok,52.0,2704.0,217.0,
Petrona_200italic,ok,52.0,2704.0,217.0,
Petrona_300italic,ok,52.0,2704.0,217.0,
Petrona_italic,ok,52.0,2704.0,217.0,
Petrona_500italic,ok,52.0,2704.0,217.0,
Petrona_600italic,ok,52.0,2704.0,217.0,
Petrona_700italic,ok,52.0,2704.0,217.0,
Petrona_800italic,ok,52.0,2704.0,217.0,
Petrona_900italic,ok,52.0,2704.0,217.0,
GFS_Didot_regular,ok,52.0,2704.0,225.0,
Blinker_100,ok,52.0,2704.0,237.0,
Blinker_200,ok,52.0,2704.0,237.0,
Blinker_300,ok,52.0,2704.0,237.0,
Blinker_regular,ok,52.0,2704.0,237.0,
Blinker_600,ok,52.0,2704.0,237.0,
Blinker_700,ok,52.0,2704.0,237.0,
Blinker_800,ok,52.0,2704.0,237.0,
Blinker_900,ok,52.0,2704.0,237.0,
Volkhov_regular,ok,52.0,2704.0,196.0,
Volkhov_italic,ok,52.0,2704.0,198.0,
Volkhov_700,ok,52.0,2704.0,196.0,
Volkhov_700italic,ok,52.0,2704.0,198.0,
Besley_regular,ok,52.0,2704.0,202.0,
Besley_500,ok,52.0,2704.0,202.0,
Besley_600,ok,52.0,2704.0,201.0,
Besley_700,ok,52.0,2704.0,201.0,
Besley_800,ok,52.0,2704.0,200.0,
Besley_900,ok,52.0,2704.0,196.0,
Besley_italic,ok,52.0,2704.0,202.0,
Besley_500italic,ok,52.0,2704.0,202.0,
Besley_600italic,ok,52.0,2704.0,201.0,
Besley_700italic,ok,52.0,2704.0,201.0,
Besley_800italic,ok,52.0,2704.0,197.0,
Besley_900italic,ok,52.0,2704.0,191.0,
Mona_Sans_200,ok,52.0,2704.0,217.0,
Mona_Sans_300,ok,52.0,2704.0,217.0,
Mona_Sans_regular,ok,52.0,2704.0,217.0,
Mona_Sans_500,ok,52.0,2704.0,217.0,
Mona_Sans_600,ok,52.0,2704.0,216.0,
Mona_Sans_700,ok,52.0,2704.0,216.0,
Mona_Sans_800,ok,52.0,2704.0,214.0,
Mona_Sans_900,ok,52.0,2704.0,211.0,
Mona_Sans_200italic,ok,52.0,2704.0,216.0,
Mona_Sans_300italic,ok,52.0,2704.0,216.0,
Mona_Sans_italic,ok,52.0,2704.0,216.0,
Mona_Sans_500italic,ok,52.0,2704.0,216.0,
Mona_Sans_600italic,ok,52.0,2704.0,216.0,
Mona_Sans_700italic,ok,52.0,2704.0,216.0,
Mona_Sans_800italic,ok,52.0,2704.0,214.0,
Mona_Sans_900italic,ok,52.0,2704.0,211.0,
Saira_Extra_Condensed_100,ok,52.0,2704.0,215.0,
Saira_Extra_Condensed_200,ok,52.0,2704.0,215.0,
Saira_Extra_Condensed_300,ok,52.0,2704.0,215.0,
Saira_Extra_Condensed_regular,ok,52.0,2704.0,215.0,
Saira_Extra_Condensed_500,ok,52.0,2704.0,215.0,
Saira_Extra_Condensed_600,ok,52.0,2704.0,215.0,
Saira_Extra_Condensed_700,ok,52.0,2704.0,215.0,
Saira_Extra_Condensed_800,ok,52.0,2704.0,215.0,
Saira_Extra_Condensed_900,ok,52.0,2704.0,215.0,
Mr_Dafoe_regular,ok,52.0,2704.0,189.0,
Dongle_300,ok,52.0,2704.0,320.0,
Dongle_regular,ok,52.0,2704.0,320.0,
Dongle_700,ok,52.0,2704.0,320.0,
Saira_Semi_Condensed_100,ok,52.0,2704.0,215.0,
Saira_Semi_Condensed_200,ok,52.0,2704.0,215.0,
Saira_Semi_Condensed_300,ok,52.0,2704.0,215.0,
Saira_Semi_Condensed_regular,ok,52.0,2704.0,215.0,
Saira_Semi_Condensed_500,ok,52.0,2704.0,215.0,
Saira_Semi_Condensed_600,ok,52.0,2704.0,215.0,
Saira_Semi_Condensed_700,ok,52.0,2704.0,215.0,
Saira_Semi_Condensed_800,ok,52.0,2704.0,215.0,
Saira_Semi_Condensed_900,ok,52.0,2704.0,215.0,
Michroma_regular,ok,52.0,2704.0,165.0,
Afacad_regular,ok,52.0,2704.0,237.0,
Afacad_500,ok,52.0,2704.0,237.0,
Afacad_600,ok,52.0,2704.0,237.0,
Afacad_700,ok,52.0,2704.0,237.0,
Afacad_italic,ok,52.0,2704.0,237.0,
Afacad_500italic,ok,52.0,2704.0,237.0,
Afacad_600italic,ok,52.0,2704.0,237.0,
Afacad_700italic,ok,52.0,2704.0,237.0,
Lalezar_regular,ok,52.0,2704.0,237.0,
Ropa_Sans_regular,ok,52.0,2704.0,230.0,
Ropa_Sans_italic,ok,52.0,2704.0,230.0,
Noto_Serif_Display_100,ok,52.0,2704.0,207.0,
Noto_Serif_Display_200,ok,52.0,2704.0,206.0,
Noto_Serif_Display_300,ok,52.0,2704.0,206.0,
Noto_Serif_Display_regular,ok,52.0,2704.0,207.0,
Noto_Serif_Display_500,ok,52.0,2704.0,207.0,
Noto_Serif_Display_600,ok,52.0,2704.0,208.0,
Noto_Serif_Display_700,ok,52.0,2704.0,208.0,
Noto_Serif_Display_800,ok,52.0,2704.0,206.0,
Noto_Serif_Display_900,ok,52.0,2704.0,205.0,
Noto_Serif_Display_100italic,ok,52.0,2704.0,207.0,
Noto_Serif_Display_200italic,ok,52.0,2704.0,207.0,
Noto_Serif_Display_300italic,ok,52.0,2704.0,207.0,
Noto_Serif_Display_italic,ok,52.0,2704.0,207.0,
Noto_Serif_Display_500italic,ok,52.0,2704.0,207.0,
Noto_Serif_Display_600italic,ok,52.0,2704.0,207.0,
Noto_Serif_Display_700italic,ok,52.0,2704.0,207.0,
Noto_Serif_Display_800italic,ok,52.0,2704.0,207.0,
Noto_Serif_Display_900italic,ok,52.0,2704.0,205.0,
Vidaloka_regular,ok,52.0,2704.0,217.0,
Whisper_regular,ok,52.0,2704.0,200.0,
Noto_Sans_Symbols_100,ok,52.0,2704.0,209.0,
Noto_Sans_Symbols_200,ok,52.0,2704.0,209.0,
Noto_Sans_Symbols_300,ok,52.0,2704.0,209.0,
Noto_Sans_Symbols_regular,ok,52.0,2704.0,209.0,
Noto_Sans_Symbols_500,ok,52.0,2704.0,209.0,
Noto_Sans_Symbols_600,ok,52.0,2704.0,209.0,
Noto_Sans_Symbols_700,ok,52.0,2704.0,209.0,
Noto_Sans_Symbols_800,ok,52.0,2704.0,208.0,
Noto_Sans_Symbols_900,ok,52.0,2704.0,206.0,
Caveat_Brush_regular,ok,52.0,2704.0,231.0,
Economica_regular,ok,52.0,2704.0,218.0,
Economica_italic,ok,52.0,2704.0,218.0,
Economica_700,ok,52.0,2704.0,218.0,
Economica_700italic,ok,52.0,2704.0,218.0,
Nothing_You_Could_Do_regular,ok,52.0,2704.0,201.0,
Reddit_Sans_200,ok,52.0,2704.0,210.0,
Reddit_Sans_300,ok,52.0,2704.0,210.0,
Reddit_Sans_regular,ok,52.0,2704.0,210.0,
Reddit_Sans_500,ok,52.0,2704.0,210.0,
Reddit_Sans_600,ok,52.0,2704.0,209.0,
Reddit_Sans_700,ok,52.0,2704.0,209.0,
Reddit_Sans_800,ok,52.0,2704.0,206.0,
Reddit_Sans_900,ok,52.0,2704.0,203.0,
Reddit_Sans_200italic,ok,52.0,2704.0,210.0,
Reddit_Sans_300italic,ok,52.0,2704.0,210.0,
Reddit_Sans_italic,ok,52.0,2704.0,210.0,
Reddit_Sans_500italic,ok,52.0,2704.0,209.0,
Reddit_Sans_600italic,ok,52.0,2704.0,208.0,
Reddit_Sans_700italic,ok,52.0,2704.0,207.0,
Reddit_Sans_800italic,ok,52.0,2704.0,206.0,
Reddit_Sans_900italic,ok,52.0,2704.0,203.0,
Mandali_regular,ok,52.0,2704.0,226.0,
Anek_Bangla_100,ok,52.0,2704.0,237.0,
Anek_Bangla_200,ok,52.0,2704.0,236.0,
Anek_Bangla_300,ok,52.0,2704.0,236.0,
Anek_Bangla_regular,ok,52.0,2704.0,236.0,
Anek_Bangla_500,ok,52.0,2704.0,236.0,
Anek_Bangla_600,ok,52.0,2704.0,234.0,
Anek_Bangla_700,ok,52.0,2704.0,232.0,
Anek_Bangla_800,ok,52.0,2704.0,230.0,
Varela_regular,ok,52.0,2704.0,216.0,
Special_Gothic_Condensed_One_regular,ok,52.0,2704.0,221.0,
Cuprum_regular,ok,52.0,2704.0,225.0,
Cuprum_500,ok,52.0,2704.0,225.0,
Cuprum_600,ok,52.0,2704.0,225.0,
Cuprum_700,ok,52.0,2704.0,225.0,
Cuprum_italic,ok,52.0,2704.0,225.0,
Cuprum_500italic,ok,52.0,2704.0,225.0,
Cuprum_600italic,ok,52.0,2704.0,225.0,
Cuprum_700italic,ok,52.0,2704.0,225.0,
Taviraj_100,ok,52.0,2704.0,221.0,
Taviraj_100italic,ok,52.0,2704.0,221.0,
Taviraj_200,ok,52.0,2704.0,221.0,
Taviraj_200italic,ok,52.0,2704.0,221.0,
Taviraj_300,ok,52.0,2704.0,221.0,
Taviraj_300italic,ok,52.0,2704.0,221.0,
Taviraj_regular,ok,52.0,2704.0,221.0,
Taviraj_italic,ok,52.0,2704.0,221.0,
Taviraj_500,ok,52.0,2704.0,221.0,
Taviraj_500italic,ok,52.0,2704.0,221.0,
Taviraj_600,ok,52.0,2704.0,221.0,
Taviraj_600italic,ok,52.0,2704.0,221.0,
Taviraj_700,ok,52.0,2704.0,220.0,
Taviraj_700italic,ok,52.0,2704.0,220.0,
Taviraj_800,ok,52.0,2704.0,218.0,
Taviraj_800italic,ok,52.0,2704.0,218.0,
Taviraj_900,ok,52.0,2704.0,216.0,
Taviraj_900italic,ok,52.0,2704.0,216.0,
IBM_Plex_Sans_Thai_100,ok,52.0,2704.0,216.0,
IBM_Plex_Sans_Thai_200,ok,52.0,2704.0,216.0,
IBM_Plex_Sans_Thai_300,ok,52.0,2704.0,216.0,
IBM_Plex_Sans_Thai_regular,ok,52.0,2704.0,216.0,
IBM_Plex_Sans_Thai_500,ok,52.0,2704.0,215.0,
IBM_Plex_Sans_Thai_600,ok,52.0,2704.0,215.0,
IBM_Plex_Sans_Thai_700,ok,52.0,2704.0,214.0,
Syncopate_regular,ok,52.0,2704.0,214.0,
Syncopate_700,ok,52.0,2704.0,197.0,
Jua_regular,ok,52.0,2704.0,221.0,
Monda_regular,ok,52.0,2704.0,217.0,
Monda_500,ok,52.0,2704.0,217.0,
Monda_600,ok,52.0,2704.0,216.0,
Monda_700,ok,52.0,2704.0,216.0,
Eczar_regular,ok,52.0,2704.0,213.0,
Eczar_500,ok,52.0,2704.0,213.0,
Eczar_600,ok,52.0,2704.0,213.0,
Eczar_700,ok,52.0,2704.0,209.0,
Eczar_800,ok,52.0,2704.0,205.0,
Special_Gothic_regular,ok,52.0,2704.0,221.0,
Special_Gothic_500,ok,52.0,2704.0,221.0,
Special_Gothic_600,ok,52.0,2704.0,221.0,
Special_Gothic_700,ok,52.0,2704.0,221.0,
Squada_One_regular,ok,52.0,2704.0,237.0,
Spline_Sans_300,ok,52.0,2704.0,199.0,
Spline_Sans_regular,ok,52.0,2704.0,199.0,
Spline_Sans_500,ok,52.0,2704.0,199.0,
Spline_Sans_600,ok,52.0,2704.0,199.0,
Spline_Sans_700,ok,52.0,2704.0,199.0,
Amita_regular,ok,52.0,2704.0,171.0,
Amita_700,ok,52.0,2704.0,172.0,
Averia_Serif_Libre_300,ok,52.0,2704.0,223.0,
Averia_Serif_Libre_300italic,ok,52.0,2704.0,219.0,
Averia_Serif_Libre_regular,ok,52.0,2704.0,222.0,
Averia_Serif_Libre_italic,ok,52.0,2704.0,219.0,
Averia_Serif_Libre_700,ok,52.0,2704.0,219.0,
Averia_Serif_Libre_700italic,ok,52.0,2704.0,223.0,
Bad_Script_regular,ok,52.0,2704.0,155.0,
Familjen_Grotesk_regular,ok,52.0,2704.0,235.0,
Familjen_Grotesk_500,ok,52.0,2704.0,233.0,
Familjen_Grotesk_600,ok,52.0,2704.0,232.0,
Familjen_Grotesk_700,ok,52.0,2704.0,231.0,
Familjen_Grotesk_italic,ok,52.0,2704.0,235.0,
Familjen_Grotesk_500italic,ok,52.0,2704.0,233.0,
Familjen_Grotesk_600italic,ok,52.0,2704.0,232.0,
Familjen_Grotesk_700italic,ok,52.0,2704.0,231.0,
Georama_100,ok,52.0,2704.0,213.0,
Georama_200,ok,52.0,2704.0,213.0,
Georama_300,ok,52.0,2704.0,213.0,
Georama_regular,ok,52.0,2704.0,213.0,
Georama_500,ok,52.0,2704.0,213.0,
Georama_600,ok,52.0,2704.0,212.0,
Georama_700,ok,52.0,2704.0,208.0,
Georama_800,ok,52.0,2704.0,205.0,
Georama_900,ok,52.0,2704.0,202.0,
Georama_100italic,ok,52.0,2704.0,213.0,
Georama_200italic,ok,52.0,2704.0,213.0,
Georama_300italic,ok,52.0,2704.0,213.0,
Georama_italic,ok,52.0,2704.0,213.0,
Georama_500italic,ok,52.0,2704.0,213.0,
Georama_600italic,ok,52.0,2704.0,212.0,
Georama_700italic,ok,52.0,2704.0,208.0,
Georama_800italic,ok,52.0,2704.0,205.0,
Georama_900italic,ok,52.0,2704.0,202.0,
Ultra_regular,ok,52.0,2704.0,210.0,
Host_Grotesk_300,ok,52.0,2704.0,222.0,
Host_Grotesk_regular,ok,52.0,2704.0,222.0,
Host_Grotesk_500,ok,52.0,2704.0,222.0,
Host_Grotesk_600,ok,52.0,2704.0,222.0,
Host_Grotesk_700,ok,52.0,2704.0,222.0,
Host_Grotesk_800,ok,52.0,2704.0,222.0,
Host_Grotesk_300italic,ok,52.0,2704.0,222.0,
Host_Grotesk_italic,ok,52.0,2704.0,222.0,
Host_Grotesk_500italic,ok,52.0,2704.0,222.0,
Host_Grotesk_600italic,ok,52.0,2704.0,222.0,
Host_Grotesk_700italic,ok,52.0,2704.0,222.0,
Host_Grotesk_800italic,ok,52.0,2704.0,222.0,
Ms_Madi_regular,ok,52.0,2704.0,214.0,
Calistoga_regular,ok,52.0,2704.0,194.0,
Belanosima_regular,ok,52.0,2704.0,224.0,
Belanosima_600,ok,52.0,2704.0,210.0,
Belanosima_700,ok,52.0,2704.0,197.0,
Caprasimo_regular,ok,52.0,2704.0,217.0,
Mukta_Malar_200,ok,52.0,2704.0,223.0,
Mukta_Malar_300,ok,52.0,2704.0,223.0,
Mukta_Malar_regular,ok,52.0,2704.0,223.0,
Mukta_Malar_500,ok,52.0,2704.0,223.0,
Mukta_Malar_600,ok,52.0,2704.0,223.0,
Mukta_Malar_700,ok,52.0,2704.0,223.0,
Mukta_Malar_800,ok,52.0,2704.0,222.0,
Arapey_regular,ok,52.0,2704.0,242.0,
Arapey_italic,ok,52.0,2704.0,242.0,
M_PLUS_2_100,ok,52.0,2704.0,207.0,
M_PLUS_2_200,ok,52.0,2704.0,207.0,
M_PLUS_2_300,ok,52.0,2704.0,207.0,
M_PLUS_2_regular,ok,52.0,2704.0,207.0,
M_PLUS_2_500,ok,52.0,2704.0,207.0,
M_PLUS_2_600,ok,52.0,2704.0,207.0,
M_PLUS_2_700,ok,52.0,2704.0,207.0,
M_PLUS_2_800,ok,52.0,2704.0,207.0,
M_PLUS_2_900,ok,52.0,2704.0,207.0,
Julius_Sans_One_regular,ok,52.0,2704.0,185.0,
Palanquin_100,ok,52.0,2704.0,226.0,
Palanquin_200,ok,52.0,2704.0,226.0,
Palanquin_300,ok,52.0,2704.0,226.0,
Palanquin_regular,ok,52.0,2704.0,226.0,
Palanquin_500,ok,52.0,2704.0,226.0,
Palanquin_600,ok,52.0,2704.0,226.0,
Palanquin_700,ok,52.0,2704.0,226.0,
Pridi_200,ok,52.0,2704.0,236.0,
Pridi_300,ok,52.0,2704.0,236.0,
Pridi_regular,ok,52.0,2704.0,236.0,
Pridi_500,ok,52.0,2704.0,233.0,
Pridi_600,ok,52.0,2704.0,234.0,
Pridi_700,ok,52.0,2704.0,235.0,
Shippori_Mincho_B1_regular,ok,52.0,2704.0,215.0,
Shippori_Mincho_B1_500,ok,52.0,2704.0,214.0,
Shippori_Mincho_B1_600,ok,52.0,2704.0,213.0,
Shippori_Mincho_B1_700,ok,52.0,2704.0,212.0,
Shippori_Mincho_B1_800,ok,52.0,2704.0,211.0,
Zen_Kaku_Gothic_Antique_300,ok,52.0,2704.0,219.0,
Zen_Kaku_Gothic_Antique_regular,ok,52.0,2704.0,220.0,
Zen_Kaku_Gothic_Antique_500,ok,52.0,2704.0,220.0,
Zen_Kaku_Gothic_Antique_700,ok,52.0,2704.0,219.0,
Zen_Kaku_Gothic_Antique_900,ok,52.0,2704.0,221.0,
Gochi_Hand_regular,ok,52.0,2704.0,232.0,
Pirata_One_regular,ok,52.0,2704.0,201.0,
Six_Caps_regular,ok,52.0,2704.0,189.0,
Cabin_Condensed_regular,ok,52.0,2704.0,213.0,
Cabin_Condensed_500,ok,52.0,2704.0,213.0,
Cabin_Condensed_600,ok,52.0,2704.0,213.0,
Cabin_Condensed_700,ok,52.0,2704.0,213.0,
Kaisei_Decol_regular,ok,52.0,2704.0,206.0,
Kaisei_Decol_500,ok,52.0,2704.0,205.0,
Kaisei_Decol_700,ok,52.0,2704.0,205.0,
Jersey_25_regular,ok,52.0,2704.0,262.0,
Marck_Script_regular,ok,52.0,2704.0,206.0,
Pangolin_regular,ok,52.0,2704.0,215.0,
Gudea_regular,ok,52.0,2704.0,225.0,
Gudea_italic,ok,52.0,2704.0,225.0,
Gudea_700,ok,52.0,2704.0,225.0,
Ruda_regular,ok,52.0,2704.0,208.0,
Ruda_500,ok,52.0,2704.0,208.0,
Ruda_600,ok,52.0,2704.0,208.0,
Ruda_700,ok,52.0,2704.0,207.0,
Ruda_800,ok,52.0,2704.0,206.0,
Ruda_900,ok,52.0,2704.0,206.0,
Handlee_regular,ok,52.0,2704.0,198.0,
REM_100,ok,52.0,2704.0,207.0,
REM_200,ok,52.0,2704.0,207.0,
REM_300,ok,52.0,2704.0,207.0,
REM_regular,ok,52.0,2704.0,207.0,
REM_500,ok,52.0,2704.0,207.0,
REM_600,ok,52.0,2704.0,205.0,
REM_700,ok,52.0,2704.0,202.0,
REM_800,ok,52.0,2704.0,199.0,
REM_900,ok,52.0,2704.0,196.0,
REM_100italic,ok,52.0,2704.0,207.0,
REM_200italic,ok,52.0,2704.0,207.0,
REM_300italic,ok,52.0,2704.0,207.0,
REM_italic,ok,52.0,2704.0,207.0,
REM_500italic,ok,52.0,2704.0,207.0,
REM_600italic,ok,52.0,2704.0,205.0,
REM_700italic,ok,52.0,2704.0,202.0,
REM_800italic,ok,52.0,2704.0,199.0,
REM_900italic,ok,52.0,2704.0,196.0,
Martel_Sans_200,ok,52.0,2704.0,200.0,
Martel_Sans_300,ok,52.0,2704.0,198.0,
Martel_Sans_regular,ok,52.0,2704.0,196.0,
Martel_Sans_600,ok,52.0,2704.0,194.0,
Martel_Sans_700,ok,52.0,2704.0,193.0,
Martel_Sans_800,ok,52.0,2704.0,191.0,
Martel_Sans_900,ok,52.0,2704.0,189.0,
Bowlby_One_regular,ok,52.0,2704.0,207.0,
Alegreya_Sans_SC_100,ok,52.0,2704.0,249.0,
Alegreya_Sans_SC_100italic,ok,52.0,2704.0,249.0,
Alegreya_Sans_SC_300,ok,52.0,2704.0,248.0,
Alegreya_Sans_SC_300italic,ok,52.0,2704.0,248.0,
Alegreya_Sans_SC_regular,ok,52.0,2704.0,247.0,
Alegreya_Sans_SC_italic,ok,52.0,2704.0,247.0,
Alegreya_Sans_SC_500,ok,52.0,2704.0,246.0,
Alegreya_Sans_SC_500italic,ok,52.0,2704.0,246.0,
Alegreya_Sans_SC_700,ok,52.0,2704.0,245.0,
Alegreya_Sans_SC_700italic,ok,52.0,2704.0,245.0,
Alegreya_Sans_SC_800,ok,52.0,2704.0,244.0,
Alegreya_Sans_SC_800italic,ok,52.0,2704.0,244.0,
Alegreya_Sans_SC_900,ok,52.0,2704.0,242.0,
Alegreya_Sans_SC_900italic,ok,52.0,2704.0,242.0,
Khula_300,ok,52.0,2704.0,224.0,
Khula_regular,ok,52.0,2704.0,224.0,
Khula_600,ok,52.0,2704.0,224.0,
Khula_700,ok,52.0,2704.0,224.0,
Khula_800,ok,52.0,2704.0,221.0,
Gloock_regular,ok,52.0,2704.0,203.0,
Damion_regular,ok,52.0,2704.0,218.0,
Leckerli_One_regular,ok,52.0,2704.0,200.0,
MuseoModerno_100,ok,52.0,2704.0,219.0,
MuseoModerno_200,ok,52.0,2704.0,219.0,
MuseoModerno_300,ok,52.0,2704.0,219.0,
MuseoModerno_regular,ok,52.0,2704.0,219.0,
MuseoModerno_500,ok,52.0,2704.0,219.0,
MuseoModerno_600,ok,52.0,2704.0,214.0,
MuseoModerno_700,ok,52.0,2704.0,212.0,
MuseoModerno_800,ok,52.0,2704.0,209.0,
MuseoModerno_900,ok,52.0,2704.0,205.0,
MuseoModerno_100italic,ok,52.0,2704.0,215.0,
MuseoModerno_200italic,ok,52.0,2704.0,215.0,
MuseoModerno_300italic,ok,52.0,2704.0,215.0,
MuseoModerno_italic,ok,52.0,2704.0,215.0,
MuseoModerno_500italic,ok,52.0,2704.0,215.0,
MuseoModerno_600italic,ok,52.0,2704.0,215.0,
MuseoModerno_700italic,ok,52.0,2704.0,212.0,
MuseoModerno_800italic,ok,52.0,2704.0,209.0,
MuseoModerno_900italic,ok,52.0,2704.0,206.0,
Funnel_Sans_300,ok,52.0,2704.0,228.0,
Funnel_Sans_regular,ok,52.0,2704.0,228.0,
Funnel_Sans_500,ok,52.0,2704.0,228.0,
Funnel_Sans_600,ok,52.0,2704.0,228.0,
Funnel_Sans_700,ok,52.0,2704.0,228.0,
Funnel_Sans_800,ok,52.0,2704.0,226.0,
Funnel_Sans_300italic,ok,52.0,2704.0,228.0,
Funnel_Sans_italic,ok,52.0,2704.0,228.0,
Funnel_Sans_500italic,ok,52.0,2704.0,228.0,
Funnel_Sans_600italic,ok,52.0,2704.0,228.0,
Funnel_Sans_700italic,ok,52.0,2704.0,228.0,
Funnel_Sans_800italic,ok,52.0,2704.0,226.0,
Wix_Madefor_Display_regular,ok,52.0,2704.0,218.0,
Wix_Madefor_Display_500,ok,52.0,2704.0,217.0,
Wix_Madefor_Display_600,ok,52.0,2704.0,216.0,
Wix_Madefor_Display_700,ok,52.0,2704.0,214.0,
Wix_Madefor_Display_800,ok,52.0,2704.0,212.0,
Adamina_regular,ok,52.0,2704.0,194.0,
Londrina_Solid_100,ok,52.0,2704.0,219.0,
Londrina_Solid_300,ok,52.0,2704.0,219.0,
Londrina_Solid_regular,ok,52.0,2704.0,219.0,
Londrina_Solid_900,ok,52.0,2704.0,218.0,
Pragati_Narrow_regular,ok,52.0,2704.0,238.0,
Pragati_Narrow_700,ok,52.0,2704.0,238.0,
Mate_regular,ok,52.0,2704.0,209.0,
Mate_italic,ok,52.0,2704.0,209.0,
Andika_regular,ok,52.0,2704.0,202.0,
Andika_italic,ok,52.0,2704.0,206.0,
Andika_700,ok,52.0,2704.0,202.0,
Andika_700italic,ok,52.0,2704.0,204.0,
Mrs_Saint_Delafield_regular,ok,52.0,2704.0,155.0,
Atkinson_Hyperlegible_Next_200,ok,52.0,2704.0,223.0,
Atkinson_Hyperlegible_Next_300,ok,52.0,2704.0,223.0,
Atkinson_Hyperlegible_Next_regular,ok,52.0,2704.0,222.0,
Atkinson_Hyperlegible_Next_500,ok,52.0,2704.0,219.0,
Atkinson_Hyperlegible_Next_600,ok,52.0,2704.0,216.0,
Atkinson_Hyperlegible_Next_700,ok,52.0,2704.0,213.0,
Atkinson_Hyperlegible_Next_800,ok,52.0,2704.0,208.0,
Atkinson_Hyperlegible_Next_200italic,ok,52.0,2704.0,223.0,
Atkinson_Hyperlegible_Next_300italic,ok,52.0,2704.0,223.0,
Atkinson_Hyperlegible_Next_italic,ok,52.0,2704.0,223.0,
Atkinson_Hyperlegible_Next_500italic,ok,52.0,2704.0,219.0,
Atkinson_Hyperlegible_Next_600italic,ok,52.0,2704.0,216.0,
Atkinson_Hyperlegible_Next_700italic,ok,52.0,2704.0,213.0,
Atkinson_Hyperlegible_Next_800italic,ok,52.0,2704.0,209.0,
Darker_Grotesque_300,ok,52.0,2704.0,279.0,
Darker_Grotesque_regular,ok,52.0,2704.0,279.0,
Darker_Grotesque_500,ok,52.0,2704.0,279.0,
Darker_Grotesque_600,ok,52.0,2704.0,277.0,
Darker_Grotesque_700,ok,52.0,2704.0,275.0,
Darker_Grotesque_800,ok,52.0,2704.0,272.0,
Darker_Grotesque_900,ok,52.0,2704.0,267.0,
Carter_One_regular,ok,52.0,2704.0,200.0,
Akshar_300,ok,52.0,2704.0,223.0,
Akshar_regular,ok,52.0,2704.0,221.0,
Akshar_500,ok,52.0,2704.0,220.0,
Akshar_600,ok,52.0,2704.0,215.0,
Akshar_700,ok,52.0,2704.0,207.0,
Murecho_100,ok,52.0,2704.0,210.0,
Murecho_200,ok,52.0,2704.0,210.0,
Murecho_300,ok,52.0,2704.0,210.0,
Murecho_regular,ok,52.0,2704.0,210.0,
Murecho_500,ok,52.0,2704.0,210.0,
Murecho_600,ok,52.0,2704.0,210.0,
Murecho_700,ok,52.0,2704.0,210.0,
Murecho_800,ok,52.0,2704.0,210.0,
Murecho_900,ok,52.0,2704.0,209.0,
Niramit_200,ok,52.0,2704.0,217.0,
Niramit_200italic,ok,52.0,2704.0,217.0,
Niramit_300,ok,52.0,2704.0,217.0,
Niramit_300italic,ok,52.0,2704.0,217.0,
Niramit_regular,ok,52.0,2704.0,217.0,
Niramit_italic,ok,52.0,2704.0,217.0,
Niramit_500,ok,52.0,2704.0,217.0,
Niramit_500italic,ok,52.0,2704.0,217.0,
Niramit_600,ok,52.0,2704.0,217.0,
Niramit_600italic,ok,52.0,2704.0,217.0,
Niramit_700,ok,52.0,2704.0,217.0,
Niramit_700italic,ok,52.0,2704.0,217.0,
Ovo_regular,ok,52.0,2704.0,221.0,
Shrikhand_regular,ok,52.0,2704.0,212.0,
Sofia_regular,ok,52.0,2704.0,178.0,
IM_Fell_English_regular,ok,52.0,2704.0,173.0,
IM_Fell_English_italic,ok,52.0,2704.0,203.0,
Tilt_Warp_regular,ok,52.0,2704.0,205.0,
Covered_By_Your_Grace_regular,ok,52.0,2704.0,206.0,
Montagu_Slab_100,ok,52.0,2704.0,229.0,
Montagu_Slab_200,ok,52.0,2704.0,228.0,
Montagu_Slab_300,ok,52.0,2704.0,226.0,
Montagu_Slab_regular,ok,52.0,2704.0,224.0,
Montagu_Slab_500,ok,52.0,2704.0,222.0,
Montagu_Slab_600,ok,52.0,2704.0,218.0,
Montagu_Slab_700,ok,52.0,2704.0,212.0,
La_Belle_Aurore_regular,ok,52.0,2704.0,123.0,
Sarala_regular,ok,52.0,2704.0,211.0,
Sarala_700,ok,52.0,2704.0,210.0,
Aboreto_regular,ok,52.0,2704.0,224.0,
Cedarville_Cursive_regular,ok,52.0,2704.0,148.0,
Anek_Latin_100,ok,52.0,2704.0,237.0,
Anek_Latin_200,ok,52.0,2704.0,236.0,
Anek_Latin_300,ok,52.0,2704.0,236.0,
Anek_Latin_regular,ok,52.0,2704.0,236.0,
Anek_Latin_500,ok,52.0,2704.0,236.0,
Anek_Latin_600,ok,52.0,2704.0,234.0,
Anek_Latin_700,ok,52.0,2704.0,232.0,
Anek_Latin_800,ok,52.0,2704.0,230.0,
Hachi_Maru_Pop_regular,ok,52.0,2704.0,222.0,
Limelight_regular,ok,52.0,2704.0,209.0,
Secular_One_regular,ok,52.0,2704.0,215.0,
Sriracha_regular,ok,52.0,2704.0,206.0,
Reem_Kufi_regular,ok,52.0,2704.0,205.0,
Reem_Kufi_500,ok,52.0,2704.0,203.0,
Reem_Kufi_600,ok,52.0,2704.0,205.0,
Reem_Kufi_700,ok,52.0,2704.0,201.0,
Krona_One_regular,ok,52.0,2704.0,195.0,
Livvic_100,ok,52.0,2704.0,213.0,
Livvic_100italic,ok,52.0,2704.0,213.0,
Livvic_200,ok,52.0,2704.0,213.0,
Livvic_200italic,ok,52.0,2704.0,213.0,
Livvic_300,ok,52.0,2704.0,213.0,
Livvic_300italic,ok,52.0,2704.0,213.0,
Livvic_regular,ok,52.0,2704.0,213.0,
Livvic_italic,ok,52.0,2704.0,213.0,
Livvic_500,ok,52.0,2704.0,213.0,
Livvic_500italic,ok,52.0,2704.0,213.0,
Livvic_600,ok,52.0,2704.0,213.0,
Livvic_600italic,ok,52.0,2704.0,213.0,
Livvic_700,ok,52.0,2704.0,213.0,
Livvic_700italic,ok,52.0,2704.0,213.0,
Livvic_900,ok,52.0,2704.0,208.0,
Livvic_900italic,ok,52.0,2704.0,208.0,
Palanquin_Dark_regular,ok,52.0,2704.0,226.0,
Palanquin_Dark_500,ok,52.0,2704.0,223.0,
Palanquin_Dark_600,ok,52.0,2704.0,218.0,
Palanquin_Dark_700,ok,52.0,2704.0,213.0,
Wix_Madefor_Text_regular,ok,52.0,2704.0,219.0,
Wix_Madefor_Text_italic,ok,52.0,2704.0,219.0,
Wix_Madefor_Text_500,ok,52.0,2704.0,217.0,
Wix_Madefor_Text_500italic,ok,52.0,2704.0,217.0,
Wix_Madefor_Text_600,ok,52.0,2704.0,215.0,
Wix_Madefor_Text_600italic,ok,52.0,2704.0,215.0,
Wix_Madefor_Text_700,ok,52.0,2704.0,214.0,
Wix_Madefor_Text_700italic,ok,52.0,2704.0,214.0,
Wix_Madefor_Text_800,ok,52.0,2704.0,213.0,
Wix_Madefor_Text_800italic,ok,52.0,2704.0,213.0,
Potta_One_regular,ok,52.0,2704.0,195.0,
Noto_Sans_Sinhala_100,ok,52.0,2704.0,209.0,
Noto_Sans_Sinhala_200,ok,52.0,2704.0,209.0,
Noto_Sans_Sinhala_300,ok,52.0,2704.0,209.0,
Noto_Sans_Sinhala_regular,ok,52.0,2704.0,209.0,
Noto_Sans_Sinhala_500,ok,52.0,2704.0,209.0,
Noto_Sans_Sinhala_600,ok,52.0,2704.0,209.0,
Noto_Sans_Sinhala_700,ok,52.0,2704.0,209.0,
Noto_Sans_Sinhala_800,ok,52.0,2704.0,208.0,
Noto_Sans_Sinhala_900,ok,52.0,2704.0,206.0,
Noto_Sans_Gujarati_100,ok,52.0,2704.0,209.0,
Noto_Sans_Gujarati_200,ok,52.0,2704.0,209.0,
Noto_Sans_Gujarati_300,ok,52.0,2704.0,209.0,
Noto_Sans_Gujarati_regular,ok,52.0,2704.0,209.0,
Noto_Sans_Gujarati_500,ok,52.0,2704.0,209.0,
Noto_Sans_Gujarati_600,ok,52.0,2704.0,209.0,
Noto_Sans_Gujarati_700,ok,52.0,2704.0,209.0,
Noto_Sans_Gujarati_800,ok,52.0,2704.0,208.0,
Noto_Sans_Gujarati_900,ok,52.0,2704.0,206.0,
Italiana_regular,ok,52.0,2704.0,213.0,
Chewy_regular,ok,52.0,2704.0,204.0,
Aldrich_regular,ok,52.0,2704.0,222.0,
Sansita_regular,ok,52.0,2704.0,222.0,
Sansita_italic,ok,52.0,2704.0,221.0,
Sansita_700,ok,52.0,2704.0,217.0,
Sansita_700italic,ok,52.0,2704.0,217.0,
Sansita_800,ok,52.0,2704.0,213.0,
Sansita_800italic,ok,52.0,2704.0,213.0,
Sansita_900,ok,52.0,2704.0,211.0,
Sansita_900italic,ok,52.0,2704.0,211.0,
Charm_regular,ok,52.0,2704.0,176.0,
Charm_700,ok,52.0,2704.0,176.0,
IBM_Plex_Sans_JP_100,ok,52.0,2704.0,206.0,
IBM_Plex_Sans_JP_200,ok,52.0,2704.0,206.0,
IBM_Plex_Sans_JP_300,ok,52.0,2704.0,206.0,
IBM_Plex_Sans_JP_regular,ok,52.0,2704.0,206.0,
IBM_Plex_Sans_JP_500,ok,52.0,2704.0,206.0,
IBM_Plex_Sans_JP_600,ok,52.0,2704.0,205.0,
IBM_Plex_Sans_JP_700,ok,52.0,2704.0,204.0,
Itim_regular,ok,52.0,2704.0,237.0,
Ma_Shan_Zheng_regular,ok,52.0,2704.0,187.0,
Pontano_Sans_300,ok,52.0,2704.0,219.0,
Pontano_Sans_regular,ok,52.0,2704.0,219.0,
Pontano_Sans_500,ok,52.0,2704.0,219.0,
Pontano_Sans_600,ok,52.0,2704.0,219.0,
Pontano_Sans_700,ok,52.0,2704.0,219.0,
Just_Another_Hand_regular,ok,52.0,2704.0,216.0,
Funnel_Display_300,ok,52.0,2704.0,228.0,
Funnel_Display_regular,ok,52.0,2704.0,228.0,
Funnel_Display_500,ok,52.0,2704.0,228.0,
Funnel_Display_600,ok,52.0,2704.0,228.0,
Funnel_Display_700,ok,52.0,2704.0,228.0,
Funnel_Display_800,ok,52.0,2704.0,226.0,
Boogaloo_regular,ok,52.0,2704.0,217.0,
Stardos_Stencil_regular,ok,52.0,2704.0,224.0,
Stardos_Stencil_700,ok,52.0,2704.0,220.0,
Fustat_200,ok,52.0,2704.0,221.0,
Fustat_300,ok,52.0,2704.0,220.0,
Fustat_regular,ok,52.0,2704.0,219.0,
Fustat_500,ok,52.0,2704.0,219.0,
Fustat_600,ok,52.0,2704.0,218.0,
Fustat_700,ok,52.0,2704.0,217.0,
Fustat_800,ok,52.0,2704.0,217.0,
UnifrakturMaguntia_regular,ok,52.0,2704.0,206.0,
Kiwi_Maru_300,ok,52.0,2704.0,218.0,
Kiwi_Maru_regular,ok,52.0,2704.0,215.0,
Kiwi_Maru_500,ok,52.0,2704.0,214.0,
Rufina_regular,ok,52.0,2704.0,207.0,
Rufina_700,ok,52.0,2704.0,208.0,
Do_Hyeon_regular,ok,52.0,2704.0,235.0,
Protest_Revolution_regular,ok,52.0,2704.0,185.0,
Kreon_300,ok,52.0,2704.0,220.0,
Kreon_regular,ok,52.0,2704.0,218.0,
Kreon_500,ok,52.0,2704.0,217.0,
Kreon_600,ok,52.0,2704.0,217.0,
Kreon_700,ok,52.0,2704.0,217.0,
Marcellus_SC_regular,ok,52.0,2704.0,223.0,
Basic_regular,ok,52.0,2704.0,226.0,
BenchNine_300,ok,52.0,2704.0,222.0,
BenchNine_regular,ok,52.0,2704.0,225.0,
BenchNine_700,ok,52.0,2704.0,222.0,
Proza_Libre_regular,ok,52.0,2704.0,202.0,
Proza_Libre_italic,ok,52.0,2704.0,202.0,
Proza_Libre_500,ok,52.0,2704.0,202.0,
Proza_Libre_500italic,ok,52.0,2704.0,202.0,
Proza_Libre_600,ok,52.0,2704.0,202.0,
Proza_Libre_600italic,ok,52.0,2704.0,202.0,
Proza_Libre_700,ok,52.0,2704.0,202.0,
Proza_Libre_700italic,ok,52.0,2704.0,202.0,
Proza_Libre_800,ok,52.0,2704.0,202.0,
Proza_Libre_800italic,ok,52.0,2704.0,202.0,
Anuphan_100,ok,52.0,2704.0,216.0,
Anuphan_200,ok,52.0,2704.0,216.0,
Anuphan_300,ok,52.0,2704.0,216.0,
Anuphan_regular,ok,52.0,2704.0,216.0,
Anuphan_500,ok,52.0,2704.0,215.0,
Anuphan_600,ok,52.0,2704.0,214.0,
Anuphan_700,ok,52.0,2704.0,213.0,
Yuji_Mai_regular,ok,52.0,2704.0,215.0,
Skranji_regular,ok,52.0,2704.0,212.0,
Skranji_700,ok,52.0,2704.0,205.0,
Herr_Von_Muellerhoff_regular,ok,52.0,2704.0,187.0,
Glegoo_regular,ok,52.0,2704.0,205.0,
Glegoo_700,ok,52.0,2704.0,202.0,
Charis_SIL_regular,ok,52.0,2704.0,217.0,
Charis_SIL_italic,ok,52.0,2704.0,217.0,
Charis_SIL_700,ok,52.0,2704.0,216.0,
Charis_SIL_700italic,ok,52.0,2704.0,216.0,
Fahkwang_200,ok,52.0,2704.0,224.0,
Fahkwang_200italic,ok,52.0,2704.0,224.0,
Fahkwang_300,ok,52.0,2704.0,224.0,
Fahkwang_300italic,ok,52.0,2704.0,224.0,
Fahkwang_regular,ok,52.0,2704.0,224.0,
Fahkwang_italic,ok,52.0,2704.0,224.0,
Fahkwang_500,ok,52.0,2704.0,224.0,
Fahkwang_500italic,ok,52.0,2704.0,224.0,
Fahkwang_600,ok,52.0,2704.0,224.0,
Fahkwang_600italic,ok,52.0,2704.0,224.0,
Fahkwang_700,ok,52.0,2704.0,224.0,
Fahkwang_700italic,ok,52.0,2704.0,224.0,
Tektur_regular,ok,52.0,2704.0,225.0,
Tektur_500,ok,52.0,2704.0,224.0,
Tektur_600,ok,52.0,2704.0,222.0,
Tektur_700,ok,52.0,2704.0,221.0,
Tektur_800,ok,52.0,2704.0,220.0,
Tektur_900,ok,52.0,2704.0,219.0,
Poller_One_regular,ok,52.0,2704.0,196.0,
Fredericka_the_Great_regular,ok,52.0,2704.0,208.0,
Castoro_regular,ok,52.0,2704.0,211.0,
Castoro_italic,ok,52.0,2704.0,211.0,
Days_One_regular,ok,52.0,2704.0,223.0,
Electrolize_regular,ok,52.0,2704.0,216.0,
Big_Shoulders_100,ok,52.0,2704.0,198.0,
Big_Shoulders_200,ok,52.0,2704.0,198.0,
Big_Shoulders_300,ok,52.0,2704.0,198.0,
Big_Shoulders_regular,ok,52.0,2704.0,197.0,
Big_Shoulders_500,ok,52.0,2704.0,197.0,
Big_Shoulders_600,ok,52.0,2704.0,197.0,
Big_Shoulders_700,ok,52.0,2704.0,197.0,
Big_Shoulders_800,ok,52.0,2704.0,197.0,
Big_Shoulders_900,ok,52.0,2704.0,197.0,
Bona_Nova_SC_regular,ok,52.0,2704.0,179.0,
Bona_Nova_SC_italic,ok,52.0,2704.0,202.0,
Bona_Nova_SC_700,ok,52.0,2704.0,175.0,
Coda_regular,ok,52.0,2704.0,213.0,
Coda_800,ok,52.0,2704.0,190.0,
Radley_regular,ok,52.0,2704.0,238.0,
Radley_italic,ok,52.0,2704.0,231.0,
Athiti_200,ok,52.0,2704.0,239.0,
Athiti_300,ok,52.0,2704.0,238.0,
Athiti_regular,ok,52.0,2704.0,238.0,
Athiti_500,ok,52.0,2704.0,237.0,
Athiti_600,ok,52.0,2704.0,237.0,
Athiti_700,ok,52.0,2704.0,237.0,
Noto_Sans_Myanmar_100,ok,52.0,2704.0,209.0,
Noto_Sans_Myanmar_200,ok,52.0,2704.0,209.0,
Noto_Sans_Myanmar_300,ok,52.0,2704.0,209.0,
Noto_Sans_Myanmar_regular,ok,52.0,2704.0,209.0,
Noto_Sans_Myanmar_500,ok,52.0,2704.0,209.0,
Noto_Sans_Myanmar_600,ok,52.0,2704.0,209.0,
Noto_Sans_Myanmar_700,ok,52.0,2704.0,209.0,
Noto_Sans_Myanmar_800,ok,52.0,2704.0,208.0,
Noto_Sans_Myanmar_900,ok,52.0,2704.0,206.0,
Neucha_regular,ok,52.0,2704.0,208.0,
Grandstander_100,ok,52.0,2704.0,221.0,
Grandstander_200,ok,52.0,2704.0,220.0,
Grandstander_300,ok,52.0,2704.0,220.0,
Grandstander_regular,ok,52.0,2704.0,220.0,
Grandstander_500,ok,52.0,2704.0,220.0,
Grandstander_600,ok,52.0,2704.0,220.0,
Grandstander_700,ok,52.0,2704.0,220.0,
Grandstander_800,ok,52.0,2704.0,219.0,
Grandstander_900,ok,52.0,2704.0,218.0,
Grandstander_100italic,ok,52.0,2704.0,221.0,
Grandstander_200italic,ok,52.0,2704.0,220.0,
Grandstander_300italic,ok,52.0,2704.0,220.0,
Grandstander_italic,ok,52.0,2704.0,220.0,
Grandstander_500italic,ok,52.0,2704.0,220.0,
Grandstander_600italic,ok,52.0,2704.0,220.0,
Grandstander_700italic,ok,52.0,2704.0,220.0,
Grandstander_800italic,ok,52.0,2704.0,219.0,
Grandstander_900italic,ok,52.0,2704.0,218.0,
Shadows_Into_Light_Two_regular,ok,52.0,2704.0,185.0,
Parkinsans_300,ok,52.0,2704.0,211.0,
Parkinsans_regular,ok,52.0,2704.0,207.0,
Parkinsans_500,ok,52.0,2704.0,203.0,
Parkinsans_600,ok,52.0,2704.0,200.0,
Parkinsans_700,ok,52.0,2704.0,196.0,
Parkinsans_800,ok,52.0,2704.0,192.0,
Cabin_Sketch_regular,ok,52.0,2704.0,219.0,
Cabin_Sketch_700,ok,52.0,2704.0,221.0,
Tomorrow_100,ok,52.0,2704.0,217.0,
Tomorrow_100italic,ok,52.0,2704.0,217.0,
Tomorrow_200,ok,52.0,2704.0,217.0,
Tomorrow_200italic,ok,52.0,2704.0,217.0,
Tomorrow_300,ok,52.0,2704.0,217.0,
Tomorrow_300italic,ok,52.0,2704.0,217.0,
Tomorrow_regular,ok,52.0,2704.0,217.0,
Tomorrow_italic,ok,52.0,2704.0,217.0,
Tomorrow_500,ok,52.0,2704.0,217.0,
Tomorrow_500italic,ok,52.0,2704.0,217.0,
Tomorrow_600,ok,52.0,2704.0,217.0,
Tomorrow_600italic,ok,52.0,2704.0,217.0,
Tomorrow_700,ok,52.0,2704.0,217.0,
Tomorrow_700italic,ok,52.0,2704.0,217.0,
Tomorrow_800,ok,52.0,2704.0,217.0,
Tomorrow_800italic,ok,52.0,2704.0,217.0,
Tomorrow_900,ok,52.0,2704.0,216.0,
Tomorrow_900italic,ok,52.0,2704.0,205.0,
BIZ_UDGothic_regular,ok,52.0,2704.0,193.0,
BIZ_UDGothic_700,ok,52.0,2704.0,193.0,
Inria_Serif_300,ok,52.0,2704.0,213.0,
Inria_Serif_300italic,ok,52.0,2704.0,213.0,
Inria_Serif_regular,ok,52.0,2704.0,213.0,
Inria_Serif_italic,ok,52.0,2704.0,213.0,
Inria_Serif_700,ok,52.0,2704.0,213.0,
Inria_Serif_700italic,ok,52.0,2704.0,213.0,
Grenze_Gotisch_100,ok,52.0,2704.0,251.0,
Grenze_Gotisch_200,ok,52.0,2704.0,250.0,
Grenze_Gotisch_300,ok,52.0,2704.0,248.0,
Grenze_Gotisch_regular,ok,52.0,2704.0,245.0,
Grenze_Gotisch_500,ok,52.0,2704.0,240.0,
Grenze_Gotisch_600,ok,52.0,2704.0,235.0,
Grenze_Gotisch_700,ok,52.0,2704.0,231.0,
Grenze_Gotisch_800,ok,52.0,2704.0,226.0,
Grenze_Gotisch_900,ok,52.0,2704.0,222.0,
Yrsa_300,ok,52.0,2704.0,245.0,
Yrsa_regular,ok,52.0,2704.0,244.0,
Yrsa_500,ok,52.0,2704.0,244.0,
Yrsa_600,ok,52.0,2704.0,244.0,
Yrsa_700,ok,52.0,2704.0,244.0,
Yrsa_300italic,ok,52.0,2704.0,245.0,
Yrsa_italic,ok,52.0,2704.0,244.0,
Yrsa_500italic,ok,52.0,2704.0,244.0,
Yrsa_600italic,ok,52.0,2704.0,243.0,
Yrsa_700italic,ok,52.0,2704.0,243.0,
Lemonada_300,ok,52.0,2704.0,197.0,
Lemonada_regular,ok,52.0,2704.0,195.0,
Lemonada_500,ok,52.0,2704.0,193.0,
Lemonada_600,ok,52.0,2704.0,191.0,
Lemonada_700,ok,52.0,2704.0,188.0,
K2D_100,ok,52.0,2704.0,224.0,
K2D_100italic,ok,52.0,2704.0,224.0,
K2D_200,ok,52.0,2704.0,224.0,
K2D_200italic,ok,52.0,2704.0,224.0,
K2D_300,ok,52.0,2704.0,224.0,
K2D_300italic,ok,52.0,2704.0,224.0,
K2D_regular,ok,52.0,2704.0,226.0,
K2D_italic,ok,52.0,2704.0,224.0,
K2D_500,ok,52.0,2704.0,226.0,
K2D_500italic,ok,52.0,2704.0,226.0,
K2D_600,ok,52.0,2704.0,226.0,
K2D_600italic,ok,52.0,2704.0,226.0,
K2D_700,ok,52.0,2704.0,226.0,
K2D_700italic,ok,52.0,2704.0,226.0,
K2D_800,ok,52.0,2704.0,226.0,
K2D_800italic,ok,52.0,2704.0,226.0,
Norican_regular,ok,52.0,2704.0,207.0,
Judson_regular,ok,52.0,2704.0,254.0,
Judson_italic,ok,52.0,2704.0,254.0,
Judson_700,ok,52.0,2704.0,254.0,
Podkova_regular,ok,52.0,2704.0,243.0,
Podkova_500,ok,52.0,2704.0,241.0,
Podkova_600,ok,52.0,2704.0,239.0,
Podkova_700,ok,52.0,2704.0,236.0,
Podkova_800,ok,52.0,2704.0,234.0,
Barriecito_regular,ok,52.0,2704.0,213.0,
Sintony_regular,ok,52.0,2704.0,205.0,
Sintony_700,ok,52.0,2704.0,201.0,
Aclonica_regular,ok,52.0,2704.0,186.0,
Rozha_One_regular,ok,52.0,2704.0,234.0,
Oooh_Baby_regular,ok,52.0,2704.0,204.0,
Rye_regular,ok,52.0,2704.0,188.0,
Geo_regular,ok,52.0,2704.0,242.0,
Geo_italic,ok,52.0,2704.0,242.0,
AR_One_Sans_regular,ok,52.0,2704.0,215.0,
AR_One_Sans_500,ok,52.0,2704.0,215.0,
AR_One_Sans_600,ok,52.0,2704.0,215.0,
AR_One_Sans_700,ok,52.0,2704.0,215.0,
Baloo_Da_2_regular,ok,52.0,2704.0,238.0,
Baloo_Da_2_500,ok,52.0,2704.0,238.0,
Baloo_Da_2_600,ok,52.0,2704.0,234.0,
Baloo_Da_2_700,ok,52.0,2704.0,229.0,
Baloo_Da_2_800,ok,52.0,2704.0,225.0,
Faster_One_regular,ok,52.0,2704.0,191.0,
PT_Serif_Caption_regular,ok,52.0,2704.0,213.0,
PT_Serif_Caption_italic,ok,52.0,2704.0,213.0,
Gantari_100,ok,52.0,2704.0,235.0,
Gantari_200,ok,52.0,2704.0,235.0,
Gantari_300,ok,52.0,2704.0,235.0,
Gantari_regular,ok,52.0,2704.0,235.0,
Gantari_500,ok,52.0,2704.0,235.0,
Gantari_600,ok,52.0,2704.0,234.0,
Gantari_700,ok,52.0,2704.0,230.0,
Gantari_800,ok,52.0,2704.0,227.0,
Gantari_900,ok,52.0,2704.0,225.0,
Gantari_100italic,ok,52.0,2704.0,235.0,
Gantari_200italic,ok,52.0,2704.0,235.0,
Gantari_300italic,ok,52.0,2704.0,235.0,
Gantari_italic,ok,52.0,2704.0,235.0,
Gantari_500italic,ok,52.0,2704.0,235.0,
Gantari_600italic,ok,52.0,2704.0,234.0,
Gantari_700italic,ok,52.0,2704.0,230.0,
Gantari_800italic,ok,52.0,2704.0,227.0,
Gantari_900italic,ok,52.0,2704.0,225.0,
Metrophobic_regular,ok,52.0,2704.0,221.0,
Yatra_One_regular,ok,52.0,2704.0,221.0,
Averia_Libre_300,ok,52.0,2704.0,225.0,
Averia_Libre_300italic,ok,52.0,2704.0,222.0,
Averia_Libre_regular,ok,52.0,2704.0,223.0,
Averia_Libre_italic,ok,52.0,2704.0,222.0,
Averia_Libre_700,ok,52.0,2704.0,222.0,
Averia_Libre_700italic,ok,52.0,2704.0,221.0,
Caudex_regular,ok,52.0,2704.0,223.0,
Caudex_italic,ok,52.0,2704.0,223.0,
Caudex_700,ok,52.0,2704.0,219.0,
Caudex_700italic,ok,52.0,2704.0,219.0,
Candal_regular,ok,52.0,2704.0,199.0,
Lexend_Exa_100,ok,52.0,2704.0,213.0,
Lexend_Exa_200,ok,52.0,2704.0,216.0,
Lexend_Exa_300,ok,52.0,2704.0,214.0,
Lexend_Exa_regular,ok,52.0,2704.0,206.0,
Lexend_Exa_500,ok,52.0,2704.0,203.0,
Lexend_Exa_600,ok,52.0,2704.0,201.0,
Lexend_Exa_700,ok,52.0,2704.0,198.0,
Lexend_Exa_800,ok,52.0,2704.0,195.0,
Lexend_Exa_900,ok,52.0,2704.0,193.0,
Cormorant_Upright_300,ok,52.0,2704.0,220.0,
Cormorant_Upright_regular,ok,52.0,2704.0,220.0,
Cormorant_Upright_500,ok,52.0,2704.0,220.0,
Cormorant_Upright_600,ok,52.0,2704.0,220.0,
Cormorant_Upright_700,ok,52.0,2704.0,220.0,
Gowun_Batang_regular,ok,52.0,2704.0,197.0,
Gowun_Batang_700,ok,52.0,2704.0,195.0,
Corben_regular,ok,52.0,2704.0,197.0,
Corben_700,ok,52.0,2704.0,173.0,
Sofia_Sans_Semi_Condensed_100,ok,52.0,2704.0,230.0,
Sofia_Sans_Semi_Condensed_200,ok,52.0,2704.0,230.0,
Sofia_Sans_Semi_Condensed_300,ok,52.0,2704.0,230.0,
Sofia_Sans_Semi_Condensed_regular,ok,52.0,2704.0,230.0,
Sofia_Sans_Semi_Condensed_500,ok,52.0,2704.0,230.0,
Sofia_Sans_Semi_Condensed_600,ok,52.0,2704.0,230.0,
Sofia_Sans_Semi_Condensed_700,ok,52.0,2704.0,228.0,
Sofia_Sans_Semi_Condensed_800,ok,52.0,2704.0,224.0,
Sofia_Sans_Semi_Condensed_900,ok,52.0,2704.0,221.0,
Sofia_Sans_Semi_Condensed_100italic,ok,52.0,2704.0,230.0,
Sofia_Sans_Semi_Condensed_200italic,ok,52.0,2704.0,230.0,
Sofia_Sans_Semi_Condensed_300italic,ok,52.0,2704.0,230.0,
Sofia_Sans_Semi_Condensed_italic,ok,52.0,2704.0,230.0,
Sofia_Sans_Semi_Condensed_500italic,ok,52.0,2704.0,230.0,
Sofia_Sans_Semi_Condensed_600italic,ok,52.0,2704.0,230.0,
Sofia_Sans_Semi_Condensed_700italic,ok,52.0,2704.0,228.0,
Sofia_Sans_Semi_Condensed_800italic,ok,52.0,2704.0,225.0,
Sofia_Sans_Semi_Condensed_900italic,ok,52.0,2704.0,221.0,
Suez_One_regular,ok,52.0,2704.0,203.0,
Niconne_regular,ok,52.0,2704.0,218.0,
Germania_One_regular,ok,52.0,2704.0,213.0,
Vina_Sans_regular,ok,52.0,2704.0,206.0,
Spinnaker_regular,ok,52.0,2704.0,209.0,
Wallpoet_regular,ok,52.0,2704.0,277.0,
Karma_300,ok,52.0,2704.0,225.0,
Karma_regular,ok,52.0,2704.0,224.0,
Karma_500,ok,52.0,2704.0,222.0,
Karma_600,ok,52.0,2704.0,221.0,
Karma_700,ok,52.0,2704.0,218.0,
Glory_100,ok,52.0,2704.0,224.0,
Glory_200,ok,52.0,2704.0,224.0,
Glory_300,ok,52.0,2704.0,224.0,
Glory_regular,ok,52.0,2704.0,224.0,
Glory_500,ok,52.0,2704.0,224.0,
Glory_600,ok,52.0,2704.0,224.0,
Glory_700,ok,52.0,2704.0,224.0,
Glory_800,ok,52.0,2704.0,224.0,
Glory_100italic,ok,52.0,2704.0,224.0,
Glory_200italic,ok,52.0,2704.0,224.0,
Glory_300italic,ok,52.0,2704.0,224.0,
Glory_italic,ok,52.0,2704.0,224.0,
Glory_500italic,ok,52.0,2704.0,224.0,
Glory_600italic,ok,52.0,2704.0,224.0,
Glory_700italic,ok,52.0,2704.0,224.0,
Glory_800italic,ok,52.0,2704.0,224.0,
Alef_regular,ok,52.0,2704.0,222.0,
Alef_700,ok,52.0,2704.0,212.0,
ADLaM_Display_regular,ok,52.0,2704.0,208.0,
Balsamiq_Sans_regular,ok,52.0,2704.0,219.0,
Balsamiq_Sans_italic,ok,52.0,2704.0,219.0,
Balsamiq_Sans_700,ok,52.0,2704.0,212.0,
Balsamiq_Sans_700italic,ok,52.0,2704.0,212.0,
Bellefair_regular,ok,52.0,2704.0,216.0,
Libre_Caslon_Display_regular,ok,52.0,2704.0,218.0,
Share_regular,ok,52.0,2704.0,227.0,
Share_italic,ok,52.0,2704.0,227.0,
Share_700,ok,52.0,2704.0,226.0,
Share_700italic,ok,52.0,2704.0,226.0,
Graduate_regular,ok,52.0,2704.0,213.0,
Tiro_Bangla_regular,ok,52.0,2704.0,211.0,
Tiro_Bangla_italic,ok,52.0,2704.0,211.0,
Noto_Sans_Gurmukhi_100,ok,52.0,2704.0,209.0,
Noto_Sans_Gurmukhi_200,ok,52.0,2704.0,209.0,
Noto_Sans_Gurmukhi_300,ok,52.0,2704.0,209.0,
Noto_Sans_Gurmukhi_regular,ok,52.0,2704.0,209.0,
Noto_Sans_Gurmukhi_500,ok,52.0,2704.0,209.0,
Noto_Sans_Gurmukhi_600,ok,52.0,2704.0,209.0,
Noto_Sans_Gurmukhi_700,ok,52.0,2704.0,209.0,
Noto_Sans_Gurmukhi_800,ok,52.0,2704.0,208.0,
Noto_Sans_Gurmukhi_900,ok,52.0,2704.0,206.0,
Laila_300,ok,52.0,2704.0,212.0,
Laila_regular,ok,52.0,2704.0,210.0,
Laila_500,ok,52.0,2704.0,208.0,
Laila_600,ok,52.0,2704.0,206.0,
Laila_700,ok,52.0,2704.0,204.0,
Cormorant_Unicase_300,ok,52.0,2704.0,243.0,
Cormorant_Unicase_regular,ok,52.0,2704.0,243.0,
Cormorant_Unicase_500,ok,52.0,2704.0,243.0,
Cormorant_Unicase_600,ok,52.0,2704.0,243.0,
Cormorant_Unicase_700,ok,52.0,2704.0,243.0,
Allerta_Stencil_regular,ok,52.0,2704.0,200.0,
Arizonia_regular,ok,52.0,2704.0,171.0,
Trirong_100,ok,52.0,2704.0,225.0,
Trirong_100italic,ok,52.0,2704.0,225.0,
Trirong_200,ok,52.0,2704.0,224.0,
Trirong_200italic,ok,52.0,2704.0,224.0,
Trirong_300,ok,52.0,2704.0,224.0,
Trirong_300italic,ok,52.0,2704.0,224.0,
Trirong_regular,ok,52.0,2704.0,223.0,
Trirong_italic,ok,52.0,2704.0,223.0,
Trirong_500,ok,52.0,2704.0,222.0,
Trirong_500italic,ok,52.0,2704.0,222.0,
Trirong_600,ok,52.0,2704.0,222.0,
Trirong_600italic,ok,52.0,2704.0,221.0,
Trirong_700,ok,52.0,2704.0,221.0,
Trirong_700italic,ok,52.0,2704.0,221.0,
Trirong_800,ok,52.0,2704.0,221.0,
Trirong_800italic,ok,52.0,2704.0,220.0,
Trirong_900,ok,52.0,2704.0,220.0,
Trirong_900italic,ok,52.0,2704.0,219.0,
Armata_regular,ok,52.0,2704.0,190.0,
Pattaya_regular,ok,52.0,2704.0,211.0,
Noto_Sans_Meetei_Mayek_100,ok,52.0,2704.0,209.0,
Noto_Sans_Meetei_Mayek_200,ok,52.0,2704.0,209.0,
Noto_Sans_Meetei_Mayek_300,ok,52.0,2704.0,209.0,
Noto_Sans_Meetei_Mayek_regular,ok,52.0,2704.0,209.0,
Noto_Sans_Meetei_Mayek_500,ok,52.0,2704.0,209.0,
Noto_Sans_Meetei_Mayek_600,ok,52.0,2704.0,209.0,
Noto_Sans_Meetei_Mayek_700,ok,52.0,2704.0,209.0,
Noto_Sans_Meetei_Mayek_800,ok,52.0,2704.0,208.0,
Noto_Sans_Meetei_Mayek_900,ok,52.0,2704.0,206.0,
Pixelify_Sans_regular,ok,52.0,2704.0,253.0,
Pixelify_Sans_500,ok,52.0,2704.0,252.0,
Pixelify_Sans_600,ok,52.0,2704.0,251.0,
Pixelify_Sans_700,ok,52.0,2704.0,250.0,
Noto_Sans_Kannada_100,ok,52.0,2704.0,209.0,
Noto_Sans_Kannada_200,ok,52.0,2704.0,209.0,
Noto_Sans_Kannada_300,ok,52.0,2704.0,209.0,
Noto_Sans_Kannada_regular,ok,52.0,2704.0,209.0,
Noto_Sans_Kannada_500,ok,52.0,2704.0,209.0,
Noto_Sans_Kannada_600,ok,52.0,2704.0,209.0,
Noto_Sans_Kannada_700,ok,52.0,2704.0,209.0,
Noto_Sans_Kannada_800,ok,52.0,2704.0,209.0,
Noto_Sans_Kannada_900,ok,52.0,2704.0,206.0,
Pathway_Extreme_100,ok,52.0,2704.0,212.0,
Pathway_Extreme_200,ok,52.0,2704.0,212.0,
Pathway_Extreme_300,ok,52.0,2704.0,211.0,
Pathway_Extreme_regular,ok,52.0,2704.0,211.0,
Pathway_Extreme_500,ok,52.0,2704.0,211.0,
Pathway_Extreme_600,ok,52.0,2704.0,210.0,
Pathway_Extreme_700,ok,52.0,2704.0,209.0,
Pathway_Extreme_800,ok,52.0,2704.0,208.0,
Pathway_Extreme_900,ok,52.0,2704.0,204.0,
Pathway_Extreme_100italic,ok,52.0,2704.0,212.0,
Pathway_Extreme_200italic,ok,52.0,2704.0,212.0,
Pathway_Extreme_300italic,ok,52.0,2704.0,211.0,
Pathway_Extreme_italic,ok,52.0,2704.0,211.0,
Pathway_Extreme_500italic,ok,52.0,2704.0,211.0,
Pathway_Extreme_600italic,ok,52.0,2704.0,210.0,
Pathway_Extreme_700italic,ok,52.0,2704.0,209.0,
Pathway_Extreme_800italic,ok,52.0,2704.0,208.0,
Pathway_Extreme_900italic,ok,52.0,2704.0,204.0,
Alatsi_regular,ok,52.0,2704.0,206.0,
Quintessential_regular,ok,52.0,2704.0,176.0,
Carlito_regular,ok,52.0,2704.0,230.0,
Carlito_italic,ok,52.0,2704.0,230.0,
Carlito_700,ok,52.0,2704.0,228.0,
Carlito_700italic,ok,52.0,2704.0,228.0,
DynaPuff_regular,ok,52.0,2704.0,199.0,
DynaPuff_500,ok,52.0,2704.0,199.0,
DynaPuff_600,ok,52.0,2704.0,199.0,
DynaPuff_700,ok,52.0,2704.0,199.0,
Lexend_Zetta_100,ok,52.0,2704.0,213.0,
Lexend_Zetta_200,ok,52.0,2704.0,216.0,
Lexend_Zetta_300,ok,52.0,2704.0,213.0,
Lexend_Zetta_regular,ok,52.0,2704.0,204.0,
Lexend_Zetta_500,ok,52.0,2704.0,202.0,
Lexend_Zetta_600,ok,52.0,2704.0,199.0,
Lexend_Zetta_700,ok,52.0,2704.0,197.0,
Lexend_Zetta_800,ok,52.0,2704.0,193.0,
Lexend_Zetta_900,ok,52.0,2704.0,191.0,
Allison_regular,ok,52.0,2704.0,220.0,
Nobile_regular,ok,52.0,2704.0,197.0,
Nobile_italic,ok,52.0,2704.0,198.0,
Nobile_500,ok,52.0,2704.0,191.0,
Nobile_500italic,ok,52.0,2704.0,197.0,
Nobile_700,ok,52.0,2704.0,174.0,
Nobile_700italic,ok,52.0,2704.0,195.0,
Lateef_200,ok,52.0,2704.0,292.0,
Lateef_300,ok,52.0,2704.0,292.0,
Lateef_regular,ok,52.0,2704.0,292.0,
Lateef_500,ok,52.0,2704.0,292.0,
Lateef_600,ok,52.0,2704.0,292.0,
Lateef_700,ok,52.0,2704.0,292.0,
Lateef_800,ok,52.0,2704.0,292.0,
Cormorant_SC_300,ok,52.0,2704.0,243.0,
Cormorant_SC_regular,ok,52.0,2704.0,243.0,
Cormorant_SC_500,ok,52.0,2704.0,243.0,
Cormorant_SC_600,ok,52.0,2704.0,243.0,
Cormorant_SC_700,ok,52.0,2704.0,243.0,
Rancho_regular,ok,52.0,2704.0,229.0,
Oranienbaum_regular,ok,52.0,2704.0,223.0,
Ephesis_regular,ok,52.0,2704.0,197.0,
Mali_200,ok,52.0,2704.0,184.0,
Mali_200italic,ok,52.0,2704.0,184.0,
Mali_300,ok,52.0,2704.0,183.0,
Mali_300italic,ok,52.0,2704.0,183.0,
Mali_regular,ok,52.0,2704.0,182.0,
Mali_italic,ok,52.0,2704.0,182.0,
Mali_500,ok,52.0,2704.0,183.0,
Mali_500italic,ok,52.0,2704.0,183.0,
Mali_600,ok,52.0,2704.0,183.0,
Mali_600italic,ok,52.0,2704.0,183.0,
Mali_700,ok,52.0,2704.0,183.0,
Mali_700italic,ok,52.0,2704.0,183.0,
Nanum_Brush_Script_regular,ok,52.0,2704.0,282.0,
Anek_Devanagari_100,ok,52.0,2704.0,237.0,
Anek_Devanagari_200,ok,52.0,2704.0,236.0,
Anek_Devanagari_300,ok,52.0,2704.0,236.0,
Anek_Devanagari_regular,ok,52.0,2704.0,236.0,
Anek_Devanagari_500,ok,52.0,2704.0,236.0,
Anek_Devanagari_600,ok,52.0,2704.0,234.0,
Anek_Devanagari_700,ok,52.0,2704.0,232.0,
Anek_Devanagari_800,ok,52.0,2704.0,230.0,
Markazi_Text_regular,ok,52.0,2704.0,288.0,
Markazi_Text_500,ok,52.0,2704.0,288.0,
Markazi_Text_600,ok,52.0,2704.0,287.0,
Markazi_Text_700,ok,52.0,2704.0,287.0,
Uncial_Antiqua_regular,ok,52.0,2704.0,162.0,
Brygada_1918_regular,ok,52.0,2704.0,216.0,
Brygada_1918_500,ok,52.0,2704.0,216.0,
Brygada_1918_600,ok,52.0,2704.0,216.0,
Brygada_1918_700,ok,52.0,2704.0,216.0,
Brygada_1918_italic,ok,52.0,2704.0,216.0,
Brygada_1918_500italic,ok,52.0,2704.0,216.0,
Brygada_1918_600italic,ok,52.0,2704.0,216.0,
Brygada_1918_700italic,ok,52.0,2704.0,216.0,
Caladea_regular,ok,52.0,2704.0,225.0,
Caladea_italic,ok,52.0,2704.0,229.0,
Caladea_700,ok,52.0,2704.0,225.0,
Caladea_700italic,ok,52.0,2704.0,225.0,
Kosugi_regular,ok,52.0,2704.0,209.0,
Knewave_regular,ok,52.0,2704.0,191.0,
DotGothic16_regular,ok,52.0,2704.0,204.0,
Enriqueta_regular,ok,52.0,2704.0,202.0,
Enriqueta_500,ok,52.0,2704.0,202.0,
Enriqueta_600,ok,52.0,2704.0,202.0,
Enriqueta_700,ok,52.0,2704.0,202.0,
Noto_Sans_Georgian_100,ok,52.0,2704.0,209.0,
Noto_Sans_Georgian_200,ok,52.0,2704.0,209.0,
Noto_Sans_Georgian_300,ok,52.0,2704.0,209.0,
Noto_Sans_Georgian_regular,ok,52.0,2704.0,209.0,
Noto_Sans_Georgian_500,ok,52.0,2704.0,209.0,
Noto_Sans_Georgian_600,ok,52.0,2704.0,209.0,
Noto_Sans_Georgian_700,ok,52.0,2704.0,209.0,
Noto_Sans_Georgian_800,ok,52.0,2704.0,208.0,
Noto_Sans_Georgian_900,ok,52.0,2704.0,206.0,
Lexend_Peta_100,ok,52.0,2704.0,213.0,
Lexend_Peta_200,ok,52.0,2704.0,216.0,
Lexend_Peta_300,ok,52.0,2704.0,213.0,
Lexend_Peta_regular,ok,52.0,2704.0,205.0,
Lexend_Peta_500,ok,52.0,2704.0,202.0,
Lexend_Peta_600,ok,52.0,2704.0,200.0,
Lexend_Peta_700,ok,52.0,2704.0,198.0,
Lexend_Peta_800,ok,52.0,2704.0,194.0,
Lexend_Peta_900,ok,52.0,2704.0,192.0,
Grand_Hotel_regular,ok,52.0,2704.0,213.0,
Dawning_of_a_New_Day_regular,ok,52.0,2704.0,168.0,
Mochiy_Pop_One_regular,ok,52.0,2704.0,189.0,
Anton_SC_regular,ok,52.0,2704.0,173.0,
Hepta_Slab_100,ok,52.0,2704.0,200.0,
Hepta_Slab_200,ok,52.0,2704.0,200.0,
Hepta_Slab_300,ok,52.0,2704.0,200.0,
Hepta_Slab_regular,ok,52.0,2704.0,200.0,
Hepta_Slab_500,ok,52.0,2704.0,200.0,
Hepta_Slab_600,ok,52.0,2704.0,199.0,
Hepta_Slab_700,ok,52.0,2704.0,199.0,
Hepta_Slab_800,ok,52.0,2704.0,199.0,
Hepta_Slab_900,ok,52.0,2704.0,199.0,
Antic_Didone_regular,ok,52.0,2704.0,213.0,
Cantata_One_regular,ok,52.0,2704.0,193.0,
Petit_Formal_Script_regular,ok,52.0,2704.0,191.0,
Style_Script_regular,ok,52.0,2704.0,199.0,
Lacquer_regular,ok,52.0,2704.0,188.0,
Fjord_One_regular,ok,52.0,2704.0,203.0,
Telex_regular,ok,52.0,2704.0,210.0,
Annie_Use_Your_Telescope_regular,ok,52.0,2704.0,185.0,
Nixie_One_regular,ok,52.0,2704.0,225.0,
Klee_One_regular,ok,52.0,2704.0,225.0,
Klee_One_600,ok,52.0,2704.0,225.0,
Sedgwick_Ave_Display_regular,ok,52.0,2704.0,172.0,
Kristi_regular,ok,52.0,2704.0,190.0,
IBM_Plex_Sans_KR_100,ok,52.0,2704.0,216.0,
IBM_Plex_Sans_KR_200,ok,52.0,2704.0,216.0,
IBM_Plex_Sans_KR_300,ok,52.0,2704.0,216.0,
IBM_Plex_Sans_KR_regular,ok,52.0,2704.0,216.0,
IBM_Plex_Sans_KR_500,ok,52.0,2704.0,215.0,
IBM_Plex_Sans_KR_600,ok,52.0,2704.0,215.0,
IBM_Plex_Sans_KR_700,ok,52.0,2704.0,214.0,
Rampart_One_regular,ok,52.0,2704.0,197.0,
RocknRoll_One_regular,ok,52.0,2704.0,199.0,
Young_Serif_regular,ok,52.0,2704.0,199.0,
Noto_Emoji_300,ok,52.0,2704.0,234.0,
Noto_Emoji_regular,ok,52.0,2704.0,234.0,
Noto_Emoji_500,ok,52.0,2704.0,234.0,
Noto_Emoji_600,ok,52.0,2704.0,234.0,
Noto_Emoji_700,ok,52.0,2704.0,234.0,
Alegreya_SC_regular,ok,52.0,2704.0,246.0,
Alegreya_SC_italic,ok,52.0,2704.0,246.0,
Alegreya_SC_500,ok,52.0,2704.0,245.0,
Alegreya_SC_500italic,ok,52.0,2704.0,246.0,
Alegreya_SC_700,ok,52.0,2704.0,244.0,
Alegreya_SC_700italic,ok,52.0,2704.0,245.0,
Alegreya_SC_800,ok,52.0,2704.0,243.0,
Alegreya_SC_800italic,ok,52.0,2704.0,243.0,
Alegreya_SC_900,ok,52.0,2704.0,242.0,
Alegreya_SC_900italic,ok,52.0,2704.0,242.0,
Radio_Canada_Big_regular,ok,52.0,2704.0,220.0,
Radio_Canada_Big_500,ok,52.0,2704.0,219.0,
Radio_Canada_Big_600,ok,52.0,2704.0,217.0,
Radio_Canada_Big_700,ok,52.0,2704.0,216.0,
Radio_Canada_Big_italic,ok,52.0,2704.0,220.0,
Radio_Canada_Big_500italic,ok,52.0,2704.0,217.0,
Radio_Canada_Big_600italic,ok,52.0,2704.0,214.0,
Radio_Canada_Big_700italic,ok,52.0,2704.0,211.0,
Almendra_regular,ok,52.0,2704.0,216.0,
Almendra_italic,ok,52.0,2704.0,213.0,
Almendra_700,ok,52.0,2704.0,216.0,
Almendra_700italic,ok,52.0,2704.0,213.0,
Afacad_Flux_100,ok,52.0,2704.0,237.0,
Afacad_Flux_200,ok,52.0,2704.0,237.0,
Afacad_Flux_300,ok,52.0,2704.0,237.0,
Afacad_Flux_regular,ok,52.0,2704.0,237.0,
Afacad_Flux_500,ok,52.0,2704.0,237.0,
Afacad_Flux_600,ok,52.0,2704.0,237.0,
Afacad_Flux_700,ok,52.0,2704.0,237.0,
Afacad_Flux_800,ok,52.0,2704.0,237.0,
Afacad_Flux_900,ok,52.0,2704.0,237.0,
Ibarra_Real_Nova_regular,ok,52.0,2704.0,224.0,
Ibarra_Real_Nova_500,ok,52.0,2704.0,225.0,
Ibarra_Real_Nova_600,ok,52.0,2704.0,225.0,
Ibarra_Real_Nova_700,ok,52.0,2704.0,225.0,
Ibarra_Real_Nova_italic,ok,52.0,2704.0,223.0,
Ibarra_Real_Nova_500italic,ok,52.0,2704.0,222.0,
Ibarra_Real_Nova_600italic,ok,52.0,2704.0,220.0,
Ibarra_Real_Nova_700italic,ok,52.0,2704.0,218.0,
Goudy_Bookletter_1911_regular,ok,52.0,2704.0,220.0,
Hina_Mincho_regular,ok,52.0,2704.0,224.0,
Chonburi_regular,ok,52.0,2704.0,219.0,
Special_Gothic_Expanded_One_regular,ok,52.0,2704.0,197.0,
BIZ_UDPMincho_regular,ok,52.0,2704.0,198.0,
BIZ_UDPMincho_700,ok,52.0,2704.0,198.0,
Silkscreen_regular,ok,52.0,2704.0,256.0,
Silkscreen_700,ok,52.0,2704.0,256.0,
Sarina_regular,ok,52.0,2704.0,187.0,
Schoolbell_regular,ok,52.0,2704.0,197.0,
Noto_Serif_Georgian_100,ok,52.0,2704.0,207.0,
Noto_Serif_Georgian_200,ok,52.0,2704.0,207.0,
Noto_Serif_Georgian_300,ok,52.0,2704.0,207.0,
Noto_Serif_Georgian_regular,ok,52.0,2704.0,207.0,
Noto_Serif_Georgian_500,ok,52.0,2704.0,207.0,
Noto_Serif_Georgian_600,ok,52.0,2704.0,208.0,
Noto_Serif_Georgian_700,ok,52.0,2704.0,207.0,
Noto_Serif_Georgian_800,ok,52.0,2704.0,206.0,
Noto_Serif_Georgian_900,ok,52.0,2704.0,205.0,
Sniglet_regular,ok,52.0,2704.0,208.0,
Sniglet_800,ok,52.0,2704.0,206.0,
Fondamento_regular,ok,52.0,2704.0,190.0,
Fondamento_italic,ok,52.0,2704.0,190.0,
Calligraffitti_regular,ok,52.0,2704.0,162.0,
Arbutus_Slab_regular,ok,52.0,2704.0,202.0,
Original_Surfer_regular,ok,52.0,2704.0,204.0,
Seaweed_Script_regular,ok,52.0,2704.0,209.0,
Zalando_Sans_200,ok,52.0,2704.0,220.0,
Zalando_Sans_300,ok,52.0,2704.0,220.0,
Zalando_Sans_regular,ok,52.0,2704.0,220.0,
Zalando_Sans_500,ok,52.0,2704.0,220.0,
Zalando_Sans_600,ok,52.0,2704.0,220.0,
Zalando_Sans_700,ok,52.0,2704.0,220.0,
Zalando_Sans_800,ok,52.0,2704.0,220.0,
Zalando_Sans_900,ok,52.0,2704.0,220.0,
Zalando_Sans_200italic,ok,52.0,2704.0,220.0,
Zalando_Sans_300italic,ok,52.0,2704.0,220.0,
Zalando_Sans_italic,ok,52.0,2704.0,220.0,
Zalando_Sans_500italic,ok,52.0,2704.0,220.0,
Zalando_Sans_600italic,ok,52.0,2704.0,220.0,
Zalando_Sans_700italic,ok,52.0,2704.0,220.0,
Zalando_Sans_800italic,ok,52.0,2704.0,220.0,
Zalando_Sans_900italic,ok,52.0,2704.0,220.0,
Bellota_Text_300,ok,52.0,2704.0,215.0,
Bellota_Text_300italic,ok,52.0,2704.0,215.0,
Bellota_Text_regular,ok,52.0,2704.0,215.0,
Bellota_Text_italic,ok,52.0,2704.0,215.0,
Bellota_Text_700,ok,52.0,2704.0,215.0,
Bellota_Text_700italic,ok,52.0,2704.0,215.0,
ZCOOL_XiaoWei_regular,ok,52.0,2704.0,233.0,
BioRhyme_200,ok,52.0,2704.0,216.0,
BioRhyme_300,ok,52.0,2704.0,217.0,
BioRhyme_regular,ok,52.0,2704.0,217.0,
BioRhyme_500,ok,52.0,2704.0,217.0,
BioRhyme_600,ok,52.0,2704.0,217.0,
BioRhyme_700,ok,52.0,2704.0,218.0,
BioRhyme_800,ok,52.0,2704.0,218.0,
Coming_Soon_regular,ok,52.0,2704.0,197.0,
Honk_regular,ok,52.0,2704.0,273.0,
Qwitcher_Grypen_regular,ok,52.0,2704.0,240.0,
Qwitcher_Grypen_700,ok,52.0,2704.0,222.0,
Over_the_Rainbow_regular,ok,52.0,2704.0,145.0,
ZCOOL_KuaiLe_regular,ok,52.0,2704.0,215.0,
Delius_Unicase_regular,ok,52.0,2704.0,209.0,
Delius_Unicase_700,ok,52.0,2704.0,209.0,
Yusei_Magic_regular,ok,52.0,2704.0,208.0,
IBM_Plex_Sans_Hebrew_100,ok,52.0,2704.0,216.0,
IBM_Plex_Sans_Hebrew_200,ok,52.0,2704.0,216.0,
IBM_Plex_Sans_Hebrew_300,ok,52.0,2704.0,216.0,
IBM_Plex_Sans_Hebrew_regular,ok,52.0,2704.0,216.0,
IBM_Plex_Sans_Hebrew_500,ok,52.0,2704.0,215.0,
IBM_Plex_Sans_Hebrew_600,ok,52.0,2704.0,215.0,
IBM_Plex_Sans_Hebrew_700,ok,52.0,2704.0,214.0,
Halant_300,ok,52.0,2704.0,209.0,
Halant_regular,ok,52.0,2704.0,209.0,
Halant_500,ok,52.0,2704.0,209.0,
Halant_600,ok,52.0,2704.0,209.0,
Halant_700,ok,52.0,2704.0,209.0,
Zen_Dots_regular,ok,52.0,2704.0,221.0,
Noto_Sans_Oriya_100,ok,52.0,2704.0,209.0,
Noto_Sans_Oriya_200,ok,52.0,2704.0,209.0,
Noto_Sans_Oriya_300,ok,52.0,2704.0,209.0,
Noto_Sans_Oriya_regular,ok,52.0,2704.0,209.0,
Noto_Sans_Oriya_500,ok,52.0,2704.0,209.0,
Noto_Sans_Oriya_600,ok,52.0,2704.0,209.0,
Noto_Sans_Oriya_700,ok,52.0,2704.0,209.0,
Noto_Sans_Oriya_800,ok,52.0,2704.0,207.0,
Noto_Sans_Oriya_900,ok,52.0,2704.0,206.0,
Noto_Serif_Hebrew_100,ok,52.0,2704.0,207.0,
Noto_Serif_Hebrew_200,ok,52.0,2704.0,207.0,
Noto_Serif_Hebrew_300,ok,52.0,2704.0,207.0,
Noto_Serif_Hebrew_regular,ok,52.0,2704.0,207.0,
Noto_Serif_Hebrew_500,ok,52.0,2704.0,207.0,
Noto_Serif_Hebrew_600,ok,52.0,2704.0,208.0,
Noto_Serif_Hebrew_700,ok,52.0,2704.0,207.0,
Noto_Serif_Hebrew_800,ok,52.0,2704.0,206.0,
Noto_Serif_Hebrew_900,ok,52.0,2704.0,205.0,
Average_Sans_regular,ok,52.0,2704.0,219.0,
Zalando_Sans_Expanded_200,ok,52.0,2704.0,219.0,
Zalando_Sans_Expanded_300,ok,52.0,2704.0,219.0,
Zalando_Sans_Expanded_regular,ok,52.0,2704.0,219.0,
Zalando_Sans_Expanded_500,ok,52.0,2704.0,217.0,
Zalando_Sans_Expanded_600,ok,52.0,2704.0,213.0,
Zalando_Sans_Expanded_700,ok,52.0,2704.0,209.0,
Zalando_Sans_Expanded_800,ok,52.0,2704.0,207.0,
Zalando_Sans_Expanded_900,ok,52.0,2704.0,205.0,
Zalando_Sans_Expanded_200italic,ok,52.0,2704.0,219.0,
Zalando_Sans_Expanded_300italic,ok,52.0,2704.0,219.0,
Zalando_Sans_Expanded_italic,ok,52.0,2704.0,219.0,
Zalando_Sans_Expanded_500italic,ok,52.0,2704.0,217.0,
Zalando_Sans_Expanded_600italic,ok,52.0,2704.0,212.0,
Zalando_Sans_Expanded_700italic,ok,52.0,2704.0,209.0,
Zalando_Sans_Expanded_800italic,ok,52.0,2704.0,207.0,
Zalando_Sans_Expanded_900italic,ok,52.0,2704.0,204.0,
Macondo_regular,ok,52.0,2704.0,213.0,
Cal_Sans_regular,ok,52.0,2704.0,219.0,
Rosario_300,ok,52.0,2704.0,208.0,
Rosario_regular,ok,52.0,2704.0,207.0,
Rosario_500,ok,52.0,2704.0,207.0,
Rosario_600,ok,52.0,2704.0,206.0,
Rosario_700,ok,52.0,2704.0,206.0,
Rosario_300italic,ok,52.0,2704.0,208.0,
Rosario_italic,ok,52.0,2704.0,207.0,
Rosario_500italic,ok,52.0,2704.0,207.0,
Rosario_600italic,ok,52.0,2704.0,206.0,
Rosario_700italic,ok,52.0,2704.0,206.0,
Sigmar_One_regular,ok,52.0,2704.0,228.0,
Allerta_regular,ok,52.0,2704.0,200.0,
Noto_Sans_Warang_Citi_regular,ok,52.0,2704.0,209.0,
Monsieur_La_Doulaise_regular,ok,52.0,2704.0,125.0,
Noto_Serif_Devanagari_100,ok,52.0,2704.0,207.0,
Noto_Serif_Devanagari_200,ok,52.0,2704.0,207.0,
Noto_Serif_Devanagari_300,ok,52.0,2704.0,207.0,
Noto_Serif_Devanagari_regular,ok,52.0,2704.0,207.0,
Noto_Serif_Devanagari_500,ok,52.0,2704.0,207.0,
Noto_Serif_Devanagari_600,ok,52.0,2704.0,208.0,
Noto_Serif_Devanagari_700,ok,52.0,2704.0,207.0,
Noto_Serif_Devanagari_800,ok,52.0,2704.0,206.0,
Noto_Serif_Devanagari_900,ok,52.0,2704.0,205.0,
Agbalumo_regular,ok,52.0,2704.0,216.0,
Turret_Road_200,ok,52.0,2704.0,228.0,
Turret_Road_300,ok,52.0,2704.0,228.0,
Turret_Road_regular,ok,52.0,2704.0,228.0,
Turret_Road_500,ok,52.0,2704.0,228.0,
Turret_Road_700,ok,52.0,2704.0,228.0,
Turret_Road_800,ok,52.0,2704.0,228.0,
Love_Ya_Like_A_Sister_regular,ok,52.0,2704.0,203.0,
Fuzzy_Bubbles_regular,ok,52.0,2704.0,203.0,
Fuzzy_Bubbles_700,ok,52.0,2704.0,196.0,
Baloo_Thambi_2_regular,ok,52.0,2704.0,238.0,
Baloo_Thambi_2_500,ok,52.0,2704.0,237.0,
Baloo_Thambi_2_600,ok,52.0,2704.0,233.0,
Baloo_Thambi_2_700,ok,52.0,2704.0,229.0,
Baloo_Thambi_2_800,ok,52.0,2704.0,225.0,
Inria_Sans_300,ok,52.0,2704.0,213.0,
Inria_Sans_300italic,ok,52.0,2704.0,213.0,
Inria_Sans_regular,ok,52.0,2704.0,213.0,
Inria_Sans_italic,ok,52.0,2704.0,213.0,
Inria_Sans_700,ok,52.0,2704.0,213.0,
Inria_Sans_700italic,ok,52.0,2704.0,213.0,
Megrim_regular,ok,52.0,2704.0,226.0,
Vujahday_Script_regular,ok,52.0,2704.0,205.0,
Maitree_200,ok,52.0,2704.0,223.0,
Maitree_300,ok,52.0,2704.0,222.0,
Maitree_regular,ok,52.0,2704.0,222.0,
Maitree_500,ok,52.0,2704.0,222.0,
Maitree_600,ok,52.0,2704.0,221.0,
Maitree_700,ok,52.0,2704.0,217.0,
Noto_Sans_Armenian_100,ok,52.0,2704.0,209.0,
Noto_Sans_Armenian_200,ok,52.0,2704.0,209.0,
Noto_Sans_Armenian_300,ok,52.0,2704.0,209.0,
Noto_Sans_Armenian_regular,ok,52.0,2704.0,209.0,
Noto_Sans_Armenian_500,ok,52.0,2704.0,209.0,
Noto_Sans_Armenian_600,ok,52.0,2704.0,209.0,
Noto_Sans_Armenian_700,ok,52.0,2704.0,209.0,
Noto_Sans_Armenian_800,ok,52.0,2704.0,208.0,
Noto_Sans_Armenian_900,ok,52.0,2704.0,206.0,
Waiting_for_the_Sunrise_regular,ok,52.0,2704.0,180.0,
Kantumruy_Pro_100,ok,52.0,2704.0,217.0,
Kantumruy_Pro_200,ok,52.0,2704.0,217.0,
Kantumruy_Pro_300,ok,52.0,2704.0,217.0,
Kantumruy_Pro_regular,ok,52.0,2704.0,217.0,
Kantumruy_Pro_500,ok,52.0,2704.0,218.0,
Kantumruy_Pro_600,ok,52.0,2704.0,219.0,
Kantumruy_Pro_700,ok,52.0,2704.0,220.0,
Kantumruy_Pro_100italic,ok,52.0,2704.0,217.0,
Kantumruy_Pro_200italic,ok,52.0,2704.0,217.0,
Kantumruy_Pro_300italic,ok,52.0,2704.0,217.0,
Kantumruy_Pro_italic,ok,52.0,2704.0,217.0,
Kantumruy_Pro_500italic,ok,52.0,2704.0,218.0,
Kantumruy_Pro_600italic,ok,52.0,2704.0,219.0,
Kantumruy_Pro_700italic,ok,52.0,2704.0,220.0,
Tilt_Neon_regular,ok,52.0,2704.0,214.0,
Amiko_regular,ok,52.0,2704.0,208.0,
Amiko_600,ok,52.0,2704.0,208.0,
Amiko_700,ok,52.0,2704.0,208.0,
Yesteryear_regular,ok,52.0,2704.0,195.0,
Anybody_100,ok,52.0,2704.0,203.0,
Anybody_200,ok,52.0,2704.0,202.0,
Anybody_300,ok,52.0,2704.0,202.0,
Anybody_regular,ok,52.0,2704.0,202.0,
Anybody_500,ok,52.0,2704.0,202.0,
Anybody_600,ok,52.0,2704.0,202.0,
Anybody_700,ok,52.0,2704.0,202.0,
Anybody_800,ok,52.0,2704.0,202.0,
Anybody_900,ok,52.0,2704.0,202.0,
Anybody_100italic,ok,52.0,2704.0,203.0,
Anybody_200italic,ok,52.0,2704.0,202.0,
Anybody_300italic,ok,52.0,2704.0,202.0,
Anybody_italic,ok,52.0,2704.0,202.0,
Anybody_500italic,ok,52.0,2704.0,202.0,
Anybody_600italic,ok,52.0,2704.0,202.0,
Anybody_700italic,ok,52.0,2704.0,202.0,
Anybody_800italic,ok,52.0,2704.0,202.0,
Anybody_900italic,ok,52.0,2704.0,202.0,
Bokor_regular,ok,52.0,2704.0,198.0,
Poetsen_One_regular,ok,52.0,2704.0,212.0,
Hedvig_Letters_Serif_regular,ok,52.0,2704.0,199.0,
Recursive_300,ok,52.0,2704.0,210.0,
Recursive_regular,ok,52.0,2704.0,206.0,
Recursive_500,ok,52.0,2704.0,204.0,
Recursive_600,ok,52.0,2704.0,203.0,
Recursive_700,ok,52.0,2704.0,201.0,
Recursive_800,ok,52.0,2704.0,200.0,
Recursive_900,ok,52.0,2704.0,200.0,
Bentham_regular,ok,52.0,2704.0,244.0,
Meddon_regular,ok,52.0,2704.0,121.0,
Marvel_regular,ok,52.0,2704.0,225.0,
Marvel_italic,ok,52.0,2704.0,225.0,
Marvel_700,ok,52.0,2704.0,225.0,
Marvel_700italic,ok,52.0,2704.0,225.0,
Magra_regular,ok,52.0,2704.0,210.0,
Magra_700,ok,52.0,2704.0,206.0,
Hurricane_regular,ok,52.0,2704.0,215.0,
IM_Fell_English_SC_regular,ok,52.0,2704.0,173.0,
Chiron_GoRound_TC_200,ok,52.0,2704.0,224.0,
Chiron_GoRound_TC_300,ok,52.0,2704.0,224.0,
Chiron_GoRound_TC_regular,ok,52.0,2704.0,224.0,
Chiron_GoRound_TC_500,ok,52.0,2704.0,223.0,
Chiron_GoRound_TC_600,ok,52.0,2704.0,221.0,
Chiron_GoRound_TC_700,ok,52.0,2704.0,219.0,
Chiron_GoRound_TC_800,ok,52.0,2704.0,217.0,
Chiron_GoRound_TC_900,ok,52.0,2704.0,215.0,
Overlock_regular,ok,52.0,2704.0,215.0,
Overlock_italic,ok,52.0,2704.0,215.0,
Overlock_700,ok,52.0,2704.0,215.0,
Overlock_700italic,ok,52.0,2704.0,212.0,
Overlock_900,ok,52.0,2704.0,215.0,
Overlock_900italic,ok,52.0,2704.0,215.0,
Flow_Circular_regular,ok,52.0,2704.0,296.0,
MedievalSharp_regular,ok,52.0,2704.0,208.0,
Bayon_regular,ok,52.0,2704.0,226.0,
Meow_Script_regular,ok,52.0,2704.0,206.0,
Corinthia_regular,ok,52.0,2704.0,221.0,
Corinthia_700,ok,52.0,2704.0,177.0,
Zain_200,ok,52.0,2704.0,225.0,
Zain_300,ok,52.0,2704.0,225.0,
Zain_300italic,ok,52.0,2704.0,225.0,
Zain_regular,ok,52.0,2704.0,225.0,
Zain_italic,ok,52.0,2704.0,225.0,
Zain_700,ok,52.0,2704.0,226.0,
Zain_800,ok,52.0,2704.0,226.0,
Zain_900,ok,52.0,2704.0,226.0,
Koulen_regular,ok,52.0,2704.0,226.0,
Zalando_Sans_SemiExpanded_200,ok,52.0,2704.0,220.0,
Zalando_Sans_SemiExpanded_300,ok,52.0,2704.0,220.0,
Zalando_Sans_SemiExpanded_regular,ok,52.0,2704.0,220.0,
Zalando_Sans_SemiExpanded_500,ok,52.0,2704.0,220.0,
Zalando_Sans_SemiExpanded_600,ok,52.0,2704.0,220.0,
Zalando_Sans_SemiExpanded_700,ok,52.0,2704.0,220.0,
Zalando_Sans_SemiExpanded_800,ok,52.0,2704.0,220.0,
Zalando_Sans_SemiExpanded_900,ok,52.0,2704.0,220.0,
Zalando_Sans_SemiExpanded_200italic,ok,52.0,2704.0,220.0,
Zalando_Sans_SemiExpanded_300italic,ok,52.0,2704.0,220.0,
Zalando_Sans_SemiExpanded_italic,ok,52.0,2704.0,220.0,
Zalando_Sans_SemiExpanded_500italic,ok,52.0,2704.0,220.0,
Zalando_Sans_SemiExpanded_600italic,ok,52.0,2704.0,220.0,
Zalando_Sans_SemiExpanded_700italic,ok,52.0,2704.0,220.0,
Zalando_Sans_SemiExpanded_800italic,ok,52.0,2704.0,220.0,
Zalando_Sans_SemiExpanded_900italic,ok,52.0,2704.0,220.0,
Mouse_Memoirs_regular,ok,52.0,2704.0,214.0,
Tiro_Devanagari_Hindi_regular,ok,52.0,2704.0,211.0,
Tiro_Devanagari_Hindi_italic,ok,52.0,2704.0,211.0,
Hanuman_100,ok,52.0,2704.0,207.0,
Hanuman_200,ok,52.0,2704.0,207.0,
Hanuman_300,ok,52.0,2704.0,207.0,
Hanuman_regular,ok,52.0,2704.0,207.0,
Hanuman_500,ok,52.0,2704.0,207.0,
Hanuman_600,ok,52.0,2704.0,207.0,
Hanuman_700,ok,52.0,2704.0,207.0,
Hanuman_800,ok,52.0,2704.0,207.0,
Hanuman_900,ok,52.0,2704.0,207.0,
ZCOOL_QingKe_HuangYou_regular,ok,52.0,2704.0,221.0,
Playpen_Sans_100,ok,52.0,2704.0,191.0,
Playpen_Sans_200,ok,52.0,2704.0,191.0,
Playpen_Sans_300,ok,52.0,2704.0,191.0,
Playpen_Sans_regular,ok,52.0,2704.0,191.0,
Playpen_Sans_500,ok,52.0,2704.0,191.0,
Playpen_Sans_600,ok,52.0,2704.0,191.0,
Playpen_Sans_700,ok,52.0,2704.0,191.0,
Playpen_Sans_800,ok,52.0,2704.0,191.0,
Scada_regular,ok,52.0,2704.0,225.0,
Scada_italic,ok,52.0,2704.0,225.0,
Scada_700,ok,52.0,2704.0,223.0,
Scada_700italic,ok,52.0,2704.0,223.0,
Mountains_of_Christmas_regular,ok,52.0,2704.0,174.0,
Mountains_of_Christmas_700,ok,52.0,2704.0,172.0,
Zen_Antique_regular,ok,52.0,2704.0,217.0,
Irish_Grover_regular,ok,52.0,2704.0,210.0,
Mansalva_regular,ok,52.0,2704.0,216.0,
Rochester_regular,ok,52.0,2704.0,188.0,
Metamorphous_regular,ok,52.0,2704.0,180.0,
Bubblegum_Sans_regular,ok,52.0,2704.0,217.0,
Copse_regular,ok,52.0,2704.0,207.0,
Red_Rose_300,ok,52.0,2704.0,222.0,
Red_Rose_regular,ok,52.0,2704.0,221.0,
Red_Rose_500,ok,52.0,2704.0,218.0,
Red_Rose_600,ok,52.0,2704.0,216.0,
Red_Rose_700,ok,52.0,2704.0,213.0,
Hahmlet_100,ok,52.0,2704.0,213.0,
Hahmlet_200,ok,52.0,2704.0,213.0,
Hahmlet_300,ok,52.0,2704.0,213.0,
Hahmlet_regular,ok,52.0,2704.0,212.0,
Hahmlet_500,ok,52.0,2704.0,211.0,
Hahmlet_600,ok,52.0,2704.0,210.0,
Hahmlet_700,ok,52.0,2704.0,209.0,
Hahmlet_800,ok,52.0,2704.0,208.0,
Hahmlet_900,ok,52.0,2704.0,207.0,
Marmelad_regular,ok,52.0,2704.0,210.0,
Farro_300,ok,52.0,2704.0,195.0,
Farro_regular,ok,52.0,2704.0,195.0,
Farro_500,ok,52.0,2704.0,198.0,
Farro_700,ok,52.0,2704.0,198.0,
Rakkas_regular,ok,52.0,2704.0,225.0,
David_Libre_regular,ok,52.0,2704.0,211.0,
David_Libre_500,ok,52.0,2704.0,211.0,
David_Libre_700,ok,52.0,2704.0,211.0,
Kadwa_regular,ok,52.0,2704.0,205.0,
Kadwa_700,ok,52.0,2704.0,201.0,
Rouge_Script_regular,ok,52.0,2704.0,213.0,
Prosto_One_regular,ok,52.0,2704.0,222.0,
Manjari_100,ok,52.0,2704.0,237.0,
Manjari_regular,ok,52.0,2704.0,235.0,
Manjari_700,ok,52.0,2704.0,224.0,
Nova_Square_regular,ok,52.0,2704.0,212.0,
KoHo_200,ok,52.0,2704.0,225.0,
KoHo_200italic,ok,52.0,2704.0,225.0,
KoHo_300,ok,52.0,2704.0,221.0,
KoHo_300italic,ok,52.0,2704.0,221.0,
KoHo_regular,ok,52.0,2704.0,221.0,
KoHo_italic,ok,52.0,2704.0,221.0,
KoHo_500,ok,52.0,2704.0,216.0,
KoHo_500italic,ok,52.0,2704.0,216.0,
KoHo_600,ok,52.0,2704.0,214.0,
KoHo_600italic,ok,52.0,2704.0,214.0,
KoHo_700,ok,52.0,2704.0,212.0,
KoHo_700italic,ok,52.0,2704.0,212.0,
Noto_Sans_Thai_Looped_100,ok,52.0,2704.0,209.0,
Noto_Sans_Thai_Looped_200,ok,52.0,2704.0,209.0,
Noto_Sans_Thai_Looped_300,ok,52.0,2704.0,209.0,
Noto_Sans_Thai_Looped_regular,ok,52.0,2704.0,209.0,
Noto_Sans_Thai_Looped_500,ok,52.0,2704.0,209.0,
Noto_Sans_Thai_Looped_600,ok,52.0,2704.0,209.0,
Noto_Sans_Thai_Looped_700,ok,52.0,2704.0,209.0,
Noto_Sans_Thai_Looped_800,ok,52.0,2704.0,208.0,
Noto_Sans_Thai_Looped_900,ok,52.0,2704.0,206.0,
Boldonse_regular,ok,52.0,2704.0,133.0,
Supermercado_One_regular,ok,52.0,2704.0,213.0,
Gowun_Dodum_regular,ok,52.0,2704.0,198.0,
Bungee_Spice_regular,ok,52.0,2704.0,217.0,
B612_regular,ok,52.0,2704.0,198.0,
B612_italic,ok,52.0,2704.0,197.0,
B612_700,ok,52.0,2704.0,196.0,
B612_700italic,ok,52.0,2704.0,196.0,
Gabriela_regular,ok,52.0,2704.0,204.0,
Bungee_Inline_regular,ok,52.0,2704.0,217.0,
Asar_regular,ok,52.0,2704.0,218.0,
Baloo_Chettan_2_regular,ok,52.0,2704.0,238.0,
Baloo_Chettan_2_500,ok,52.0,2704.0,238.0,
Baloo_Chettan_2_600,ok,52.0,2704.0,234.0,
Baloo_Chettan_2_700,ok,52.0,2704.0,229.0,
Baloo_Chettan_2_800,ok,52.0,2704.0,225.0,
Baloo_Tamma_2_regular,ok,52.0,2704.0,238.0,
Baloo_Tamma_2_500,ok,52.0,2704.0,238.0,
Baloo_Tamma_2_600,ok,52.0,2704.0,235.0,
Baloo_Tamma_2_700,ok,52.0,2704.0,230.0,
Baloo_Tamma_2_800,ok,52.0,2704.0,225.0,
Qwigley_regular,ok,52.0,2704.0,204.0,
Vesper_Libre_regular,ok,52.0,2704.0,222.0,
Vesper_Libre_500,ok,52.0,2704.0,222.0,
Vesper_Libre_700,ok,52.0,2704.0,222.0,
Vesper_Libre_900,ok,52.0,2704.0,220.0,
Birthstone_regular,ok,52.0,2704.0,269.0,
Give_You_Glory_regular,ok,52.0,2704.0,156.0,
Baloo_Bhaijaan_2_regular,ok,52.0,2704.0,238.0,
Baloo_Bhaijaan_2_500,ok,52.0,2704.0,238.0,
Baloo_Bhaijaan_2_600,ok,52.0,2704.0,234.0,
Baloo_Bhaijaan_2_700,ok,52.0,2704.0,229.0,
Baloo_Bhaijaan_2_800,ok,52.0,2704.0,225.0,
Scheherazade_New_regular,ok,52.0,2704.0,255.0,
Scheherazade_New_500,ok,52.0,2704.0,255.0,
Scheherazade_New_600,ok,52.0,2704.0,255.0,
Scheherazade_New_700,ok,52.0,2704.0,251.0,
Akatab_regular,ok,52.0,2704.0,214.0,
Akatab_500,ok,52.0,2704.0,214.0,
Akatab_600,ok,52.0,2704.0,215.0,
Akatab_700,ok,52.0,2704.0,215.0,
Akatab_800,ok,52.0,2704.0,216.0,
Akatab_900,ok,52.0,2704.0,215.0,
Miriam_Libre_regular,ok,52.0,2704.0,205.0,
Miriam_Libre_500,ok,52.0,2704.0,204.0,
Miriam_Libre_600,ok,52.0,2704.0,203.0,
Miriam_Libre_700,ok,52.0,2704.0,202.0,
Ruslan_Display_regular,ok,52.0,2704.0,241.0,
Kaisei_Opti_regular,ok,52.0,2704.0,206.0,
Kaisei_Opti_500,ok,52.0,2704.0,205.0,
Kaisei_Opti_700,ok,52.0,2704.0,205.0,
Oleo_Script_Swash_Caps_regular,ok,52.0,2704.0,187.0,
Oleo_Script_Swash_Caps_700,ok,52.0,2704.0,188.0,
Battambang_100,ok,52.0,2704.0,207.0,
Battambang_300,ok,52.0,2704.0,207.0,
Battambang_regular,ok,52.0,2704.0,207.0,
Battambang_700,ok,52.0,2704.0,207.0,
Battambang_900,ok,52.0,2704.0,207.0,
Rambla_regular,ok,52.0,2704.0,221.0,
Rambla_italic,ok,52.0,2704.0,221.0,
Rambla_700,ok,52.0,2704.0,209.0,
Rambla_700italic,ok,52.0,2704.0,209.0,
Aguafina_Script_regular,ok,52.0,2704.0,165.0,
Rasa_300,ok,52.0,2704.0,245.0,
Rasa_regular,ok,52.0,2704.0,244.0,
Rasa_500,ok,52.0,2704.0,244.0,
Rasa_600,ok,52.0,2704.0,244.0,
Rasa_700,ok,52.0,2704.0,244.0,
Rasa_300italic,ok,52.0,2704.0,245.0,
Rasa_italic,ok,52.0,2704.0,244.0,
Rasa_500italic,ok,52.0,2704.0,244.0,
Rasa_600italic,ok,52.0,2704.0,243.0,
Rasa_700italic,ok,52.0,2704.0,243.0,
Jockey_One_regular,ok,52.0,2704.0,228.0,
Croissant_One_regular,ok,52.0,2704.0,209.0,
Teachers_regular,ok,52.0,2704.0,213.0,
Teachers_500,ok,52.0,2704.0,213.0,
Teachers_600,ok,52.0,2704.0,213.0,
Teachers_700,ok,52.0,2704.0,213.0,
Teachers_800,ok,52.0,2704.0,213.0,
Teachers_italic,ok,52.0,2704.0,213.0,
Teachers_500italic,ok,52.0,2704.0,213.0,
Teachers_600italic,ok,52.0,2704.0,213.0,
Teachers_700italic,ok,52.0,2704.0,213.0,
Teachers_800italic,ok,52.0,2704.0,213.0,
Noto_Sans_Ol_Chiki_regular,ok,52.0,2704.0,209.0,
Noto_Sans_Ol_Chiki_500,ok,52.0,2704.0,209.0,
Noto_Sans_Ol_Chiki_600,ok,52.0,2704.0,209.0,
Noto_Sans_Ol_Chiki_700,ok,52.0,2704.0,209.0,
Platypi_300,ok,52.0,2704.0,205.0,
Platypi_regular,ok,52.0,2704.0,205.0,
Platypi_500,ok,52.0,2704.0,205.0,
Platypi_600,ok,52.0,2704.0,205.0,
Platypi_700,ok,52.0,2704.0,205.0,
Platypi_800,ok,52.0,2704.0,205.0,
Platypi_300italic,ok,52.0,2704.0,205.0,
Platypi_italic,ok,52.0,2704.0,205.0,
Platypi_500italic,ok,52.0,2704.0,205.0,
Platypi_600italic,ok,52.0,2704.0,205.0,
Platypi_700italic,ok,52.0,2704.0,205.0,
Platypi_800italic,ok,52.0,2704.0,205.0,
TikTok_Sans_300,ok,52.0,2704.0,221.0,
TikTok_Sans_regular,ok,52.0,2704.0,221.0,
TikTok_Sans_500,ok,52.0,2704.0,214.0,
TikTok_Sans_600,ok,52.0,2704.0,210.0,
TikTok_Sans_700,ok,52.0,2704.0,203.0,
TikTok_Sans_800,ok,52.0,2704.0,200.0,
TikTok_Sans_900,ok,52.0,2704.0,198.0,
Mr_De_Haviland_regular,ok,52.0,2704.0,208.0,
Kurale_regular,ok,52.0,2704.0,225.0,
Slackey_regular,ok,52.0,2704.0,206.0,
Vibur_regular,ok,52.0,2704.0,208.0,
Average_regular,ok,52.0,2704.0,219.0,
Coustard_regular,ok,52.0,2704.0,211.0,
Coustard_900,ok,52.0,2704.0,200.0,
Carrois_Gothic_regular,ok,52.0,2704.0,215.0,
Asul_regular,ok,52.0,2704.0,214.0,
Asul_700,ok,52.0,2704.0,214.0,
Yuji_Syuku_regular,ok,52.0,2704.0,232.0,
Shantell_Sans_300,ok,52.0,2704.0,210.0,
Shantell_Sans_regular,ok,52.0,2704.0,210.0,
Shantell_Sans_500,ok,52.0,2704.0,210.0,
Shantell_Sans_600,ok,52.0,2704.0,210.0,
Shantell_Sans_700,ok,52.0,2704.0,210.0,
Shantell_Sans_800,ok,52.0,2704.0,209.0,
Shantell_Sans_300italic,ok,52.0,2704.0,210.0,
Shantell_Sans_italic,ok,52.0,2704.0,210.0,
Shantell_Sans_500italic,ok,52.0,2704.0,210.0,
Shantell_Sans_600italic,ok,52.0,2704.0,210.0,
Shantell_Sans_700italic,ok,52.0,2704.0,210.0,
Shantell_Sans_800italic,ok,52.0,2704.0,209.0,
Inclusive_Sans_300,ok,52.0,2704.0,222.0,
Inclusive_Sans_regular,ok,52.0,2704.0,222.0,
Inclusive_Sans_500,ok,52.0,2704.0,222.0,
Inclusive_Sans_600,ok,52.0,2704.0,222.0,
Inclusive_Sans_700,ok,52.0,2704.0,219.0,
Inclusive_Sans_300italic,ok,52.0,2704.0,222.0,
Inclusive_Sans_italic,ok,52.0,2704.0,222.0,
Inclusive_Sans_500italic,ok,52.0,2704.0,222.0,
Inclusive_Sans_600italic,ok,52.0,2704.0,222.0,
Inclusive_Sans_700italic,ok,52.0,2704.0,219.0,
Beth_Ellen_regular,ok,52.0,2704.0,125.0,
IM_Fell_DW_Pica_regular,ok,52.0,2704.0,211.0,
IM_Fell_DW_Pica_italic,ok,52.0,2704.0,192.0,
Quando_regular,ok,52.0,2704.0,185.0,
Sue_Ellen_Francisco_regular,ok,52.0,2704.0,158.0,
Reddit_Sans_Condensed_200,ok,52.0,2704.0,210.0,
Reddit_Sans_Condensed_300,ok,52.0,2704.0,210.0,
Reddit_Sans_Condensed_regular,ok,52.0,2704.0,210.0,
Reddit_Sans_Condensed_500,ok,52.0,2704.0,210.0,
Reddit_Sans_Condensed_600,ok,52.0,2704.0,209.0,
Reddit_Sans_Condensed_700,ok,52.0,2704.0,209.0,
Reddit_Sans_Condensed_800,ok,52.0,2704.0,206.0,
Reddit_Sans_Condensed_900,ok,52.0,2704.0,203.0,
Cherry_Bomb_One_regular,ok,52.0,2704.0,219.0,
Kodchasan_200,ok,52.0,2704.0,210.0,
Kodchasan_200italic,ok,52.0,2704.0,210.0,
Kodchasan_300,ok,52.0,2704.0,210.0,
Kodchasan_300italic,ok,52.0,2704.0,210.0,
Kodchasan_regular,ok,52.0,2704.0,210.0,
Kodchasan_italic,ok,52.0,2704.0,210.0,
Kodchasan_500,ok,52.0,2704.0,210.0,
Kodchasan_500italic,ok,52.0,2704.0,210.0,
Kodchasan_600,ok,52.0,2704.0,210.0,
Kodchasan_600italic,ok,52.0,2704.0,210.0,
Kodchasan_700,ok,52.0,2704.0,210.0,
Kodchasan_700italic,ok,52.0,2704.0,210.0,
Gaegu_300,ok,52.0,2704.0,263.0,
Gaegu_regular,ok,52.0,2704.0,262.0,
Gaegu_700,ok,52.0,2704.0,262.0,
Slabo_13px_regular,ok,52.0,2704.0,208.0,
Aref_Ruqaa_regular,ok,52.0,2704.0,227.0,
Aref_Ruqaa_700,ok,52.0,2704.0,219.0,
Baloo_Bhai_2_regular,ok,52.0,2704.0,238.0,
Baloo_Bhai_2_500,ok,52.0,2704.0,238.0,
Baloo_Bhai_2_600,ok,52.0,2704.0,233.0,
Baloo_Bhai_2_700,ok,52.0,2704.0,228.0,
Baloo_Bhai_2_800,ok,52.0,2704.0,225.0,
Spectral_SC_200,ok,52.0,2704.0,213.0,
Spectral_SC_200italic,ok,52.0,2704.0,213.0,
Spectral_SC_300,ok,52.0,2704.0,213.0,
Spectral_SC_300italic,ok,52.0,2704.0,213.0,
Spectral_SC_regular,ok,52.0,2704.0,213.0,
Spectral_SC_italic,ok,52.0,2704.0,213.0,
Spectral_SC_500,ok,52.0,2704.0,213.0,
Spectral_SC_500italic,ok,52.0,2704.0,213.0,
Spectral_SC_600,ok,52.0,2704.0,213.0,
Spectral_SC_600italic,ok,52.0,2704.0,213.0,
Spectral_SC_700,ok,52.0,2704.0,213.0,
Spectral_SC_700italic,ok,52.0,2704.0,213.0,
Spectral_SC_800,ok,52.0,2704.0,213.0,
Spectral_SC_800italic,ok,52.0,2704.0,213.0,
Voltaire_regular,ok,52.0,2704.0,199.0,
Alike_regular,ok,52.0,2704.0,211.0,
Fauna_One_regular,ok,52.0,2704.0,203.0,
Finger_Paint_regular,ok,52.0,2704.0,171.0,
Cambay_regular,ok,52.0,2704.0,226.0,
Cambay_italic,ok,52.0,2704.0,226.0,
Cambay_700,ok,52.0,2704.0,224.0,
Cambay_700italic,ok,52.0,2704.0,224.0,
Sunflower_300,ok,52.0,2704.0,220.0,
Sunflower_500,ok,52.0,2704.0,222.0,
Sunflower_700,ok,52.0,2704.0,225.0,
Trocchi_regular,ok,52.0,2704.0,207.0,
Rubik_Dirt_regular,ok,52.0,2704.0,212.0,
Gurajada_regular,ok,52.0,2704.0,320.0,
Bungee_Shade_regular,ok,52.0,2704.0,214.0,
Galada_regular,ok,52.0,2704.0,212.0,
Contrail_One_regular,ok,52.0,2704.0,191.0,
Sansita_Swashed_300,ok,52.0,2704.0,189.0,
Sansita_Swashed_regular,ok,52.0,2704.0,188.0,
Sansita_Swashed_500,ok,52.0,2704.0,187.0,
Sansita_Swashed_600,ok,52.0,2704.0,186.0,
Sansita_Swashed_700,ok,52.0,2704.0,185.0,
Sansita_Swashed_800,ok,52.0,2704.0,184.0,
Sansita_Swashed_900,ok,52.0,2704.0,183.0,
Bilbo_Swash_Caps_regular,ok,52.0,2704.0,206.0,
Walter_Turncoat_regular,ok,52.0,2704.0,213.0,
Gotu_regular,ok,52.0,2704.0,206.0,
Inknut_Antiqua_300,ok,52.0,2704.0,180.0,
Inknut_Antiqua_regular,ok,52.0,2704.0,180.0,
Inknut_Antiqua_500,ok,52.0,2704.0,181.0,
Inknut_Antiqua_600,ok,52.0,2704.0,181.0,
Inknut_Antiqua_700,ok,52.0,2704.0,181.0,
Inknut_Antiqua_800,ok,52.0,2704.0,180.0,
Inknut_Antiqua_900,ok,52.0,2704.0,181.0,
Mukta_Mahee_200,ok,52.0,2704.0,223.0,
Mukta_Mahee_300,ok,52.0,2704.0,223.0,
Mukta_Mahee_regular,ok,52.0,2704.0,223.0,
Mukta_Mahee_500,ok,52.0,2704.0,223.0,
Mukta_Mahee_600,ok,52.0,2704.0,223.0,
Mukta_Mahee_700,ok,52.0,2704.0,223.0,
Mukta_Mahee_800,ok,52.0,2704.0,222.0,
Della_Respira_regular,ok,52.0,2704.0,184.0,
Jaldi_regular,ok,52.0,2704.0,243.0,
Jaldi_700,ok,52.0,2704.0,242.0,
Square_Peg_regular,ok,52.0,2704.0,234.0,
Rubik_Doodle_Shadow_regular,ok,52.0,2704.0,208.0,
Tienne_regular,ok,52.0,2704.0,209.0,
Tienne_700,ok,52.0,2704.0,216.0,
Tienne_900,ok,52.0,2704.0,213.0,
Comic_Relief_regular,ok,52.0,2704.0,163.0,
Comic_Relief_700,ok,52.0,2704.0,203.0,
Padauk_regular,ok,52.0,2704.0,250.0,
Padauk_700,ok,52.0,2704.0,249.0,
Viaoda_Libre_regular,ok,52.0,2704.0,197.0,
Fontdiner_Swanky_regular,ok,52.0,2704.0,166.0,
Sail_regular,ok,52.0,2704.0,183.0,
Piazzolla_100,ok,52.0,2704.0,211.0,
Piazzolla_200,ok,52.0,2704.0,211.0,
Piazzolla_300,ok,52.0,2704.0,210.0,
Piazzolla_regular,ok,52.0,2704.0,210.0,
Piazzolla_500,ok,52.0,2704.0,209.0,
Piazzolla_600,ok,52.0,2704.0,209.0,
Piazzolla_700,ok,52.0,2704.0,208.0,
Piazzolla_800,ok,52.0,2704.0,208.0,
Piazzolla_900,ok,52.0,2704.0,204.0,
Piazzolla_100italic,ok,52.0,2704.0,211.0,
Piazzolla_200italic,ok,52.0,2704.0,211.0,
Piazzolla_300italic,ok,52.0,2704.0,210.0,
Piazzolla_italic,ok,52.0,2704.0,210.0,
Piazzolla_500italic,ok,52.0,2704.0,209.0,
Piazzolla_600italic,ok,52.0,2704.0,209.0,
Piazzolla_700italic,ok,52.0,2704.0,208.0,
Piazzolla_800italic,ok,52.0,2704.0,208.0,
Piazzolla_900italic,ok,52.0,2704.0,204.0,
Vast_Shadow_regular,ok,52.0,2704.0,191.0,
Poly_regular,ok,52.0,2704.0,207.0,
Poly_italic,ok,52.0,2704.0,207.0,
Zen_Kurenaido_regular,ok,52.0,2704.0,217.0,
SUSE_100,ok,52.0,2704.0,219.0,
SUSE_200,ok,52.0,2704.0,219.0,
SUSE_300,ok,52.0,2704.0,219.0,
SUSE_regular,ok,52.0,2704.0,219.0,
SUSE_500,ok,52.0,2704.0,219.0,
SUSE_600,ok,52.0,2704.0,219.0,
SUSE_700,ok,52.0,2704.0,219.0,
SUSE_800,ok,52.0,2704.0,219.0,
SUSE_900,ok,52.0,2704.0,219.0,
SUSE_100italic,ok,52.0,2704.0,219.0,
SUSE_200italic,ok,52.0,2704.0,219.0,
SUSE_300italic,ok,52.0,2704.0,219.0,
SUSE_italic,ok,52.0,2704.0,219.0,
SUSE_500italic,ok,52.0,2704.0,219.0,
SUSE_600italic,ok,52.0,2704.0,219.0,
SUSE_700italic,ok,52.0,2704.0,219.0,
SUSE_800italic,ok,52.0,2704.0,219.0,
SUSE_900italic,ok,52.0,2704.0,219.0,
Mukta_Vaani_200,ok,52.0,2704.0,223.0,
Mukta_Vaani_300,ok,52.0,2704.0,223.0,
Mukta_Vaani_regular,ok,52.0,2704.0,223.0,
Mukta_Vaani_500,ok,52.0,2704.0,223.0,
Mukta_Vaani_600,ok,52.0,2704.0,223.0,
Mukta_Vaani_700,ok,52.0,2704.0,223.0,
Mukta_Vaani_800,ok,52.0,2704.0,222.0,
Averia_Sans_Libre_300,ok,52.0,2704.0,223.0,
Averia_Sans_Libre_300italic,ok,52.0,2704.0,221.0,
Averia_Sans_Libre_regular,ok,52.0,2704.0,221.0,
Averia_Sans_Libre_italic,ok,52.0,2704.0,221.0,
Averia_Sans_Libre_700,ok,52.0,2704.0,220.0,
Averia_Sans_Libre_700italic,ok,52.0,2704.0,221.0,
Sansation_300,ok,52.0,2704.0,221.0,
Sansation_300italic,ok,52.0,2704.0,221.0,
Sansation_regular,ok,52.0,2704.0,221.0,
Sansation_italic,ok,52.0,2704.0,221.0,
Sansation_700,ok,52.0,2704.0,220.0,
Sansation_700italic,ok,52.0,2704.0,220.0,
Expletus_Sans_regular,ok,52.0,2704.0,209.0,
Expletus_Sans_500,ok,52.0,2704.0,209.0,
Expletus_Sans_600,ok,52.0,2704.0,209.0,
Expletus_Sans_700,ok,52.0,2704.0,209.0,
Expletus_Sans_italic,ok,52.0,2704.0,209.0,
Expletus_Sans_500italic,ok,52.0,2704.0,209.0,
Expletus_Sans_600italic,ok,52.0,2704.0,209.0,
Expletus_Sans_700italic,ok,52.0,2704.0,209.0,
Noto_Serif_Khojki_regular,ok,52.0,2704.0,207.0,
Noto_Serif_Khojki_500,ok,52.0,2704.0,207.0,
Noto_Serif_Khojki_600,ok,52.0,2704.0,208.0,
Noto_Serif_Khojki_700,ok,52.0,2704.0,207.0,
Euphoria_Script_regular,ok,52.0,2704.0,232.0,
Crafty_Girls_regular,ok,52.0,2704.0,212.0,
IM_Fell_Double_Pica_regular,ok,52.0,2704.0,181.0,
IM_Fell_Double_Pica_italic,ok,52.0,2704.0,210.0,
Happy_Monkey_regular,ok,52.0,2704.0,212.0,
Delicious_Handrawn_regular,ok,52.0,2704.0,195.0,
Tenali_Ramakrishna_regular,ok,52.0,2704.0,320.0,
Amarante_regular,ok,52.0,2704.0,204.0,
Kalnia_100,ok,52.0,2704.0,214.0,
Kalnia_200,ok,52.0,2704.0,214.0,
Kalnia_300,ok,52.0,2704.0,214.0,
Kalnia_regular,ok,52.0,2704.0,214.0,
Kalnia_500,ok,52.0,2704.0,214.0,
Kalnia_600,ok,52.0,2704.0,214.0,
Kalnia_700,ok,52.0,2704.0,211.0,
Allan_regular,ok,52.0,2704.0,207.0,
Allan_700,ok,52.0,2704.0,211.0,
Mallanna_regular,ok,52.0,2704.0,250.0,
Vollkorn_SC_regular,ok,52.0,2704.0,233.0,
Vollkorn_SC_600,ok,52.0,2704.0,233.0,
Vollkorn_SC_700,ok,52.0,2704.0,233.0,
Vollkorn_SC_900,ok,52.0,2704.0,233.0,
Doppio_One_regular,ok,52.0,2704.0,209.0,
Arima_100,ok,52.0,2704.0,216.0,
Arima_200,ok,52.0,2704.0,216.0,
Arima_300,ok,52.0,2704.0,215.0,
Arima_regular,ok,52.0,2704.0,215.0,
Arima_500,ok,52.0,2704.0,215.0,
Arima_600,ok,52.0,2704.0,215.0,
Arima_700,ok,52.0,2704.0,215.0,
Licorice_regular,ok,52.0,2704.0,211.0,
Denk_One_regular,ok,52.0,2704.0,191.0,
Coiny_regular,ok,52.0,2704.0,232.0,
Bigshot_One_regular,ok,52.0,2704.0,228.0,
Molengo_regular,ok,52.0,2704.0,222.0,
League_Script_regular,ok,52.0,2704.0,193.0,
Fanwood_Text_regular,ok,52.0,2704.0,230.0,
Fanwood_Text_italic,ok,52.0,2704.0,230.0,
Antic_regular,ok,52.0,2704.0,212.0,
Buenard_regular,ok,52.0,2704.0,222.0,
Buenard_500,ok,52.0,2704.0,222.0,
Buenard_600,ok,52.0,2704.0,222.0,
Buenard_700,ok,52.0,2704.0,222.0,
MonteCarlo_regular,ok,52.0,2704.0,196.0,
Gamja_Flower_regular,ok,52.0,2704.0,281.0,
Jomhuria_regular,ok,52.0,2704.0,320.0,
Noto_Sans_Lao_100,ok,52.0,2704.0,209.0,
Noto_Sans_Lao_200,ok,52.0,2704.0,209.0,
Noto_Sans_Lao_300,ok,52.0,2704.0,209.0,
Noto_Sans_Lao_regular,ok,52.0,2704.0,209.0,
Noto_Sans_Lao_500,ok,52.0,2704.0,209.0,
Noto_Sans_Lao_600,ok,52.0,2704.0,209.0,
Noto_Sans_Lao_700,ok,52.0,2704.0,209.0,
Noto_Sans_Lao_800,ok,52.0,2704.0,208.0,
Noto_Sans_Lao_900,ok,52.0,2704.0,206.0,
Grape_Nuts_regular,ok,52.0,2704.0,246.0,
Thasadith_regular,ok,52.0,2704.0,219.0,
Thasadith_italic,ok,52.0,2704.0,219.0,
Thasadith_700,ok,52.0,2704.0,219.0,
Thasadith_700italic,ok,52.0,2704.0,219.0,
Charmonman_regular,ok,52.0,2704.0,144.0,
Charmonman_700,ok,52.0,2704.0,145.0,
Redressed_regular,ok,52.0,2704.0,206.0,
Prociono_regular,ok,52.0,2704.0,200.0,
Brawler_regular,ok,52.0,2704.0,211.0,
Brawler_700,ok,52.0,2704.0,208.0,
Montez_regular,ok,52.0,2704.0,206.0,
The_Girl_Next_Door_regular,ok,52.0,2704.0,146.0,
Zen_Antique_Soft_regular,ok,52.0,2704.0,217.0,
Kelly_Slab_regular,ok,52.0,2704.0,213.0,
Mohave_300,ok,52.0,2704.0,208.0,
Mohave_regular,ok,52.0,2704.0,208.0,
Mohave_500,ok,52.0,2704.0,208.0,
Mohave_600,ok,52.0,2704.0,208.0,
Mohave_700,ok,52.0,2704.0,208.0,
Mohave_300italic,ok,52.0,2704.0,208.0,
Mohave_italic,ok,52.0,2704.0,208.0,
Mohave_500italic,ok,52.0,2704.0,208.0,
Mohave_600italic,ok,52.0,2704.0,208.0,
Mohave_700italic,ok,52.0,2704.0,208.0,
Asset_regular,ok,52.0,2704.0,127.0,
Artifika_regular,ok,52.0,2704.0,213.0,
Cutive_regular,ok,52.0,2704.0,185.0,
Moon_Dance_regular,ok,52.0,2704.0,240.0,
Numans_regular,ok,52.0,2704.0,223.0,
Anek_Malayalam_100,ok,52.0,2704.0,237.0,
Anek_Malayalam_200,ok,52.0,2704.0,236.0,
Anek_Malayalam_300,ok,52.0,2704.0,236.0,
Anek_Malayalam_regular,ok,52.0,2704.0,236.0,
Anek_Malayalam_500,ok,52.0,2704.0,236.0,
Anek_Malayalam_600,ok,52.0,2704.0,234.0,
Anek_Malayalam_700,ok,52.0,2704.0,232.0,
Anek_Malayalam_800,ok,52.0,2704.0,230.0,
Waterfall_regular,ok,52.0,2704.0,239.0,
Noto_Serif_Thai_100,ok,52.0,2704.0,207.0,
Noto_Serif_Thai_200,ok,52.0,2704.0,207.0,
Noto_Serif_Thai_300,ok,52.0,2704.0,207.0,
Noto_Serif_Thai_regular,ok,52.0,2704.0,207.0,
Noto_Serif_Thai_500,ok,52.0,2704.0,207.0,
Noto_Serif_Thai_600,ok,52.0,2704.0,208.0,
Noto_Serif_Thai_700,ok,52.0,2704.0,207.0,
Noto_Serif_Thai_800,ok,52.0,2704.0,206.0,
Noto_Serif_Thai_900,ok,52.0,2704.0,205.0,
Rubik_Glitch_regular,ok,52.0,2704.0,213.0,
Capriola_regular,ok,52.0,2704.0,183.0,
Pompiere_regular,ok,52.0,2704.0,183.0,
Orelega_One_regular,ok,52.0,2704.0,248.0,
Patrick_Hand_SC_regular,ok,52.0,2704.0,239.0,
Cambo_regular,ok,52.0,2704.0,209.0,
Codystar_300,ok,52.0,2704.0,215.0,
Codystar_regular,ok,52.0,2704.0,213.0,
Unkempt_regular,ok,52.0,2704.0,215.0,
Unkempt_700,ok,52.0,2704.0,215.0,
Shippori_Antique_regular,ok,52.0,2704.0,211.0,
Nata_Sans_100,ok,52.0,2704.0,219.0,
Nata_Sans_200,ok,52.0,2704.0,219.0,
Nata_Sans_300,ok,52.0,2704.0,219.0,
Nata_Sans_regular,ok,52.0,2704.0,219.0,
Nata_Sans_500,ok,52.0,2704.0,218.0,
Nata_Sans_600,ok,52.0,2704.0,218.0,
Nata_Sans_700,ok,52.0,2704.0,218.0,
Nata_Sans_800,ok,52.0,2704.0,219.0,
Nata_Sans_900,ok,52.0,2704.0,208.0,
Kablammo_regular,ok,52.0,2704.0,197.0,
Aladin_regular,ok,52.0,2704.0,218.0,
Noto_Sans_Symbols_2_regular,ok,52.0,2704.0,209.0,
Cherry_Cream_Soda_regular,ok,52.0,2704.0,192.0,
Inder_regular,ok,52.0,2704.0,217.0,
McLaren_regular,ok,52.0,2704.0,188.0,
Aoboshi_One_regular,ok,52.0,2704.0,204.0,
Kranky_regular,ok,52.0,2704.0,203.0,
Sunshiney_regular,ok,52.0,2704.0,204.0,
Chathura_100,ok,52.0,2704.0,320.0,
Chathura_300,ok,52.0,2704.0,320.0,
Chathura_regular,ok,52.0,2704.0,320.0,
Chathura_700,ok,52.0,2704.0,320.0,
Chathura_800,ok,52.0,2704.0,320.0,
Henny_Penny_regular,ok,52.0,2704.0,142.0,
Carattere_regular,ok,52.0,2704.0,200.0,
Ysabeau_Office_100,ok,52.0,2704.0,224.0,
Ysabeau_Office_200,ok,52.0,2704.0,224.0,
Ysabeau_Office_300,ok,52.0,2704.0,223.0,
Ysabeau_Office_regular,ok,52.0,2704.0,223.0,
Ysabeau_Office_500,ok,52.0,2704.0,222.0,
Ysabeau_Office_600,ok,52.0,2704.0,222.0,
Ysabeau_Office_700,ok,52.0,2704.0,221.0,
Ysabeau_Office_800,ok,52.0,2704.0,221.0,
Ysabeau_Office_900,ok,52.0,2704.0,220.0,
Ysabeau_Office_100italic,ok,52.0,2704.0,225.0,
Ysabeau_Office_200italic,ok,52.0,2704.0,225.0,
Ysabeau_Office_300italic,ok,52.0,2704.0,225.0,
Ysabeau_Office_italic,ok,52.0,2704.0,225.0,
Ysabeau_Office_500italic,ok,52.0,2704.0,225.0,
Ysabeau_Office_600italic,ok,52.0,2704.0,225.0,
Ysabeau_Office_700italic,ok,52.0,2704.0,225.0,
Ysabeau_Office_800italic,ok,52.0,2704.0,224.0,
Ysabeau_Office_900italic,ok,52.0,2704.0,222.0,
Shojumaru_regular,ok,52.0,2704.0,198.0,
Meie_Script_regular,ok,52.0,2704.0,176.0,
STIX_Two_Math_regular,ok,52.0,2704.0,224.0,
Stick_No_Bills_200,ok,52.0,2704.0,226.0,
Stick_No_Bills_300,ok,52.0,2704.0,226.0,
Stick_No_Bills_regular,ok,52.0,2704.0,226.0,
Stick_No_Bills_500,ok,52.0,2704.0,225.0,
Stick_No_Bills_600,ok,52.0,2704.0,225.0,
Stick_No_Bills_700,ok,52.0,2704.0,220.0,
Stick_No_Bills_800,ok,52.0,2704.0,211.0,
Train_One_regular,ok,52.0,2704.0,198.0,
Agdasima_regular,ok,52.0,2704.0,227.0,
Agdasima_700,ok,52.0,2704.0,226.0,
Freehand_regular,ok,52.0,2704.0,209.0,
Elsie_regular,ok,52.0,2704.0,225.0,
Elsie_900,ok,52.0,2704.0,222.0,
Iceberg_regular,ok,52.0,2704.0,199.0,
Frijole_regular,ok,52.0,2704.0,187.0,
Kufam_regular,ok,52.0,2704.0,210.0,
Kufam_500,ok,52.0,2704.0,207.0,
Kufam_600,ok,52.0,2704.0,203.0,
Kufam_700,ok,52.0,2704.0,200.0,
Kufam_800,ok,52.0,2704.0,200.0,
Kufam_900,ok,52.0,2704.0,200.0,
Kufam_italic,ok,52.0,2704.0,210.0,
Kufam_500italic,ok,52.0,2704.0,207.0,
Kufam_600italic,ok,52.0,2704.0,203.0,
Kufam_700italic,ok,52.0,2704.0,200.0,
Kufam_800italic,ok,52.0,2704.0,200.0,
Kufam_900italic,ok,52.0,2704.0,200.0,
Just_Me_Again_Down_Here_regular,ok,52.0,2704.0,213.0,
Noto_Serif_HK_200,ok,52.0,2704.0,197.0,
Noto_Serif_HK_300,ok,52.0,2704.0,196.0,
Noto_Serif_HK_regular,ok,52.0,2704.0,196.0,
Noto_Serif_HK_500,ok,52.0,2704.0,195.0,
Noto_Serif_HK_600,ok,52.0,2704.0,194.0,
Noto_Serif_HK_700,ok,52.0,2704.0,192.0,
Noto_Serif_HK_800,ok,52.0,2704.0,192.0,
Noto_Serif_HK_900,ok,52.0,2704.0,191.0,
Oregano_regular,ok,52.0,2704.0,208.0,
Oregano_italic,ok,52.0,2704.0,218.0,
New_Rocker_regular,ok,52.0,2704.0,203.0,
Atma_300,ok,52.0,2704.0,202.0,
Atma_regular,ok,52.0,2704.0,202.0,
Atma_500,ok,52.0,2704.0,202.0,
Atma_600,ok,52.0,2704.0,202.0,
Atma_700,ok,52.0,2704.0,201.0,
Road_Rage_regular,ok,52.0,2704.0,259.0,
Imprima_regular,ok,52.0,2704.0,224.0,
Song_Myung_regular,ok,52.0,2704.0,224.0,
Lily_Script_One_regular,ok,52.0,2704.0,206.0,
Julee_regular,ok,52.0,2704.0,224.0,
Holtwood_One_SC_regular,ok,52.0,2704.0,175.0,
Wire_One_regular,ok,52.0,2704.0,225.0,
Madimi_One_regular,ok,52.0,2704.0,209.0,
Dynalight_regular,ok,52.0,2704.0,212.0,
Rubik_Bubbles_regular,ok,52.0,2704.0,209.0,
Gluten_100,ok,52.0,2704.0,248.0,
Gluten_200,ok,52.0,2704.0,248.0,
Gluten_300,ok,52.0,2704.0,249.0,
Gluten_regular,ok,52.0,2704.0,249.0,
Gluten_500,ok,52.0,2704.0,249.0,
Gluten_600,ok,52.0,2704.0,249.0,
Gluten_700,ok,52.0,2704.0,248.0,
Gluten_800,ok,52.0,2704.0,248.0,
Gluten_900,ok,52.0,2704.0,238.0,
Puritan_regular,ok,52.0,2704.0,215.0,
Puritan_italic,ok,52.0,2704.0,215.0,
Puritan_700,ok,52.0,2704.0,215.0,
Puritan_700italic,ok,52.0,2704.0,215.0,
Modak_regular,ok,52.0,2704.0,219.0,
Protest_Riot_regular,ok,52.0,2704.0,197.0,
Bakbak_One_regular,ok,52.0,2704.0,226.0,
Voces_regular,ok,52.0,2704.0,212.0,
Solway_300,ok,52.0,2704.0,213.0,
Solway_regular,ok,52.0,2704.0,213.0,
Solway_500,ok,52.0,2704.0,213.0,
Solway_700,ok,52.0,2704.0,211.0,
Solway_800,ok,52.0,2704.0,207.0,
Metal_Mania_regular,ok,52.0,2704.0,200.0,
Balthazar_regular,ok,52.0,2704.0,250.0,
Abyssinica_SIL_regular,ok,52.0,2704.0,217.0,
Trade_Winds_regular,ok,52.0,2704.0,194.0,
Asta_Sans_300,ok,52.0,2704.0,223.0,
Asta_Sans_regular,ok,52.0,2704.0,223.0,
Asta_Sans_500,ok,52.0,2704.0,222.0,
Asta_Sans_600,ok,52.0,2704.0,222.0,
Asta_Sans_700,ok,52.0,2704.0,223.0,
Asta_Sans_800,ok,52.0,2704.0,223.0,
Reggae_One_regular,ok,52.0,2704.0,198.0,
Moul_regular,ok,52.0,2704.0,199.0,
Anta_regular,ok,52.0,2704.0,226.0,
Nokora_100,ok,52.0,2704.0,209.0,
Nokora_200,ok,52.0,2704.0,209.0,
Nokora_300,ok,52.0,2704.0,209.0,
Nokora_regular,ok,52.0,2704.0,209.0,
Nokora_500,ok,52.0,2704.0,209.0,
Nokora_600,ok,52.0,2704.0,209.0,
Nokora_700,ok,52.0,2704.0,209.0,
Nokora_800,ok,52.0,2704.0,208.0,
Nokora_900,ok,52.0,2704.0,206.0,
Arya_regular,ok,52.0,2704.0,239.0,
Arya_700,ok,52.0,2704.0,233.0,
Modern_Antiqua_regular,ok,52.0,2704.0,211.0,
Nosifer_regular,ok,52.0,2704.0,205.0,
Swanky_and_Moo_Moo_regular,ok,52.0,2704.0,193.0,
Mako_regular,ok,52.0,2704.0,223.0,
Suranna_regular,ok,52.0,2704.0,246.0,
Nova_Round_regular,ok,52.0,2704.0,212.0,
Goblin_One_regular,ok,52.0,2704.0,185.0,
Bitcount_Grid_Double_100,ok,52.0,2704.0,284.0,
Bitcount_Grid_Double_200,ok,52.0,2704.0,278.0,
Bitcount_Grid_Double_300,ok,52.0,2704.0,272.0,
Bitcount_Grid_Double_regular,ok,52.0,2704.0,266.0,
Bitcount_Grid_Double_500,ok,52.0,2704.0,262.0,
Bitcount_Grid_Double_600,ok,52.0,2704.0,258.0,
Bitcount_Grid_Double_700,ok,52.0,2704.0,253.0,
Bitcount_Grid_Double_800,ok,52.0,2704.0,250.0,
Bitcount_Grid_Double_900,ok,52.0,2704.0,246.0,
Esteban_regular,ok,52.0,2704.0,207.0,
Baloo_Paaji_2_regular,ok,52.0,2704.0,238.0,
Baloo_Paaji_2_500,ok,52.0,2704.0,238.0,
Baloo_Paaji_2_600,ok,52.0,2704.0,234.0,
Baloo_Paaji_2_700,ok,52.0,2704.0,229.0,
Baloo_Paaji_2_800,ok,52.0,2704.0,225.0,
Odibee_Sans_regular,ok,52.0,2704.0,211.0,
IM_Fell_Double_Pica_SC_regular,ok,52.0,2704.0,181.0,
Port_Lligat_Sans_regular,ok,52.0,2704.0,234.0,
Sedgwick_Ave_regular,ok,52.0,2704.0,174.0,
Loved_by_the_King_regular,ok,52.0,2704.0,177.0,
Salsa_regular,ok,52.0,2704.0,213.0,
Shanti_regular,ok,52.0,2704.0,227.0,
Federo_regular,ok,52.0,2704.0,215.0,
NTR_regular,ok,52.0,2704.0,270.0,
Wendy_One_regular,ok,52.0,2704.0,227.0,
Alike_Angular_regular,ok,52.0,2704.0,211.0,
Ribeye_regular,ok,52.0,2704.0,213.0,
Crushed_regular,ok,52.0,2704.0,234.0,
Clicker_Script_regular,ok,52.0,2704.0,172.0,
The_Nautigal_regular,ok,52.0,2704.0,176.0,
The_Nautigal_700,ok,52.0,2704.0,175.0,
Sancreek_regular,ok,52.0,2704.0,186.0,
Kaisei_Tokumin_regular,ok,52.0,2704.0,206.0,
Kaisei_Tokumin_500,ok,52.0,2704.0,205.0,
Kaisei_Tokumin_700,ok,52.0,2704.0,205.0,
Kaisei_Tokumin_800,ok,52.0,2704.0,206.0,
Bellota_300,ok,52.0,2704.0,215.0,
Bellota_300italic,ok,52.0,2704.0,215.0,
Bellota_regular,ok,52.0,2704.0,215.0,
Bellota_italic,ok,52.0,2704.0,215.0,
Bellota_700,ok,52.0,2704.0,215.0,
Bellota_700italic,ok,52.0,2704.0,215.0,
Sour_Gummy_100,ok,52.0,2704.0,242.0,
Sour_Gummy_200,ok,52.0,2704.0,242.0,
Sour_Gummy_300,ok,52.0,2704.0,242.0,
Sour_Gummy_regular,ok,52.0,2704.0,242.0,
Sour_Gummy_500,ok,52.0,2704.0,240.0,
Sour_Gummy_600,ok,52.0,2704.0,238.0,
Sour_Gummy_700,ok,52.0,2704.0,235.0,
Sour_Gummy_800,ok,52.0,2704.0,233.0,
Sour_Gummy_900,ok,52.0,2704.0,231.0,
Sour_Gummy_100italic,ok,52.0,2704.0,242.0,
Sour_Gummy_200italic,ok,52.0,2704.0,242.0,
Sour_Gummy_300italic,ok,52.0,2704.0,242.0,
Sour_Gummy_italic,ok,52.0,2704.0,242.0,
Sour_Gummy_500italic,ok,52.0,2704.0,240.0,
Sour_Gummy_600italic,ok,52.0,2704.0,238.0,
Sour_Gummy_700italic,ok,52.0,2704.0,235.0,
Sour_Gummy_800italic,ok,52.0,2704.0,233.0,
Sour_Gummy_900italic,ok,52.0,2704.0,231.0,
Edu_SA_Beginner_regular,ok,52.0,2704.0,205.0,
Edu_SA_Beginner_500,ok,52.0,2704.0,205.0,
Edu_SA_Beginner_600,ok,52.0,2704.0,204.0,
Edu_SA_Beginner_700,ok,52.0,2704.0,204.0,
Anaheim_regular,ok,52.0,2704.0,238.0,
Anaheim_500,ok,52.0,2704.0,237.0,
Anaheim_600,ok,52.0,2704.0,232.0,
Anaheim_700,ok,52.0,2704.0,223.0,
Anaheim_800,ok,52.0,2704.0,215.0,
Cherry_Swash_regular,ok,52.0,2704.0,211.0,
Cherry_Swash_700,ok,52.0,2704.0,202.0,
Protest_Strike_regular,ok,52.0,2704.0,209.0,
Habibi_regular,ok,52.0,2704.0,197.0,
IM_Fell_DW_Pica_SC_regular,ok,52.0,2704.0,223.0,
Ledger_regular,ok,52.0,2704.0,208.0,
Fresca_regular,ok,52.0,2704.0,217.0,
Bagel_Fat_One_regular,ok,52.0,2704.0,205.0,
Bonheur_Royale_regular,ok,52.0,2704.0,229.0,
Mina_regular,ok,52.0,2704.0,203.0,
Mina_700,ok,52.0,2704.0,203.0,
WindSong_regular,ok,52.0,2704.0,128.0,
WindSong_500,ok,52.0,2704.0,128.0,
Bona_Nova_regular,ok,52.0,2704.0,179.0,
Bona_Nova_italic,ok,52.0,2704.0,202.0,
Bona_Nova_700,ok,52.0,2704.0,175.0,
Mirza_regular,ok,52.0,2704.0,263.0,
Mirza_500,ok,52.0,2704.0,260.0,
Mirza_600,ok,52.0,2704.0,258.0,
Mirza_700,ok,52.0,2704.0,256.0,
Sarpanch_regular,ok,52.0,2704.0,238.0,
Sarpanch_500,ok,52.0,2704.0,238.0,
Sarpanch_600,ok,52.0,2704.0,238.0,
Sarpanch_700,ok,52.0,2704.0,238.0,
Sarpanch_800,ok,52.0,2704.0,235.0,
Sarpanch_900,ok,52.0,2704.0,221.0,
Tai_Heritage_Pro_regular,ok,52.0,2704.0,229.0,
Tai_Heritage_Pro_700,ok,52.0,2704.0,219.0,
Zhi_Mang_Xing_regular,ok,52.0,2704.0,190.0,
Rosarivo_regular,ok,52.0,2704.0,178.0,
Rosarivo_italic,ok,52.0,2704.0,182.0,
Maiden_Orange_regular,ok,52.0,2704.0,220.0,
Nerko_One_regular,ok,52.0,2704.0,245.0,
UnifrakturCook_700,ok,52.0,2704.0,201.0,
IM_Fell_French_Canon_regular,ok,52.0,2704.0,222.0,
IM_Fell_French_Canon_italic,ok,52.0,2704.0,189.0,
Life_Savers_regular,ok,52.0,2704.0,188.0,
Life_Savers_700,ok,52.0,2704.0,188.0,
Life_Savers_800,ok,52.0,2704.0,188.0,
Redacted_regular,ok,52.0,2704.0,200.0,
Orienta_regular,ok,52.0,2704.0,209.0,
Jaro_regular,ok,52.0,2704.0,237.0,
Poltawski_Nowy_regular,ok,52.0,2704.0,221.0,
Poltawski_Nowy_500,ok,52.0,2704.0,221.0,
Poltawski_Nowy_600,ok,52.0,2704.0,221.0,
Poltawski_Nowy_700,ok,52.0,2704.0,221.0,
Poltawski_Nowy_italic,ok,52.0,2704.0,221.0,
Poltawski_Nowy_500italic,ok,52.0,2704.0,221.0,
Poltawski_Nowy_600italic,ok,52.0,2704.0,221.0,
Poltawski_Nowy_700italic,ok,52.0,2704.0,221.0,
Dokdo_regular,ok,52.0,2704.0,319.0,
Diplomata_regular,ok,52.0,2704.0,124.0,
IM_Fell_Great_Primer_regular,ok,52.0,2704.0,191.0,
IM_Fell_Great_Primer_italic,ok,52.0,2704.0,197.0,
Mochiy_Pop_P_One_regular,ok,52.0,2704.0,189.0,
Hi_Melody_regular,ok,52.0,2704.0,305.0,
Freeman_regular,ok,52.0,2704.0,209.0,
Doto_100,ok,52.0,2704.0,240.0,
Doto_200,ok,52.0,2704.0,239.0,
Doto_300,ok,52.0,2704.0,237.0,
Doto_regular,ok,52.0,2704.0,236.0,
Doto_500,ok,52.0,2704.0,235.0,
Doto_600,ok,52.0,2704.0,233.0,
Doto_700,ok,52.0,2704.0,232.0,
Doto_800,ok,52.0,2704.0,231.0,
Doto_900,ok,52.0,2704.0,230.0,
Sulphur_Point_300,ok,52.0,2704.0,238.0,
Sulphur_Point_regular,ok,52.0,2704.0,238.0,
Sulphur_Point_700,ok,52.0,2704.0,239.0,
Sumana_regular,ok,52.0,2704.0,218.0,
Sumana_700,ok,52.0,2704.0,222.0,
Truculenta_100,ok,52.0,2704.0,222.0,
Truculenta_200,ok,52.0,2704.0,222.0,
Truculenta_300,ok,52.0,2704.0,222.0,
Truculenta_regular,ok,52.0,2704.0,222.0,
Truculenta_500,ok,52.0,2704.0,222.0,
Truculenta_600,ok,52.0,2704.0,222.0,
Truculenta_700,ok,52.0,2704.0,222.0,
Truculenta_800,ok,52.0,2704.0,218.0,
Truculenta_900,ok,52.0,2704.0,215.0,
Alkatra_regular,ok,52.0,2704.0,229.0,
Alkatra_500,ok,52.0,2704.0,228.0,
Alkatra_600,ok,52.0,2704.0,227.0,
Alkatra_700,ok,52.0,2704.0,226.0,
Alan_Sans_300,ok,52.0,2704.0,218.0,
Alan_Sans_regular,ok,52.0,2704.0,218.0,
Alan_Sans_500,ok,52.0,2704.0,218.0,
Alan_Sans_600,ok,52.0,2704.0,218.0,
Alan_Sans_700,ok,52.0,2704.0,218.0,
Alan_Sans_800,ok,52.0,2704.0,218.0,
Alan_Sans_900,ok,52.0,2704.0,218.0,
Mooli_regular,ok,52.0,2704.0,208.0,
Mozilla_Text_200,ok,52.0,2704.0,221.0,
Mozilla_Text_300,ok,52.0,2704.0,221.0,
Mozilla_Text_regular,ok,52.0,2704.0,221.0,
Mozilla_Text_500,ok,52.0,2704.0,221.0,
Mozilla_Text_600,ok,52.0,2704.0,221.0,
Mozilla_Text_700,ok,52.0,2704.0,221.0,
Nova_Flat_regular,ok,52.0,2704.0,212.0,
Long_Cang_regular,ok,52.0,2704.0,251.0,
Gemunu_Libre_200,ok,52.0,2704.0,235.0,
Gemunu_Libre_300,ok,52.0,2704.0,234.0,
Gemunu_Libre_regular,ok,52.0,2704.0,234.0,
Gemunu_Libre_500,ok,52.0,2704.0,234.0,
Gemunu_Libre_600,ok,52.0,2704.0,234.0,
Gemunu_Libre_700,ok,52.0,2704.0,233.0,
Gemunu_Libre_800,ok,52.0,2704.0,233.0,
Griffy_regular,ok,52.0,2704.0,202.0,
Birthstone_Bounce_regular,ok,52.0,2704.0,193.0,
Birthstone_Bounce_500,ok,52.0,2704.0,190.0,
IBM_Plex_Sans_Devanagari_100,ok,52.0,2704.0,216.0,
IBM_Plex_Sans_Devanagari_200,ok,52.0,2704.0,216.0,
IBM_Plex_Sans_Devanagari_300,ok,52.0,2704.0,216.0,
IBM_Plex_Sans_Devanagari_regular,ok,52.0,2704.0,216.0,
IBM_Plex_Sans_Devanagari_500,ok,52.0,2704.0,215.0,
IBM_Plex_Sans_Devanagari_600,ok,52.0,2704.0,215.0,
IBM_Plex_Sans_Devanagari_700,ok,52.0,2704.0,214.0,
Nova_Oval_regular,ok,52.0,2704.0,212.0,
Kavoon_regular,ok,52.0,2704.0,202.0,
Phudu_300,ok,52.0,2704.0,224.0,
Phudu_regular,ok,52.0,2704.0,224.0,
Phudu_500,ok,52.0,2704.0,224.0,
Phudu_600,ok,52.0,2704.0,224.0,
Phudu_700,ok,52.0,2704.0,224.0,
Phudu_800,ok,52.0,2704.0,224.0,
Phudu_900,ok,52.0,2704.0,224.0,
Scope_One_regular,ok,52.0,2704.0,235.0,
Manuale_300,ok,52.0,2704.0,220.0,
Manuale_regular,ok,52.0,2704.0,220.0,
Manuale_500,ok,52.0,2704.0,219.0,
Manuale_600,ok,52.0,2704.0,219.0,
Manuale_700,ok,52.0,2704.0,218.0,
Manuale_800,ok,52.0,2704.0,216.0,
Manuale_300italic,ok,52.0,2704.0,221.0,
Manuale_italic,ok,52.0,2704.0,220.0,
Manuale_500italic,ok,52.0,2704.0,219.0,
Manuale_600italic,ok,52.0,2704.0,217.0,
Manuale_700italic,ok,52.0,2704.0,216.0,
Manuale_800italic,ok,52.0,2704.0,214.0,
Baloo_Tammudu_2_regular,ok,52.0,2704.0,238.0,
Baloo_Tammudu_2_500,ok,52.0,2704.0,238.0,
Baloo_Tammudu_2_600,ok,52.0,2704.0,235.0,
Baloo_Tammudu_2_700,ok,52.0,2704.0,230.0,
Baloo_Tammudu_2_800,ok,52.0,2704.0,225.0,
Amethysta_regular,ok,52.0,2704.0,210.0,
Spicy_Rice_regular,ok,52.0,2704.0,197.0,
Noto_Sans_Ethiopic_100,ok,52.0,2704.0,209.0,
Noto_Sans_Ethiopic_200,ok,52.0,2704.0,209.0,
Noto_Sans_Ethiopic_300,ok,52.0,2704.0,209.0,
Noto_Sans_Ethiopic_regular,ok,52.0,2704.0,209.0,
Noto_Sans_Ethiopic_500,ok,52.0,2704.0,209.0,
Noto_Sans_Ethiopic_600,ok,52.0,2704.0,209.0,
Noto_Sans_Ethiopic_700,ok,52.0,2704.0,209.0,
Noto_Sans_Ethiopic_800,ok,52.0,2704.0,208.0,
Noto_Sans_Ethiopic_900,ok,52.0,2704.0,206.0,
IM_Fell_Great_Primer_SC_regular,ok,52.0,2704.0,191.0,
Cairo_Play_200,ok,52.0,2704.0,216.0,
Cairo_Play_300,ok,52.0,2704.0,217.0,
Cairo_Play_regular,ok,52.0,2704.0,220.0,
Cairo_Play_500,ok,52.0,2704.0,220.0,
Cairo_Play_600,ok,52.0,2704.0,221.0,
Cairo_Play_700,ok,52.0,2704.0,222.0,
Cairo_Play_800,ok,52.0,2704.0,223.0,
Cairo_Play_900,ok,52.0,2704.0,224.0,
Harmattan_regular,ok,52.0,2704.0,269.0,
Harmattan_500,ok,52.0,2704.0,269.0,
Harmattan_600,ok,52.0,2704.0,269.0,
Harmattan_700,ok,52.0,2704.0,269.0,
Qahiri_regular,ok,52.0,2704.0,214.0,
Lemon_regular,ok,52.0,2704.0,191.0,
Smythe_regular,ok,52.0,2704.0,235.0,
Montaga_regular,ok,52.0,2704.0,207.0,
Karantina_300,ok,52.0,2704.0,227.0,
Karantina_regular,ok,52.0,2704.0,227.0,
Karantina_700,ok,52.0,2704.0,225.0,
Ysabeau_SC_100,ok,52.0,2704.0,240.0,
Ysabeau_SC_200,ok,52.0,2704.0,240.0,
Ysabeau_SC_300,ok,52.0,2704.0,239.0,
Ysabeau_SC_regular,ok,52.0,2704.0,239.0,
Ysabeau_SC_500,ok,52.0,2704.0,239.0,
Ysabeau_SC_600,ok,52.0,2704.0,238.0,
Ysabeau_SC_700,ok,52.0,2704.0,238.0,
Ysabeau_SC_800,ok,52.0,2704.0,237.0,
Ysabeau_SC_900,ok,52.0,2704.0,237.0,
Chicle_regular,ok,52.0,2704.0,211.0,
IBM_Plex_Sans_Thai_Looped_100,ok,52.0,2704.0,216.0,
IBM_Plex_Sans_Thai_Looped_200,ok,52.0,2704.0,216.0,
IBM_Plex_Sans_Thai_Looped_300,ok,52.0,2704.0,216.0,
IBM_Plex_Sans_Thai_Looped_regular,ok,52.0,2704.0,216.0,
IBM_Plex_Sans_Thai_Looped_500,ok,52.0,2704.0,215.0,
IBM_Plex_Sans_Thai_Looped_600,ok,52.0,2704.0,215.0,
IBM_Plex_Sans_Thai_Looped_700,ok,52.0,2704.0,214.0,
Anek_Tamil_100,ok,52.0,2704.0,237.0,
Anek_Tamil_200,ok,52.0,2704.0,236.0,
Anek_Tamil_300,ok,52.0,2704.0,236.0,
Anek_Tamil_regular,ok,52.0,2704.0,236.0,
Anek_Tamil_500,ok,52.0,2704.0,236.0,
Anek_Tamil_600,ok,52.0,2704.0,234.0,
Anek_Tamil_700,ok,52.0,2704.0,232.0,
Anek_Tamil_800,ok,52.0,2704.0,230.0,
Iceland_regular,ok,52.0,2704.0,275.0,
Gayathri_100,ok,52.0,2704.0,237.0,
Gayathri_regular,ok,52.0,2704.0,236.0,
Gayathri_700,ok,52.0,2704.0,237.0,
Nova_Slim_regular,ok,52.0,2704.0,212.0,
Gasoek_One_regular,ok,52.0,2704.0,192.0,
Fasthand_regular,ok,52.0,2704.0,209.0,
Siemreap_regular,ok,52.0,2704.0,256.0,
Grenze_100,ok,52.0,2704.0,251.0,
Grenze_200,ok,52.0,2704.0,250.0,
Grenze_300,ok,52.0,2704.0,248.0,
Grenze_regular,ok,52.0,2704.0,247.0,
Grenze_500,ok,52.0,2704.0,245.0,
Grenze_600,ok,52.0,2704.0,243.0,
Grenze_700,ok,52.0,2704.0,242.0,
Grenze_800,ok,52.0,2704.0,240.0,
Grenze_900,ok,52.0,2704.0,238.0,
Grenze_100italic,ok,52.0,2704.0,251.0,
Grenze_200italic,ok,52.0,2704.0,250.0,
Grenze_300italic,ok,52.0,2704.0,248.0,
Grenze_italic,ok,52.0,2704.0,247.0,
Grenze_500italic,ok,52.0,2704.0,246.0,
Grenze_600italic,ok,52.0,2704.0,244.0,
Grenze_700italic,ok,52.0,2704.0,242.0,
Grenze_800italic,ok,52.0,2704.0,240.0,
Grenze_900italic,ok,52.0,2704.0,238.0,
Kenia_regular,ok,52.0,2704.0,210.0,
Baumans_regular,ok,52.0,2704.0,226.0,
Stick_regular,ok,52.0,2704.0,207.0,
Liter_regular,ok,52.0,2704.0,216.0,
Peralta_regular,ok,52.0,2704.0,212.0,
Duru_Sans_regular,ok,52.0,2704.0,200.0,
Medula_One_regular,ok,52.0,2704.0,228.0,
Overlock_SC_regular,ok,52.0,2704.0,237.0,
Badeen_Display_regular,ok,52.0,2704.0,228.0,
Mynerve_regular,ok,52.0,2704.0,195.0,
Genos_100,ok,52.0,2704.0,316.0,
Genos_200,ok,52.0,2704.0,316.0,
Genos_300,ok,52.0,2704.0,316.0,
Genos_regular,ok,52.0,2704.0,314.0,
Genos_500,ok,52.0,2704.0,310.0,
Genos_600,ok,52.0,2704.0,305.0,
Genos_700,ok,52.0,2704.0,300.0,
Genos_800,ok,52.0,2704.0,296.0,
Genos_900,ok,52.0,2704.0,291.0,
Genos_100italic,ok,52.0,2704.0,316.0,
Genos_200italic,ok,52.0,2704.0,316.0,
Genos_300italic,ok,52.0,2704.0,316.0,
Genos_italic,ok,52.0,2704.0,314.0,
Genos_500italic,ok,52.0,2704.0,310.0,
Genos_600italic,ok,52.0,2704.0,305.0,
Genos_700italic,ok,52.0,2704.0,300.0,
Genos_800italic,ok,52.0,2704.0,296.0,
Genos_900italic,ok,52.0,2704.0,291.0,
Miltonian_regular,ok,52.0,2704.0,221.0,
Noto_Serif_Tamil_100,ok,52.0,2704.0,207.0,
Noto_Serif_Tamil_200,ok,52.0,2704.0,207.0,
Noto_Serif_Tamil_300,ok,52.0,2704.0,207.0,
Noto_Serif_Tamil_regular,ok,52.0,2704.0,207.0,
Noto_Serif_Tamil_500,ok,52.0,2704.0,207.0,
Noto_Serif_Tamil_600,ok,52.0,2704.0,208.0,
Noto_Serif_Tamil_700,ok,52.0,2704.0,207.0,
Noto_Serif_Tamil_800,ok,52.0,2704.0,206.0,
Noto_Serif_Tamil_900,ok,52.0,2704.0,205.0,
Noto_Serif_Tamil_100italic,ok,52.0,2704.0,207.0,
Noto_Serif_Tamil_200italic,ok,52.0,2704.0,207.0,
Noto_Serif_Tamil_300italic,ok,52.0,2704.0,207.0,
Noto_Serif_Tamil_italic,ok,52.0,2704.0,207.0,
Noto_Serif_Tamil_500italic,ok,52.0,2704.0,207.0,
Noto_Serif_Tamil_600italic,ok,52.0,2704.0,208.0,
Noto_Serif_Tamil_700italic,ok,52.0,2704.0,207.0,
Noto_Serif_Tamil_800italic,ok,52.0,2704.0,206.0,
Noto_Serif_Tamil_900italic,ok,52.0,2704.0,205.0,
Gugi_regular,ok,52.0,2704.0,198.0,
Yomogi_regular,ok,52.0,2704.0,215.0,
Gentium_Book_Plus_regular,ok,52.0,2704.0,211.0,
Gentium_Book_Plus_italic,ok,52.0,2704.0,215.0,
Gentium_Book_Plus_700,ok,52.0,2704.0,211.0,
Gentium_Book_Plus_700italic,ok,52.0,2704.0,215.0,
Carme_regular,ok,52.0,2704.0,212.0,
Luxurious_Script_regular,ok,52.0,2704.0,215.0,
Galindo_regular,ok,52.0,2704.0,203.0,
Atomic_Age_regular,ok,52.0,2704.0,202.0,
Noto_Sans_Mende_Kikakui_regular,ok,52.0,2704.0,209.0,
Kavivanar_regular,ok,52.0,2704.0,189.0,
Chau_Philomene_One_regular,ok,52.0,2704.0,208.0,
Chau_Philomene_One_italic,ok,52.0,2704.0,208.0,
Science_Gothic_100,ok,52.0,2704.0,221.0,
Science_Gothic_200,ok,52.0,2704.0,221.0,
Science_Gothic_300,ok,52.0,2704.0,221.0,
Science_Gothic_regular,ok,52.0,2704.0,221.0,
Science_Gothic_500,ok,52.0,2704.0,220.0,
Science_Gothic_600,ok,52.0,2704.0,219.0,
Science_Gothic_700,ok,52.0,2704.0,219.0,
Science_Gothic_800,ok,52.0,2704.0,218.0,
Science_Gothic_900,ok,52.0,2704.0,208.0,
Jersey_10_regular,ok,52.0,2704.0,298.0,
Akaya_Kanadaka_regular,ok,52.0,2704.0,235.0,
Short_Stack_regular,ok,52.0,2704.0,211.0,
New_Tegomin_regular,ok,52.0,2704.0,227.0,
Khmer_regular,failed,,,,no valid shared size
Varta_300,ok,52.0,2704.0,220.0,
Varta_regular,ok,52.0,2704.0,220.0,
Varta_500,ok,52.0,2704.0,221.0,
Varta_600,ok,52.0,2704.0,221.0,
Varta_700,ok,52.0,2704.0,222.0,
Pavanam_regular,ok,52.0,2704.0,230.0,
Lexend_Mega_100,ok,52.0,2704.0,213.0,
Lexend_Mega_200,ok,52.0,2704.0,216.0,
Lexend_Mega_300,ok,52.0,2704.0,213.0,
Lexend_Mega_regular,ok,52.0,2704.0,205.0,
Lexend_Mega_500,ok,52.0,2704.0,203.0,
Lexend_Mega_600,ok,52.0,2704.0,200.0,
Lexend_Mega_700,ok,52.0,2704.0,198.0,
Lexend_Mega_800,ok,52.0,2704.0,194.0,
Lexend_Mega_900,ok,52.0,2704.0,192.0,
Londrina_Outline_regular,ok,52.0,2704.0,217.0,
Edu_TAS_Beginner_regular,ok,52.0,2704.0,206.0,
Edu_TAS_Beginner_500,ok,52.0,2704.0,206.0,
Edu_TAS_Beginner_600,ok,52.0,2704.0,205.0,
Edu_TAS_Beginner_700,ok,52.0,2704.0,205.0,
Eagle_Lake_regular,ok,52.0,2704.0,169.0,
Raleway_Dots_regular,ok,52.0,2704.0,218.0,
Dai_Banna_SIL_300,ok,52.0,2704.0,230.0,
Dai_Banna_SIL_300italic,ok,52.0,2704.0,233.0,
Dai_Banna_SIL_regular,ok,52.0,2704.0,228.0,
Dai_Banna_SIL_italic,ok,52.0,2704.0,233.0,
Dai_Banna_SIL_500,ok,52.0,2704.0,228.0,
Dai_Banna_SIL_500italic,ok,52.0,2704.0,233.0,
Dai_Banna_SIL_600,ok,52.0,2704.0,228.0,
Dai_Banna_SIL_600italic,ok,52.0,2704.0,233.0,
Dai_Banna_SIL_700,ok,52.0,2704.0,228.0,
Dai_Banna_SIL_700italic,ok,52.0,2704.0,233.0,
Bitcount_Single_100,ok,52.0,2704.0,242.0,
Bitcount_Single_200,ok,52.0,2704.0,237.0,
Bitcount_Single_300,ok,52.0,2704.0,232.0,
Bitcount_Single_regular,ok,52.0,2704.0,229.0,
Bitcount_Single_500,ok,52.0,2704.0,225.0,
Bitcount_Single_600,ok,52.0,2704.0,222.0,
Bitcount_Single_700,ok,52.0,2704.0,219.0,
Bitcount_Single_800,ok,52.0,2704.0,215.0,
Bitcount_Single_900,ok,52.0,2704.0,213.0,
Tauri_regular,ok,52.0,2704.0,193.0,
Mozilla_Headline_200,ok,52.0,2704.0,228.0,
Mozilla_Headline_300,ok,52.0,2704.0,228.0,
Mozilla_Headline_regular,ok,52.0,2704.0,228.0,
Mozilla_Headline_500,ok,52.0,2704.0,228.0,
Mozilla_Headline_600,ok,52.0,2704.0,228.0,
Mozilla_Headline_700,ok,52.0,2704.0,228.0,
Noto_Serif_Malayalam_100,ok,52.0,2704.0,207.0,
Noto_Serif_Malayalam_200,ok,52.0,2704.0,207.0,
Noto_Serif_Malayalam_300,ok,52.0,2704.0,207.0,
Noto_Serif_Malayalam_regular,ok,52.0,2704.0,207.0,
Noto_Serif_Malayalam_500,ok,52.0,2704.0,207.0,
Noto_Serif_Malayalam_600,ok,52.0,2704.0,208.0,
Noto_Serif_Malayalam_700,ok,52.0,2704.0,207.0,
Noto_Serif_Malayalam_800,ok,52.0,2704.0,206.0,
Noto_Serif_Malayalam_900,ok,52.0,2704.0,205.0,
IM_Fell_French_Canon_SC_regular,ok,52.0,2704.0,224.0,
Astloch_regular,ok,52.0,2704.0,193.0,
Astloch_700,ok,52.0,2704.0,193.0,
Kulim_Park_200,ok,52.0,2704.0,225.0,
Kulim_Park_200italic,ok,52.0,2704.0,225.0,
Kulim_Park_300,ok,52.0,2704.0,225.0,
Kulim_Park_300italic,ok,52.0,2704.0,225.0,
Kulim_Park_regular,ok,52.0,2704.0,225.0,
Kulim_Park_italic,ok,52.0,2704.0,225.0,
Kulim_Park_600,ok,52.0,2704.0,225.0,
Kulim_Park_600italic,ok,52.0,2704.0,225.0,
Kulim_Park_700,ok,52.0,2704.0,225.0,
Kulim_Park_700italic,ok,52.0,2704.0,225.0,
Lavishly_Yours_regular,ok,52.0,2704.0,167.0,
Gafata_regular,ok,52.0,2704.0,217.0,
Hubot_Sans_200,ok,52.0,2704.0,216.0,
Hubot_Sans_300,ok,52.0,2704.0,216.0,
Hubot_Sans_regular,ok,52.0,2704.0,216.0,
Hubot_Sans_500,ok,52.0,2704.0,216.0,
Hubot_Sans_600,ok,52.0,2704.0,216.0,
Hubot_Sans_700,ok,52.0,2704.0,216.0,
Hubot_Sans_800,ok,52.0,2704.0,216.0,
Hubot_Sans_900,ok,52.0,2704.0,215.0,
Hubot_Sans_200italic,ok,52.0,2704.0,216.0,
Hubot_Sans_300italic,ok,52.0,2704.0,216.0,
Hubot_Sans_italic,ok,52.0,2704.0,216.0,
Hubot_Sans_500italic,ok,52.0,2704.0,216.0,
Hubot_Sans_600italic,ok,52.0,2704.0,216.0,
Hubot_Sans_700italic,ok,52.0,2704.0,216.0,
Hubot_Sans_800italic,ok,52.0,2704.0,216.0,
Hubot_Sans_900italic,ok,52.0,2704.0,215.0,
Comme_100,ok,52.0,2704.0,210.0,
Comme_200,ok,52.0,2704.0,210.0,
Comme_300,ok,52.0,2704.0,210.0,
Comme_regular,ok,52.0,2704.0,208.0,
Comme_500,ok,52.0,2704.0,206.0,
Comme_600,ok,52.0,2704.0,204.0,
Comme_700,ok,52.0,2704.0,202.0,
Comme_800,ok,52.0,2704.0,201.0,
Comme_900,ok,52.0,2704.0,199.0,
Sevillana_regular,ok,52.0,2704.0,191.0,
Ranchers_regular,ok,52.0,2704.0,191.0,
Alkalami_regular,ok,52.0,2704.0,214.0,
Devonshire_regular,ok,52.0,2704.0,202.0,
Miltonian_Tattoo_regular,ok,52.0,2704.0,220.0,
Jolly_Lodger_regular,ok,52.0,2704.0,210.0,
BIZ_UDMincho_regular,ok,52.0,2704.0,198.0,
BIZ_UDMincho_700,ok,52.0,2704.0,198.0,
Imbue_100,ok,52.0,2704.0,211.0,
Imbue_200,ok,52.0,2704.0,211.0,
Imbue_300,ok,52.0,2704.0,211.0,
Imbue_regular,ok,52.0,2704.0,211.0,
Imbue_500,ok,52.0,2704.0,211.0,
Imbue_600,ok,52.0,2704.0,211.0,
Imbue_700,ok,52.0,2704.0,211.0,
Imbue_800,ok,52.0,2704.0,211.0,
Imbue_900,ok,52.0,2704.0,211.0,
Baloo_Bhaina_2_regular,ok,52.0,2704.0,238.0,
Baloo_Bhaina_2_500,ok,52.0,2704.0,238.0,
Baloo_Bhaina_2_600,ok,52.0,2704.0,234.0,
Baloo_Bhaina_2_700,ok,52.0,2704.0,229.0,
Baloo_Bhaina_2_800,ok,52.0,2704.0,225.0,
Nova_Cut_regular,ok,52.0,2704.0,212.0,
TASA_Orbiter_regular,ok,52.0,2704.0,228.0,
TASA_Orbiter_500,ok,52.0,2704.0,229.0,
TASA_Orbiter_600,ok,52.0,2704.0,227.0,
TASA_Orbiter_700,ok,52.0,2704.0,225.0,
TASA_Orbiter_800,ok,52.0,2704.0,223.0,
East_Sea_Dokdo_regular,ok,52.0,2704.0,320.0,
Stack_Sans_Text_200,ok,52.0,2704.0,213.0,
Stack_Sans_Text_300,ok,52.0,2704.0,213.0,
Stack_Sans_Text_regular,ok,52.0,2704.0,213.0,
Stack_Sans_Text_500,ok,52.0,2704.0,213.0,
Stack_Sans_Text_600,ok,52.0,2704.0,213.0,
Stack_Sans_Text_700,ok,52.0,2704.0,213.0,
Rationale_regular,ok,52.0,2704.0,229.0,
Emilys_Candy_regular,ok,52.0,2704.0,207.0,
Caesar_Dressing_regular,ok,52.0,2704.0,211.0,
Trispace_100,ok,52.0,2704.0,210.0,
Trispace_200,ok,52.0,2704.0,210.0,
Trispace_300,ok,52.0,2704.0,210.0,
Trispace_regular,ok,52.0,2704.0,210.0,
Trispace_500,ok,52.0,2704.0,210.0,
Trispace_600,ok,52.0,2704.0,210.0,
Trispace_700,ok,52.0,2704.0,210.0,
Trispace_800,ok,52.0,2704.0,210.0,
Macondo_Swash_Caps_regular,ok,52.0,2704.0,213.0,
Miniver_regular,ok,52.0,2704.0,207.0,
Delius_Swash_Caps_regular,ok,52.0,2704.0,199.0,
Homenaje_regular,ok,52.0,2704.0,226.0,
Convergence_regular,ok,52.0,2704.0,208.0,
Vampiro_One_regular,ok,52.0,2704.0,209.0,
Baskervville_SC_regular,ok,52.0,2704.0,221.0,
Baskervville_SC_500,ok,52.0,2704.0,221.0,
Baskervville_SC_600,ok,52.0,2704.0,221.0,
Baskervville_SC_700,ok,52.0,2704.0,219.0,
Akronim_regular,ok,52.0,2704.0,204.0,
Zilla_Slab_Highlight_regular,ok,52.0,2704.0,174.0,
Zilla_Slab_Highlight_700,ok,52.0,2704.0,174.0,
Belgrano_regular,ok,52.0,2704.0,206.0,
Noto_Sans_Math_regular,ok,52.0,2704.0,209.0,
Stylish_regular,ok,52.0,2704.0,254.0,
Solitreo_regular,ok,52.0,2704.0,207.0,
Faculty_Glyphic_regular,ok,52.0,2704.0,202.0,
Sigmar_regular,ok,52.0,2704.0,185.0,
Nova_Script_regular,ok,52.0,2704.0,212.0,
Headland_One_regular,ok,52.0,2704.0,190.0,
Dangrek_regular,ok,52.0,2704.0,232.0,
Fascinate_Inline_regular,ok,52.0,2704.0,183.0,
Fuggles_regular,ok,52.0,2704.0,249.0,
Tiro_Devanagari_Sanskrit_regular,ok,52.0,2704.0,211.0,
Tiro_Devanagari_Sanskrit_italic,ok,52.0,2704.0,211.0,
Kdam_Thmor_Pro_regular,ok,52.0,2704.0,187.0,
Notable_regular,ok,52.0,2704.0,179.0,
Single_Day_regular,ok,52.0,2704.0,255.0,
Island_Moments_regular,ok,52.0,2704.0,249.0,
Cantora_One_regular,ok,52.0,2704.0,207.0,
Fenix_regular,ok,52.0,2704.0,232.0,
Liu_Jian_Mao_Cao_regular,ok,52.0,2704.0,156.0,
Timmana_regular,ok,52.0,2704.0,231.0,
Anek_Gujarati_100,ok,52.0,2704.0,237.0,
Anek_Gujarati_200,ok,52.0,2704.0,236.0,
Anek_Gujarati_300,ok,52.0,2704.0,236.0,
Anek_Gujarati_regular,ok,52.0,2704.0,236.0,
Anek_Gujarati_500,ok,52.0,2704.0,236.0,
Anek_Gujarati_600,ok,52.0,2704.0,234.0,
Anek_Gujarati_700,ok,52.0,2704.0,232.0,
Anek_Gujarati_800,ok,52.0,2704.0,230.0,
Comforter_regular,ok,52.0,2704.0,186.0,
Srisakdi_regular,ok,52.0,2704.0,208.0,
Srisakdi_700,ok,52.0,2704.0,210.0,
Ceviche_One_regular,ok,52.0,2704.0,280.0,
Ballet_regular,ok,52.0,2704.0,108.0,
Beau_Rivage_regular,ok,52.0,2704.0,158.0,
Margarine_regular,ok,52.0,2704.0,178.0,
Ysabeau_100,ok,52.0,2704.0,224.0,
Ysabeau_200,ok,52.0,2704.0,224.0,
Ysabeau_300,ok,52.0,2704.0,223.0,
Ysabeau_regular,ok,52.0,2704.0,223.0,
Ysabeau_500,ok,52.0,2704.0,222.0,
Ysabeau_600,ok,52.0,2704.0,222.0,
Ysabeau_700,ok,52.0,2704.0,221.0,
Ysabeau_800,ok,52.0,2704.0,221.0,
Ysabeau_900,ok,52.0,2704.0,220.0,
Ysabeau_100italic,ok,52.0,2704.0,225.0,
Ysabeau_200italic,ok,52.0,2704.0,225.0,
Ysabeau_300italic,ok,52.0,2704.0,225.0,
Ysabeau_italic,ok,52.0,2704.0,225.0,
Ysabeau_500italic,ok,52.0,2704.0,225.0,
Ysabeau_600italic,ok,52.0,2704.0,225.0,
Ysabeau_700italic,ok,52.0,2704.0,225.0,
Ysabeau_800italic,ok,52.0,2704.0,224.0,
Ysabeau_900italic,ok,52.0,2704.0,222.0,
Underdog_regular,ok,52.0,2704.0,205.0,
Erica_One_regular,ok,52.0,2704.0,202.0,
Tiny5_regular,ok,52.0,2704.0,213.0,
Geomini_200,ok,52.0,2704.0,209.0,
Geomini_300,ok,52.0,2704.0,208.0,
Geomini_regular,ok,52.0,2704.0,207.0,
Geomini_500,ok,52.0,2704.0,206.0,
Geomini_600,ok,52.0,2704.0,206.0,
Geomini_700,ok,52.0,2704.0,205.0,
Geomini_800,ok,52.0,2704.0,204.0,
Freckle_Face_regular,ok,52.0,2704.0,209.0,
Jomolhari_regular,ok,52.0,2704.0,208.0,
BhuTuka_Expanded_One_regular,ok,52.0,2704.0,208.0,
Stalemate_regular,ok,52.0,2704.0,168.0,
Playwrite_US_Trad_100,ok,52.0,2704.0,149.0,
Playwrite_US_Trad_200,ok,52.0,2704.0,148.0,
Playwrite_US_Trad_300,ok,52.0,2704.0,147.0,
Playwrite_US_Trad_regular,ok,52.0,2704.0,147.0,
Ruthie_regular,ok,52.0,2704.0,189.0,
Katibeh_regular,ok,52.0,2704.0,319.0,
Noto_Music_regular,ok,52.0,2704.0,209.0,
Playwrite_NZ_Guides_regular,ok,52.0,2704.0,178.0,
Barrio_regular,ok,52.0,2704.0,217.0,
Kapakana_300,ok,52.0,2704.0,220.0,
Kapakana_regular,ok,52.0,2704.0,221.0,
Hedvig_Letters_Sans_regular,ok,52.0,2704.0,225.0,
Stack_Sans_Headline_200,ok,52.0,2704.0,213.0,
Stack_Sans_Headline_300,ok,52.0,2704.0,213.0,
Stack_Sans_Headline_regular,ok,52.0,2704.0,213.0,
Stack_Sans_Headline_500,ok,52.0,2704.0,213.0,
Stack_Sans_Headline_600,ok,52.0,2704.0,213.0,
Stack_Sans_Headline_700,ok,52.0,2704.0,213.0,
Joan_regular,ok,52.0,2704.0,202.0,
Noto_Serif_Telugu_100,ok,52.0,2704.0,207.0,
Noto_Serif_Telugu_200,ok,52.0,2704.0,207.0,
Noto_Serif_Telugu_300,ok,52.0,2704.0,207.0,
Noto_Serif_Telugu_regular,ok,52.0,2704.0,207.0,
Noto_Serif_Telugu_500,ok,52.0,2704.0,207.0,
Noto_Serif_Telugu_600,ok,52.0,2704.0,208.0,
Noto_Serif_Telugu_700,ok,52.0,2704.0,207.0,
Noto_Serif_Telugu_800,ok,52.0,2704.0,206.0,
Noto_Serif_Telugu_900,ok,52.0,2704.0,205.0,
Castoro_Titling_regular,ok,52.0,2704.0,225.0,
Smooch_regular,ok,52.0,2704.0,235.0,
Braah_One_regular,ok,52.0,2704.0,222.0,
Strait_regular,ok,52.0,2704.0,218.0,
Fascinate_regular,ok,52.0,2704.0,183.0,
Flamenco_300,ok,52.0,2704.0,211.0,
Flamenco_regular,ok,52.0,2704.0,210.0,
Zen_Tokyo_Zoo_regular,ok,52.0,2704.0,192.0,
Playwrite_NO_100,ok,52.0,2704.0,161.0,
Playwrite_NO_200,ok,52.0,2704.0,161.0,
Playwrite_NO_300,ok,52.0,2704.0,161.0,
Playwrite_NO_regular,ok,52.0,2704.0,161.0,
Poor_Story_regular,ok,52.0,2704.0,239.0,
Mate_SC_regular,ok,52.0,2704.0,224.0,
Yeon_Sung_regular,ok,52.0,2704.0,230.0,
Sono_200,ok,52.0,2704.0,206.0,
Sono_300,ok,52.0,2704.0,206.0,
Sono_regular,ok,52.0,2704.0,206.0,
Sono_500,ok,52.0,2704.0,206.0,
Sono_600,ok,52.0,2704.0,206.0,
Sono_700,ok,52.0,2704.0,206.0,
Sono_800,ok,52.0,2704.0,203.0,
LXGW_WenKai_TC_300,ok,52.0,2704.0,225.0,
LXGW_WenKai_TC_regular,ok,52.0,2704.0,224.0,
LXGW_WenKai_TC_700,ok,52.0,2704.0,222.0,
Tillana_regular,ok,52.0,2704.0,195.0,
Tillana_500,ok,52.0,2704.0,190.0,
Tillana_600,ok,52.0,2704.0,188.0,
Tillana_700,ok,52.0,2704.0,183.0,
Tillana_800,ok,52.0,2704.0,178.0,
Sree_Krushnadevaraya_regular,ok,52.0,2704.0,254.0,
Handjet_100,ok,52.0,2704.0,234.0,
Handjet_200,ok,52.0,2704.0,231.0,
Handjet_300,ok,52.0,2704.0,229.0,
Handjet_regular,ok,52.0,2704.0,226.0,
Handjet_500,ok,52.0,2704.0,224.0,
Handjet_600,ok,52.0,2704.0,223.0,
Handjet_700,ok,52.0,2704.0,221.0,
Handjet_800,ok,52.0,2704.0,218.0,
Handjet_900,ok,52.0,2704.0,217.0,
Rum_Raisin_regular,ok,52.0,2704.0,199.0,
Borel_regular,ok,52.0,2704.0,163.0,
Shippori_Antique_B1_regular,ok,52.0,2704.0,211.0,
Mystery_Quest_regular,ok,52.0,2704.0,192.0,
Englebert_regular,ok,52.0,2704.0,214.0,
Bodoni_Moda_SC_regular,ok,52.0,2704.0,209.0,
Bodoni_Moda_SC_500,ok,52.0,2704.0,209.0,
Bodoni_Moda_SC_600,ok,52.0,2704.0,209.0,
Bodoni_Moda_SC_700,ok,52.0,2704.0,209.0,
Bodoni_Moda_SC_800,ok,52.0,2704.0,209.0,
Bodoni_Moda_SC_900,ok,52.0,2704.0,209.0,
Bodoni_Moda_SC_italic,ok,52.0,2704.0,209.0,
Bodoni_Moda_SC_500italic,ok,52.0,2704.0,209.0,
Bodoni_Moda_SC_600italic,ok,52.0,2704.0,209.0,
Bodoni_Moda_SC_700italic,ok,52.0,2704.0,209.0,
Bodoni_Moda_SC_800italic,ok,52.0,2704.0,209.0,
Bodoni_Moda_SC_900italic,ok,52.0,2704.0,209.0,
Imperial_Script_regular,ok,52.0,2704.0,165.0,
Passions_Conflict_regular,ok,52.0,2704.0,248.0,
Anek_Kannada_100,ok,52.0,2704.0,237.0,
Anek_Kannada_200,ok,52.0,2704.0,236.0,
Anek_Kannada_300,ok,52.0,2704.0,236.0,
Anek_Kannada_regular,ok,52.0,2704.0,236.0,
Anek_Kannada_500,ok,52.0,2704.0,236.0,
Anek_Kannada_600,ok,52.0,2704.0,234.0,
Anek_Kannada_700,ok,52.0,2704.0,232.0,
Anek_Kannada_800,ok,52.0,2704.0,230.0,
Stint_Ultra_Condensed_regular,ok,52.0,2704.0,234.0,
Engagement_regular,ok,52.0,2704.0,204.0,
Odor_Mean_Chey_regular,ok,52.0,2704.0,219.0,
Lugrasimo_regular,ok,52.0,2704.0,172.0,
Lovers_Quarrel_regular,ok,52.0,2704.0,240.0,
Amiri_Quran_regular,ok,52.0,2704.0,234.0,
Gupter_regular,ok,52.0,2704.0,243.0,
Gupter_500,ok,52.0,2704.0,241.0,
Gupter_700,ok,52.0,2704.0,231.0,
Seymour_One_regular,ok,52.0,2704.0,181.0,
Noto_Serif_Kannada_100,ok,52.0,2704.0,207.0,
Noto_Serif_Kannada_200,ok,52.0,2704.0,207.0,
Noto_Serif_Kannada_300,ok,52.0,2704.0,207.0,
Noto_Serif_Kannada_regular,ok,52.0,2704.0,207.0,
Noto_Serif_Kannada_500,ok,52.0,2704.0,207.0,
Noto_Serif_Kannada_600,ok,52.0,2704.0,208.0,
Noto_Serif_Kannada_700,ok,52.0,2704.0,207.0,
Noto_Serif_Kannada_800,ok,52.0,2704.0,206.0,
Noto_Serif_Kannada_900,ok,52.0,2704.0,205.0,
Winky_Sans_300,ok,52.0,2704.0,225.0,
Winky_Sans_regular,ok,52.0,2704.0,222.0,
Winky_Sans_500,ok,52.0,2704.0,219.0,
Winky_Sans_600,ok,52.0,2704.0,216.0,
Winky_Sans_700,ok,52.0,2704.0,213.0,
Winky_Sans_800,ok,52.0,2704.0,210.0,
Winky_Sans_900,ok,52.0,2704.0,207.0,
Winky_Sans_300italic,ok,52.0,2704.0,225.0,
Winky_Sans_italic,ok,52.0,2704.0,222.0,
Winky_Sans_500italic,ok,52.0,2704.0,219.0,
Winky_Sans_600italic,ok,52.0,2704.0,216.0,
Winky_Sans_700italic,ok,52.0,2704.0,213.0,
Winky_Sans_800italic,ok,52.0,2704.0,210.0,
Winky_Sans_900italic,ok,52.0,2704.0,207.0,
Paprika_regular,ok,52.0,2704.0,165.0,
Akaya_Telivigala_regular,ok,52.0,2704.0,235.0,
Cute_Font_regular,ok,52.0,2704.0,320.0,
Noto_Sans_Thaana_100,ok,52.0,2704.0,209.0,
Noto_Sans_Thaana_200,ok,52.0,2704.0,209.0,
Noto_Sans_Thaana_300,ok,52.0,2704.0,209.0,
Noto_Sans_Thaana_regular,ok,52.0,2704.0,209.0,
Noto_Sans_Thaana_500,ok,52.0,2704.0,209.0,
Noto_Sans_Thaana_600,ok,52.0,2704.0,209.0,
Noto_Sans_Thaana_700,ok,52.0,2704.0,209.0,
Noto_Sans_Thaana_800,ok,52.0,2704.0,208.0,
Noto_Sans_Thaana_900,ok,52.0,2704.0,206.0,
Mea_Culpa_regular,ok,52.0,2704.0,140.0,
Nabla_regular,ok,52.0,2704.0,158.0,
Stoke_300,ok,52.0,2704.0,189.0,
Stoke_regular,ok,52.0,2704.0,189.0,
Cagliostro_regular,ok,52.0,2704.0,216.0,
Suwannaphum_100,ok,52.0,2704.0,207.0,
Suwannaphum_300,ok,52.0,2704.0,207.0,
Suwannaphum_regular,ok,52.0,2704.0,207.0,
Suwannaphum_700,ok,52.0,2704.0,207.0,
Suwannaphum_900,ok,52.0,2704.0,207.0,
Sura_regular,ok,52.0,2704.0,207.0,
Sura_700,ok,52.0,2704.0,207.0,
Manufacturing_Consent_regular,ok,52.0,2704.0,239.0,
Risque_regular,ok,52.0,2704.0,225.0,
Carrois_Gothic_SC_regular,ok,52.0,2704.0,217.0,
Rubik_Scribble_regular,ok,52.0,2704.0,208.0,
Tourney_100,ok,52.0,2704.0,213.0,
Tourney_200,ok,52.0,2704.0,213.0,
Tourney_300,ok,52.0,2704.0,213.0,
Tourney_regular,ok,52.0,2704.0,213.0,
Tourney_500,ok,52.0,2704.0,213.0,
Tourney_600,ok,52.0,2704.0,213.0,
Tourney_700,ok,52.0,2704.0,213.0,
Tourney_800,ok,52.0,2704.0,213.0,
Tourney_900,ok,52.0,2704.0,213.0,
Tourney_100italic,ok,52.0,2704.0,213.0,
Tourney_200italic,ok,52.0,2704.0,213.0,
Tourney_300italic,ok,52.0,2704.0,213.0,
Tourney_italic,ok,52.0,2704.0,213.0,
Tourney_500italic,ok,52.0,2704.0,213.0,
Tourney_600italic,ok,52.0,2704.0,213.0,
Tourney_700italic,ok,52.0,2704.0,213.0,
Tourney_800italic,ok,52.0,2704.0,213.0,
Tourney_900italic,ok,52.0,2704.0,213.0,
Sonsie_One_regular,ok,52.0,2704.0,179.0,
Marhey_300,ok,52.0,2704.0,198.0,
Marhey_regular,ok,52.0,2704.0,197.0,
Marhey_500,ok,52.0,2704.0,197.0,
Marhey_600,ok,52.0,2704.0,196.0,
Marhey_700,ok,52.0,2704.0,196.0,
Kaisei_HarunoUmi_regular,ok,52.0,2704.0,206.0,
Kaisei_HarunoUmi_500,ok,52.0,2704.0,205.0,
Kaisei_HarunoUmi_700,ok,52.0,2704.0,205.0,
Beiruti_200,ok,52.0,2704.0,254.0,
Beiruti_300,ok,52.0,2704.0,253.0,
Beiruti_regular,ok,52.0,2704.0,253.0,
Beiruti_500,ok,52.0,2704.0,253.0,
Beiruti_600,ok,52.0,2704.0,253.0,
Beiruti_700,ok,52.0,2704.0,253.0,
Beiruti_800,ok,52.0,2704.0,253.0,
Beiruti_900,ok,52.0,2704.0,253.0,
Noto_Sans_Tagalog_regular,ok,52.0,2704.0,209.0,
Averia_Gruesa_Libre_regular,ok,52.0,2704.0,223.0,
Climate_Crisis_regular,ok,52.0,2704.0,185.0,
Content_regular,ok,52.0,2704.0,256.0,
Content_700,ok,52.0,2704.0,256.0,
Chocolate_Classical_Sans_regular,ok,52.0,2704.0,197.0,
Playwrite_IS_100,ok,52.0,2704.0,178.0,
Playwrite_IS_200,ok,52.0,2704.0,178.0,
Playwrite_IS_300,ok,52.0,2704.0,178.0,
Playwrite_IS_regular,ok,52.0,2704.0,178.0,
Playpen_Sans_Arabic_100,ok,52.0,2704.0,191.0,
Playpen_Sans_Arabic_200,ok,52.0,2704.0,191.0,
Playpen_Sans_Arabic_300,ok,52.0,2704.0,191.0,
Playpen_Sans_Arabic_regular,ok,52.0,2704.0,191.0,
Playpen_Sans_Arabic_500,ok,52.0,2704.0,191.0,
Playpen_Sans_Arabic_600,ok,52.0,2704.0,191.0,
Playpen_Sans_Arabic_700,ok,52.0,2704.0,191.0,
Playpen_Sans_Arabic_800,ok,52.0,2704.0,191.0,
Playwrite_DE_Grund_100,ok,52.0,2704.0,170.0,
Playwrite_DE_Grund_200,ok,52.0,2704.0,170.0,
Playwrite_DE_Grund_300,ok,52.0,2704.0,170.0,
Playwrite_DE_Grund_regular,ok,52.0,2704.0,170.0,
Caramel_regular,ok,52.0,2704.0,278.0,
Foldit_100,ok,52.0,2704.0,219.0,
Foldit_200,ok,52.0,2704.0,218.0,
Foldit_300,ok,52.0,2704.0,216.0,
Foldit_regular,ok,52.0,2704.0,213.0,
Foldit_500,ok,52.0,2704.0,211.0,
Foldit_600,ok,52.0,2704.0,210.0,
Foldit_700,ok,52.0,2704.0,207.0,
Foldit_800,ok,52.0,2704.0,204.0,
Foldit_900,ok,52.0,2704.0,192.0,
Junge_regular,ok,52.0,2704.0,205.0,
Elms_Sans_100,ok,52.0,2704.0,222.0,
Elms_Sans_200,ok,52.0,2704.0,222.0,
Elms_Sans_300,ok,52.0,2704.0,222.0,
Elms_Sans_regular,ok,52.0,2704.0,222.0,
Elms_Sans_500,ok,52.0,2704.0,222.0,
Elms_Sans_600,ok,52.0,2704.0,222.0,
Elms_Sans_700,ok,52.0,2704.0,222.0,
Elms_Sans_800,ok,52.0,2704.0,222.0,
Elms_Sans_900,ok,52.0,2704.0,219.0,
Elms_Sans_100italic,ok,52.0,2704.0,222.0,
Elms_Sans_200italic,ok,52.0,2704.0,222.0,
Elms_Sans_300italic,ok,52.0,2704.0,222.0,
Elms_Sans_italic,ok,52.0,2704.0,222.0,
Elms_Sans_500italic,ok,52.0,2704.0,222.0,
Elms_Sans_600italic,ok,52.0,2704.0,222.0,
Elms_Sans_700italic,ok,52.0,2704.0,222.0,
Elms_Sans_800italic,ok,52.0,2704.0,222.0,
Elms_Sans_900italic,ok,52.0,2704.0,219.0,
Montserrat_Underline_100,ok,52.0,2704.0,214.0,
Montserrat_Underline_200,ok,52.0,2704.0,214.0,
Montserrat_Underline_300,ok,52.0,2704.0,214.0,
Montserrat_Underline_regular,ok,52.0,2704.0,214.0,
Montserrat_Underline_500,ok,52.0,2704.0,211.0,
Montserrat_Underline_600,ok,52.0,2704.0,207.0,
Montserrat_Underline_700,ok,52.0,2704.0,203.0,
Montserrat_Underline_800,ok,52.0,2704.0,199.0,
Montserrat_Underline_900,ok,52.0,2704.0,194.0,
Montserrat_Underline_100italic,ok,52.0,2704.0,214.0,
Montserrat_Underline_200italic,ok,52.0,2704.0,214.0,
Montserrat_Underline_300italic,ok,52.0,2704.0,212.0,
Montserrat_Underline_italic,ok,52.0,2704.0,209.0,
Montserrat_Underline_500italic,ok,52.0,2704.0,206.0,
Montserrat_Underline_600italic,ok,52.0,2704.0,203.0,
Montserrat_Underline_700italic,ok,52.0,2704.0,199.0,
Montserrat_Underline_800italic,ok,52.0,2704.0,195.0,
Montserrat_Underline_900italic,ok,52.0,2704.0,192.0,
Sirin_Stencil_regular,ok,52.0,2704.0,209.0,
Edu_NSW_ACT_Cursive_regular,ok,52.0,2704.0,158.0,
Edu_NSW_ACT_Cursive_500,ok,52.0,2704.0,158.0,
Edu_NSW_ACT_Cursive_600,ok,52.0,2704.0,158.0,
Edu_NSW_ACT_Cursive_700,ok,52.0,2704.0,157.0,
Tac_One_regular,ok,52.0,2704.0,278.0,
National_Park_200,ok,52.0,2704.0,217.0,
National_Park_300,ok,52.0,2704.0,217.0,
National_Park_regular,ok,52.0,2704.0,217.0,
National_Park_500,ok,52.0,2704.0,217.0,
National_Park_600,ok,52.0,2704.0,217.0,
National_Park_700,ok,52.0,2704.0,217.0,
National_Park_800,ok,52.0,2704.0,216.0,
Noto_Serif_Ahom_regular,ok,52.0,2704.0,207.0,
Text_Me_One_regular,ok,52.0,2704.0,218.0,
Port_Lligat_Slab_regular,ok,52.0,2704.0,234.0,
Spirax_regular,ok,52.0,2704.0,208.0,
Ramaraja_regular,ok,52.0,2704.0,260.0,
Momo_Trust_Sans_200,ok,52.0,2704.0,209.0,
Momo_Trust_Sans_300,ok,52.0,2704.0,209.0,
Momo_Trust_Sans_regular,ok,52.0,2704.0,209.0,
Momo_Trust_Sans_500,ok,52.0,2704.0,209.0,
Momo_Trust_Sans_600,ok,52.0,2704.0,208.0,
Momo_Trust_Sans_700,ok,52.0,2704.0,208.0,
Momo_Trust_Sans_800,ok,52.0,2704.0,208.0,
Chilanka_regular,ok,52.0,2704.0,218.0,
Geostar_Fill_regular,ok,52.0,2704.0,196.0,
Gorditas_regular,ok,52.0,2704.0,211.0,
Gorditas_700,ok,52.0,2704.0,211.0,
Benne_regular,ok,52.0,2704.0,226.0,
Playwrite_IN_100,ok,52.0,2704.0,145.0,
Playwrite_IN_200,ok,52.0,2704.0,145.0,
Playwrite_IN_300,ok,52.0,2704.0,144.0,
Playwrite_IN_regular,ok,52.0,2704.0,144.0,
Dorsa_regular,ok,52.0,2704.0,213.0,
Ravi_Prakash_regular,ok,52.0,2704.0,266.0,
Noto_Sans_Buhid_regular,ok,52.0,2704.0,209.0,
Almendra_SC_regular,ok,52.0,2704.0,186.0,
Shalimar_regular,ok,52.0,2704.0,238.0,
Yaldevi_200,ok,52.0,2704.0,192.0,
Yaldevi_300,ok,52.0,2704.0,191.0,
Yaldevi_regular,ok,52.0,2704.0,191.0,
Yaldevi_500,ok,52.0,2704.0,191.0,
Yaldevi_600,ok,52.0,2704.0,190.0,
Yaldevi_700,ok,52.0,2704.0,190.0,
Tiro_Devanagari_Marathi_regular,ok,52.0,2704.0,211.0,
Tiro_Devanagari_Marathi_italic,ok,52.0,2704.0,211.0,
Gentium_Plus_regular,ok,52.0,2704.0,211.0,
Gentium_Plus_italic,ok,52.0,2704.0,215.0,
Gentium_Plus_700,ok,52.0,2704.0,211.0,
Gentium_Plus_700italic,ok,52.0,2704.0,215.0,
Bilbo_regular,ok,52.0,2704.0,226.0,
Moderustic_300,ok,52.0,2704.0,213.0,
Moderustic_regular,ok,52.0,2704.0,213.0,
Moderustic_500,ok,52.0,2704.0,213.0,
Moderustic_600,ok,52.0,2704.0,213.0,
Moderustic_700,ok,52.0,2704.0,212.0,
Moderustic_800,ok,52.0,2704.0,212.0,
Stint_Ultra_Expanded_regular,ok,52.0,2704.0,184.0,
Keania_One_regular,ok,52.0,2704.0,221.0,
Send_Flowers_regular,ok,52.0,2704.0,202.0,
Water_Brush_regular,ok,52.0,2704.0,180.0,
Girassol_regular,ok,52.0,2704.0,203.0,
Geom_300,ok,52.0,2704.0,217.0,
Geom_regular,ok,52.0,2704.0,217.0,
Geom_500,ok,52.0,2704.0,217.0,
Geom_600,ok,52.0,2704.0,216.0,
Geom_700,ok,52.0,2704.0,212.0,
Geom_800,ok,52.0,2704.0,208.0,
Geom_900,ok,52.0,2704.0,205.0,
Geom_300italic,ok,52.0,2704.0,217.0,
Geom_italic,ok,52.0,2704.0,217.0,
Geom_500italic,ok,52.0,2704.0,217.0,
Geom_600italic,ok,52.0,2704.0,216.0,
Geom_700italic,ok,52.0,2704.0,212.0,
Geom_800italic,ok,52.0,2704.0,208.0,
Geom_900italic,ok,52.0,2704.0,205.0,
Texturina_100,ok,52.0,2704.0,200.0,
Texturina_200,ok,52.0,2704.0,200.0,
Texturina_300,ok,52.0,2704.0,200.0,
Texturina_regular,ok,52.0,2704.0,200.0,
Texturina_500,ok,52.0,2704.0,200.0,
Texturina_600,ok,52.0,2704.0,200.0,
Texturina_700,ok,52.0,2704.0,200.0,
Texturina_800,ok,52.0,2704.0,200.0,
Texturina_900,ok,52.0,2704.0,200.0,
Texturina_100italic,ok,52.0,2704.0,200.0,
Texturina_200italic,ok,52.0,2704.0,200.0,
Texturina_300italic,ok,52.0,2704.0,200.0,
Texturina_italic,ok,52.0,2704.0,200.0,
Texturina_500italic,ok,52.0,2704.0,200.0,
Texturina_600italic,ok,52.0,2704.0,200.0,
Texturina_700italic,ok,52.0,2704.0,200.0,
Texturina_800italic,ok,52.0,2704.0,200.0,
Texturina_900italic,ok,52.0,2704.0,200.0,
Cactus_Classical_Serif_regular,ok,52.0,2704.0,212.0,
SN_Pro_200,ok,52.0,2704.0,234.0,
SN_Pro_300,ok,52.0,2704.0,233.0,
SN_Pro_regular,ok,52.0,2704.0,231.0,
SN_Pro_500,ok,52.0,2704.0,229.0,
SN_Pro_600,ok,52.0,2704.0,227.0,
SN_Pro_700,ok,52.0,2704.0,223.0,
SN_Pro_800,ok,52.0,2704.0,216.0,
SN_Pro_900,ok,52.0,2704.0,208.0,
SN_Pro_200italic,ok,52.0,2704.0,235.0,
SN_Pro_300italic,ok,52.0,2704.0,235.0,
SN_Pro_italic,ok,52.0,2704.0,231.0,
SN_Pro_500italic,ok,52.0,2704.0,228.0,
SN_Pro_600italic,ok,52.0,2704.0,226.0,
SN_Pro_700italic,ok,52.0,2704.0,222.0,
SN_Pro_800italic,ok,52.0,2704.0,215.0,
SN_Pro_900italic,ok,52.0,2704.0,208.0,
Yuji_Boku_regular,ok,52.0,2704.0,218.0,
Edu_VIC_WA_NT_Hand_regular,ok,52.0,2704.0,171.0,
Edu_VIC_WA_NT_Hand_500,ok,52.0,2704.0,171.0,
Edu_VIC_WA_NT_Hand_600,ok,52.0,2704.0,171.0,
Edu_VIC_WA_NT_Hand_700,ok,52.0,2704.0,171.0,
Gwendolyn_regular,ok,52.0,2704.0,222.0,
Gwendolyn_700,ok,52.0,2704.0,214.0,
Rubik_Moonrocks_regular,ok,52.0,2704.0,213.0,
Simonetta_regular,ok,52.0,2704.0,211.0,
Simonetta_italic,ok,52.0,2704.0,211.0,
Simonetta_900,ok,52.0,2704.0,208.0,
Simonetta_900italic,ok,52.0,2704.0,208.0,
Wellfleet_regular,ok,52.0,2704.0,195.0,
Linden_Hill_regular,ok,52.0,2704.0,218.0,
Linden_Hill_italic,ok,52.0,2704.0,224.0,
My_Soul_regular,ok,52.0,2704.0,151.0,
Noto_Sans_Tai_Viet_regular,ok,52.0,2704.0,209.0,
Galdeano_regular,ok,52.0,2704.0,232.0,
Comforter_Brush_regular,ok,52.0,2704.0,187.0,
Gulzar_regular,ok,52.0,2704.0,222.0,
Glass_Antiqua_regular,ok,52.0,2704.0,234.0,
Piedra_regular,ok,52.0,2704.0,200.0,
Unlock_regular,ok,52.0,2704.0,209.0,
Farsan_regular,ok,52.0,2704.0,224.0,
Lexend_Tera_100,ok,52.0,2704.0,213.0,
Lexend_Tera_200,ok,52.0,2704.0,216.0,
Lexend_Tera_300,ok,52.0,2704.0,213.0,
Lexend_Tera_regular,ok,52.0,2704.0,205.0,
Lexend_Tera_500,ok,52.0,2704.0,202.0,
Lexend_Tera_600,ok,52.0,2704.0,200.0,
Lexend_Tera_700,ok,52.0,2704.0,197.0,
Lexend_Tera_800,ok,52.0,2704.0,194.0,
Lexend_Tera_900,ok,52.0,2704.0,192.0,
Jim_Nightshade_regular,ok,52.0,2704.0,176.0,
Ysabeau_Infant_100,ok,52.0,2704.0,224.0,
Ysabeau_Infant_200,ok,52.0,2704.0,224.0,
Ysabeau_Infant_300,ok,52.0,2704.0,223.0,
Ysabeau_Infant_regular,ok,52.0,2704.0,223.0,
Ysabeau_Infant_500,ok,52.0,2704.0,222.0,
Ysabeau_Infant_600,ok,52.0,2704.0,222.0,
Ysabeau_Infant_700,ok,52.0,2704.0,221.0,
Ysabeau_Infant_800,ok,52.0,2704.0,221.0,
Ysabeau_Infant_900,ok,52.0,2704.0,220.0,
Ysabeau_Infant_100italic,ok,52.0,2704.0,225.0,
Ysabeau_Infant_200italic,ok,52.0,2704.0,225.0,
Ysabeau_Infant_300italic,ok,52.0,2704.0,225.0,
Ysabeau_Infant_italic,ok,52.0,2704.0,225.0,
Ysabeau_Infant_500italic,ok,52.0,2704.0,225.0,
Ysabeau_Infant_600italic,ok,52.0,2704.0,225.0,
Ysabeau_Infant_700italic,ok,52.0,2704.0,225.0,
Ysabeau_Infant_800italic,ok,52.0,2704.0,224.0,
Ysabeau_Infant_900italic,ok,52.0,2704.0,222.0,
Noto_Serif_Lao_100,ok,52.0,2704.0,207.0,
Noto_Serif_Lao_200,ok,52.0,2704.0,207.0,
Noto_Serif_Lao_300,ok,52.0,2704.0,207.0,
Noto_Serif_Lao_regular,ok,52.0,2704.0,207.0,
Noto_Serif_Lao_500,ok,52.0,2704.0,207.0,
Noto_Serif_Lao_600,ok,52.0,2704.0,208.0,
Noto_Serif_Lao_700,ok,52.0,2704.0,207.0,
Noto_Serif_Lao_800,ok,52.0,2704.0,206.0,
Noto_Serif_Lao_900,ok,52.0,2704.0,205.0,
Dekko_regular,ok,52.0,2704.0,232.0,
Rubik_Wet_Paint_regular,ok,52.0,2704.0,212.0,
Condiment_regular,ok,52.0,2704.0,149.0,
Inspiration_regular,ok,52.0,2704.0,182.0,
Romanesco_regular,ok,52.0,2704.0,234.0,
Kotta_One_regular,ok,52.0,2704.0,202.0,
Inika_regular,ok,52.0,2704.0,213.0,
Inika_700,ok,52.0,2704.0,213.0,
Darumadrop_One_regular,ok,52.0,2704.0,246.0,
Tiro_Gurmukhi_regular,ok,52.0,2704.0,211.0,
Tiro_Gurmukhi_italic,ok,52.0,2704.0,211.0,
Offside_regular,ok,52.0,2704.0,195.0,
Koh_Santepheap_100,ok,52.0,2704.0,207.0,
Koh_Santepheap_300,ok,52.0,2704.0,207.0,
Koh_Santepheap_regular,ok,52.0,2704.0,207.0,
Koh_Santepheap_700,ok,52.0,2704.0,207.0,
Koh_Santepheap_900,ok,52.0,2704.0,205.0,
Jacques_Francois_regular,ok,52.0,2704.0,216.0,
Bruno_Ace_SC_regular,ok,52.0,2704.0,228.0,
Mrs_Sheppards_regular,ok,52.0,2704.0,192.0,
Mogra_regular,ok,52.0,2704.0,204.0,
Festive_regular,ok,52.0,2704.0,187.0,
Jacquard_12_regular,ok,52.0,2704.0,280.0,
Emblema_One_regular,ok,52.0,2704.0,235.0,
Plaster_regular,ok,52.0,2704.0,192.0,
Chela_One_regular,ok,52.0,2704.0,209.0,
Noto_Sans_Canadian_Aboriginal_100,ok,52.0,2704.0,209.0,
Noto_Sans_Canadian_Aboriginal_200,ok,52.0,2704.0,209.0,
Noto_Sans_Canadian_Aboriginal_300,ok,52.0,2704.0,209.0,
Noto_Sans_Canadian_Aboriginal_regular,ok,52.0,2704.0,209.0,
Noto_Sans_Canadian_Aboriginal_500,ok,52.0,2704.0,209.0,
Noto_Sans_Canadian_Aboriginal_600,ok,52.0,2704.0,209.0,
Noto_Sans_Canadian_Aboriginal_700,ok,52.0,2704.0,209.0,
Noto_Sans_Canadian_Aboriginal_800,ok,52.0,2704.0,208.0,
Noto_Sans_Canadian_Aboriginal_900,ok,52.0,2704.0,206.0,
Noto_Sans_Gothic_regular,ok,52.0,2704.0,209.0,
Alumni_Sans_Pinstripe_regular,ok,52.0,2704.0,251.0,
Alumni_Sans_Pinstripe_italic,ok,52.0,2704.0,251.0,
Momo_Trust_Display_regular,ok,52.0,2704.0,200.0,
Noto_Sans_Linear_A_regular,ok,52.0,2704.0,209.0,
Bungee_Hairline_regular,ok,52.0,2704.0,249.0,
Buda_300,ok,52.0,2704.0,228.0,
Playwrite_CU_100,ok,52.0,2704.0,134.0,
Playwrite_CU_200,ok,52.0,2704.0,133.0,
Playwrite_CU_300,ok,52.0,2704.0,133.0,
Playwrite_CU_regular,ok,52.0,2704.0,132.0,
Reem_Kufi_Fun_regular,ok,52.0,2704.0,205.0,
Reem_Kufi_Fun_500,ok,52.0,2704.0,203.0,
Reem_Kufi_Fun_600,ok,52.0,2704.0,205.0,
Reem_Kufi_Fun_700,ok,52.0,2704.0,201.0,
Huninn_regular,ok,52.0,2704.0,212.0,
Kite_One_regular,ok,52.0,2704.0,180.0,
Tilt_Prism_regular,ok,52.0,2704.0,228.0,
Noto_Sans_Samaritan_regular,ok,52.0,2704.0,209.0,
Autour_One_regular,ok,52.0,2704.0,183.0,
Anek_Odia_100,ok,52.0,2704.0,237.0,
Anek_Odia_200,ok,52.0,2704.0,236.0,
Anek_Odia_300,ok,52.0,2704.0,236.0,
Anek_Odia_regular,ok,52.0,2704.0,236.0,
Anek_Odia_500,ok,52.0,2704.0,236.0,
Anek_Odia_600,ok,52.0,2704.0,234.0,
Anek_Odia_700,ok,52.0,2704.0,232.0,
Anek_Odia_800,ok,52.0,2704.0,230.0,
Ewert_regular,ok,52.0,2704.0,224.0,
Jacques_Francois_Shadow_regular,ok,52.0,2704.0,208.0,
Edu_AU_VIC_WA_NT_Guides_regular,ok,52.0,2704.0,130.0,
Edu_AU_VIC_WA_NT_Guides_500,ok,52.0,2704.0,130.0,
Edu_AU_VIC_WA_NT_Guides_600,ok,52.0,2704.0,130.0,
Edu_AU_VIC_WA_NT_Guides_700,ok,52.0,2704.0,130.0,
Orbit_regular,ok,52.0,2704.0,219.0,
Noto_Serif_Khmer_100,ok,52.0,2704.0,207.0,
Noto_Serif_Khmer_200,ok,52.0,2704.0,207.0,
Noto_Serif_Khmer_300,ok,52.0,2704.0,207.0,
Noto_Serif_Khmer_regular,ok,52.0,2704.0,207.0,
Noto_Serif_Khmer_500,ok,52.0,2704.0,207.0,
Noto_Serif_Khmer_600,ok,52.0,2704.0,208.0,
Noto_Serif_Khmer_700,ok,52.0,2704.0,207.0,
Noto_Serif_Khmer_800,ok,52.0,2704.0,206.0,
Noto_Serif_Khmer_900,ok,52.0,2704.0,205.0,
Vend_Sans_300,ok,52.0,2704.0,210.0,
Vend_Sans_regular,ok,52.0,2704.0,210.0,
Vend_Sans_500,ok,52.0,2704.0,207.0,
Vend_Sans_600,ok,52.0,2704.0,205.0,
Vend_Sans_700,ok,52.0,2704.0,202.0,
Vend_Sans_300italic,ok,52.0,2704.0,210.0,
Vend_Sans_italic,ok,52.0,2704.0,210.0,
Vend_Sans_500italic,ok,52.0,2704.0,208.0,
Vend_Sans_600italic,ok,52.0,2704.0,206.0,
Vend_Sans_700italic,ok,52.0,2704.0,203.0,
Smokum_regular,ok,52.0,2704.0,211.0,
Babylonica_regular,ok,52.0,2704.0,175.0,
Miss_Fajardose_regular,ok,52.0,2704.0,150.0,
BBH_Bartle_regular,ok,52.0,2704.0,133.0,
Bruno_Ace_regular,ok,52.0,2704.0,213.0,
Libertinus_Sans_regular,ok,52.0,2704.0,229.0,
Libertinus_Sans_italic,ok,52.0,2704.0,229.0,
Libertinus_Sans_700,ok,52.0,2704.0,229.0,
Edu_AU_VIC_WA_NT_Hand_regular,ok,52.0,2704.0,171.0,
Edu_AU_VIC_WA_NT_Hand_500,ok,52.0,2704.0,171.0,
Edu_AU_VIC_WA_NT_Hand_600,ok,52.0,2704.0,171.0,
Edu_AU_VIC_WA_NT_Hand_700,ok,52.0,2704.0,171.0,
Anek_Gurmukhi_100,ok,52.0,2704.0,237.0,
Anek_Gurmukhi_200,ok,52.0,2704.0,236.0,
Anek_Gurmukhi_300,ok,52.0,2704.0,236.0,
Anek_Gurmukhi_regular,ok,52.0,2704.0,236.0,
Anek_Gurmukhi_500,ok,52.0,2704.0,236.0,
Anek_Gurmukhi_600,ok,52.0,2704.0,234.0,
Anek_Gurmukhi_700,ok,52.0,2704.0,232.0,
Anek_Gurmukhi_800,ok,52.0,2704.0,230.0,
Noto_Serif_Gujarati_100,ok,52.0,2704.0,207.0,
Noto_Serif_Gujarati_200,ok,52.0,2704.0,207.0,
Noto_Serif_Gujarati_300,ok,52.0,2704.0,207.0,
Noto_Serif_Gujarati_regular,ok,52.0,2704.0,207.0,
Noto_Serif_Gujarati_500,ok,52.0,2704.0,207.0,
Noto_Serif_Gujarati_600,ok,52.0,2704.0,208.0,
Noto_Serif_Gujarati_700,ok,52.0,2704.0,207.0,
Noto_Serif_Gujarati_800,ok,52.0,2704.0,206.0,
Noto_Serif_Gujarati_900,ok,52.0,2704.0,205.0,
WDXL_Lubrifont_JP_N_regular,ok,52.0,2704.0,224.0,
Arbutus_regular,ok,52.0,2704.0,196.0,
Micro_5_regular,ok,52.0,2704.0,320.0,
Meera_Inimai_regular,ok,52.0,2704.0,219.0,
Trykker_regular,ok,52.0,2704.0,200.0,
Oi_regular,ok,52.0,2704.0,179.0,
Wittgenstein_regular,ok,52.0,2704.0,195.0,
Wittgenstein_500,ok,52.0,2704.0,196.0,
Wittgenstein_600,ok,52.0,2704.0,196.0,
Wittgenstein_700,ok,52.0,2704.0,196.0,
Wittgenstein_800,ok,52.0,2704.0,196.0,
Wittgenstein_900,ok,52.0,2704.0,195.0,
Wittgenstein_italic,ok,52.0,2704.0,195.0,
Wittgenstein_500italic,ok,52.0,2704.0,195.0,
Wittgenstein_600italic,ok,52.0,2704.0,195.0,
Wittgenstein_700italic,ok,52.0,2704.0,194.0,
Wittgenstein_800italic,ok,52.0,2704.0,194.0,
Wittgenstein_900italic,ok,52.0,2704.0,193.0,
Big_Shoulders_Stencil_100,ok,52.0,2704.0,198.0,
Big_Shoulders_Stencil_200,ok,52.0,2704.0,198.0,
Big_Shoulders_Stencil_300,ok,52.0,2704.0,198.0,
Big_Shoulders_Stencil_regular,ok,52.0,2704.0,197.0,
Big_Shoulders_Stencil_500,ok,52.0,2704.0,197.0,
Big_Shoulders_Stencil_600,ok,52.0,2704.0,197.0,
Big_Shoulders_Stencil_700,ok,52.0,2704.0,197.0,
Big_Shoulders_Stencil_800,ok,52.0,2704.0,197.0,
Big_Shoulders_Stencil_900,ok,52.0,2704.0,197.0,
Donegal_One_regular,ok,52.0,2704.0,197.0,
Londrina_Shadow_regular,ok,52.0,2704.0,216.0,
Dr_Sugiyama_regular,ok,52.0,2704.0,178.0,
Story_Script_regular,ok,52.0,2704.0,220.0,
Nuosu_SIL_regular,ok,52.0,2704.0,220.0,
Ruluko_regular,ok,52.0,2704.0,214.0,
Praise_regular,ok,52.0,2704.0,253.0,
Playwrite_US_Modern_100,ok,52.0,2704.0,167.0,
Playwrite_US_Modern_200,ok,52.0,2704.0,167.0,
Playwrite_US_Modern_300,ok,52.0,2704.0,167.0,
Playwrite_US_Modern_regular,ok,52.0,2704.0,167.0,
Elsie_Swash_Caps_regular,ok,52.0,2704.0,199.0,
Elsie_Swash_Caps_900,ok,52.0,2704.0,182.0,
Milonga_regular,ok,52.0,2704.0,190.0,
Fruktur_regular,ok,52.0,2704.0,194.0,
Fruktur_italic,ok,52.0,2704.0,196.0,
Reem_Kufi_Ink_regular,ok,52.0,2704.0,205.0,
Luxurious_Roman_regular,ok,52.0,2704.0,234.0,
Ranga_regular,ok,52.0,2704.0,224.0,
Ranga_700,ok,52.0,2704.0,221.0,
Lakki_Reddy_regular,ok,52.0,2704.0,210.0,
Marko_One_regular,ok,52.0,2704.0,207.0,
GFS_Neohellenic_regular,ok,52.0,2704.0,251.0,
GFS_Neohellenic_italic,ok,52.0,2704.0,250.0,
GFS_Neohellenic_700,ok,52.0,2704.0,251.0,
GFS_Neohellenic_700italic,ok,52.0,2704.0,248.0,
Dhurjati_regular,ok,52.0,2704.0,320.0,
Playwrite_AU_NSW_100,ok,52.0,2704.0,157.0,
Playwrite_AU_NSW_200,ok,52.0,2704.0,157.0,
Playwrite_AU_NSW_300,ok,52.0,2704.0,157.0,
Playwrite_AU_NSW_regular,ok,52.0,2704.0,157.0,
Noto_Sans_Osmanya_regular,ok,52.0,2704.0,209.0,
Konkhmer_Sleokchher_regular,ok,52.0,2704.0,208.0,
Diplomata_SC_regular,ok,52.0,2704.0,124.0,
Playwrite_GB_S_100,ok,52.0,2704.0,178.0,
Playwrite_GB_S_200,ok,52.0,2704.0,178.0,
Playwrite_GB_S_300,ok,52.0,2704.0,178.0,
Playwrite_GB_S_regular,ok,52.0,2704.0,178.0,
Playwrite_GB_S_100italic,ok,52.0,2704.0,178.0,
Playwrite_GB_S_200italic,ok,52.0,2704.0,178.0,
Playwrite_GB_S_300italic,ok,52.0,2704.0,178.0,
Playwrite_GB_S_italic,ok,52.0,2704.0,178.0,
Ojuju_200,ok,52.0,2704.0,216.0,
Ojuju_300,ok,52.0,2704.0,216.0,
Ojuju_regular,ok,52.0,2704.0,216.0,
Ojuju_500,ok,52.0,2704.0,215.0,
Ojuju_600,ok,52.0,2704.0,215.0,
Ojuju_700,ok,52.0,2704.0,215.0,
Ojuju_800,ok,52.0,2704.0,214.0,
Noto_Sans_Sora_Sompeng_regular,ok,52.0,2704.0,209.0,
Noto_Sans_Sora_Sompeng_500,ok,52.0,2704.0,209.0,
Noto_Sans_Sora_Sompeng_600,ok,52.0,2704.0,209.0,
Noto_Sans_Sora_Sompeng_700,ok,52.0,2704.0,209.0,
Federant_regular,ok,52.0,2704.0,222.0,
Playwrite_AU_SA_100,ok,52.0,2704.0,158.0,
Playwrite_AU_SA_200,ok,52.0,2704.0,158.0,
Playwrite_AU_SA_300,ok,52.0,2704.0,158.0,
Playwrite_AU_SA_regular,ok,52.0,2704.0,158.0,
Ancizar_Serif_300,ok,52.0,2704.0,228.0,
Ancizar_Serif_regular,ok,52.0,2704.0,227.0,
Ancizar_Serif_500,ok,52.0,2704.0,227.0,
Ancizar_Serif_600,ok,52.0,2704.0,226.0,
Ancizar_Serif_700,ok,52.0,2704.0,225.0,
Ancizar_Serif_800,ok,52.0,2704.0,225.0,
Ancizar_Serif_900,ok,52.0,2704.0,224.0,
Ancizar_Serif_300italic,ok,52.0,2704.0,225.0,
Ancizar_Serif_italic,ok,52.0,2704.0,225.0,
Ancizar_Serif_500italic,ok,52.0,2704.0,225.0,
Ancizar_Serif_600italic,ok,52.0,2704.0,225.0,
Ancizar_Serif_700italic,ok,52.0,2704.0,225.0,
Ancizar_Serif_800italic,ok,52.0,2704.0,225.0,
Ancizar_Serif_900italic,ok,52.0,2704.0,225.0,
Noto_Serif_Sinhala_100,ok,52.0,2704.0,207.0,
Noto_Serif_Sinhala_200,ok,52.0,2704.0,207.0,
Noto_Serif_Sinhala_300,ok,52.0,2704.0,207.0,
Noto_Serif_Sinhala_regular,ok,52.0,2704.0,207.0,
Noto_Serif_Sinhala_500,ok,52.0,2704.0,207.0,
Noto_Serif_Sinhala_600,ok,52.0,2704.0,208.0,
Noto_Serif_Sinhala_700,ok,52.0,2704.0,207.0,
Noto_Serif_Sinhala_800,ok,52.0,2704.0,206.0,
Noto_Serif_Sinhala_900,ok,52.0,2704.0,205.0,
Bubbler_One_regular,ok,52.0,2704.0,213.0,
Joti_One_regular,ok,52.0,2704.0,213.0,
Neonderthaw_regular,ok,52.0,2704.0,129.0,
Akt_100,ok,52.0,2704.0,224.0,
Akt_200,ok,52.0,2704.0,224.0,
Akt_300,ok,52.0,2704.0,224.0,
Akt_regular,ok,52.0,2704.0,224.0,
Akt_500,ok,52.0,2704.0,224.0,
Akt_600,ok,52.0,2704.0,224.0,
Akt_700,ok,52.0,2704.0,224.0,
Akt_800,ok,52.0,2704.0,224.0,
Akt_900,ok,52.0,2704.0,224.0,
Bigelow_Rules_regular,ok,52.0,2704.0,207.0,
Tulpen_One_regular,ok,52.0,2704.0,206.0,
Noto_Serif_Armenian_100,ok,52.0,2704.0,207.0,
Noto_Serif_Armenian_200,ok,52.0,2704.0,207.0,
Noto_Serif_Armenian_300,ok,52.0,2704.0,207.0,
Noto_Serif_Armenian_regular,ok,52.0,2704.0,207.0,
Noto_Serif_Armenian_500,ok,52.0,2704.0,207.0,
Noto_Serif_Armenian_600,ok,52.0,2704.0,208.0,
Noto_Serif_Armenian_700,ok,52.0,2704.0,207.0,
Noto_Serif_Armenian_800,ok,52.0,2704.0,206.0,
Noto_Serif_Armenian_900,ok,52.0,2704.0,205.0,
Playwrite_VN_Guides_regular,ok,52.0,2704.0,123.0,
Fleur_De_Leah_regular,ok,52.0,2704.0,155.0,
Bungee_Outline_regular,ok,52.0,2704.0,214.0,
Almendra_Display_regular,ok,52.0,2704.0,193.0,
Felipa_regular,ok,52.0,2704.0,188.0,
Metal_regular,ok,52.0,2704.0,234.0,
Sahitya_regular,ok,52.0,2704.0,215.0,
Sahitya_700,ok,52.0,2704.0,215.0,
Updock_regular,ok,52.0,2704.0,198.0,
Kumar_One_regular,failed,,,,FT_Exception:  (execution context too long)
Bacasime_Antique_regular,ok,52.0,2704.0,243.0,
Revalia_regular,ok,52.0,2704.0,210.0,
Sedan_SC_regular,ok,52.0,2704.0,214.0,
Noto_Sans_Bhaiksuki_regular,ok,52.0,2704.0,209.0,
Ribeye_Marrow_regular,ok,52.0,2704.0,213.0,
Princess_Sofia_regular,ok,52.0,2704.0,171.0,
Mr_Bedfort_regular,ok,52.0,2704.0,145.0,
Alumni_Sans_Collegiate_One_regular,ok,52.0,2704.0,237.0,
Alumni_Sans_Collegiate_One_italic,ok,52.0,2704.0,237.0,
Butcherman_regular,ok,52.0,2704.0,210.0,
Grey_Qo_regular,ok,52.0,2704.0,246.0,
Momo_Signature_regular,ok,52.0,2704.0,158.0,
Edu_NSW_ACT_Foundation_regular,ok,52.0,2704.0,204.0,
Edu_NSW_ACT_Foundation_500,ok,52.0,2704.0,204.0,
Edu_NSW_ACT_Foundation_600,ok,52.0,2704.0,204.0,
Edu_NSW_ACT_Foundation_700,ok,52.0,2704.0,204.0,
Rubik_Distressed_regular,ok,52.0,2704.0,209.0,
Passero_One_regular,ok,52.0,2704.0,217.0,
Sedan_regular,ok,52.0,2704.0,214.0,
Sedan_italic,ok,52.0,2704.0,217.0,
Stalinist_One_regular,ok,52.0,2704.0,163.0,
Kirang_Haerang_regular,ok,52.0,2704.0,231.0,
Tiro_Kannada_regular,ok,52.0,2704.0,211.0,
Tiro_Kannada_italic,ok,52.0,2704.0,211.0,
Hubballi_regular,ok,52.0,2704.0,268.0,
Preahvihear_regular,ok,52.0,2704.0,187.0,
Gideon_Roman_regular,ok,52.0,2704.0,235.0,
Jersey_15_regular,ok,52.0,2704.0,288.0,
New_Amsterdam_regular,ok,52.0,2704.0,245.0,
Lancelot_regular,ok,52.0,2704.0,231.0,
Aref_Ruqaa_Ink_regular,ok,52.0,2704.0,227.0,
Aref_Ruqaa_Ink_700,ok,52.0,2704.0,219.0,
Jersey_20_regular,ok,52.0,2704.0,259.0,
Rubik_Gemstones_regular,ok,52.0,2704.0,208.0,
Libertinus_Math_regular,ok,52.0,2704.0,229.0,
Sofadi_One_regular,ok,52.0,2704.0,227.0,
Ponomar_regular,ok,52.0,2704.0,225.0,
Snippet_regular,ok,52.0,2704.0,217.0,
Rubik_Iso_regular,ok,52.0,2704.0,209.0,
Alumni_Sans_Inline_One_regular,ok,52.0,2704.0,230.0,
Alumni_Sans_Inline_One_italic,ok,52.0,2704.0,230.0,
Flavors_regular,ok,52.0,2704.0,193.0,
Noto_Sans_Tangsa_regular,ok,52.0,2704.0,209.0,
Noto_Sans_Tangsa_500,ok,52.0,2704.0,209.0,
Noto_Sans_Tangsa_600,ok,52.0,2704.0,209.0,
Noto_Sans_Tangsa_700,ok,52.0,2704.0,209.0,
Playwrite_ID_100,ok,52.0,2704.0,100.0,
Playwrite_ID_200,ok,52.0,2704.0,100.0,
Playwrite_ID_300,ok,52.0,2704.0,100.0,
Playwrite_ID_regular,ok,52.0,2704.0,100.0,
Bonbon_regular,ok,52.0,2704.0,210.0,
Shizuru_regular,ok,52.0,2704.0,197.0,
Rubik_Pixels_regular,ok,52.0,2704.0,215.0,
Ole_regular,ok,52.0,2704.0,235.0,
Purple_Purse_regular,ok,52.0,2704.0,223.0,
Diphylleia_regular,ok,52.0,2704.0,206.0,
Tiro_Telugu_regular,ok,52.0,2704.0,211.0,
Tiro_Telugu_italic,ok,52.0,2704.0,211.0,
Pliant_100,ok,52.0,2704.0,217.0,
Pliant_200,ok,52.0,2704.0,217.0,
Pliant_300,ok,52.0,2704.0,217.0,
Pliant_regular,ok,52.0,2704.0,217.0,
Pliant_500,ok,52.0,2704.0,217.0,
Pliant_600,ok,52.0,2704.0,217.0,
Pliant_700,ok,52.0,2704.0,217.0,
Pliant_800,ok,52.0,2704.0,217.0,
Pliant_900,ok,52.0,2704.0,217.0,
Pliant_100italic,ok,52.0,2704.0,217.0,
Pliant_200italic,ok,52.0,2704.0,217.0,
Pliant_300italic,ok,52.0,2704.0,217.0,
Pliant_italic,ok,52.0,2704.0,217.0,
Pliant_500italic,ok,52.0,2704.0,217.0,
Pliant_600italic,ok,52.0,2704.0,217.0,
Pliant_700italic,ok,52.0,2704.0,217.0,
Pliant_800italic,ok,52.0,2704.0,217.0,
Pliant_900italic,ok,52.0,2704.0,217.0,
Ancizar_Sans_100,ok,52.0,2704.0,229.0,
Ancizar_Sans_200,ok,52.0,2704.0,228.0,
Ancizar_Sans_300,ok,52.0,2704.0,228.0,
Ancizar_Sans_regular,ok,52.0,2704.0,227.0,
Ancizar_Sans_500,ok,52.0,2704.0,227.0,
Ancizar_Sans_600,ok,52.0,2704.0,226.0,
Ancizar_Sans_700,ok,52.0,2704.0,225.0,
Ancizar_Sans_800,ok,52.0,2704.0,224.0,
Ancizar_Sans_900,ok,52.0,2704.0,224.0,
Ancizar_Sans_100italic,ok,52.0,2704.0,229.0,
Ancizar_Sans_200italic,ok,52.0,2704.0,229.0,
Ancizar_Sans_300italic,ok,52.0,2704.0,228.0,
Ancizar_Sans_italic,ok,52.0,2704.0,227.0,
Ancizar_Sans_500italic,ok,52.0,2704.0,227.0,
Ancizar_Sans_600italic,ok,52.0,2704.0,226.0,
Ancizar_Sans_700italic,ok,52.0,2704.0,225.0,
Ancizar_Sans_800italic,ok,52.0,2704.0,225.0,
Ancizar_Sans_900italic,ok,52.0,2704.0,224.0,
Libertinus_Serif_regular,ok,52.0,2704.0,229.0,
Libertinus_Serif_italic,ok,52.0,2704.0,229.0,
Libertinus_Serif_600,ok,52.0,2704.0,229.0,
Libertinus_Serif_600italic,ok,52.0,2704.0,229.0,
Libertinus_Serif_700,ok,52.0,2704.0,229.0,
Libertinus_Serif_700italic,ok,52.0,2704.0,229.0,
Arsenal_SC_regular,ok,52.0,2704.0,210.0,
Arsenal_SC_italic,ok,52.0,2704.0,210.0,
Arsenal_SC_700,ok,52.0,2704.0,210.0,
Arsenal_SC_700italic,ok,52.0,2704.0,210.0,
Bahiana_regular,ok,52.0,2704.0,219.0,
Rubik_Spray_Paint_regular,ok,52.0,2704.0,199.0,
Uchen_regular,ok,52.0,2704.0,215.0,
BioRhyme_Expanded_200,ok,52.0,2704.0,158.0,
BioRhyme_Expanded_300,ok,52.0,2704.0,156.0,
BioRhyme_Expanded_regular,ok,52.0,2704.0,153.0,
BioRhyme_Expanded_700,ok,52.0,2704.0,152.0,
BioRhyme_Expanded_800,ok,52.0,2704.0,150.0,
TASA_Explorer_regular,ok,52.0,2704.0,225.0,
TASA_Explorer_500,ok,52.0,2704.0,225.0,
TASA_Explorer_600,ok,52.0,2704.0,225.0,
TASA_Explorer_700,ok,52.0,2704.0,225.0,
TASA_Explorer_800,ok,52.0,2704.0,223.0,
Agu_Display_regular,ok,52.0,2704.0,217.0,
BJCree_regular,ok,52.0,2704.0,230.0,
BJCree_500,ok,52.0,2704.0,225.0,
BJCree_600,ok,52.0,2704.0,221.0,
BJCree_700,ok,52.0,2704.0,217.0,
Noto_Sans_Lao_Looped_100,ok,52.0,2704.0,209.0,
Noto_Sans_Lao_Looped_200,ok,52.0,2704.0,209.0,
Noto_Sans_Lao_Looped_300,ok,52.0,2704.0,209.0,
Noto_Sans_Lao_Looped_regular,ok,52.0,2704.0,209.0,
Noto_Sans_Lao_Looped_500,ok,52.0,2704.0,209.0,
Noto_Sans_Lao_Looped_600,ok,52.0,2704.0,209.0,
Noto_Sans_Lao_Looped_700,ok,52.0,2704.0,209.0,
Noto_Sans_Lao_Looped_800,ok,52.0,2704.0,208.0,
Noto_Sans_Lao_Looped_900,ok,52.0,2704.0,206.0,
Noto_Sans_Anatolian_Hieroglyphs_regular,ok,52.0,2704.0,209.0,
Bitcount_Grid_Single_100,ok,52.0,2704.0,284.0,
Bitcount_Grid_Single_200,ok,52.0,2704.0,278.0,
Bitcount_Grid_Single_300,ok,52.0,2704.0,272.0,
Bitcount_Grid_Single_regular,ok,52.0,2704.0,266.0,
Bitcount_Grid_Single_500,ok,52.0,2704.0,262.0,
Bitcount_Grid_Single_600,ok,52.0,2704.0,258.0,
Bitcount_Grid_Single_700,ok,52.0,2704.0,253.0,
Bitcount_Grid_Single_800,ok,52.0,2704.0,250.0,
Bitcount_Grid_Single_900,ok,52.0,2704.0,246.0,
Sassy_Frass_regular,ok,52.0,2704.0,167.0,
Noto_Rashi_Hebrew_100,ok,52.0,2704.0,207.0,
Noto_Rashi_Hebrew_200,ok,52.0,2704.0,207.0,
Noto_Rashi_Hebrew_300,ok,52.0,2704.0,207.0,
Noto_Rashi_Hebrew_regular,ok,52.0,2704.0,207.0,
Noto_Rashi_Hebrew_500,ok,52.0,2704.0,207.0,
Noto_Rashi_Hebrew_600,ok,52.0,2704.0,208.0,
Noto_Rashi_Hebrew_700,ok,52.0,2704.0,207.0,
Noto_Rashi_Hebrew_800,ok,52.0,2704.0,206.0,
Noto_Rashi_Hebrew_900,ok,52.0,2704.0,205.0,
Edu_VIC_WA_NT_Beginner_regular,ok,52.0,2704.0,206.0,
Edu_VIC_WA_NT_Beginner_500,ok,52.0,2704.0,204.0,
Edu_VIC_WA_NT_Beginner_600,ok,52.0,2704.0,201.0,
Edu_VIC_WA_NT_Beginner_700,ok,52.0,2704.0,199.0,
Playwrite_IE_100,ok,52.0,2704.0,160.0,
Playwrite_IE_200,ok,52.0,2704.0,160.0,
Playwrite_IE_300,ok,52.0,2704.0,159.0,
Playwrite_IE_regular,ok,52.0,2704.0,157.0,
Annapurna_SIL_regular,ok,52.0,2704.0,234.0,
Annapurna_SIL_700,ok,52.0,2704.0,233.0,
Gidugu_regular,ok,52.0,2704.0,320.0,
Chiron_Hei_HK_200,ok,52.0,2704.0,202.0,
Chiron_Hei_HK_300,ok,52.0,2704.0,202.0,
Chiron_Hei_HK_regular,ok,52.0,2704.0,202.0,
Chiron_Hei_HK_500,ok,52.0,2704.0,202.0,
Chiron_Hei_HK_600,ok,52.0,2704.0,202.0,
Chiron_Hei_HK_700,ok,52.0,2704.0,202.0,
Chiron_Hei_HK_800,ok,52.0,2704.0,199.0,
Chiron_Hei_HK_900,ok,52.0,2704.0,196.0,
Chiron_Hei_HK_200italic,ok,52.0,2704.0,202.0,
Chiron_Hei_HK_300italic,ok,52.0,2704.0,202.0,
Chiron_Hei_HK_italic,ok,52.0,2704.0,202.0,
Chiron_Hei_HK_500italic,ok,52.0,2704.0,202.0,
Chiron_Hei_HK_600italic,ok,52.0,2704.0,202.0,
Chiron_Hei_HK_700italic,ok,52.0,2704.0,202.0,
Chiron_Hei_HK_800italic,ok,52.0,2704.0,200.0,
Chiron_Hei_HK_900italic,ok,52.0,2704.0,198.0,
Matemasie_regular,ok,52.0,2704.0,197.0,
Trochut_regular,ok,52.0,2704.0,222.0,
Trochut_italic,ok,52.0,2704.0,222.0,
Trochut_700,ok,52.0,2704.0,222.0,
Peddana_regular,ok,52.0,2704.0,320.0,
Londrina_Sketch_regular,ok,52.0,2704.0,217.0,
Parastoo_regular,ok,52.0,2704.0,280.0,
Parastoo_500,ok,52.0,2704.0,280.0,
Parastoo_600,ok,52.0,2704.0,281.0,
Parastoo_700,ok,52.0,2704.0,282.0,
Tsukimi_Rounded_300,ok,52.0,2704.0,179.0,
Tsukimi_Rounded_regular,ok,52.0,2704.0,180.0,
Tsukimi_Rounded_500,ok,52.0,2704.0,178.0,
Tsukimi_Rounded_600,ok,52.0,2704.0,179.0,
Tsukimi_Rounded_700,ok,52.0,2704.0,174.0,
Epunda_Sans_300,ok,52.0,2704.0,226.0,
Epunda_Sans_regular,ok,52.0,2704.0,226.0,
Epunda_Sans_500,ok,52.0,2704.0,226.0,
Epunda_Sans_600,ok,52.0,2704.0,226.0,
Epunda_Sans_700,ok,52.0,2704.0,224.0,
Epunda_Sans_800,ok,52.0,2704.0,221.0,
Epunda_Sans_900,ok,52.0,2704.0,219.0,
Epunda_Sans_300italic,ok,52.0,2704.0,226.0,
Epunda_Sans_italic,ok,52.0,2704.0,226.0,
Epunda_Sans_500italic,ok,52.0,2704.0,226.0,
Epunda_Sans_600italic,ok,52.0,2704.0,226.0,
Epunda_Sans_700italic,ok,52.0,2704.0,224.0,
Epunda_Sans_800italic,ok,52.0,2704.0,221.0,
Epunda_Sans_900italic,ok,52.0,2704.0,219.0,
Oldenburg_regular,ok,52.0,2704.0,197.0,
Triodion_regular,ok,52.0,2704.0,225.0,
Hanalei_Fill_regular,ok,52.0,2704.0,215.0,
Rhodium_Libre_regular,ok,52.0,2704.0,221.0,
Noto_Sans_Javanese_regular,ok,52.0,2704.0,209.0,
Noto_Sans_Javanese_500,ok,52.0,2704.0,209.0,
Noto_Sans_Javanese_600,ok,52.0,2704.0,209.0,
Noto_Sans_Javanese_700,ok,52.0,2704.0,209.0,
Kolker_Brush_regular,ok,52.0,2704.0,258.0,
Noto_Sans_Adlam_regular,ok,52.0,2704.0,209.0,
Noto_Sans_Adlam_500,ok,52.0,2704.0,209.0,
Noto_Sans_Adlam_600,ok,52.0,2704.0,209.0,
Noto_Sans_Adlam_700,ok,52.0,2704.0,209.0,
Noto_Sans_Batak_regular,ok,52.0,2704.0,209.0,
Ga_Maamli_regular,ok,52.0,2704.0,221.0,
Geist_Pixel_regular,ok,52.0,2704.0,221.0,
Molle_italic,ok,52.0,2704.0,188.0,
Cherish_regular,ok,52.0,2704.0,156.0,
Playwrite_RO_100,ok,52.0,2704.0,157.0,
Playwrite_RO_200,ok,52.0,2704.0,157.0,
Playwrite_RO_300,ok,52.0,2704.0,156.0,
Playwrite_RO_regular,ok,52.0,2704.0,155.0,
Playwrite_AU_QLD_100,ok,52.0,2704.0,157.0,
Playwrite_AU_QLD_200,ok,52.0,2704.0,157.0,
Playwrite_AU_QLD_300,ok,52.0,2704.0,157.0,
Playwrite_AU_QLD_regular,ok,52.0,2704.0,157.0,
Cause_100,ok,52.0,2704.0,225.0,
Cause_200,ok,52.0,2704.0,225.0,
Cause_300,ok,52.0,2704.0,225.0,
Cause_regular,ok,52.0,2704.0,224.0,
Cause_500,ok,52.0,2704.0,224.0,
Cause_600,ok,52.0,2704.0,224.0,
Cause_700,ok,52.0,2704.0,224.0,
Cause_800,ok,52.0,2704.0,223.0,
Cause_900,ok,52.0,2704.0,223.0,
Bitcount_Prop_Single_100,ok,52.0,2704.0,242.0,
Bitcount_Prop_Single_200,ok,52.0,2704.0,237.0,
Bitcount_Prop_Single_300,ok,52.0,2704.0,232.0,
Bitcount_Prop_Single_regular,ok,52.0,2704.0,229.0,
Bitcount_Prop_Single_500,ok,52.0,2704.0,225.0,
Bitcount_Prop_Single_600,ok,52.0,2704.0,222.0,
Bitcount_Prop_Single_700,ok,52.0,2704.0,219.0,
Bitcount_Prop_Single_800,ok,52.0,2704.0,215.0,
Bitcount_Prop_Single_900,ok,52.0,2704.0,213.0,
Stack_Sans_Notch_200,ok,52.0,2704.0,208.0,
Stack_Sans_Notch_300,ok,52.0,2704.0,206.0,
Stack_Sans_Notch_regular,ok,52.0,2704.0,204.0,
Stack_Sans_Notch_500,ok,52.0,2704.0,203.0,
Stack_Sans_Notch_600,ok,52.0,2704.0,202.0,
Stack_Sans_Notch_700,ok,52.0,2704.0,201.0,
Playwrite_CA_100,ok,52.0,2704.0,149.0,
Playwrite_CA_200,ok,52.0,2704.0,149.0,
Playwrite_CA_300,ok,52.0,2704.0,148.0,
Playwrite_CA_regular,ok,52.0,2704.0,147.0,
Lumanosimo_regular,ok,52.0,2704.0,201.0,
Chenla_regular,ok,52.0,2704.0,256.0,
WDXL_Lubrifont_SC_regular,ok,52.0,2704.0,224.0,
Rubik_Vinyl_regular,ok,52.0,2704.0,198.0,
Playpen_Sans_Deva_100,ok,52.0,2704.0,191.0,
Playpen_Sans_Deva_200,ok,52.0,2704.0,191.0,
Playpen_Sans_Deva_300,ok,52.0,2704.0,191.0,
Playpen_Sans_Deva_regular,ok,52.0,2704.0,191.0,
Playpen_Sans_Deva_500,ok,52.0,2704.0,191.0,
Playpen_Sans_Deva_600,ok,52.0,2704.0,191.0,
Playpen_Sans_Deva_700,ok,52.0,2704.0,191.0,
Playpen_Sans_Deva_800,ok,52.0,2704.0,191.0,
Protest_Guerrilla_regular,ok,52.0,2704.0,209.0,
Kumar_One_Outline_regular,failed,,,,FT_Exception:  (execution context too long)
Flow_Rounded_regular,ok,52.0,2704.0,320.0,
Lunasima_regular,ok,52.0,2704.0,214.0,
Lunasima_700,ok,52.0,2704.0,214.0,
Iansui_regular,ok,52.0,2704.0,225.0,
Playpen_Sans_Hebrew_100,ok,52.0,2704.0,191.0,
Playpen_Sans_Hebrew_200,ok,52.0,2704.0,191.0,
Playpen_Sans_Hebrew_300,ok,52.0,2704.0,191.0,
Playpen_Sans_Hebrew_regular,ok,52.0,2704.0,191.0,
Playpen_Sans_Hebrew_500,ok,52.0,2704.0,191.0,
Playpen_Sans_Hebrew_600,ok,52.0,2704.0,191.0,
Playpen_Sans_Hebrew_700,ok,52.0,2704.0,191.0,
Playpen_Sans_Hebrew_800,ok,52.0,2704.0,191.0,
Playwrite_HR_100,ok,52.0,2704.0,178.0,
Playwrite_HR_200,ok,52.0,2704.0,178.0,
Playwrite_HR_300,ok,52.0,2704.0,177.0,
Playwrite_HR_regular,ok,52.0,2704.0,177.0,
Noto_Serif_Ethiopic_100,ok,52.0,2704.0,207.0,
Noto_Serif_Ethiopic_200,ok,52.0,2704.0,207.0,
Noto_Serif_Ethiopic_300,ok,52.0,2704.0,207.0,
Noto_Serif_Ethiopic_regular,ok,52.0,2704.0,207.0,
Noto_Serif_Ethiopic_500,ok,52.0,2704.0,207.0,
Noto_Serif_Ethiopic_600,ok,52.0,2704.0,208.0,
Noto_Serif_Ethiopic_700,ok,52.0,2704.0,207.0,
Noto_Serif_Ethiopic_800,ok,52.0,2704.0,206.0,
Noto_Serif_Ethiopic_900,ok,52.0,2704.0,205.0,
Noto_Sans_Pahawh_Hmong_regular,ok,52.0,2704.0,209.0,
Bungee_Tint_regular,ok,52.0,2704.0,217.0,
Love_Light_regular,ok,52.0,2704.0,180.0,
Twinkle_Star_regular,ok,52.0,2704.0,208.0,
Black_And_White_Picture_regular,ok,52.0,2704.0,226.0,
Grechen_Fuemen_regular,ok,52.0,2704.0,210.0,
Tiro_Tamil_regular,ok,52.0,2704.0,211.0,
Tiro_Tamil_italic,ok,52.0,2704.0,211.0,
Kings_regular,ok,52.0,2704.0,228.0,
Blaka_regular,ok,52.0,2704.0,228.0,
Cossette_Titre_regular,ok,52.0,2704.0,197.0,
Cossette_Titre_700,ok,52.0,2704.0,197.0,
Danfo_regular,ok,52.0,2704.0,221.0,
Cossette_Texte_regular,ok,52.0,2704.0,197.0,
Cossette_Texte_700,ok,52.0,2704.0,195.0,
Flow_Block_regular,ok,52.0,2704.0,320.0,
Noto_Serif_Tibetan_100,ok,52.0,2704.0,207.0,
Noto_Serif_Tibetan_200,ok,52.0,2704.0,207.0,
Noto_Serif_Tibetan_300,ok,52.0,2704.0,207.0,
Noto_Serif_Tibetan_regular,ok,52.0,2704.0,207.0,
Noto_Serif_Tibetan_500,ok,52.0,2704.0,207.0,
Noto_Serif_Tibetan_600,ok,52.0,2704.0,208.0,
Noto_Serif_Tibetan_700,ok,52.0,2704.0,207.0,
Noto_Serif_Tibetan_800,ok,52.0,2704.0,206.0,
Noto_Serif_Tibetan_900,ok,52.0,2704.0,205.0,
Butterfly_Kids_regular,ok,52.0,2704.0,183.0,
Splash_regular,ok,52.0,2704.0,157.0,
Zen_Loop_regular,ok,52.0,2704.0,224.0,
Zen_Loop_italic,ok,52.0,2704.0,224.0,
Redacted_Script_300,ok,52.0,2704.0,320.0,
Redacted_Script_regular,ok,52.0,2704.0,320.0,
Redacted_Script_700,ok,52.0,2704.0,310.0,
Rubik_Maze_regular,ok,52.0,2704.0,214.0,
Rubik_Puddles_regular,ok,52.0,2704.0,182.0,
Noto_Sans_Carian_regular,ok,52.0,2704.0,209.0,
Noto_Serif_Vithkuqi_regular,ok,52.0,2704.0,207.0,
Noto_Serif_Vithkuqi_500,ok,52.0,2704.0,207.0,
Noto_Serif_Vithkuqi_600,ok,52.0,2704.0,208.0,
Noto_Serif_Vithkuqi_700,ok,52.0,2704.0,207.0,
Noto_Sans_Old_Persian_regular,ok,52.0,2704.0,209.0,
Playwrite_AT_100,ok,52.0,2704.0,178.0,
Playwrite_AT_200,ok,52.0,2704.0,178.0,
Playwrite_AT_300,ok,52.0,2704.0,178.0,
Playwrite_AT_regular,ok,52.0,2704.0,177.0,
Playwrite_AT_100italic,ok,52.0,2704.0,178.0,
Playwrite_AT_200italic,ok,52.0,2704.0,178.0,
Playwrite_AT_300italic,ok,52.0,2704.0,178.0,
Playwrite_AT_italic,ok,52.0,2704.0,178.0,
Petemoss_regular,ok,52.0,2704.0,256.0,
Noto_Sans_Nandinagari_regular,ok,52.0,2704.0,209.0,
Noto_Sans_Nag_Mundari_regular,ok,52.0,2704.0,209.0,
Noto_Sans_Nag_Mundari_500,ok,52.0,2704.0,209.0,
Noto_Sans_Nag_Mundari_600,ok,52.0,2704.0,209.0,
Noto_Sans_Nag_Mundari_700,ok,52.0,2704.0,209.0,
Playwrite_PL_100,ok,52.0,2704.0,159.0,
Playwrite_PL_200,ok,52.0,2704.0,159.0,
Playwrite_PL_300,ok,52.0,2704.0,158.0,
Playwrite_PL_regular,ok,52.0,2704.0,157.0,
Gidole_regular,ok,52.0,2704.0,216.0,
Taprom_regular,ok,52.0,2704.0,209.0,
Amarna_100,ok,52.0,2704.0,210.0,
Amarna_200,ok,52.0,2704.0,209.0,
Amarna_300,ok,52.0,2704.0,209.0,
Amarna_regular,ok,52.0,2704.0,208.0,
Amarna_500,ok,52.0,2704.0,208.0,
Amarna_600,ok,52.0,2704.0,208.0,
Amarna_700,ok,52.0,2704.0,208.0,
Amarna_100italic,ok,52.0,2704.0,210.0,
Amarna_200italic,ok,52.0,2704.0,209.0,
Amarna_300italic,ok,52.0,2704.0,209.0,
Amarna_italic,ok,52.0,2704.0,208.0,
Amarna_500italic,ok,52.0,2704.0,208.0,
Amarna_600italic,ok,52.0,2704.0,208.0,
Amarna_700italic,ok,52.0,2704.0,208.0,
Jacquard_24_regular,ok,52.0,2704.0,264.0,
Alumni_Sans_SC_100,ok,52.0,2704.0,251.0,
Alumni_Sans_SC_200,ok,52.0,2704.0,251.0,
Alumni_Sans_SC_300,ok,52.0,2704.0,251.0,
Alumni_Sans_SC_regular,ok,52.0,2704.0,252.0,
Alumni_Sans_SC_500,ok,52.0,2704.0,252.0,
Alumni_Sans_SC_600,ok,52.0,2704.0,248.0,
Alumni_Sans_SC_700,ok,52.0,2704.0,244.0,
Alumni_Sans_SC_800,ok,52.0,2704.0,239.0,
Alumni_Sans_SC_900,ok,52.0,2704.0,235.0,
Alumni_Sans_SC_100italic,ok,52.0,2704.0,251.0,
Alumni_Sans_SC_200italic,ok,52.0,2704.0,251.0,
Alumni_Sans_SC_300italic,ok,52.0,2704.0,251.0,
Alumni_Sans_SC_italic,ok,52.0,2704.0,252.0,
Alumni_Sans_SC_500italic,ok,52.0,2704.0,252.0,
Alumni_Sans_SC_600italic,ok,52.0,2704.0,252.0,
Alumni_Sans_SC_700italic,ok,52.0,2704.0,250.0,
Alumni_Sans_SC_800italic,ok,52.0,2704.0,247.0,
Alumni_Sans_SC_900italic,ok,52.0,2704.0,244.0,
Noto_Sans_Hanunoo_regular,ok,52.0,2704.0,209.0,
Noto_Sans_Mongolian_regular,ok,52.0,2704.0,209.0,
Rubik_Beastly_regular,ok,52.0,2704.0,177.0,
Playwrite_NZ_Basic_100,ok,52.0,2704.0,178.0,
Playwrite_NZ_Basic_200,ok,52.0,2704.0,178.0,
Playwrite_NZ_Basic_300,ok,52.0,2704.0,178.0,
Playwrite_NZ_Basic_regular,ok,52.0,2704.0,178.0,
Rubik_Glitch_Pop_regular,ok,52.0,2704.0,212.0,
Are_You_Serious_regular,ok,52.0,2704.0,229.0,
Rubik_80s_Fade_regular,ok,52.0,2704.0,213.0,
Ruwudu_regular,ok,52.0,2704.0,214.0,
Ruwudu_500,ok,52.0,2704.0,214.0,
Ruwudu_600,ok,52.0,2704.0,211.0,
Ruwudu_700,ok,52.0,2704.0,214.0,
Edu_AU_VIC_WA_NT_Dots_regular,ok,52.0,2704.0,170.0,
Edu_AU_VIC_WA_NT_Dots_500,ok,52.0,2704.0,170.0,
Edu_AU_VIC_WA_NT_Dots_600,ok,52.0,2704.0,169.0,
Edu_AU_VIC_WA_NT_Dots_700,ok,52.0,2704.0,169.0,
Explora_regular,ok,52.0,2704.0,264.0,
Langar_regular,ok,52.0,2704.0,195.0,
WDXL_Lubrifont_TC_regular,ok,52.0,2704.0,224.0,
Moulpali_regular,ok,52.0,2704.0,226.0,
Combo_regular,ok,52.0,2704.0,209.0,
Noto_Sans_Multani_regular,ok,52.0,2704.0,209.0,
Playwrite_DK_Loopet_100,ok,52.0,2704.0,178.0,
Playwrite_DK_Loopet_200,ok,52.0,2704.0,178.0,
Playwrite_DK_Loopet_300,ok,52.0,2704.0,178.0,
Playwrite_DK_Loopet_regular,ok,52.0,2704.0,178.0,
Noto_Sans_Kaithi_regular,ok,52.0,2704.0,209.0,
Noto_Sans_Glagolitic_regular,ok,52.0,2704.0,209.0,
Winky_Rough_300,ok,52.0,2704.0,224.0,
Winky_Rough_regular,ok,52.0,2704.0,221.0,
Winky_Rough_500,ok,52.0,2704.0,218.0,
Winky_Rough_600,ok,52.0,2704.0,215.0,
Winky_Rough_700,ok,52.0,2704.0,213.0,
Winky_Rough_800,ok,52.0,2704.0,209.0,
Winky_Rough_900,ok,52.0,2704.0,206.0,
Winky_Rough_300italic,ok,52.0,2704.0,224.0,
Winky_Rough_italic,ok,52.0,2704.0,221.0,
Winky_Rough_500italic,ok,52.0,2704.0,218.0,
Winky_Rough_600italic,ok,52.0,2704.0,215.0,
Winky_Rough_700italic,ok,52.0,2704.0,213.0,
Winky_Rough_800italic,ok,52.0,2704.0,209.0,
Winky_Rough_900italic,ok,52.0,2704.0,206.0,
BBH_Bogle_regular,ok,52.0,2704.0,223.0,
Noto_Sans_Hanifi_Rohingya_regular,ok,52.0,2704.0,209.0,
Noto_Sans_Hanifi_Rohingya_500,ok,52.0,2704.0,209.0,
Noto_Sans_Hanifi_Rohingya_600,ok,52.0,2704.0,209.0,
Noto_Sans_Hanifi_Rohingya_700,ok,52.0,2704.0,209.0,
Chiron_Sung_HK_200,ok,52.0,2704.0,201.0,
Chiron_Sung_HK_300,ok,52.0,2704.0,200.0,
Chiron_Sung_HK_regular,ok,52.0,2704.0,199.0,
Chiron_Sung_HK_500,ok,52.0,2704.0,197.0,
Chiron_Sung_HK_600,ok,52.0,2704.0,196.0,
Chiron_Sung_HK_700,ok,52.0,2704.0,193.0,
Chiron_Sung_HK_800,ok,52.0,2704.0,192.0,
Chiron_Sung_HK_900,ok,52.0,2704.0,191.0,
Chiron_Sung_HK_200italic,ok,52.0,2704.0,201.0,
Chiron_Sung_HK_300italic,ok,52.0,2704.0,200.0,
Chiron_Sung_HK_italic,ok,52.0,2704.0,199.0,
Chiron_Sung_HK_500italic,ok,52.0,2704.0,197.0,
Chiron_Sung_HK_600italic,ok,52.0,2704.0,196.0,
Chiron_Sung_HK_700italic,ok,52.0,2704.0,193.0,
Chiron_Sung_HK_800italic,ok,52.0,2704.0,192.0,
Chiron_Sung_HK_900italic,ok,52.0,2704.0,191.0,
Noto_Sans_Coptic_regular,ok,52.0,2704.0,209.0,
Tagesschrift_regular,ok,52.0,2704.0,196.0,
Noto_Serif_Dogra_regular,ok,52.0,2704.0,207.0,
Jersey_10_Charted_regular,ok,52.0,2704.0,198.0,
Noto_Sans_Cherokee_100,ok,52.0,2704.0,209.0,
Noto_Sans_Cherokee_200,ok,52.0,2704.0,209.0,
Noto_Sans_Cherokee_300,ok,52.0,2704.0,209.0,
Noto_Sans_Cherokee_regular,ok,52.0,2704.0,209.0,
Noto_Sans_Cherokee_500,ok,52.0,2704.0,209.0,
Noto_Sans_Cherokee_600,ok,52.0,2704.0,209.0,
Noto_Sans_Cherokee_700,ok,52.0,2704.0,209.0,
Noto_Sans_Cherokee_800,ok,52.0,2704.0,208.0,
Noto_Sans_Cherokee_900,ok,52.0,2704.0,206.0,
Rubik_Doodle_Triangles_regular,ok,52.0,2704.0,207.0,
Noto_Sans_Cypro_Minoan_regular,ok,52.0,2704.0,209.0,
Snowburst_One_regular,ok,52.0,2704.0,178.0,
Noto_Sans_Balinese_regular,ok,52.0,2704.0,209.0,
Noto_Sans_Balinese_500,ok,52.0,2704.0,209.0,
Noto_Sans_Balinese_600,ok,52.0,2704.0,209.0,
Noto_Sans_Balinese_700,ok,52.0,2704.0,209.0,
Noto_Sans_Marchen_regular,ok,52.0,2704.0,209.0,
Big_Shoulders_Inline_100,ok,52.0,2704.0,198.0,
Big_Shoulders_Inline_200,ok,52.0,2704.0,198.0,
Big_Shoulders_Inline_300,ok,52.0,2704.0,198.0,
Big_Shoulders_Inline_regular,ok,52.0,2704.0,198.0,
Big_Shoulders_Inline_500,ok,52.0,2704.0,197.0,
Big_Shoulders_Inline_600,ok,52.0,2704.0,197.0,
Big_Shoulders_Inline_700,ok,52.0,2704.0,197.0,
Big_Shoulders_Inline_800,ok,52.0,2704.0,197.0,
Big_Shoulders_Inline_900,ok,52.0,2704.0,197.0,
Montenegrin_Gothic_One_regular,ok,52.0,2704.0,240.0,
Labrada_100,ok,52.0,2704.0,222.0,
Labrada_200,ok,52.0,2704.0,223.0,
Labrada_300,ok,52.0,2704.0,223.0,
Labrada_regular,ok,52.0,2704.0,224.0,
Labrada_500,ok,52.0,2704.0,224.0,
Labrada_600,ok,52.0,2704.0,224.0,
Labrada_700,ok,52.0,2704.0,224.0,
Labrada_800,ok,52.0,2704.0,224.0,
Labrada_900,ok,52.0,2704.0,224.0,
Labrada_100italic,ok,52.0,2704.0,224.0,
Labrada_200italic,ok,52.0,2704.0,224.0,
Labrada_300italic,ok,52.0,2704.0,224.0,
Labrada_italic,ok,52.0,2704.0,224.0,
Labrada_500italic,ok,52.0,2704.0,224.0,
Labrada_600italic,ok,52.0,2704.0,224.0,
Labrada_700italic,ok,52.0,2704.0,224.0,
Labrada_800italic,ok,52.0,2704.0,224.0,
Labrada_900italic,ok,52.0,2704.0,224.0,
Vibes_regular,ok,52.0,2704.0,201.0,
Suravaram_regular,ok,52.0,2704.0,298.0,
Rubik_Burned_regular,ok,52.0,2704.0,206.0,
Playwrite_HU_100,ok,52.0,2704.0,165.0,
Playwrite_HU_200,ok,52.0,2704.0,165.0,
Playwrite_HU_300,ok,52.0,2704.0,164.0,
Playwrite_HU_regular,ok,52.0,2704.0,163.0,
Estonia_regular,ok,52.0,2704.0,240.0,
M_PLUS_U_100,ok,52.0,2704.0,207.0,
M_PLUS_U_200,ok,52.0,2704.0,207.0,
M_PLUS_U_300,ok,52.0,2704.0,207.0,
M_PLUS_U_regular,ok,52.0,2704.0,207.0,
M_PLUS_U_500,ok,52.0,2704.0,207.0,
M_PLUS_U_600,ok,52.0,2704.0,205.0,
M_PLUS_U_700,ok,52.0,2704.0,203.0,
M_PLUS_U_800,ok,52.0,2704.0,199.0,
M_PLUS_U_900,ok,52.0,2704.0,195.0,
Palette_Mosaic_regular,ok,52.0,2704.0,191.0,
Noto_Serif_Tangut_regular,ok,52.0,2704.0,207.0,
Jacquarda_Bastarda_9_regular,ok,52.0,2704.0,208.0,
Noto_Sans_Newa_regular,ok,52.0,2704.0,209.0,
Sekuya_regular,ok,52.0,2704.0,157.0,
Geostar_regular,ok,52.0,2704.0,196.0,
Saira_Stencil_100,ok,52.0,2704.0,215.0,
Saira_Stencil_200,ok,52.0,2704.0,215.0,
Saira_Stencil_300,ok,52.0,2704.0,215.0,
Saira_Stencil_regular,ok,52.0,2704.0,215.0,
Saira_Stencil_500,ok,52.0,2704.0,215.0,
Saira_Stencil_600,ok,52.0,2704.0,215.0,
Saira_Stencil_700,ok,52.0,2704.0,215.0,
Saira_Stencil_800,ok,52.0,2704.0,215.0,
Saira_Stencil_900,ok,52.0,2704.0,215.0,
Saira_Stencil_100italic,ok,52.0,2704.0,215.0,
Saira_Stencil_200italic,ok,52.0,2704.0,215.0,
Saira_Stencil_300italic,ok,52.0,2704.0,215.0,
Saira_Stencil_italic,ok,52.0,2704.0,215.0,
Saira_Stencil_500italic,ok,52.0,2704.0,215.0,
Saira_Stencil_600italic,ok,52.0,2704.0,215.0,
Saira_Stencil_700italic,ok,52.0,2704.0,215.0,
Saira_Stencil_800italic,ok,52.0,2704.0,215.0,
Saira_Stencil_900italic,ok,52.0,2704.0,215.0,
Noto_Sans_Shavian_regular,ok,52.0,2704.0,209.0,
Playwrite_BE_VLG_100,ok,52.0,2704.0,157.0,
Playwrite_BE_VLG_200,ok,52.0,2704.0,157.0,
Playwrite_BE_VLG_300,ok,52.0,2704.0,157.0,
Playwrite_BE_VLG_regular,ok,52.0,2704.0,157.0,
Aubrey_regular,ok,52.0,2704.0,244.0,
Noto_Sans_Yi_regular,ok,52.0,2704.0,209.0,
Noto_Sans_Vithkuqi_regular,ok,52.0,2704.0,209.0,
Noto_Sans_Vithkuqi_500,ok,52.0,2704.0,209.0,
Noto_Sans_Vithkuqi_600,ok,52.0,2704.0,209.0,
Noto_Sans_Vithkuqi_700,ok,52.0,2704.0,209.0,
Kedebideri_regular,ok,52.0,2704.0,213.0,
Kedebideri_500,ok,52.0,2704.0,213.0,
Kedebideri_600,ok,52.0,2704.0,214.0,
Kedebideri_700,ok,52.0,2704.0,215.0,
Kedebideri_800,ok,52.0,2704.0,215.0,
Kedebideri_900,ok,52.0,2704.0,215.0,
Slackside_One_regular,ok,52.0,2704.0,295.0,
Ruge_Boogie_regular,ok,52.0,2704.0,204.0,
Asimovian_regular,ok,52.0,2704.0,199.0,
Phetsarath_regular,failed,,,,no valid shared size
Phetsarath_700,failed,,,,no valid shared size
Bahianita_regular,ok,52.0,2704.0,217.0,
Noto_Serif_Toto_regular,ok,52.0,2704.0,207.0,
Noto_Serif_Toto_500,ok,52.0,2704.0,207.0,
Noto_Serif_Toto_600,ok,52.0,2704.0,208.0,
Noto_Serif_Toto_700,ok,52.0,2704.0,207.0,
LXGW_Marker_Gothic_regular,ok,52.0,2704.0,207.0,
Blaka_Hollow_regular,ok,52.0,2704.0,228.0,
Noto_Serif_Myanmar_100,ok,52.0,2704.0,224.0,
Noto_Serif_Myanmar_200,ok,52.0,2704.0,224.0,
Noto_Serif_Myanmar_300,ok,52.0,2704.0,224.0,
Noto_Serif_Myanmar_regular,ok,52.0,2704.0,224.0,
Noto_Serif_Myanmar_500,ok,52.0,2704.0,224.0,
Noto_Serif_Myanmar_600,ok,52.0,2704.0,224.0,
Noto_Serif_Myanmar_700,ok,52.0,2704.0,224.0,
Noto_Serif_Myanmar_800,ok,52.0,2704.0,224.0,
Noto_Serif_Myanmar_900,ok,52.0,2704.0,224.0,
Rock_3D_regular,ok,52.0,2704.0,189.0,
Alyamama_300,ok,52.0,2704.0,228.0,
Alyamama_regular,ok,52.0,2704.0,227.0,
Alyamama_500,ok,52.0,2704.0,227.0,
Alyamama_600,ok,52.0,2704.0,226.0,
Alyamama_700,ok,52.0,2704.0,225.0,
Alyamama_800,ok,52.0,2704.0,225.0,
Alyamama_900,ok,52.0,2704.0,224.0,
Menbere_100,ok,52.0,2704.0,197.0,
Menbere_200,ok,52.0,2704.0,197.0,
Menbere_300,ok,52.0,2704.0,197.0,
Menbere_regular,ok,52.0,2704.0,197.0,
Menbere_500,ok,52.0,2704.0,197.0,
Menbere_600,ok,52.0,2704.0,197.0,
Menbere_700,ok,52.0,2704.0,197.0,
Noto_Serif_Balinese_regular,ok,52.0,2704.0,207.0,
Kalnia_Glaze_100,ok,52.0,2704.0,214.0,
Kalnia_Glaze_200,ok,52.0,2704.0,214.0,
Kalnia_Glaze_300,ok,52.0,2704.0,214.0,
Kalnia_Glaze_regular,ok,52.0,2704.0,214.0,
Kalnia_Glaze_500,ok,52.0,2704.0,214.0,
Kalnia_Glaze_600,ok,52.0,2704.0,214.0,
Kalnia_Glaze_700,ok,52.0,2704.0,211.0,
Noto_Sans_Syriac_100,ok,52.0,2704.0,209.0,
Noto_Sans_Syriac_200,ok,52.0,2704.0,209.0,
Noto_Sans_Syriac_300,ok,52.0,2704.0,209.0,
Noto_Sans_Syriac_regular,ok,52.0,2704.0,209.0,
Noto_Sans_Syriac_500,ok,52.0,2704.0,209.0,
Noto_Sans_Syriac_600,ok,52.0,2704.0,209.0,
Noto_Sans_Syriac_700,ok,52.0,2704.0,209.0,
Noto_Sans_Syriac_800,ok,52.0,2704.0,208.0,
Noto_Sans_Syriac_900,ok,52.0,2704.0,206.0,
Narnoor_regular,ok,52.0,2704.0,230.0,
Narnoor_500,ok,52.0,2704.0,229.0,
Narnoor_600,ok,52.0,2704.0,230.0,
Narnoor_700,ok,52.0,2704.0,231.0,
Narnoor_800,ok,52.0,2704.0,228.0,
Ingrid_Darling_regular,ok,52.0,2704.0,210.0,
Noto_Sans_Duployan_regular,ok,52.0,2704.0,209.0,
Noto_Sans_Duployan_700,ok,52.0,2704.0,209.0,
Playwrite_FR_Moderne_100,ok,52.0,2704.0,142.0,
Playwrite_FR_Moderne_200,ok,52.0,2704.0,142.0,
Playwrite_FR_Moderne_300,ok,52.0,2704.0,142.0,
Playwrite_FR_Moderne_regular,ok,52.0,2704.0,142.0,
Noto_Sans_Egyptian_Hieroglyphs_regular,ok,52.0,2704.0,209.0,
Rubik_Microbe_regular,ok,52.0,2704.0,215.0,
Noto_Sans_Old_Turkic_regular,ok,52.0,2704.0,209.0,
Chokokutai_regular,ok,52.0,2704.0,199.0,
Grandiflora_One_regular,ok,52.0,2704.0,226.0,
Miranda_Sans_regular,ok,52.0,2704.0,219.0,
Miranda_Sans_500,ok,52.0,2704.0,217.0,
Miranda_Sans_600,ok,52.0,2704.0,215.0,
Miranda_Sans_700,ok,52.0,2704.0,213.0,
Miranda_Sans_italic,ok,52.0,2704.0,219.0,
Miranda_Sans_500italic,ok,52.0,2704.0,217.0,
Miranda_Sans_600italic,ok,52.0,2704.0,215.0,
Miranda_Sans_700italic,ok,52.0,2704.0,213.0,
Playwrite_IT_Moderna_100,ok,52.0,2704.0,178.0,
Playwrite_IT_Moderna_200,ok,52.0,2704.0,178.0,
Playwrite_IT_Moderna_300,ok,52.0,2704.0,178.0,
Playwrite_IT_Moderna_regular,ok,52.0,2704.0,178.0,
UoqMunThenKhung_regular,ok,52.0,2704.0,206.0,
Noto_Sans_NKo_regular,ok,52.0,2704.0,209.0,
Karla_Tamil_Inclined_regular,failed,,,,no valid shared size
Karla_Tamil_Inclined_700,failed,,,,no valid shared size
Noto_Sans_Old_Italic_regular,ok,52.0,2704.0,209.0,
Playwrite_NL_100,ok,52.0,2704.0,121.0,
Playwrite_NL_200,ok,52.0,2704.0,121.0,
Playwrite_NL_300,ok,52.0,2704.0,121.0,
Playwrite_NL_regular,ok,52.0,2704.0,121.0,
Moirai_One_regular,ok,52.0,2704.0,197.0,
Yuyu_regular,ok,52.0,2704.0,217.0,
Noto_Sans_Sunuwar_regular,ok,52.0,2704.0,209.0,
Yuji_Hentaigana_Akari_regular,ok,52.0,2704.0,170.0,
Rubik_Marker_Hatch_regular,ok,52.0,2704.0,216.0,
Playwrite_MX_Guides_regular,ok,52.0,2704.0,148.0,
Mingzat_regular,ok,52.0,2704.0,217.0,
Gajraj_One_regular,ok,52.0,2704.0,230.0,
Gveret_Levin_regular,ok,52.0,2704.0,193.0,
Bitcount_Prop_Double_Ink_100,ok,52.0,2704.0,242.0,
Bitcount_Prop_Double_Ink_200,ok,52.0,2704.0,237.0,
Bitcount_Prop_Double_Ink_300,ok,52.0,2704.0,232.0,
Bitcount_Prop_Double_Ink_regular,ok,52.0,2704.0,229.0,
Bitcount_Prop_Double_Ink_500,ok,52.0,2704.0,225.0,
Bitcount_Prop_Double_Ink_600,ok,52.0,2704.0,222.0,
Bitcount_Prop_Double_Ink_700,ok,52.0,2704.0,219.0,
Bitcount_Prop_Double_Ink_800,ok,52.0,2704.0,215.0,
Bitcount_Prop_Double_Ink_900,ok,52.0,2704.0,213.0,
Playwrite_ZA_100,ok,52.0,2704.0,157.0,
Playwrite_ZA_200,ok,52.0,2704.0,156.0,
Playwrite_ZA_300,ok,52.0,2704.0,155.0,
Playwrite_ZA_regular,ok,52.0,2704.0,153.0,
Noto_Sans_Runic_regular,ok,52.0,2704.0,209.0,
Coral_Pixels_regular,ok,52.0,2704.0,207.0,
Lisu_Bosa_200,ok,52.0,2704.0,232.0,
Lisu_Bosa_200italic,ok,52.0,2704.0,230.0,
Lisu_Bosa_300,ok,52.0,2704.0,232.0,
Lisu_Bosa_300italic,ok,52.0,2704.0,232.0,
Lisu_Bosa_regular,ok,52.0,2704.0,232.0,
Lisu_Bosa_italic,ok,52.0,2704.0,232.0,
Lisu_Bosa_500,ok,52.0,2704.0,231.0,
Lisu_Bosa_500italic,ok,52.0,2704.0,231.0,
Lisu_Bosa_600,ok,52.0,2704.0,233.0,
Lisu_Bosa_600italic,ok,52.0,2704.0,233.0,
Lisu_Bosa_700,ok,52.0,2704.0,234.0,
Lisu_Bosa_700italic,ok,52.0,2704.0,232.0,
Lisu_Bosa_800,ok,52.0,2704.0,234.0,
Lisu_Bosa_800italic,ok,52.0,2704.0,234.0,
Lisu_Bosa_900,ok,52.0,2704.0,235.0,
Lisu_Bosa_900italic,ok,52.0,2704.0,233.0,
Puppies_Play_regular,ok,52.0,2704.0,237.0,
BBH_Hegarty_regular,ok,52.0,2704.0,197.0,
Yuyu_Short_regular,ok,52.0,2704.0,217.0,
Bitcount_100,ok,52.0,2704.0,242.0,
Bitcount_200,ok,52.0,2704.0,237.0,
Bitcount_300,ok,52.0,2704.0,232.0,
Bitcount_regular,ok,52.0,2704.0,229.0,
Bitcount_500,ok,52.0,2704.0,225.0,
Bitcount_600,ok,52.0,2704.0,222.0,
Bitcount_700,ok,52.0,2704.0,219.0,
Bitcount_800,ok,52.0,2704.0,215.0,
Bitcount_900,ok,52.0,2704.0,213.0,
Noto_Sans_Takri_regular,ok,52.0,2704.0,209.0,
Syne_Tactile_regular,ok,52.0,2704.0,199.0,
Noto_Sans_Syriac_Eastern_100,ok,52.0,2704.0,209.0,
Noto_Sans_Syriac_Eastern_200,ok,52.0,2704.0,209.0,
Noto_Sans_Syriac_Eastern_300,ok,52.0,2704.0,209.0,
Noto_Sans_Syriac_Eastern_regular,ok,52.0,2704.0,209.0,
Noto_Sans_Syriac_Eastern_500,ok,52.0,2704.0,209.0,
Noto_Sans_Syriac_Eastern_600,ok,52.0,2704.0,209.0,
Noto_Sans_Syriac_Eastern_700,ok,52.0,2704.0,209.0,
Noto_Sans_Syriac_Eastern_800,ok,52.0,2704.0,208.0,
Noto_Sans_Syriac_Eastern_900,ok,52.0,2704.0,206.0,
Savate_200,ok,52.0,2704.0,205.0,
Savate_300,ok,52.0,2704.0,203.0,
Savate_regular,ok,52.0,2704.0,201.0,
Savate_500,ok,52.0,2704.0,199.0,
Savate_600,ok,52.0,2704.0,198.0,
Savate_700,ok,52.0,2704.0,195.0,
Savate_800,ok,52.0,2704.0,194.0,
Savate_900,ok,52.0,2704.0,193.0,
Savate_200italic,ok,52.0,2704.0,205.0,
Savate_300italic,ok,52.0,2704.0,203.0,
Savate_italic,ok,52.0,2704.0,201.0,
Savate_500italic,ok,52.0,2704.0,199.0,
Savate_600italic,ok,52.0,2704.0,198.0,
Savate_700italic,ok,52.0,2704.0,196.0,
Savate_800italic,ok,52.0,2704.0,194.0,
Savate_900italic,ok,52.0,2704.0,193.0,
Noto_Sans_Old_Permic_regular,ok,52.0,2704.0,209.0,
Noto_Sans_New_Tai_Lue_regular,ok,52.0,2704.0,209.0,
Noto_Sans_New_Tai_Lue_500,ok,52.0,2704.0,209.0,
Noto_Sans_New_Tai_Lue_600,ok,52.0,2704.0,209.0,
Noto_Sans_New_Tai_Lue_700,ok,52.0,2704.0,209.0,
Moo_Lah_Lah_regular,ok,52.0,2704.0,193.0,
Playwrite_DE_SAS_100,ok,52.0,2704.0,175.0,
Playwrite_DE_SAS_200,ok,52.0,2704.0,174.0,
Playwrite_DE_SAS_300,ok,52.0,2704.0,172.0,
Playwrite_DE_SAS_regular,ok,52.0,2704.0,171.0,
Tapestry_regular,ok,52.0,2704.0,223.0,
Noto_Serif_Yezidi_regular,ok,52.0,2704.0,207.0,
Noto_Serif_Yezidi_500,ok,52.0,2704.0,207.0,
Noto_Serif_Yezidi_600,ok,52.0,2704.0,208.0,
Noto_Serif_Yezidi_700,ok,52.0,2704.0,207.0,
Estedad_100,failed,,,,no valid shared size
Estedad_200,failed,,,,no valid shared size
Estedad_300,failed,,,,no valid shared size
Estedad_regular,failed,,,,no valid shared size
Estedad_500,failed,,,,no valid shared size
Estedad_600,failed,,,,no valid shared size
Estedad_700,failed,,,,no valid shared size
Estedad_800,failed,,,,no valid shared size
Estedad_900,failed,,,,no valid shared size
Rubik_Broken_Fax_regular,ok,52.0,2704.0,213.0,
Edu_QLD_Beginner_regular,ok,52.0,2704.0,205.0,
Edu_QLD_Beginner_500,ok,52.0,2704.0,205.0,
Edu_QLD_Beginner_600,ok,52.0,2704.0,205.0,
Edu_QLD_Beginner_700,ok,52.0,2704.0,204.0,
Noto_Sans_Adlam_Unjoined_regular,ok,52.0,2704.0,209.0,
Noto_Sans_Adlam_Unjoined_500,ok,52.0,2704.0,209.0,
Noto_Sans_Adlam_Unjoined_600,ok,52.0,2704.0,209.0,
Noto_Sans_Adlam_Unjoined_700,ok,52.0,2704.0,209.0,
Bpmf_Huninn_regular,ok,52.0,2704.0,212.0,
Tirra_regular,ok,52.0,2704.0,214.0,
Tirra_500,ok,52.0,2704.0,214.0,
Tirra_600,ok,52.0,2704.0,215.0,
Tirra_700,ok,52.0,2704.0,215.0,
Tirra_800,ok,52.0,2704.0,216.0,
Tirra_900,ok,52.0,2704.0,215.0,
Playwrite_DE_LA_100,ok,52.0,2704.0,169.0,
Playwrite_DE_LA_200,ok,52.0,2704.0,168.0,
Playwrite_DE_LA_300,ok,52.0,2704.0,166.0,
Playwrite_DE_LA_regular,ok,52.0,2704.0,165.0,
Playwrite_DK_Uloopet_100,ok,52.0,2704.0,178.0,
Playwrite_DK_Uloopet_200,ok,52.0,2704.0,178.0,
Playwrite_DK_Uloopet_300,ok,52.0,2704.0,178.0,
Playwrite_DK_Uloopet_regular,ok,52.0,2704.0,178.0,
Epunda_Slab_300,ok,52.0,2704.0,226.0,
Epunda_Slab_regular,ok,52.0,2704.0,226.0,
Epunda_Slab_500,ok,52.0,2704.0,226.0,
Epunda_Slab_600,ok,52.0,2704.0,226.0,
Epunda_Slab_700,ok,52.0,2704.0,224.0,
Epunda_Slab_800,ok,52.0,2704.0,221.0,
Epunda_Slab_900,ok,52.0,2704.0,219.0,
Epunda_Slab_300italic,ok,52.0,2704.0,226.0,
Epunda_Slab_italic,ok,52.0,2704.0,226.0,
Epunda_Slab_500italic,ok,52.0,2704.0,226.0,
Epunda_Slab_600italic,ok,52.0,2704.0,226.0,
Epunda_Slab_700italic,ok,52.0,2704.0,224.0,
Epunda_Slab_800italic,ok,52.0,2704.0,221.0,
Epunda_Slab_900italic,ok,52.0,2704.0,219.0,
Libertinus_Serif_Display_regular,ok,52.0,2704.0,229.0,
Edu_SA_Hand_regular,ok,52.0,2704.0,158.0,
Edu_SA_Hand_500,ok,52.0,2704.0,158.0,
Edu_SA_Hand_600,ok,52.0,2704.0,158.0,
Edu_SA_Hand_700,ok,52.0,2704.0,157.0,
Playpen_Sans_Thai_100,ok,52.0,2704.0,191.0,
Playpen_Sans_Thai_200,ok,52.0,2704.0,191.0,
Playpen_Sans_Thai_300,ok,52.0,2704.0,191.0,
Playpen_Sans_Thai_regular,ok,52.0,2704.0,191.0,
Playpen_Sans_Thai_500,ok,52.0,2704.0,191.0,
Playpen_Sans_Thai_600,ok,52.0,2704.0,191.0,
Playpen_Sans_Thai_700,ok,52.0,2704.0,191.0,
Playpen_Sans_Thai_800,ok,52.0,2704.0,191.0,
Rubik_Maps_regular,ok,52.0,2704.0,213.0,
Playwrite_ES_100,ok,52.0,2704.0,157.0,
Playwrite_ES_200,ok,52.0,2704.0,157.0,
Playwrite_ES_300,ok,52.0,2704.0,157.0,
Playwrite_ES_regular,ok,52.0,2704.0,157.0,
Sankofa_Display_regular,ok,52.0,2704.0,225.0,
Noto_Serif_Dives_Akuru_regular,ok,52.0,2704.0,207.0,
Playwrite_MX_100,ok,52.0,2704.0,149.0,
Playwrite_MX_200,ok,52.0,2704.0,148.0,
Playwrite_MX_300,ok,52.0,2704.0,147.0,
Playwrite_MX_regular,ok,52.0,2704.0,147.0,
Playwrite_PT_100,ok,52.0,2704.0,145.0,
Playwrite_PT_200,ok,52.0,2704.0,145.0,
Playwrite_PT_300,ok,52.0,2704.0,145.0,
Playwrite_PT_regular,ok,52.0,2704.0,145.0,
Noto_Sans_Old_Hungarian_regular,ok,52.0,2704.0,209.0,
Playwrite_GB_J_100,ok,52.0,2704.0,178.0,
Playwrite_GB_J_200,ok,52.0,2704.0,178.0,
Playwrite_GB_J_300,ok,52.0,2704.0,178.0,
Playwrite_GB_J_regular,ok,52.0,2704.0,178.0,
Playwrite_GB_J_100italic,ok,52.0,2704.0,178.0,
Playwrite_GB_J_200italic,ok,52.0,2704.0,178.0,
Playwrite_GB_J_300italic,ok,52.0,2704.0,178.0,
Playwrite_GB_J_italic,ok,52.0,2704.0,178.0,
Edu_AU_VIC_WA_NT_Pre_regular,ok,52.0,2704.0,171.0,
Edu_AU_VIC_WA_NT_Pre_500,ok,52.0,2704.0,171.0,
Edu_AU_VIC_WA_NT_Pre_600,ok,52.0,2704.0,171.0,
Edu_AU_VIC_WA_NT_Pre_700,ok,52.0,2704.0,171.0,
Playwrite_AR_100,ok,52.0,2704.0,140.0,
Playwrite_AR_200,ok,52.0,2704.0,139.0,
Playwrite_AR_300,ok,52.0,2704.0,139.0,
Playwrite_AR_regular,ok,52.0,2704.0,138.0,
Hind_Mysuru_300,ok,52.0,2704.0,224.0,
Hind_Mysuru_regular,ok,52.0,2704.0,222.0,
Hind_Mysuru_500,ok,52.0,2704.0,220.0,
Hind_Mysuru_600,ok,52.0,2704.0,218.0,
Hind_Mysuru_700,ok,52.0,2704.0,216.0,
Namdhinggo_regular,ok,52.0,2704.0,224.0,
Namdhinggo_500,ok,52.0,2704.0,221.0,
Namdhinggo_600,ok,52.0,2704.0,224.0,
Namdhinggo_700,ok,52.0,2704.0,221.0,
Namdhinggo_800,ok,52.0,2704.0,221.0,
Jaini_Purva_regular,ok,52.0,2704.0,222.0,
Noto_Serif_Oriya_regular,ok,52.0,2704.0,207.0,
Noto_Serif_Oriya_500,ok,52.0,2704.0,207.0,
Noto_Serif_Oriya_600,ok,52.0,2704.0,208.0,
Noto_Serif_Oriya_700,ok,52.0,2704.0,207.0,
Linefont_100,ok,52.0,2704.0,157.0,
Linefont_200,ok,52.0,2704.0,156.0,
Linefont_300,ok,52.0,2704.0,154.0,
Linefont_regular,ok,52.0,2704.0,152.0,
Linefont_500,ok,52.0,2704.0,150.0,
Linefont_600,ok,52.0,2704.0,148.0,
Linefont_700,ok,52.0,2704.0,147.0,
Linefont_800,ok,52.0,2704.0,145.0,
Linefont_900,ok,52.0,2704.0,143.0,
Playwrite_NZ_100,ok,52.0,2704.0,178.0,
Playwrite_NZ_200,ok,52.0,2704.0,178.0,
Playwrite_NZ_300,ok,52.0,2704.0,178.0,
Playwrite_NZ_regular,ok,52.0,2704.0,178.0,
Noto_Serif_Makasar_regular,ok,52.0,2704.0,207.0,
Hanalei_regular,ok,52.0,2704.0,215.0,
Karla_Tamil_Upright_regular,failed,,,,no valid shared size
Karla_Tamil_Upright_700,failed,,,,no valid shared size
Playwrite_BE_WAL_100,ok,52.0,2704.0,103.0,
Playwrite_BE_WAL_200,ok,52.0,2704.0,103.0,
Playwrite_BE_WAL_300,ok,52.0,2704.0,103.0,
Playwrite_BE_WAL_regular,ok,52.0,2704.0,103.0,
Noto_Sans_Medefaidrin_regular,ok,52.0,2704.0,209.0,
Noto_Sans_Medefaidrin_500,ok,52.0,2704.0,209.0,
Noto_Sans_Medefaidrin_600,ok,52.0,2704.0,209.0,
Noto_Sans_Medefaidrin_700,ok,52.0,2704.0,209.0,
Playwrite_AU_TAS_100,ok,52.0,2704.0,157.0,
Playwrite_AU_TAS_200,ok,52.0,2704.0,157.0,
Playwrite_AU_TAS_300,ok,52.0,2704.0,157.0,
Playwrite_AU_TAS_regular,ok,52.0,2704.0,157.0,
Noto_Sans_Bamum_regular,ok,52.0,2704.0,209.0,
Noto_Sans_Bamum_500,ok,52.0,2704.0,209.0,
Noto_Sans_Bamum_600,ok,52.0,2704.0,209.0,
Noto_Sans_Bamum_700,ok,52.0,2704.0,209.0,
Noto_Sans_Brahmi_regular,ok,52.0,2704.0,209.0,
Jaini_regular,ok,52.0,2704.0,222.0,
Sirivennela_regular,ok,52.0,2704.0,306.0,
Jacquard_12_Charted_regular,ok,52.0,2704.0,209.0,
Bitcount_Grid_Single_Ink_100,ok,52.0,2704.0,284.0,
Bitcount_Grid_Single_Ink_200,ok,52.0,2704.0,278.0,
Bitcount_Grid_Single_Ink_300,ok,52.0,2704.0,272.0,
Bitcount_Grid_Single_Ink_regular,ok,52.0,2704.0,266.0,
Bitcount_Grid_Single_Ink_500,ok,52.0,2704.0,262.0,
Bitcount_Grid_Single_Ink_600,ok,52.0,2704.0,258.0,
Bitcount_Grid_Single_Ink_700,ok,52.0,2704.0,253.0,
Bitcount_Grid_Single_Ink_800,ok,52.0,2704.0,250.0,
Bitcount_Grid_Single_Ink_900,ok,52.0,2704.0,246.0,
Noto_Sans_Avestan_regular,ok,52.0,2704.0,209.0,
Bitcount_Prop_Double_100,ok,52.0,2704.0,242.0,
Bitcount_Prop_Double_200,ok,52.0,2704.0,237.0,
Bitcount_Prop_Double_300,ok,52.0,2704.0,232.0,
Bitcount_Prop_Double_regular,ok,52.0,2704.0,229.0,
Bitcount_Prop_Double_500,ok,52.0,2704.0,225.0,
Bitcount_Prop_Double_600,ok,52.0,2704.0,222.0,
Bitcount_Prop_Double_700,ok,52.0,2704.0,219.0,
Bitcount_Prop_Double_800,ok,52.0,2704.0,215.0,
Bitcount_Prop_Double_900,ok,52.0,2704.0,213.0,
Allkin_regular,ok,52.0,2704.0,271.0,
Playwrite_HR_Lijeva_100,ok,52.0,2704.0,178.0,
Playwrite_HR_Lijeva_200,ok,52.0,2704.0,177.0,
Playwrite_HR_Lijeva_300,ok,52.0,2704.0,177.0,
Playwrite_HR_Lijeva_regular,ok,52.0,2704.0,177.0,
Bitcount_Single_Ink_100,ok,52.0,2704.0,242.0,
Bitcount_Single_Ink_200,ok,52.0,2704.0,237.0,
Bitcount_Single_Ink_300,ok,52.0,2704.0,232.0,
Bitcount_Single_Ink_regular,ok,52.0,2704.0,229.0,
Bitcount_Single_Ink_500,ok,52.0,2704.0,225.0,
Bitcount_Single_Ink_600,ok,52.0,2704.0,222.0,
Bitcount_Single_Ink_700,ok,52.0,2704.0,219.0,
Bitcount_Single_Ink_800,ok,52.0,2704.0,215.0,
Bitcount_Single_Ink_900,ok,52.0,2704.0,213.0,
Noto_Traditional_Nushu_300,ok,52.0,2704.0,209.0,
Noto_Traditional_Nushu_regular,ok,52.0,2704.0,209.0,
Noto_Traditional_Nushu_500,ok,52.0,2704.0,209.0,
Noto_Traditional_Nushu_600,ok,52.0,2704.0,209.0,
Noto_Traditional_Nushu_700,ok,52.0,2704.0,209.0,
Finlandica_Text_100,ok,52.0,2704.0,209.0,
Finlandica_Text_200,ok,52.0,2704.0,209.0,
Finlandica_Text_300,ok,52.0,2704.0,209.0,
Finlandica_Text_regular,ok,52.0,2704.0,209.0,
Finlandica_Text_500,ok,52.0,2704.0,209.0,
Finlandica_Text_600,ok,52.0,2704.0,209.0,
Finlandica_Text_700,ok,52.0,2704.0,209.0,
Finlandica_Text_800,ok,52.0,2704.0,209.0,
Finlandica_Text_900,ok,52.0,2704.0,209.0,
Finlandica_Text_100italic,ok,52.0,2704.0,209.0,
Finlandica_Text_200italic,ok,52.0,2704.0,209.0,
Finlandica_Text_300italic,ok,52.0,2704.0,209.0,
Finlandica_Text_italic,ok,52.0,2704.0,209.0,
Finlandica_Text_500italic,ok,52.0,2704.0,209.0,
Finlandica_Text_600italic,ok,52.0,2704.0,209.0,
Finlandica_Text_700italic,ok,52.0,2704.0,209.0,
Finlandica_Text_800italic,ok,52.0,2704.0,209.0,
Finlandica_Text_900italic,ok,52.0,2704.0,209.0,
Noto_Sans_Old_North_Arabian_regular,ok,52.0,2704.0,209.0,
Noto_Sans_Cham_100,ok,52.0,2704.0,209.0,
Noto_Sans_Cham_200,ok,52.0,2704.0,209.0,
Noto_Sans_Cham_300,ok,52.0,2704.0,209.0,
Noto_Sans_Cham_regular,ok,52.0,2704.0,209.0,
Noto_Sans_Cham_500,ok,52.0,2704.0,209.0,
Noto_Sans_Cham_600,ok,52.0,2704.0,209.0,
Noto_Sans_Cham_700,ok,52.0,2704.0,209.0,
Noto_Sans_Cham_800,ok,52.0,2704.0,208.0,
Noto_Sans_Cham_900,ok,52.0,2704.0,206.0,
Noto_Sans_Palmyrene_regular,ok,52.0,2704.0,209.0,
Bytesized_regular,ok,52.0,2704.0,320.0,
Noto_Sans_Tifinagh_regular,ok,52.0,2704.0,209.0,
Noto_Sans_Lisu_regular,ok,52.0,2704.0,209.0,
Noto_Sans_Lisu_500,ok,52.0,2704.0,209.0,
Noto_Sans_Lisu_600,ok,52.0,2704.0,209.0,
Noto_Sans_Lisu_700,ok,52.0,2704.0,209.0,
Rubik_Storm_regular,ok,52.0,2704.0,207.0,
Noto_Sans_Inscriptional_Parthian_regular,ok,52.0,2704.0,209.0,
Exile_regular,ok,52.0,2704.0,204.0,
Playwrite_VN_100,ok,52.0,2704.0,123.0,
Playwrite_VN_200,ok,52.0,2704.0,123.0,
Playwrite_VN_300,ok,52.0,2704.0,123.0,
Playwrite_VN_regular,ok,52.0,2704.0,123.0,
Noto_Sans_Wancho_regular,ok,52.0,2704.0,209.0,
Shafarik_regular,ok,52.0,2704.0,225.0,
Noto_Sans_Indic_Siyaq_Numbers_regular,ok,52.0,2704.0,209.0,
Bitcount_Ink_100,ok,52.0,2704.0,242.0,
Bitcount_Ink_200,ok,52.0,2704.0,237.0,
Bitcount_Ink_300,ok,52.0,2704.0,232.0,
Bitcount_Ink_regular,ok,52.0,2704.0,229.0,
Bitcount_Ink_500,ok,52.0,2704.0,225.0,
Bitcount_Ink_600,ok,52.0,2704.0,222.0,
Bitcount_Ink_700,ok,52.0,2704.0,219.0,
Bitcount_Ink_800,ok,52.0,2704.0,215.0,
Bitcount_Ink_900,ok,52.0,2704.0,213.0,
Noto_Sans_Cuneiform_regular,ok,52.0,2704.0,209.0,
Noto_Sans_Syloti_Nagri_regular,ok,52.0,2704.0,209.0,
Noto_Serif_Khitan_Small_Script_regular,ok,52.0,2704.0,207.0,
Maname_regular,ok,52.0,2704.0,228.0,
Noto_Serif_Gurmukhi_100,ok,52.0,2704.0,207.0,
Noto_Serif_Gurmukhi_200,ok,52.0,2704.0,207.0,
Noto_Serif_Gurmukhi_300,ok,52.0,2704.0,207.0,
Noto_Serif_Gurmukhi_regular,ok,52.0,2704.0,207.0,
Noto_Serif_Gurmukhi_500,ok,52.0,2704.0,207.0,
Noto_Serif_Gurmukhi_600,ok,52.0,2704.0,208.0,
Noto_Serif_Gurmukhi_700,ok,52.0,2704.0,207.0,
Noto_Serif_Gurmukhi_800,ok,52.0,2704.0,206.0,
Noto_Serif_Gurmukhi_900,ok,52.0,2704.0,205.0,
Playwrite_CZ_100,ok,52.0,2704.0,159.0,
Playwrite_CZ_200,ok,52.0,2704.0,158.0,
Playwrite_CZ_300,ok,52.0,2704.0,157.0,
Playwrite_CZ_regular,ok,52.0,2704.0,155.0,
Noto_Sans_Nabataean_regular,ok,52.0,2704.0,209.0,
Rubik_Lines_regular,ok,52.0,2704.0,208.0,
Noto_Sans_Osage_regular,ok,52.0,2704.0,209.0,
Yarndings_20_Charted_regular,ok,52.0,2704.0,173.0,
Noto_Sans_Mahajani_regular,ok,52.0,2704.0,209.0,
Noto_Serif_Ottoman_Siyaq_regular,ok,52.0,2704.0,207.0,
Blaka_Ink_regular,ok,52.0,2704.0,228.0,
Noto_Sans_Grantha_regular,ok,52.0,2704.0,209.0,
Playwrite_SK_100,ok,52.0,2704.0,159.0,
Playwrite_SK_200,ok,52.0,2704.0,158.0,
Playwrite_SK_300,ok,52.0,2704.0,157.0,
Playwrite_SK_regular,ok,52.0,2704.0,155.0,
Noto_Znamenny_Musical_Notation_regular,ok,52.0,2704.0,209.0,
Warnes_regular,ok,52.0,2704.0,205.0,
Noto_Sans_Lydian_regular,ok,52.0,2704.0,209.0,
Edu_NSW_ACT_Hand_Pre_regular,ok,52.0,2704.0,158.0,
Edu_NSW_ACT_Hand_Pre_500,ok,52.0,2704.0,158.0,
Edu_NSW_ACT_Hand_Pre_600,ok,52.0,2704.0,158.0,
Edu_NSW_ACT_Hand_Pre_700,ok,52.0,2704.0,157.0,
Noto_Sans_Khojki_regular,ok,52.0,2704.0,209.0,
Edu_AU_VIC_WA_NT_Arrows_regular,ok,52.0,2704.0,170.0,
Edu_AU_VIC_WA_NT_Arrows_500,ok,52.0,2704.0,170.0,
Edu_AU_VIC_WA_NT_Arrows_600,ok,52.0,2704.0,170.0,
Edu_AU_VIC_WA_NT_Arrows_700,ok,52.0,2704.0,169.0,
Noto_Serif_Old_Uyghur_regular,ok,52.0,2704.0,207.0,
Noto_Sans_Tai_Le_regular,ok,52.0,2704.0,209.0,
Noto_Sans_Meroitic_regular,ok,52.0,2704.0,209.0,
Bitcount_Prop_Single_Ink_100,ok,52.0,2704.0,242.0,
Bitcount_Prop_Single_Ink_200,ok,52.0,2704.0,237.0,
Bitcount_Prop_Single_Ink_300,ok,52.0,2704.0,232.0,
Bitcount_Prop_Single_Ink_regular,ok,52.0,2704.0,229.0,
Bitcount_Prop_Single_Ink_500,ok,52.0,2704.0,225.0,
Bitcount_Prop_Single_Ink_600,ok,52.0,2704.0,222.0,
Bitcount_Prop_Single_Ink_700,ok,52.0,2704.0,219.0,
Bitcount_Prop_Single_Ink_800,ok,52.0,2704.0,215.0,
Bitcount_Prop_Single_Ink_900,ok,52.0,2704.0,213.0,
Noto_Sans_Zanabazar_Square_regular,ok,52.0,2704.0,209.0,
Tuffy_regular,ok,52.0,2704.0,219.0,
Tuffy_italic,ok,52.0,2704.0,219.0,
Tuffy_700,ok,52.0,2704.0,218.0,
Tuffy_700italic,ok,52.0,2704.0,218.0,
Noto_Sans_Sundanese_regular,ok,52.0,2704.0,209.0,
Noto_Sans_Sundanese_500,ok,52.0,2704.0,209.0,
Noto_Sans_Sundanese_600,ok,52.0,2704.0,209.0,
Noto_Sans_Sundanese_700,ok,52.0,2704.0,209.0,
Noto_Sans_Elbasan_regular,ok,52.0,2704.0,209.0,
Playwrite_AU_VIC_100,ok,52.0,2704.0,157.0,
Playwrite_AU_VIC_200,ok,52.0,2704.0,157.0,
Playwrite_AU_VIC_300,ok,52.0,2704.0,157.0,
Playwrite_AU_VIC_regular,ok,52.0,2704.0,157.0,
Ponnala_regular,ok,52.0,2704.0,240.0,
Wavefont_100,ok,52.0,2704.0,160.0,
Wavefont_200,ok,52.0,2704.0,160.0,
Wavefont_300,ok,52.0,2704.0,160.0,
Wavefont_regular,ok,52.0,2704.0,160.0,
Wavefont_500,ok,52.0,2704.0,160.0,
Wavefont_600,ok,52.0,2704.0,160.0,
Wavefont_700,ok,52.0,2704.0,160.0,
Wavefont_800,ok,52.0,2704.0,160.0,
Wavefont_900,ok,52.0,2704.0,160.0,
Bitcount_Grid_Double_Ink_100,ok,52.0,2704.0,284.0,
Bitcount_Grid_Double_Ink_200,ok,52.0,2704.0,278.0,
Bitcount_Grid_Double_Ink_300,ok,52.0,2704.0,272.0,
Bitcount_Grid_Double_Ink_regular,ok,52.0,2704.0,266.0,
Bitcount_Grid_Double_Ink_500,ok,52.0,2704.0,262.0,
Bitcount_Grid_Double_Ink_600,ok,52.0,2704.0,258.0,
Bitcount_Grid_Double_Ink_700,ok,52.0,2704.0,253.0,
Bitcount_Grid_Double_Ink_800,ok,52.0,2704.0,250.0,
Bitcount_Grid_Double_Ink_900,ok,52.0,2704.0,246.0,
Finlandica_Headline_100,ok,52.0,2704.0,212.0,
Finlandica_Headline_200,ok,52.0,2704.0,212.0,
Finlandica_Headline_300,ok,52.0,2704.0,212.0,
Finlandica_Headline_regular,ok,52.0,2704.0,212.0,
Finlandica_Headline_500,ok,52.0,2704.0,212.0,
Finlandica_Headline_600,ok,52.0,2704.0,212.0,
Finlandica_Headline_700,ok,52.0,2704.0,212.0,
Finlandica_Headline_800,ok,52.0,2704.0,212.0,
Finlandica_Headline_900,ok,52.0,2704.0,212.0,
Finlandica_Headline_100italic,ok,52.0,2704.0,212.0,
Finlandica_Headline_200italic,ok,52.0,2704.0,212.0,
Finlandica_Headline_300italic,ok,52.0,2704.0,212.0,
Finlandica_Headline_italic,ok,52.0,2704.0,212.0,
Finlandica_Headline_500italic,ok,52.0,2704.0,212.0,
Finlandica_Headline_600italic,ok,52.0,2704.0,212.0,
Finlandica_Headline_700italic,ok,52.0,2704.0,212.0,
Finlandica_Headline_800italic,ok,52.0,2704.0,212.0,
Finlandica_Headline_900italic,ok,52.0,2704.0,212.0,
Strichpunkt_Sans_regular,ok,52.0,2704.0,225.0,
Strichpunkt_Sans_500,ok,52.0,2704.0,225.0,
Strichpunkt_Sans_600,ok,52.0,2704.0,225.0,
Strichpunkt_Sans_700,ok,52.0,2704.0,225.0,
Strichpunkt_Sans_800,ok,52.0,2704.0,225.0,
Strichpunkt_Sans_900,ok,52.0,2704.0,225.0,
Playwrite_NG_Modern_100,ok,52.0,2704.0,157.0,
Playwrite_NG_Modern_200,ok,52.0,2704.0,157.0,
Playwrite_NG_Modern_300,ok,52.0,2704.0,157.0,
Playwrite_NG_Modern_regular,ok,52.0,2704.0,157.0,
Noto_Sans_Tirhuta_regular,ok,52.0,2704.0,209.0,
Noto_Sans_Tagbanwa_regular,ok,52.0,2704.0,209.0,
Padyakke_Expanded_One_regular,ok,52.0,2704.0,208.0,
Matangi_300,ok,52.0,2704.0,172.0,
Matangi_regular,ok,52.0,2704.0,172.0,
Matangi_500,ok,52.0,2704.0,172.0,
Matangi_600,ok,52.0,2704.0,172.0,
Matangi_700,ok,52.0,2704.0,172.0,
Matangi_800,ok,52.0,2704.0,172.0,
Matangi_900,ok,52.0,2704.0,172.0,
Noto_Serif_Todhri_regular,ok,52.0,2704.0,212.0,
Noto_Serif_NP_Hmong_regular,ok,52.0,2704.0,207.0,
Noto_Serif_NP_Hmong_500,ok,52.0,2704.0,207.0,
Noto_Serif_NP_Hmong_600,ok,52.0,2704.0,208.0,
Noto_Serif_NP_Hmong_700,ok,52.0,2704.0,207.0,
Betania_Patmos_regular,ok,52.0,2704.0,203.0,
Noto_Serif_Hentaigana_200,ok,52.0,2704.0,207.0,
Noto_Serif_Hentaigana_300,ok,52.0,2704.0,207.0,
Noto_Serif_Hentaigana_regular,ok,52.0,2704.0,207.0,
Noto_Serif_Hentaigana_500,ok,52.0,2704.0,207.0,
Noto_Serif_Hentaigana_600,ok,52.0,2704.0,207.0,
Noto_Serif_Hentaigana_700,ok,52.0,2704.0,207.0,
Noto_Serif_Hentaigana_800,ok,52.0,2704.0,206.0,
Noto_Serif_Hentaigana_900,ok,52.0,2704.0,205.0,
Playwrite_TZ_100,ok,52.0,2704.0,157.0,
Playwrite_TZ_200,ok,52.0,2704.0,156.0,
Playwrite_TZ_300,ok,52.0,2704.0,155.0,
Playwrite_TZ_regular,ok,52.0,2704.0,154.0,
Libertinus_Keyboard_regular,ok,52.0,2704.0,212.0,
Bpmf_Zihi_Kai_Std_regular,ok,52.0,2704.0,195.0,
Noto_Sans_Limbu_regular,ok,52.0,2704.0,209.0,
Pochaevsk_regular,ok,52.0,2704.0,225.0,
Alien_Block_regular,ok,52.0,2704.0,219.0,
Noto_Sans_Sharada_regular,ok,52.0,2704.0,209.0,
Micro_5_Charted_regular,ok,52.0,2704.0,220.0,
Noto_Sans_NKo_Unjoined_regular,ok,52.0,2704.0,209.0,
Noto_Sans_NKo_Unjoined_500,ok,52.0,2704.0,209.0,
Noto_Sans_NKo_Unjoined_600,ok,52.0,2704.0,209.0,
Noto_Sans_NKo_Unjoined_700,ok,52.0,2704.0,209.0,
Playwrite_CO_Guides_regular,ok,52.0,2704.0,145.0,
Playwrite_PE_100,ok,52.0,2704.0,149.0,
Playwrite_PE_200,ok,52.0,2704.0,148.0,
Playwrite_PE_300,ok,52.0,2704.0,147.0,
Playwrite_PE_regular,ok,52.0,2704.0,147.0,
Noto_Sans_Inscriptional_Pahlavi_regular,ok,52.0,2704.0,209.0,
Kay_Pho_Du_regular,ok,52.0,2704.0,209.0,
Kay_Pho_Du_500,ok,52.0,2704.0,209.0,
Kay_Pho_Du_600,ok,52.0,2704.0,209.0,
Kay_Pho_Du_700,ok,52.0,2704.0,209.0,
Playwrite_CO_100,ok,52.0,2704.0,146.0,
Playwrite_CO_200,ok,52.0,2704.0,145.0,
Playwrite_CO_300,ok,52.0,2704.0,145.0,
Playwrite_CO_regular,ok,52.0,2704.0,144.0,
Noto_Sans_Vai_regular,ok,52.0,2704.0,209.0,
Bpmf_Iansui_regular,ok,52.0,2704.0,225.0,
Noto_Serif_Grantha_regular,ok,52.0,2704.0,207.0,
Noto_Sans_Ugaritic_regular,ok,52.0,2704.0,209.0,
Noto_Sans_Imperial_Aramaic_regular,ok,52.0,2704.0,209.0,
Noto_Sans_Tai_Tham_regular,ok,52.0,2704.0,209.0,
Noto_Sans_Tai_Tham_500,ok,52.0,2704.0,209.0,
Noto_Sans_Tai_Tham_600,ok,52.0,2704.0,209.0,
Noto_Sans_Tai_Tham_700,ok,52.0,2704.0,209.0,
Playwrite_CL_100,ok,52.0,2704.0,132.0,
Playwrite_CL_200,ok,52.0,2704.0,131.0,
Playwrite_CL_300,ok,52.0,2704.0,131.0,
Playwrite_CL_regular,ok,52.0,2704.0,130.0,
Edu_VIC_WA_NT_Hand_Pre_regular,ok,52.0,2704.0,171.0,
Edu_VIC_WA_NT_Hand_Pre_500,ok,52.0,2704.0,171.0,
Edu_VIC_WA_NT_Hand_Pre_600,ok,52.0,2704.0,171.0,
Edu_VIC_WA_NT_Hand_Pre_700,ok,52.0,2704.0,171.0,
Noto_Sans_Buginese_regular,ok,52.0,2704.0,209.0,
Edu_QLD_Hand_regular,ok,52.0,2704.0,162.0,
Edu_QLD_Hand_500,ok,52.0,2704.0,162.0,
Edu_QLD_Hand_600,ok,52.0,2704.0,162.0,
Edu_QLD_Hand_700,ok,52.0,2704.0,162.0,
Jacquard_24_Charted_regular,ok,52.0,2704.0,201.0,
Noto_Sans_Old_South_Arabian_regular,ok,52.0,2704.0,209.0,
Noto_Sans_Kawi_regular,ok,52.0,2704.0,209.0,
Noto_Sans_Kawi_500,ok,52.0,2704.0,209.0,
Noto_Sans_Kawi_600,ok,52.0,2704.0,209.0,
Noto_Sans_Kawi_700,ok,52.0,2704.0,209.0,
Noto_Sans_Sogdian_regular,ok,52.0,2704.0,209.0,
Noto_Sans_Mayan_Numerals_regular,ok,52.0,2704.0,209.0,
Jersey_15_Charted_regular,ok,52.0,2704.0,204.0,
Noto_Sans_Chakma_regular,ok,52.0,2704.0,209.0,
Noto_Sans_Hatran_regular,ok,52.0,2704.0,209.0,
Jersey_25_Charted_regular,ok,52.0,2704.0,198.0,
Noto_Sans_Caucasian_Albanian_regular,ok,52.0,2704.0,209.0,
Noto_Sans_Linear_B_regular,ok,52.0,2704.0,209.0,
Idiqlat_200,ok,52.0,2704.0,206.0,
Idiqlat_300,ok,52.0,2704.0,206.0,
Idiqlat_regular,ok,52.0,2704.0,206.0,
Betania_Patmos_In_regular,ok,52.0,2704.0,203.0,
Playwrite_ES_Deco_100,ok,52.0,2704.0,149.0,
Playwrite_ES_Deco_200,ok,52.0,2704.0,148.0,
Playwrite_ES_Deco_300,ok,52.0,2704.0,147.0,
Playwrite_ES_Deco_regular,ok,52.0,2704.0,147.0,
Playwrite_AU_VIC_Guides_regular,ok,52.0,2704.0,157.0,
Noto_Sans_Miao_regular,ok,52.0,2704.0,209.0,
Betania_Patmos_In_GDL_regular,ok,52.0,2704.0,204.0,
Noto_Sans_SignWriting_regular,ok,52.0,2704.0,209.0,
Noto_Sans_Bassa_Vah_regular,ok,52.0,2704.0,209.0,
Noto_Sans_Bassa_Vah_500,ok,52.0,2704.0,209.0,
Noto_Sans_Bassa_Vah_600,ok,52.0,2704.0,209.0,
Noto_Sans_Bassa_Vah_700,ok,52.0,2704.0,209.0,
Kanchenjunga_regular,ok,52.0,2704.0,203.0,
Kanchenjunga_500,ok,52.0,2704.0,203.0,
Kanchenjunga_600,ok,52.0,2704.0,203.0,
Kanchenjunga_700,ok,52.0,2704.0,203.0,
Playwrite_BR_100,ok,52.0,2704.0,132.0,
Playwrite_BR_200,ok,52.0,2704.0,131.0,
Playwrite_BR_300,ok,52.0,2704.0,131.0,
Playwrite_BR_regular,ok,52.0,2704.0,130.0,
Noto_Sans_Syriac_Western_100,ok,52.0,2704.0,209.0,
Noto_Sans_Syriac_Western_200,ok,52.0,2704.0,209.0,
Noto_Sans_Syriac_Western_300,ok,52.0,2704.0,209.0,
Noto_Sans_Syriac_Western_regular,ok,52.0,2704.0,209.0,
Noto_Sans_Syriac_Western_500,ok,52.0,2704.0,209.0,
Noto_Sans_Syriac_Western_600,ok,52.0,2704.0,209.0,
Noto_Sans_Syriac_Western_700,ok,52.0,2704.0,209.0,
Noto_Sans_Syriac_Western_800,ok,52.0,2704.0,208.0,
Noto_Sans_Syriac_Western_900,ok,52.0,2704.0,206.0,
Betania_Patmos_GDL_regular,ok,52.0,2704.0,204.0,
Playwrite_IE_Guides_regular,ok,52.0,2704.0,160.0,
Noto_Sans_Cypriot_regular,ok,52.0,2704.0,209.0,
Noto_Sans_Phoenician_regular,ok,52.0,2704.0,209.0,
Noto_Sans_PhagsPa_regular,ok,52.0,2704.0,209.0,
Playwrite_US_Trad_Guides_regular,ok,52.0,2704.0,148.0,
Playwrite_IN_Guides_regular,ok,52.0,2704.0,145.0,
Jersey_20_Charted_regular,ok,52.0,2704.0,200.0,
Noto_Sans_Gunjala_Gondi_regular,ok,52.0,2704.0,209.0,
Noto_Sans_Gunjala_Gondi_500,ok,52.0,2704.0,209.0,
Noto_Sans_Gunjala_Gondi_600,ok,52.0,2704.0,209.0,
Noto_Sans_Gunjala_Gondi_700,ok,52.0,2704.0,209.0,
Noto_Sans_Rejang_regular,ok,52.0,2704.0,209.0,
Noto_Sans_Nushu_regular,ok,52.0,2704.0,209.0,
Noto_Sans_Elymaic_regular,ok,52.0,2704.0,209.0,
Noto_Sans_Mro_regular,ok,52.0,2704.0,209.0,
Noto_Sans_Ogham_regular,ok,52.0,2704.0,209.0,
Jacquarda_Bastarda_9_Charted_regular,ok,52.0,2704.0,159.0,
Playwrite_TZ_Guides_regular,ok,52.0,2704.0,157.0,
Yarndings_20_regular,ok,52.0,2704.0,192.0,
Yuji_Hentaigana_Akebono_regular,ok,52.0,2704.0,170.0,
Noto_Sans_Psalter_Pahlavi_regular,ok,52.0,2704.0,209.0,
Playwrite_NZ_Basic_Guides_regular,ok,52.0,2704.0,178.0,
Noto_Sans_Mandaic_regular,ok,52.0,2704.0,209.0,
Noto_Sans_Tamil_Supplement_regular,ok,52.0,2704.0,209.0,
Noto_Sans_Khudawadi_regular,ok,52.0,2704.0,209.0,
Playwrite_PL_Guides_regular,ok,52.0,2704.0,159.0,
Playwrite_PT_Guides_regular,ok,52.0,2704.0,145.0,
Noto_Sans_Masaram_Gondi_regular,ok,52.0,2704.0,209.0,
Noto_Sans_Modi_regular,ok,52.0,2704.0,209.0,
Noto_Sans_Chorasmian_regular,ok,52.0,2704.0,209.0,
Noto_Sans_Kayah_Li_regular,ok,52.0,2704.0,209.0,
Noto_Sans_Kayah_Li_500,ok,52.0,2704.0,209.0,
Noto_Sans_Kayah_Li_600,ok,52.0,2704.0,209.0,
Noto_Sans_Kayah_Li_700,ok,52.0,2704.0,209.0,
Noto_Sans_Lepcha_regular,ok,52.0,2704.0,209.0,
Noto_Sans_Old_Sogdian_regular,ok,52.0,2704.0,209.0,
Noto_Sans_Pau_Cin_Hau_regular,ok,52.0,2704.0,209.0,
Yarndings_12_regular,ok,52.0,2704.0,213.0,
Playwrite_PE_Guides_regular,ok,52.0,2704.0,148.0,
Noto_Sans_Saurashtra_regular,ok,52.0,2704.0,209.0,
Noto_Sans_Manichaean_regular,ok,52.0,2704.0,209.0,
Noto_Sans_Deseret_regular,ok,52.0,2704.0,209.0,
Noto_Sans_Soyombo_regular,ok,52.0,2704.0,209.0,
Playwrite_DE_Grund_Guides_regular,ok,52.0,2704.0,170.0,
Ramsina_regular,ok,52.0,2704.0,320.0,
Playwrite_IT_Trad_100,ok,52.0,2704.0,155.0,
Playwrite_IT_Trad_200,ok,52.0,2704.0,154.0,
Playwrite_IT_Trad_300,ok,52.0,2704.0,154.0,
Playwrite_IT_Trad_regular,ok,52.0,2704.0,153.0,
Playwrite_FR_Trad_100,ok,52.0,2704.0,103.0,
Playwrite_FR_Trad_200,ok,52.0,2704.0,103.0,
Playwrite_FR_Trad_300,ok,52.0,2704.0,103.0,
Playwrite_FR_Trad_regular,ok,52.0,2704.0,103.0,
Noto_Sans_Siddham_regular,ok,52.0,2704.0,209.0,
Playwrite_GB_S_Guides_regular,ok,52.0,2704.0,178.0,
Playwrite_GB_S_Guides_italic,ok,52.0,2704.0,178.0,
Noto_Sans_Kharoshthi_regular,ok,52.0,2704.0,209.0,
Playwrite_GB_J_Guides_regular,ok,52.0,2704.0,178.0,
Playwrite_GB_J_Guides_italic,ok,52.0,2704.0,178.0,
Playwrite_DE_VA_100,ok,52.0,2704.0,160.0,
Playwrite_DE_VA_200,ok,52.0,2704.0,160.0,
Playwrite_DE_VA_300,ok,52.0,2704.0,160.0,
Playwrite_DE_VA_regular,ok,52.0,2704.0,160.0,
Playwrite_CU_Guides_regular,ok,52.0,2704.0,133.0,
Playwrite_IT_Moderna_Guides_regular,ok,52.0,2704.0,178.0,
Yarndings_12_Charted_regular,ok,52.0,2704.0,181.0,
Playwrite_BE_WAL_Guides_regular,ok,52.0,2704.0,103.0,
Playwrite_ES_Deco_Guides_regular,ok,52.0,2704.0,148.0,
Noto_Sans_Lycian_regular,ok,52.0,2704.0,224.0,
Playwrite_DE_VA_Guides_regular,ok,52.0,2704.0,160.0,
Playwrite_DK_Uloopet_Guides_regular,ok,52.0,2704.0,178.0,
Playwrite_AR_Guides_regular,ok,52.0,2704.0,139.0,
Playwrite_FR_Trad_Guides_regular,ok,52.0,2704.0,103.0,
Playwrite_FR_Moderne_Guides_regular,ok,52.0,2704.0,142.0,
Playwrite_BR_Guides_regular,ok,52.0,2704.0,131.0,
Playwrite_IT_Trad_Guides_regular,ok,52.0,2704.0,154.0,
Playwrite_AU_SA_Guides_regular,ok,52.0,2704.0,158.0,
Playwrite_DE_LA_Guides_regular,ok,52.0,2704.0,168.0,
Playwrite_US_Modern_Guides_regular,ok,52.0,2704.0,167.0,
Playwrite_ZA_Guides_regular,ok,52.0,2704.0,156.0,
Playwrite_CL_Guides_regular,ok,52.0,2704.0,131.0,
Playwrite_DK_Loopet_Guides_regular,ok,52.0,2704.0,178.0,
Playwrite_NO_Guides_regular,ok,52.0,2704.0,147.0,
Playwrite_HU_Guides_regular,ok,52.0,2704.0,165.0,
Playwrite_ID_Guides_regular,ok,52.0,2704.0,100.0,
Playwrite_AU_TAS_Guides_regular,ok,52.0,2704.0,157.0,
Playwrite_NL_Guides_regular,ok,52.0,2704.0,121.0,
Playwrite_NG_Modern_Guides_regular,ok,52.0,2704.0,157.0,
Playwrite_ES_Guides_regular,ok,52.0,2704.0,157.0,
Playwrite_AT_Guides_regular,ok,52.0,2704.0,178.0,
Playwrite_AT_Guides_italic,ok,52.0,2704.0,166.0,
Playwrite_AU_QLD_Guides_regular,ok,52.0,2704.0,157.0,
Playwrite_AU_NSW_Guides_regular,ok,52.0,2704.0,157.0,
Playwrite_BE_VLG_Guides_regular,ok,52.0,2704.0,143.0,
Playwrite_HR_Lijeva_Guides_regular,ok,52.0,2704.0,177.0,
Playwrite_DE_SAS_Guides_regular,ok,52.0,2704.0,174.0,
Playwrite_CA_Guides_regular,ok,52.0,2704.0,149.0,
Playwrite_HR_Guides_regular,ok,52.0,2704.0,160.0,
Playwrite_SK_Guides_regular,ok,52.0,2704.0,158.0,
Playwrite_CZ_Guides_regular,ok,52.0,2704.0,158.0,
Playwrite_IS_Guides_regular,ok,52.0,2704.0,178.0,
Playwrite_RO_Guides_regular,ok,52.0,2704.0,157.0,
